id,repository_run_id,notebook_execution_id,repository_id,notebook_id,total_code_cells,identical_cells_count,different_cells_count,nondeterministic_cells_count,reproducibility_score,created_at
1,4,1,31,71,4,2,2,2,0.5,2026-09-14 10:56:59
2,5,2,31,71,4,2,2,2,0.5,2026-09-14 11:58:53
3,7,3,31,71,4,2,2,2,0.5,2026-09-14 15:25:43
4,8,4,31,71,4,2,2,2,0.5,2026-09-14 15:27:57
5,9,5,31,71,4,2,2,2,0.5,2026-09-14 15:29:37
6,11,6,31,71,4,2,2,2,0.5,2026-09-14 17:07:10
7,10,7,32,77,51,5,46,0,0.098,2026-09-14 17:13:26
8,10,8,32,78,19,6,13,0,0.316,2026-09-14 17:13:31
9,10,9,32,79,8,4,4,0,0.5,2026-09-14 17:13:36
10,10,10,32,80,16,3,13,0,0.188,2026-09-14 17:13:40
11,10,11,32,81,23,3,20,0,0.13,2026-09-14 17:13:44
12,10,12,32,82,13,5,8,0,0.385,2026-09-14 17:13:48
13,10,13,32,83,15,5,10,0,0.333,2026-09-14 17:13:52
14,10,14,32,84,11,6,5,0,0.545,2026-09-14 17:13:56
15,10,15,32,85,14,2,12,0,0.143,2026-09-14 17:13:59
16,12,16,33,86,50,20,30,5,0.4,2026-09-14 17:39:30
17,12,17,33,87,19,4,15,1,0.211,2026-09-14 17:39:34
18,12,18,33,88,33,3,30,1,0.091,2026-09-14 17:39:37
19,12,19,33,89,24,8,16,1,0.333,2026-09-14 17:39:41
20,12,20,33,90,83,8,75,1,0.096,2026-09-14 17:39:45
21,12,21,33,91,53,5,48,2,0.094,2026-09-14 17:39:49
22,12,22,33,92,47,10,37,1,0.213,2026-09-14 17:39:53
23,12,23,33,93,38,3,35,1,0.079,2026-09-14 17:39:56
24,12,24,33,94,44,9,35,2,0.205,2026-09-14 17:40:00
25,12,25,33,95,39,5,34,1,0.128,2026-09-14 17:40:04
26,12,26,33,96,14,4,10,2,0.286,2026-09-14 17:40:08
27,12,27,33,97,23,2,21,1,0.087,2026-09-14 17:40:11
28,12,28,33,98,26,3,23,1,0.115,2026-09-14 17:40:15
29,12,29,33,99,21,1,20,1,0.048,2026-09-14 17:40:19
30,12,30,33,100,34,9,25,1,0.265,2026-09-14 17:40:23
31,12,31,33,101,21,5,16,1,0.238,2026-09-14 17:40:27
32,12,32,33,102,46,1,45,1,0.022,2026-09-14 17:40:31
33,12,33,33,103,42,5,37,2,0.119,2026-09-14 17:40:34
34,13,34,34,104,49,17,32,3,0.347,2026-09-14 18:02:13
35,13,35,34,105,50,18,32,3,0.36,2026-09-14 18:02:19
36,13,36,34,106,16,4,12,4,0.25,2026-09-14 18:02:23
37,13,37,34,107,18,6,12,4,0.333,2026-09-14 18:02:28
38,13,38,34,108,21,5,16,0,0.238,2026-09-14 18:02:32
39,13,39,34,109,35,2,33,0,0.057,2026-09-14 18:02:36
40,15,40,35,110,16,3,13,0,0.188,2026-09-14 23:21:29
41,15,41,35,111,5,1,4,0,0.2,2026-09-14 23:21:36
42,15,42,35,112,2,0,2,0,0.0,2026-09-14 23:21:41
43,15,43,35,113,9,0,9,0,0.0,2026-09-14 23:21:57
44,15,44,35,114,9,0,9,0,0.0,2026-09-14 23:22:17
45,15,45,35,115,5,0,5,0,0.0,2026-09-14 23:22:28
46,15,46,35,116,14,3,11,0,0.214,2026-09-14 23:22:34
47,16,47,36,119,76,66,10,0,0.868,2026-09-15 00:31:29
48,16,48,36,120,32,23,9,0,0.719,2026-09-15 00:31:35
49,16,49,36,121,15,3,12,0,0.2,2026-09-15 00:31:40
50,16,50,36,122,10,8,2,0,0.8,2026-09-15 00:31:46
51,16,51,36,123,7,0,7,0,0.0,2026-09-15 00:31:52
52,16,52,36,124,12,7,5,0,0.583,2026-09-15 00:31:58
53,16,53,36,125,8,4,4,0,0.5,2026-09-15 00:32:02
54,16,54,36,126,9,6,3,0,0.667,2026-09-15 00:32:07
55,16,55,36,127,27,25,2,0,0.926,2026-09-15 00:32:12
56,16,56,36,128,30,5,25,0,0.167,2026-09-15 00:32:18
57,16,57,36,129,10,10,0,0,1.0,2026-09-15 00:32:23
58,16,58,36,130,15,9,6,0,0.6,2026-09-15 00:32:27
59,16,59,36,131,12,12,0,0,1.0,2026-09-15 00:32:33
60,16,60,36,132,9,6,3,0,0.667,2026-09-15 00:32:38
61,16,61,36,133,14,14,0,0,1.0,2026-09-15 00:32:43
62,16,62,36,134,14,3,11,0,0.214,2026-09-15 00:32:49
63,16,63,36,135,6,5,1,0,0.833,2026-09-15 00:32:54
64,16,64,36,136,17,17,0,0,1.0,2026-09-15 00:32:58
65,16,65,36,137,8,8,0,0,1.0,2026-09-15 00:33:03
66,16,66,36,138,40,32,8,0,0.8,2026-09-15 00:33:08
67,16,67,36,139,40,34,6,0,0.85,2026-09-15 00:33:13
68,16,68,36,140,105,24,81,0,0.229,2026-09-15 00:33:34
69,16,69,36,141,17,17,0,0,1.0,2026-09-15 00:33:39
70,16,70,36,142,61,29,32,1,0.475,2026-09-15 00:34:27
71,16,71,36,143,44,42,2,0,0.955,2026-09-15 00:34:34
72,16,72,36,144,59,18,41,0,0.305,2026-09-15 00:34:46
73,16,73,36,145,23,14,9,0,0.609,2026-09-15 00:34:54
74,16,74,36,146,37,10,27,1,0.27,2026-09-15 00:35:02
75,16,75,36,147,109,66,43,1,0.606,2026-09-15 00:35:19
76,16,76,36,149,90,14,76,0,0.156,2026-09-15 00:36:34
77,17,77,37,150,12,1,11,0,0.083,2026-09-15 00:52:19
78,17,78,37,151,7,2,5,0,0.286,2026-09-15 00:52:26
79,17,79,37,152,11,0,11,0,0.0,2026-09-15 00:52:32
80,17,80,37,153,30,5,25,0,0.167,2026-09-15 00:52:37
81,17,81,37,154,26,5,21,0,0.192,2026-09-15 00:52:43
82,17,82,37,155,31,7,24,0,0.226,2026-09-15 00:52:52
83,17,83,37,156,5,1,4,0,0.2,2026-09-15 00:53:00
84,17,84,37,157,28,3,25,0,0.107,2026-09-15 00:53:06
85,17,85,37,158,7,0,7,0,0.0,2026-09-15 00:53:15
86,17,86,37,159,26,3,23,0,0.115,2026-09-15 00:53:24
87,17,87,37,160,23,5,18,0,0.217,2026-09-15 00:53:32
88,17,88,37,161,33,5,28,0,0.152,2026-09-15 00:53:37
89,17,89,37,162,37,6,31,0,0.162,2026-09-15 00:53:43
90,17,90,37,163,10,0,10,0,0.0,2026-09-15 00:53:50
91,17,91,37,164,5,1,4,0,0.2,2026-09-15 00:53:58
92,18,92,38,165,30,2,28,1,0.067,2026-09-15 01:03:49
93,18,93,38,166,34,2,32,0,0.059,2026-09-15 01:03:55
94,18,94,38,167,8,3,5,0,0.375,2026-09-15 01:04:00
95,18,95,38,168,24,1,23,0,0.042,2026-09-15 01:04:06
96,18,96,38,169,15,5,10,0,0.333,2026-09-15 01:04:09
97,18,97,38,170,12,2,10,0,0.167,2026-09-15 01:04:14
98,18,98,38,171,4,1,3,0,0.25,2026-09-15 01:04:19
99,18,99,38,172,15,7,8,0,0.467,2026-09-15 01:04:24
100,18,100,38,173,16,3,13,0,0.188,2026-09-15 01:04:30
101,19,101,39,174,9,4,5,0,0.444,2026-09-15 01:08:50
102,19,102,39,175,9,3,6,0,0.333,2026-09-15 01:08:56
103,19,103,39,176,26,3,23,0,0.115,2026-09-15 01:09:02
104,20,104,40,177,14,0,14,0,0.0,2026-09-15 01:35:44
105,20,105,40,178,20,3,17,0,0.15,2026-09-15 01:35:54
106,21,106,41,179,13,5,8,0,0.385,2026-09-15 02:19:21
107,21,107,41,180,24,7,17,1,0.292,2026-09-15 02:19:26
108,21,108,41,181,21,2,19,0,0.095,2026-09-15 02:19:32
109,22,109,42,182,207,15,192,0,0.072,2026-09-15 02:24:05
110,23,110,43,183,11,5,6,0,0.455,2026-09-15 02:29:58
111,23,111,43,184,11,5,6,0,0.455,2026-09-15 02:30:05
112,23,112,43,185,11,5,6,0,0.455,2026-09-15 02:30:10
113,23,113,43,186,11,5,6,0,0.455,2026-09-15 02:30:14
114,23,114,43,187,14,6,8,0,0.429,2026-09-15 02:30:20
115,24,115,44,188,15,2,13,0,0.133,2026-09-15 02:35:49
116,24,116,44,189,94,16,78,0,0.17,2026-09-15 02:35:57
117,24,117,44,190,5,0,5,0,0.0,2026-09-15 02:36:02
118,24,118,44,191,13,0,13,0,0.0,2026-09-15 02:36:07
119,25,119,45,192,7,3,4,2,0.429,2026-09-15 03:25:10
120,25,120,45,193,3,2,1,1,0.667,2026-09-15 03:25:15
121,25,121,45,194,8,3,5,1,0.375,2026-09-15 03:25:21
122,25,122,45,195,6,3,3,0,0.5,2026-09-15 03:25:27
123,25,123,45,196,14,7,7,2,0.5,2026-09-15 03:25:35
124,25,124,45,197,4,2,2,1,0.5,2026-09-15 03:25:40
125,25,125,45,198,9,5,4,0,0.556,2026-09-15 03:25:45
126,25,126,45,199,10,4,6,1,0.4,2026-09-15 03:25:50
127,25,127,45,200,5,2,3,0,0.4,2026-09-15 03:25:57
128,25,128,45,201,5,3,2,1,0.6,2026-09-15 03:26:02
129,25,129,45,202,26,11,15,2,0.423,2026-09-15 03:26:08
130,25,130,45,203,7,2,5,0,0.286,2026-09-15 03:26:14
131,25,131,45,204,9,4,5,1,0.444,2026-09-15 03:26:22
132,27,132,47,208,60,0,60,1,0.0,2026-09-15 05:46:47
133,28,133,48,209,5,2,3,0,0.4,2026-09-15 05:50:36
134,29,134,49,210,11,1,10,0,0.091,2026-09-15 05:54:11
135,30,135,50,211,8,0,8,0,0.0,2026-09-15 05:56:40
136,31,136,51,212,12,4,8,0,0.333,2026-09-15 05:59:29
137,31,137,51,213,12,4,8,0,0.333,2026-09-15 05:59:35
138,32,138,52,214,1,0,1,0,0.0,2026-09-15 06:58:48
139,32,139,52,215,12,5,7,1,0.417,2026-09-15 06:59:34
140,32,140,52,216,3,0,3,0,0.0,2026-09-15 06:59:45
141,32,141,52,217,20,2,18,2,0.1,2026-09-15 07:00:03
142,32,142,52,219,21,4,17,1,0.19,2026-09-15 07:00:19
143,32,143,52,220,23,5,18,1,0.217,2026-09-15 07:07:05
144,32,144,52,221,13,4,9,1,0.308,2026-09-15 07:07:26
145,32,145,52,222,21,2,19,1,0.095,2026-09-15 07:07:38
146,32,146,52,223,23,6,17,2,0.261,2026-09-15 07:07:49
147,32,147,52,224,6,1,5,1,0.167,2026-09-15 07:08:00
148,32,148,52,225,15,1,14,1,0.067,2026-09-15 07:08:17
149,32,149,52,226,14,4,10,2,0.286,2026-09-15 07:08:41
150,32,150,52,227,17,1,16,3,0.059,2026-09-15 07:08:54
151,199,151,56,260,3,3,0,0,1.0,2026-09-15 23:06:27
152,200,152,57,261,13,9,4,1,0.692,2026-09-15 23:06:34
153,204,153,64,303,37,27,10,0,0.73,2026-09-15 23:10:47
154,205,154,61,304,34,16,18,0,0.471,2026-09-15 23:12:35
155,205,155,61,305,24,15,9,0,0.625,2026-09-15 23:12:42
156,202,156,55,262,8,2,6,0,0.25,2026-09-15 23:15:07
157,202,157,55,263,10,0,10,0,0.0,2026-09-15 23:15:20
158,202,158,55,264,7,0,7,0,0.0,2026-09-15 23:15:30
159,202,159,55,265,8,1,7,0,0.125,2026-09-15 23:15:41
160,202,160,55,266,6,1,5,1,0.167,2026-09-15 23:15:51
161,202,161,55,267,10,2,8,0,0.2,2026-09-15 23:15:59
162,206,162,68,306,10,3,7,0,0.3,2026-09-15 23:16:08
163,202,163,55,268,2,0,2,0,0.0,2026-09-15 23:16:08
164,202,164,55,269,18,1,17,0,0.056,2026-09-15 23:16:17
165,202,165,55,270,11,0,11,1,0.0,2026-09-15 23:16:27
166,198,166,53,248,10,5,5,1,0.5,2026-09-15 23:26:43
167,198,167,53,249,7,4,3,0,0.571,2026-09-15 23:27:03
168,198,168,53,250,8,3,5,0,0.375,2026-09-15 23:27:30
169,198,169,53,251,11,3,8,0,0.273,2026-09-15 23:27:49
170,198,170,53,252,9,8,1,1,0.889,2026-09-15 23:28:17
171,198,171,53,253,8,5,3,0,0.625,2026-09-15 23:28:47
172,198,172,53,255,3,0,3,2,0.0,2026-09-15 23:29:12
173,198,173,53,256,4,1,3,0,0.25,2026-09-15 23:29:23
174,198,174,53,257,5,0,5,3,0.0,2026-09-15 23:29:33
175,198,175,53,258,5,2,3,0,0.4,2026-09-15 23:29:42
176,198,176,53,259,48,3,45,1,0.062,2026-09-15 23:29:50
177,210,177,72,313,21,1,20,0,0.048,2026-09-15 23:31:52
178,210,178,72,314,26,1,25,0,0.038,2026-09-15 23:32:01
179,210,179,72,315,25,2,23,0,0.08,2026-09-15 23:32:10
180,210,180,72,316,18,8,10,0,0.444,2026-09-15 23:32:26
181,210,181,72,317,40,12,28,0,0.3,2026-09-15 23:32:41
182,210,182,72,318,14,1,13,0,0.071,2026-09-15 23:32:48
183,211,183,59,319,89,4,85,2,0.045,2026-09-15 23:38:03
184,212,184,58,320,15,2,13,0,0.133,2026-09-15 23:38:34
185,212,185,58,321,12,1,11,0,0.083,2026-09-15 23:38:46
186,212,186,58,322,22,22,0,0,1.0,2026-09-15 23:38:59
187,212,187,58,323,16,2,14,0,0.125,2026-09-15 23:39:18
188,212,188,58,324,10,1,9,0,0.1,2026-09-15 23:39:32
189,215,189,67,393,0,0,0,0,1.0,2026-09-15 23:50:17
190,215,190,67,394,0,0,0,0,1.0,2026-09-15 23:50:27
191,215,191,67,395,1,0,1,0,0.0,2026-09-15 23:50:33
192,215,192,67,396,2,1,1,0,0.5,2026-09-15 23:50:45
193,215,193,67,397,0,0,0,0,1.0,2026-09-15 23:50:53
194,215,194,67,398,0,0,0,0,1.0,2026-09-15 23:51:01
195,215,195,67,399,0,0,0,0,1.0,2026-09-15 23:51:12
196,215,196,67,400,0,0,0,0,1.0,2026-09-15 23:51:22
197,215,197,67,401,0,0,0,0,1.0,2026-09-15 23:51:30
198,215,198,67,402,1,0,1,0,0.0,2026-09-15 23:51:40
199,215,199,67,403,2,1,1,0,0.5,2026-09-15 23:51:51
200,209,200,73,307,11,7,4,0,0.636,2026-09-15 23:54:15
201,209,201,73,308,9,6,3,0,0.667,2026-09-15 23:54:41
202,209,202,73,309,9,7,2,0,0.778,2026-09-15 23:55:10
203,209,203,73,310,9,5,4,0,0.556,2026-09-15 23:55:51
204,209,204,73,311,9,6,3,0,0.667,2026-09-15 23:56:05
205,219,205,74,418,105,47,58,8,0.448,2026-09-15 23:56:18
206,222,206,78,576,144,1,143,1,0.007,2026-09-16 00:12:36
207,223,207,79,596,32,3,29,0,0.094,2026-09-16 00:22:13
208,223,208,79,597,29,3,26,0,0.103,2026-09-16 00:22:24
209,223,209,79,598,21,1,20,0,0.048,2026-09-16 00:22:29
210,223,210,79,599,47,4,43,0,0.085,2026-09-16 00:22:38
211,221,211,77,538,10,0,10,0,0.0,2026-09-16 00:37:54
212,221,212,77,541,12,2,10,0,0.167,2026-09-16 00:38:06
213,221,213,77,542,2,0,2,0,0.0,2026-09-16 00:38:29
214,213,214,76,325,9,7,2,0,0.778,2026-09-16 00:39:03
215,213,215,76,326,9,7,2,0,0.778,2026-09-16 00:39:13
216,213,216,76,327,11,7,4,0,0.636,2026-09-16 00:39:22
217,213,217,76,328,9,7,2,0,0.778,2026-09-16 00:39:31
218,213,218,76,329,9,7,2,0,0.778,2026-09-16 00:39:43
219,213,219,76,330,12,10,2,0,0.833,2026-09-16 00:39:55
220,213,220,76,331,8,7,1,0,0.875,2026-09-16 00:40:13
221,213,221,76,332,8,7,1,0,0.875,2026-09-16 00:40:24
222,213,222,76,333,9,7,2,0,0.778,2026-09-16 00:40:32
223,213,223,76,334,7,7,0,0,1.0,2026-09-16 00:40:42
224,213,224,76,335,7,7,0,0,1.0,2026-09-16 00:40:51
225,213,225,76,336,8,8,0,0,1.0,2026-09-16 00:40:58
226,213,226,76,337,11,11,0,0,1.0,2026-09-16 00:41:08
227,213,227,76,338,9,9,0,0,1.0,2026-09-16 00:41:17
228,213,228,76,339,10,10,0,0,1.0,2026-09-16 00:41:23
229,213,229,76,340,7,1,6,0,0.143,2026-09-16 00:41:32
230,213,230,76,341,9,9,0,0,1.0,2026-09-16 00:41:43
231,213,231,76,342,8,8,0,0,1.0,2026-09-16 00:41:50
232,213,232,76,343,8,8,0,0,1.0,2026-09-16 00:42:00
233,213,233,76,344,9,8,1,0,0.889,2026-09-16 00:42:10
234,213,234,76,345,8,8,0,0,1.0,2026-09-16 00:42:18
235,213,235,76,347,13,9,4,0,0.692,2026-09-16 00:42:29
236,213,236,76,348,11,9,2,0,0.818,2026-09-16 00:42:39
237,213,237,76,349,12,8,4,0,0.667,2026-09-16 00:42:55
238,213,238,76,350,8,6,2,0,0.75,2026-09-16 00:43:07
239,213,239,76,351,8,6,2,0,0.75,2026-09-16 00:43:15
240,213,240,76,352,8,6,2,0,0.75,2026-09-16 00:43:25
241,213,241,76,353,7,7,0,0,1.0,2026-09-16 00:43:33
242,213,242,76,354,8,6,2,0,0.75,2026-09-16 00:43:42
243,213,243,76,355,10,8,2,0,0.8,2026-09-16 00:43:52
244,213,244,76,356,8,6,2,0,0.75,2026-09-16 00:44:02
245,213,245,76,357,7,7,0,0,1.0,2026-09-16 00:44:10
246,213,246,76,358,8,6,2,0,0.75,2026-09-16 00:44:20
247,213,247,76,359,7,6,1,0,0.857,2026-09-16 00:44:31
248,213,248,76,360,8,6,2,0,0.75,2026-09-16 00:44:41
249,213,249,76,361,8,6,2,0,0.75,2026-09-16 00:44:51
250,213,250,76,362,8,6,2,0,0.75,2026-09-16 00:45:00
251,213,251,76,363,8,6,2,0,0.75,2026-09-16 00:45:08
252,213,252,76,364,13,11,2,0,0.846,2026-09-16 00:45:17
253,213,253,76,365,11,8,3,0,0.727,2026-09-16 00:45:27
254,213,254,76,366,13,9,4,0,0.692,2026-09-16 00:45:38
255,213,255,76,367,12,11,1,0,0.917,2026-09-16 00:45:55
256,213,256,76,368,11,9,2,0,0.818,2026-09-16 00:46:02
257,213,257,76,369,11,9,2,0,0.818,2026-09-16 00:46:18
258,213,258,76,370,14,11,3,0,0.786,2026-09-16 00:46:33
259,213,259,76,371,11,9,2,0,0.818,2026-09-16 00:46:43
260,213,260,76,372,12,11,1,0,0.917,2026-09-16 00:46:51
261,213,261,76,373,10,8,2,0,0.8,2026-09-16 00:47:00
262,213,262,76,374,9,4,5,0,0.444,2026-09-16 00:47:09
263,213,263,76,375,10,8,2,0,0.8,2026-09-16 00:47:19
264,213,264,76,376,21,17,4,0,0.81,2026-09-16 00:47:26
265,213,265,76,377,15,12,3,0,0.8,2026-09-16 00:47:36
266,213,266,76,378,15,11,4,0,0.733,2026-09-16 00:47:46
267,213,267,76,379,10,8,2,0,0.8,2026-09-16 00:47:53
268,213,268,76,380,13,10,3,0,0.769,2026-09-16 00:48:04
269,213,269,76,381,12,10,2,0,0.833,2026-09-16 00:48:13
270,213,270,76,382,11,6,5,0,0.545,2026-09-16 00:48:22
271,213,271,76,383,11,4,7,0,0.364,2026-09-16 00:48:32
272,213,272,76,384,16,6,10,0,0.375,2026-09-16 00:48:41
273,213,273,76,385,13,7,6,0,0.538,2026-09-16 00:48:52
274,213,274,76,386,18,8,10,0,0.444,2026-09-16 00:49:03
275,213,275,76,387,13,8,5,0,0.615,2026-09-16 00:49:10
276,213,276,76,388,9,6,3,0,0.667,2026-09-16 00:49:20
277,213,277,76,389,8,5,3,0,0.625,2026-09-16 00:49:31
278,213,278,76,390,11,5,6,0,0.455,2026-09-16 00:49:38
279,213,279,76,391,12,1,11,0,0.083,2026-09-16 00:49:49
280,224,280,80,600,50,22,28,6,0.44,2026-09-16 01:07:04
281,224,281,80,601,47,10,37,0,0.213,2026-09-16 01:07:56
282,224,282,80,602,62,21,41,1,0.339,2026-09-16 01:08:30
283,224,283,80,603,38,7,31,0,0.184,2026-09-16 01:09:17
284,224,284,80,604,29,2,27,0,0.069,2026-09-16 01:09:27
285,227,285,84,625,26,2,24,0,0.077,2026-09-16 01:10:17
286,227,286,84,626,10,10,0,0,1.0,2026-09-16 01:10:25
287,227,287,84,627,17,0,17,0,0.0,2026-09-16 01:10:35
288,224,288,80,605,52,16,36,0,0.308,2026-09-16 01:10:43
289,227,289,84,628,17,0,17,0,0.0,2026-09-16 01:10:46
290,227,290,84,629,24,0,24,0,0.0,2026-09-16 01:10:53
291,227,291,84,630,12,0,12,0,0.0,2026-09-16 01:11:03
292,227,292,84,631,24,1,23,0,0.042,2026-09-16 01:11:14
293,227,293,84,632,24,1,23,0,0.042,2026-09-16 01:11:22
294,227,294,84,633,30,3,27,0,0.1,2026-09-16 01:11:33
295,227,295,84,634,18,5,13,0,0.278,2026-09-16 01:11:46
296,227,296,84,635,0,0,0,0,1.0,2026-09-16 01:11:54
297,227,297,84,636,8,5,3,0,0.625,2026-09-16 01:12:04
298,229,298,88,727,4,3,1,0,0.75,2026-09-16 01:17:58
299,224,299,80,606,47,12,35,0,0.255,2026-09-16 01:20:10
300,224,300,80,607,46,15,31,0,0.326,2026-09-16 01:20:53
301,224,301,80,608,55,4,51,0,0.073,2026-09-16 01:21:11
302,224,302,80,609,40,18,22,0,0.45,2026-09-16 01:21:37
303,224,303,80,610,43,3,40,0,0.07,2026-09-16 01:21:47
304,230,304,92,728,11,2,9,0,0.182,2026-09-16 01:26:31
305,230,305,92,730,5,1,4,0,0.2,2026-09-16 01:26:37
306,230,306,92,731,9,1,8,0,0.111,2026-09-16 01:26:47
307,230,307,92,732,5,0,5,0,0.0,2026-09-16 01:26:56
308,230,308,92,733,4,1,3,0,0.25,2026-09-16 01:27:02
309,232,309,96,769,43,1,42,0,0.023,2026-09-16 01:35:48
310,232,310,96,770,35,2,33,0,0.057,2026-09-16 01:35:55
311,232,311,96,771,58,1,57,0,0.017,2026-09-16 01:36:14
312,232,312,96,772,44,2,42,0,0.045,2026-09-16 01:36:36
313,201,313,54,272,5,0,5,0,0.0,2026-09-16 02:49:52
314,201,314,54,273,18,1,17,1,0.056,2026-09-16 02:50:03
315,201,315,54,274,6,0,6,0,0.0,2026-09-16 02:50:11
316,201,316,54,275,6,0,6,0,0.0,2026-09-16 02:50:21
317,201,317,54,276,6,0,6,1,0.0,2026-09-16 02:50:31
318,201,318,54,277,11,0,11,0,0.0,2026-09-16 02:50:39
319,201,319,54,278,10,0,10,2,0.0,2026-09-16 02:50:50
320,201,320,54,279,8,0,8,0,0.0,2026-09-16 02:51:00
321,201,321,54,280,9,0,9,0,0.0,2026-09-16 02:51:11
322,201,322,54,281,12,1,11,1,0.083,2026-09-16 02:51:21
323,201,323,54,282,31,1,30,1,0.032,2026-09-16 02:51:35
324,201,324,54,283,19,0,19,1,0.0,2026-09-16 02:51:56
325,201,325,54,285,17,0,17,3,0.0,2026-09-16 02:52:10
326,228,326,89,637,1,0,1,0,0.0,2026-09-16 02:52:25
327,228,327,89,638,2,1,1,0,0.5,2026-09-16 02:52:32
328,201,328,54,286,36,1,35,1,0.028,2026-09-16 02:52:39
329,228,329,89,639,0,0,0,0,1.0,2026-09-16 02:52:43
330,228,330,89,640,6,6,0,0,1.0,2026-09-16 02:52:51
331,201,331,54,287,30,1,29,1,0.033,2026-09-16 02:52:55
332,228,332,89,641,9,0,9,0,0.0,2026-09-16 02:53:00
333,228,333,89,642,1,1,0,0,1.0,2026-09-16 02:53:11
334,228,334,89,643,1,0,1,0,0.0,2026-09-16 02:53:20
335,228,335,89,644,2,2,0,0,1.0,2026-09-16 02:53:36
336,228,336,89,645,1,0,1,0,0.0,2026-09-16 02:53:56
337,201,337,54,289,20,0,20,0,0.0,2026-09-16 02:53:59
338,228,338,89,647,6,0,6,0,0.0,2026-09-16 02:54:20
339,201,339,54,290,42,1,41,2,0.024,2026-09-16 02:54:24
340,228,340,89,648,20,3,17,0,0.15,2026-09-16 02:54:45
341,201,341,54,291,20,3,17,2,0.15,2026-09-16 02:54:49
342,228,342,89,649,5,2,3,0,0.4,2026-09-16 02:55:12
343,201,343,54,293,6,0,6,1,0.0,2026-09-16 02:55:20
344,228,344,89,650,15,0,15,0,0.0,2026-09-16 02:55:44
345,201,345,54,294,7,0,7,1,0.0,2026-09-16 02:55:46
346,228,346,89,651,7,0,7,0,0.0,2026-09-16 02:56:35
347,201,347,54,295,7,0,7,1,0.0,2026-09-16 02:56:35
348,228,348,89,652,4,1,3,0,0.25,2026-09-16 02:57:29
349,201,349,54,296,4,0,4,1,0.0,2026-09-16 02:57:29
350,228,350,89,653,1,0,1,0,0.0,2026-09-16 02:57:57
351,201,351,54,297,4,0,4,1,0.0,2026-09-16 02:57:58
352,201,352,54,298,3,0,3,1,0.0,2026-09-16 02:58:50
353,228,353,89,654,8,2,6,0,0.25,2026-09-16 02:58:50
354,201,354,54,299,2,0,2,1,0.0,2026-09-16 02:59:19
355,228,355,89,655,1,0,1,0,0.0,2026-09-16 02:59:19
356,201,356,54,300,5,0,5,1,0.0,2026-09-16 02:59:59
357,228,357,89,656,10,10,0,0,1.0,2026-09-16 02:59:59
358,201,358,54,301,3,0,3,1,0.0,2026-09-16 03:00:51
359,228,359,89,657,10,0,10,0,0.0,2026-09-16 03:01:06
360,201,360,54,302,5,0,5,2,0.0,2026-09-16 03:01:48
361,228,361,89,658,4,0,4,0,0.0,2026-09-16 03:01:52
362,228,362,89,659,12,0,12,0,0.0,2026-09-16 03:02:18
363,228,363,89,660,4,0,4,0,0.0,2026-09-16 03:02:25
364,228,364,89,661,2,1,1,0,0.5,2026-09-16 03:02:35
365,228,365,89,662,4,0,4,0,0.0,2026-09-16 03:02:45
366,228,366,89,663,36,30,6,0,0.833,2026-09-16 03:03:00
367,228,367,89,664,1,0,1,0,0.0,2026-09-16 03:03:12
368,228,368,89,665,2,0,2,0,0.0,2026-09-16 03:03:22
369,228,369,89,666,2,2,0,0,1.0,2026-09-16 03:03:33
370,228,370,89,667,5,0,5,0,0.0,2026-09-16 03:03:43
371,228,371,89,668,6,0,6,0,0.0,2026-09-16 03:03:55
372,228,372,89,669,9,0,9,0,0.0,2026-09-16 03:04:08
373,228,373,89,670,4,1,3,0,0.25,2026-09-16 03:04:17
374,228,374,89,671,5,2,3,0,0.4,2026-09-16 03:04:30
375,228,375,89,672,1,0,1,0,0.0,2026-09-16 03:04:41
376,228,376,89,673,5,1,4,0,0.2,2026-09-16 03:04:53
377,228,377,89,674,6,0,6,0,0.0,2026-09-16 03:05:02
378,228,378,89,675,9,9,0,0,1.0,2026-09-16 03:05:12
379,228,379,89,676,9,0,9,0,0.0,2026-09-16 03:05:22
380,228,380,89,677,1,0,1,0,0.0,2026-09-16 03:05:32
381,228,381,89,678,1,0,1,0,0.0,2026-09-16 03:05:44
382,228,382,89,679,18,13,5,0,0.722,2026-09-16 03:05:54
383,228,383,89,680,1,1,0,0,1.0,2026-09-16 03:06:02
384,228,384,89,681,9,3,6,0,0.333,2026-09-16 03:06:13
385,228,385,89,682,19,2,17,0,0.105,2026-09-16 03:06:24
386,228,386,89,683,7,3,4,0,0.429,2026-09-16 03:06:31
387,228,387,89,684,3,0,3,0,0.0,2026-09-16 03:06:41
388,228,388,89,685,1,0,1,0,0.0,2026-09-16 03:06:51
389,228,389,89,687,8,8,0,0,1.0,2026-09-16 03:07:00
390,228,390,89,688,17,8,9,0,0.471,2026-09-16 03:07:16
391,228,391,89,689,1,1,0,0,1.0,2026-09-16 03:07:26
392,228,392,89,690,1,1,0,0,1.0,2026-09-16 03:07:36
393,228,393,89,691,14,1,13,0,0.071,2026-09-16 03:07:48
394,228,394,89,692,2,1,1,1,0.5,2026-09-16 03:07:57
395,228,395,89,693,1,0,1,0,0.0,2026-09-16 03:08:08
396,228,396,89,694,3,2,1,0,0.667,2026-09-16 03:08:18
397,228,397,89,695,5,1,4,0,0.2,2026-09-16 03:08:26
398,228,398,89,696,5,4,1,0,0.8,2026-09-16 03:08:37
399,228,399,89,697,7,2,5,0,0.286,2026-09-16 03:08:45
400,228,400,89,698,5,0,5,0,0.0,2026-09-16 03:08:58
401,228,401,89,699,8,8,0,0,1.0,2026-09-16 03:09:08
402,228,402,89,700,8,0,8,0,0.0,2026-09-16 03:09:15
403,228,403,89,701,1,1,0,0,1.0,2026-09-16 03:09:25
404,228,404,89,702,2,1,1,0,0.5,2026-09-16 03:09:34
405,228,405,89,703,1,1,0,0,1.0,2026-09-16 03:09:42
406,228,406,89,704,1,0,1,0,0.0,2026-09-16 03:09:53
407,228,407,89,705,25,4,21,0,0.16,2026-09-16 03:10:03
408,228,408,89,706,5,2,3,0,0.4,2026-09-16 03:10:12
409,228,409,89,707,6,0,6,0,0.0,2026-09-16 03:10:21
410,228,410,89,708,8,4,4,0,0.5,2026-09-16 03:10:31
411,228,411,89,709,6,0,6,0,0.0,2026-09-16 03:10:39
412,228,412,89,710,6,0,6,0,0.0,2026-09-16 03:10:49
413,228,413,89,711,4,0,4,0,0.0,2026-09-16 03:11:00
414,228,414,89,712,10,0,10,0,0.0,2026-09-16 03:11:08
415,228,415,89,713,2,1,1,0,0.5,2026-09-16 03:11:20
416,228,416,89,714,1,1,0,0,1.0,2026-09-16 03:11:31
417,228,417,89,715,3,0,3,0,0.0,2026-09-16 03:11:39
418,228,418,89,716,1,1,0,0,1.0,2026-09-16 03:11:51
419,228,419,89,717,2,1,1,1,0.5,2026-09-16 03:11:59
420,228,420,89,718,6,4,2,0,0.667,2026-09-16 03:12:11
421,228,421,89,719,2,0,2,0,0.0,2026-09-16 03:12:21
422,228,422,89,720,0,0,0,0,1.0,2026-09-16 03:12:29
423,228,423,89,721,6,1,5,0,0.167,2026-09-16 03:12:40
424,228,424,89,722,2,2,0,0,1.0,2026-09-16 03:12:50
425,228,425,89,723,8,0,8,0,0.0,2026-09-16 03:12:58
426,228,426,89,724,3,2,1,0,0.667,2026-09-16 03:13:08
427,228,427,89,725,8,0,8,1,0.0,2026-09-16 03:13:18
428,228,428,89,726,2,1,1,1,0.5,2026-09-16 03:13:27
429,236,429,97,1749,22,2,20,0,0.091,2026-09-16 04:25:01
430,231,430,82,736,13,4,9,0,0.308,2026-09-16 04:45:36
431,231,431,82,737,26,1,25,0,0.038,2026-09-16 04:45:46
432,231,432,82,739,20,9,11,0,0.45,2026-09-16 04:45:58
433,231,433,82,740,25,9,16,0,0.36,2026-09-16 04:46:11
434,231,434,82,741,45,8,37,0,0.178,2026-09-16 04:46:17
435,231,435,82,742,7,5,2,0,0.714,2026-09-16 04:46:27
436,231,436,82,743,13,5,8,0,0.385,2026-09-16 04:46:37
437,231,437,82,744,11,6,5,0,0.545,2026-09-16 04:46:44
438,231,438,82,745,9,2,7,0,0.222,2026-09-16 04:46:53
439,231,439,82,746,27,12,15,0,0.444,2026-09-16 04:47:16
440,231,440,82,748,2,2,0,0,1.0,2026-09-16 04:47:27
441,231,441,82,749,2,1,1,0,0.5,2026-09-16 04:47:36
442,231,442,82,750,2,2,0,0,1.0,2026-09-16 04:47:47
443,231,443,82,751,2,2,0,0,1.0,2026-09-16 04:47:59
444,231,444,82,752,6,4,2,0,0.667,2026-09-16 04:48:08
445,231,445,82,753,27,11,16,0,0.407,2026-09-16 04:48:20
446,231,446,82,754,54,5,49,0,0.093,2026-09-16 04:48:34
447,231,447,82,755,111,1,110,0,0.009,2026-09-16 04:48:55
448,231,448,82,756,111,1,110,0,0.009,2026-09-16 04:49:09
449,231,449,82,757,10,4,6,0,0.4,2026-09-16 04:49:20
450,231,450,82,758,60,3,57,0,0.05,2026-09-16 04:49:31
451,231,451,82,759,15,1,14,0,0.067,2026-09-16 04:49:41
452,231,452,82,760,7,2,5,0,0.286,2026-09-16 04:49:56
453,231,453,82,761,17,3,14,0,0.176,2026-09-16 04:50:04
454,231,454,82,762,9,7,2,0,0.778,2026-09-16 04:50:14
455,231,455,82,763,29,3,26,0,0.103,2026-09-16 04:50:22
456,231,456,82,764,60,3,57,0,0.05,2026-09-16 04:50:35
457,231,457,82,765,25,4,21,0,0.16,2026-09-16 04:50:48
458,231,458,82,767,22,2,20,0,0.091,2026-09-16 04:50:56
459,231,459,82,768,33,5,28,0,0.152,2026-09-16 04:51:07
460,238,460,105,1750,51,11,40,5,0.216,2026-09-16 05:00:33
461,238,461,105,1751,13,2,11,0,0.154,2026-09-16 05:00:40
462,238,462,105,1752,8,2,6,0,0.25,2026-09-16 05:00:50
463,238,463,105,1753,100,3,97,0,0.03,2026-09-16 05:00:59
464,238,464,105,1754,33,9,24,0,0.273,2026-09-16 05:01:12
465,238,465,105,1755,5,1,4,0,0.2,2026-09-16 05:01:21
466,238,466,105,1756,5,1,4,0,0.2,2026-09-16 05:01:27
467,238,467,105,1757,9,4,5,0,0.444,2026-09-16 05:01:37
468,238,468,105,1758,14,4,10,0,0.286,2026-09-16 05:01:51
469,238,469,105,1759,5,2,3,0,0.4,2026-09-16 05:01:57
470,238,470,105,1760,6,1,5,0,0.167,2026-09-16 05:02:08
471,238,471,105,1761,9,5,4,0,0.556,2026-09-16 05:02:18
472,238,472,105,1762,4,0,4,0,0.0,2026-09-16 05:02:27
473,238,473,105,1763,9,4,5,0,0.444,2026-09-16 05:02:38
474,238,474,105,1764,6,2,4,0,0.333,2026-09-16 05:02:49
475,238,475,105,1765,8,4,4,0,0.5,2026-09-16 05:02:59
476,238,476,105,1766,7,2,5,0,0.286,2026-09-16 05:03:10
477,238,477,105,1767,13,4,9,0,0.308,2026-09-16 05:03:18
478,238,478,105,1768,77,39,38,0,0.506,2026-09-16 05:04:19
479,238,479,105,1769,4,4,0,0,1.0,2026-09-16 05:04:27
480,238,480,105,1770,75,20,55,0,0.267,2026-09-16 05:05:07
481,238,481,105,1771,1,1,0,0,1.0,2026-09-16 05:05:19
482,240,482,109,1792,28,19,9,0,0.679,2026-09-16 05:14:48
483,240,483,109,1793,29,1,28,0,0.034,2026-09-16 05:14:57
484,240,484,109,1794,38,4,34,0,0.105,2026-09-16 05:15:09
485,240,485,109,1795,29,8,21,0,0.276,2026-09-16 05:15:20
486,240,486,109,1796,33,2,31,0,0.061,2026-09-16 05:15:29
487,234,487,86,1713,22,1,21,0,0.045,2026-09-16 05:47:41
488,234,488,86,1714,8,3,5,0,0.375,2026-09-16 05:47:50
489,234,489,86,1715,14,1,13,0,0.071,2026-09-16 05:48:00
490,234,490,86,1716,22,6,16,0,0.273,2026-09-16 05:48:08
491,234,491,86,1717,14,3,11,0,0.214,2026-09-16 05:48:17
492,234,492,86,1718,14,1,13,0,0.071,2026-09-16 05:48:26
493,234,493,86,1719,10,2,8,0,0.2,2026-09-16 05:48:32
494,234,494,86,1720,18,3,15,0,0.167,2026-09-16 05:48:42
495,234,495,86,1721,14,2,12,0,0.143,2026-09-16 05:48:51
496,234,496,86,1722,14,3,11,0,0.214,2026-09-16 05:48:59
497,234,497,86,1723,25,4,21,0,0.16,2026-09-16 05:49:04
498,234,498,86,1724,12,5,7,0,0.417,2026-09-16 05:49:12
499,234,499,86,1725,14,3,11,0,0.214,2026-09-16 05:49:20
500,234,500,86,1726,24,4,20,0,0.167,2026-09-16 05:49:29
501,234,501,86,1727,12,0,12,0,0.0,2026-09-16 05:49:34
502,234,502,86,1728,12,2,10,0,0.167,2026-09-16 05:49:41
503,234,503,86,1729,46,6,40,0,0.13,2026-09-16 05:49:49
504,234,504,86,1730,6,1,5,0,0.167,2026-09-16 05:49:56
505,234,505,86,1731,12,1,11,0,0.083,2026-09-16 05:50:02
506,234,506,86,1732,9,1,8,0,0.111,2026-09-16 05:50:09
507,234,507,86,1733,26,12,14,0,0.462,2026-09-16 05:50:17
508,234,508,86,1734,47,10,37,0,0.213,2026-09-16 05:50:24
509,234,509,86,1735,19,4,15,0,0.211,2026-09-16 05:50:30
510,234,510,86,1736,25,14,11,4,0.56,2026-09-16 05:50:38
511,234,511,86,1737,9,2,7,0,0.222,2026-09-16 05:50:45
512,234,512,86,1738,7,4,3,0,0.571,2026-09-16 05:50:50
513,234,513,86,1739,20,3,17,2,0.15,2026-09-16 05:50:59
514,234,514,86,1740,18,5,13,0,0.278,2026-09-16 05:51:08
515,234,515,86,1741,18,3,15,0,0.167,2026-09-16 05:51:20
516,234,516,86,1742,8,4,4,0,0.5,2026-09-16 05:51:31
517,234,517,86,1743,27,3,24,18,0.111,2026-09-16 05:51:41
518,234,518,86,1744,18,6,12,0,0.333,2026-09-16 05:51:47
519,234,519,86,1745,20,1,19,0,0.05,2026-09-16 05:51:54
520,234,520,86,1746,8,5,3,0,0.625,2026-09-16 05:52:02
521,242,521,90,1873,8,7,1,2,0.875,2026-09-16 05:55:27
522,241,522,113,1797,12,12,0,0,1.0,2026-09-16 06:02:55
523,241,523,113,1798,12,2,10,0,0.167,2026-09-16 06:03:01
524,241,524,113,1799,14,7,7,0,0.5,2026-09-16 06:03:07
525,241,525,113,1800,14,13,1,0,0.929,2026-09-16 06:03:16
526,241,526,113,1801,14,13,1,0,0.929,2026-09-16 06:03:20
527,241,527,113,1802,14,13,1,0,0.929,2026-09-16 06:03:27
528,241,528,113,1803,11,10,1,0,0.909,2026-09-16 06:03:32
529,241,529,113,1804,11,2,9,0,0.182,2026-09-16 06:03:39
530,241,530,113,1805,12,2,10,0,0.167,2026-09-16 06:03:46
531,241,531,113,1806,12,12,0,0,1.0,2026-09-16 06:03:52
532,241,532,113,1807,12,2,10,0,0.167,2026-09-16 06:04:10
533,241,533,113,1808,12,11,1,0,0.917,2026-09-16 06:04:14
534,241,534,113,1809,9,9,0,0,1.0,2026-09-16 06:04:20
535,241,535,113,1810,9,3,6,0,0.333,2026-09-16 06:04:26
536,241,536,113,1811,9,9,0,0,1.0,2026-09-16 06:04:32
537,241,537,113,1812,9,2,7,0,0.222,2026-09-16 06:04:40
538,241,538,113,1813,3,2,1,0,0.667,2026-09-16 06:04:44
539,241,539,113,1814,3,2,1,0,0.667,2026-09-16 06:04:50
540,241,540,113,1815,4,4,0,0,1.0,2026-09-16 06:04:56
541,241,541,113,1816,4,3,1,0,0.75,2026-09-16 06:05:02
542,241,542,113,1817,5,5,0,0,1.0,2026-09-16 06:05:08
543,241,543,113,1818,5,4,1,0,0.8,2026-09-16 06:05:12
544,241,544,113,1819,4,3,1,0,0.75,2026-09-16 06:05:19
545,241,545,113,1820,4,3,1,0,0.75,2026-09-16 06:05:25
546,241,546,113,1821,7,4,3,0,0.571,2026-09-16 06:05:31
547,241,547,113,1822,7,4,3,0,0.571,2026-09-16 06:05:37
548,241,548,113,1823,5,4,1,0,0.8,2026-09-16 06:05:41
549,241,549,113,1824,5,4,1,0,0.8,2026-09-16 06:05:47
550,241,550,113,1825,5,5,0,0,1.0,2026-09-16 06:05:53
551,241,551,113,1826,5,4,1,0,0.8,2026-09-16 06:05:59
552,241,552,113,1827,4,4,0,0,1.0,2026-09-16 06:06:04
553,241,553,113,1828,4,3,1,0,0.75,2026-09-16 06:06:09
554,241,554,113,1829,3,3,0,0,1.0,2026-09-16 06:06:16
555,241,555,113,1830,3,1,2,0,0.333,2026-09-16 06:06:21
556,241,556,113,1831,4,3,1,0,0.75,2026-09-16 06:06:28
557,241,557,113,1832,4,3,1,0,0.75,2026-09-16 06:06:34
558,241,558,113,1833,5,4,1,0,0.8,2026-09-16 06:06:38
559,241,559,113,1834,5,4,1,0,0.8,2026-09-16 06:06:44
560,241,560,113,1835,4,2,2,0,0.5,2026-09-16 06:06:50
561,241,561,113,1836,10,2,8,0,0.2,2026-09-16 06:06:56
562,241,562,113,1837,4,3,1,0,0.75,2026-09-16 06:07:00
563,241,563,113,1838,8,2,6,0,0.25,2026-09-16 06:07:06
564,241,564,113,1839,4,3,1,0,0.75,2026-09-16 06:07:12
565,241,565,113,1840,6,1,5,0,0.167,2026-09-16 06:07:18
566,241,566,113,1841,4,3,1,0,0.75,2026-09-16 06:07:26
567,241,567,113,1842,11,2,9,0,0.182,2026-09-16 06:07:30
568,241,568,113,1843,4,4,0,0,1.0,2026-09-16 06:07:35
569,241,569,113,1844,12,2,10,0,0.167,2026-09-16 06:07:41
570,241,570,113,1845,5,4,1,0,0.8,2026-09-16 06:07:47
571,241,571,113,1846,6,2,4,0,0.333,2026-09-16 06:07:54
572,241,572,113,1847,4,3,1,0,0.75,2026-09-16 06:07:58
573,241,573,113,1848,5,2,3,0,0.4,2026-09-16 06:08:03
574,241,574,113,1849,17,15,2,0,0.882,2026-09-16 06:08:09
575,241,575,113,1850,17,0,17,0,0.0,2026-09-16 06:08:15
576,241,576,113,1851,11,8,3,0,0.727,2026-09-16 06:08:21
577,241,577,113,1852,11,7,4,0,0.636,2026-09-16 06:08:27
578,241,578,113,1853,7,6,1,0,0.857,2026-09-16 06:08:33
579,241,579,113,1854,7,1,6,0,0.143,2026-09-16 06:08:39
580,241,580,113,1855,6,5,1,0,0.833,2026-09-16 06:08:44
581,241,581,113,1856,6,2,4,0,0.333,2026-09-16 06:08:51
582,241,582,113,1857,4,3,1,0,0.75,2026-09-16 06:08:55
583,241,583,113,1858,4,0,4,0,0.0,2026-09-16 06:09:01
584,241,584,113,1859,12,12,0,1,1.0,2026-09-16 06:09:06
585,241,585,113,1860,12,6,6,1,0.5,2026-09-16 06:09:19
586,241,586,113,1861,10,10,0,0,1.0,2026-09-16 06:09:25
587,241,587,113,1862,10,4,6,0,0.4,2026-09-16 06:09:46
588,241,588,113,1863,18,16,2,0,0.889,2026-09-16 06:09:49
589,241,589,113,1864,18,5,13,0,0.278,2026-09-16 06:10:12
590,241,590,113,1865,19,12,7,0,0.632,2026-09-16 06:10:23
591,241,591,113,1866,18,3,15,0,0.167,2026-09-16 06:10:38
592,241,592,113,1867,13,13,0,0,1.0,2026-09-16 06:10:43
593,241,593,113,1868,13,3,10,0,0.231,2026-09-16 06:10:47
594,241,594,113,1869,12,10,2,0,0.833,2026-09-16 06:11:03
595,241,595,113,1870,12,9,3,0,0.75,2026-09-16 06:11:16
596,241,596,113,1871,14,12,2,0,0.857,2026-09-16 06:11:22
597,241,597,113,1872,15,2,13,0,0.133,2026-09-16 06:11:27
598,244,598,117,2004,11,6,5,0,0.545,2026-09-16 06:21:53
599,244,599,117,2005,103,34,69,0,0.33,2026-09-16 06:22:15
600,244,600,117,2006,94,55,39,0,0.585,2026-09-16 06:22:38
601,239,601,83,1772,33,2,31,0,0.061,2026-09-16 06:39:06
602,239,602,83,1773,29,9,20,0,0.31,2026-09-16 06:39:21
603,239,603,83,1774,30,2,28,0,0.067,2026-09-16 06:41:53
604,239,604,83,1776,10,2,8,0,0.2,2026-09-16 06:42:12
605,239,605,83,1777,62,11,51,0,0.177,2026-09-16 06:42:37
606,239,606,83,1778,13,5,8,0,0.385,2026-09-16 06:42:54
607,239,607,83,1779,24,0,24,0,0.0,2026-09-16 06:43:09
608,239,608,83,1780,33,2,31,0,0.061,2026-09-16 06:43:23
609,239,609,83,1782,38,6,32,0,0.158,2026-09-16 06:49:25
610,239,610,83,1783,51,2,49,0,0.039,2026-09-16 06:49:37
611,239,611,83,1784,17,3,14,0,0.176,2026-09-16 06:49:46
612,239,612,83,1785,11,2,9,0,0.182,2026-09-16 06:49:56
613,239,613,83,1786,15,2,13,0,0.133,2026-09-16 06:50:10
614,239,614,83,1787,14,2,12,0,0.143,2026-09-16 06:50:19
615,239,615,83,1788,28,5,23,0,0.179,2026-09-16 06:50:26
616,239,616,83,1789,31,6,25,0,0.194,2026-09-16 06:50:48
617,239,617,83,1791,26,8,18,0,0.308,2026-09-16 06:50:58
618,247,618,87,2041,12,5,7,0,0.417,2026-09-16 06:59:46
619,248,619,91,2042,9,1,8,0,0.111,2026-09-16 07:12:55
620,250,620,98,2043,16,6,10,0,0.375,2026-09-16 07:34:40
621,250,621,98,2048,20,20,0,1,1.0,2026-09-16 07:35:03
622,252,622,102,2049,9,1,8,5,0.111,2026-09-16 07:46:07
623,252,623,102,2050,9,4,5,1,0.444,2026-09-16 07:46:21
624,252,624,102,2051,6,0,6,6,0.0,2026-09-16 07:46:35
625,252,625,102,2052,8,2,6,4,0.25,2026-09-16 07:46:49
626,252,626,102,2053,7,4,3,0,0.571,2026-09-16 07:47:01
627,253,627,103,2054,45,13,32,0,0.289,2026-09-16 08:34:22
628,253,628,103,2055,6,3,3,0,0.5,2026-09-16 08:34:39
629,253,629,103,2056,30,5,25,0,0.167,2026-09-16 08:34:55
630,253,630,103,2057,21,8,13,0,0.381,2026-09-16 08:35:08
631,253,631,103,2058,21,8,13,0,0.381,2026-09-16 08:35:25
632,253,632,103,2059,46,26,20,0,0.565,2026-09-16 08:35:54
633,253,633,103,2060,10,3,7,0,0.3,2026-09-16 08:36:06
634,253,634,103,2061,28,16,12,3,0.571,2026-09-16 08:36:27
635,253,635,103,2062,26,16,10,4,0.615,2026-09-16 08:36:47
636,253,636,103,2063,11,6,5,1,0.545,2026-09-16 08:36:57
637,253,637,103,2064,20,3,17,0,0.15,2026-09-16 08:37:14
638,253,638,103,2065,17,6,11,1,0.353,2026-09-16 08:37:29
639,253,639,103,2066,26,13,13,0,0.5,2026-09-16 08:37:39
640,253,640,103,2067,11,4,7,0,0.364,2026-09-16 08:37:47
641,253,641,103,2068,12,5,7,0,0.417,2026-09-16 08:37:56
642,253,642,103,2069,16,3,13,0,0.188,2026-09-16 08:38:05
643,253,643,103,2070,10,5,5,0,0.5,2026-09-16 08:38:14
644,253,644,103,2071,26,9,17,0,0.346,2026-09-16 08:38:34
645,253,645,103,2072,35,15,20,0,0.429,2026-09-16 08:38:47
646,253,646,103,2073,36,7,29,0,0.194,2026-09-16 08:39:03
647,253,647,103,2074,17,5,12,0,0.294,2026-09-16 08:39:12
648,258,648,118,2075,5,1,4,0,0.2,2026-09-16 14:16:49
649,258,649,118,2076,4,1,3,0,0.25,2026-09-16 14:16:58
650,259,650,120,2456,2,1,1,0,0.5,2026-09-16 14:21:49
651,259,651,120,2457,3,2,1,0,0.667,2026-09-16 14:21:56
652,259,652,120,2458,4,1,3,0,0.25,2026-09-16 14:22:03
653,256,653,119,2077,7,1,6,0,0.143,2026-09-16 14:32:14
654,256,654,119,2078,7,1,6,0,0.143,2026-09-16 14:32:24
655,256,655,119,2079,7,1,6,0,0.143,2026-09-16 14:32:34
656,256,656,119,2080,7,1,6,0,0.143,2026-09-16 14:32:44
657,256,657,119,2081,7,1,6,0,0.143,2026-09-16 14:32:54
658,260,658,122,2459,21,4,17,0,0.19,2026-09-16 14:35:37
659,260,659,122,2460,9,8,1,1,0.889,2026-09-16 14:35:47
660,260,660,122,2461,36,10,26,3,0.278,2026-09-16 14:35:58
661,260,661,122,2462,37,32,5,0,0.865,2026-09-16 14:36:19
662,260,662,122,2463,26,3,23,1,0.115,2026-09-16 14:36:28
663,260,663,122,2464,10,7,3,0,0.7,2026-09-16 14:36:36
664,260,664,122,2465,18,6,12,0,0.333,2026-09-16 14:36:45
665,260,665,122,2466,12,9,3,0,0.75,2026-09-16 14:36:54
666,261,666,123,2467,348,43,305,1,0.124,2026-09-16 14:44:14
667,261,667,123,2468,42,21,21,2,0.5,2026-09-16 14:44:21
668,263,668,148,2480,63,41,22,0,0.651,2026-09-16 14:53:28
669,263,669,148,2481,50,9,41,0,0.18,2026-09-16 14:53:35
670,264,670,150,2482,11,4,7,0,0.364,2026-09-16 15:11:26
671,264,671,150,2483,4,0,4,0,0.0,2026-09-16 15:11:34
672,264,672,150,2484,5,4,1,0,0.8,2026-09-16 15:11:42
673,265,673,152,2485,1,0,1,0,0.0,2026-09-16 15:16:37
674,265,674,152,2486,1,0,1,0,0.0,2026-09-16 15:16:45
675,262,675,147,2469,28,7,21,0,0.25,2026-09-16 15:35:12
676,262,676,147,2470,12,2,10,0,0.167,2026-09-16 15:35:20
677,262,677,147,2471,7,0,7,0,0.0,2026-09-16 15:35:28
678,262,678,147,2472,20,1,19,0,0.05,2026-09-16 15:35:36
679,262,679,147,2473,3,3,0,1,1.0,2026-09-16 15:35:44
680,262,680,147,2474,11,2,9,0,0.182,2026-09-16 15:35:55
681,262,681,147,2475,10,1,9,0,0.1,2026-09-16 15:36:04
682,262,682,147,2476,13,2,11,2,0.154,2026-09-16 15:36:15
683,262,683,147,2477,10,0,10,0,0.0,2026-09-16 15:36:25
684,262,684,147,2478,9,3,6,0,0.333,2026-09-16 15:36:39
685,262,685,147,2479,19,7,12,0,0.368,2026-09-16 15:36:55
686,268,686,149,2501,17,3,14,0,0.176,2026-09-16 15:42:37
687,272,687,94,2298,4,1,3,0,0.25,2026-09-17 14:02:16
688,272,688,94,2299,21,5,16,0,0.238,2026-09-17 14:02:21
689,272,689,94,2301,4,0,4,0,0.0,2026-09-17 14:02:24
690,272,690,94,2303,4,2,2,0,0.5,2026-09-17 14:02:27
691,272,691,94,2305,18,6,12,0,0.333,2026-09-17 14:02:31
692,272,692,94,2307,24,10,14,0,0.417,2026-09-17 14:02:34
693,272,693,94,2309,12,6,6,0,0.5,2026-09-17 14:02:38
694,272,694,94,2311,1,0,1,1,0.0,2026-09-17 14:02:41
695,272,695,94,2313,2,1,1,1,0.5,2026-09-17 14:02:44
696,272,696,94,2315,3,3,0,0,1.0,2026-09-17 14:02:47
697,272,697,94,2317,5,5,0,0,1.0,2026-09-17 14:02:51
698,272,698,94,2319,15,7,8,0,0.467,2026-09-17 14:02:54
699,272,699,94,2321,5,3,2,0,0.6,2026-09-17 14:02:57
700,272,700,94,2323,8,5,3,0,0.625,2026-09-17 14:03:00
701,272,701,94,2325,2,2,0,0,1.0,2026-09-17 14:03:03
702,272,702,94,2327,0,0,0,0,1.0,2026-09-17 14:03:06
703,272,703,94,2329,0,0,0,0,1.0,2026-09-17 14:03:09
704,272,704,94,2331,0,0,0,0,1.0,2026-09-17 14:03:12
705,272,705,94,2333,14,1,13,0,0.071,2026-09-17 14:03:16
706,272,706,94,2335,11,5,6,0,0.455,2026-09-17 14:03:22
707,272,707,94,2337,24,15,9,0,0.625,2026-09-17 14:03:31
708,272,708,94,2339,23,11,12,0,0.478,2026-09-17 14:03:35
709,272,709,94,2341,12,5,7,2,0.417,2026-09-17 14:03:38
710,272,710,94,2343,12,2,10,0,0.167,2026-09-17 14:03:43
711,272,711,94,2345,4,3,1,1,0.75,2026-09-17 14:03:46
712,272,712,94,2346,5,4,1,0,0.8,2026-09-17 14:03:53
713,272,713,94,2348,10,2,8,0,0.2,2026-09-17 14:03:56
714,272,714,94,2350,21,9,12,0,0.429,2026-09-17 14:04:02
715,272,715,94,2352,3,2,1,1,0.667,2026-09-17 14:04:06
716,272,716,94,2354,12,5,7,0,0.417,2026-09-17 14:04:11
717,272,717,94,2356,3,1,2,0,0.333,2026-09-17 14:04:16
718,272,718,94,2357,13,2,11,0,0.154,2026-09-17 14:04:21
719,272,719,94,2358,8,4,4,1,0.5,2026-09-17 14:04:25
720,272,720,94,2359,8,4,4,0,0.5,2026-09-17 14:04:30
721,272,721,94,2360,12,6,6,0,0.5,2026-09-17 14:04:34
722,272,722,94,2361,2,2,0,0,1.0,2026-09-17 14:04:37
723,272,723,94,2362,8,1,7,0,0.125,2026-09-17 14:04:42
724,272,724,94,2363,15,3,12,0,0.2,2026-09-17 14:04:45
725,272,725,94,2364,11,9,2,0,0.818,2026-09-17 14:04:49
726,272,726,94,2365,13,5,8,0,0.385,2026-09-17 14:04:52
727,272,727,94,2366,9,6,3,0,0.667,2026-09-17 14:04:55
728,272,728,94,2367,7,4,3,2,0.571,2026-09-17 14:04:59
729,272,729,94,2368,9,3,6,0,0.333,2026-09-17 14:05:02
730,272,730,94,2369,1,1,0,0,1.0,2026-09-17 14:05:05
731,272,731,94,2370,4,3,1,0,0.75,2026-09-17 14:05:09
732,272,732,94,2371,7,5,2,0,0.714,2026-09-17 14:05:13
733,272,733,94,2372,1,0,1,0,0.0,2026-09-17 14:05:16
734,272,734,94,2373,9,4,5,0,0.444,2026-09-17 14:05:20
735,272,735,94,2374,3,1,2,0,0.333,2026-09-17 14:05:24
736,272,736,94,2375,3,3,0,0,1.0,2026-09-17 14:05:27
737,272,737,94,2376,13,1,12,0,0.077,2026-09-17 14:05:31
738,272,738,94,2377,14,3,11,0,0.214,2026-09-17 14:05:35
739,272,739,94,2378,25,1,24,0,0.04,2026-09-17 14:05:38
740,272,740,94,2379,2,2,0,0,1.0,2026-09-17 14:05:41
741,272,741,94,2380,1,0,1,0,0.0,2026-09-17 14:05:44
742,272,742,94,2381,7,0,7,0,0.0,2026-09-17 14:05:48
743,272,743,94,2382,3,0,3,0,0.0,2026-09-17 14:05:53
744,272,744,94,2383,9,3,6,0,0.333,2026-09-17 14:05:56
745,272,745,94,2384,1,1,0,0,1.0,2026-09-17 14:06:01
746,272,746,94,2385,13,1,12,0,0.077,2026-09-17 14:06:06
747,272,747,94,2386,1,0,1,0,0.0,2026-09-17 14:06:11
748,272,748,94,2387,11,11,0,0,1.0,2026-09-17 14:06:15
749,272,749,94,2388,8,7,1,0,0.875,2026-09-17 14:06:20
750,272,750,94,2389,10,6,4,0,0.6,2026-09-17 14:06:24
751,272,751,94,2390,12,1,11,0,0.083,2026-09-17 14:06:29
752,272,752,94,2391,4,1,3,0,0.25,2026-09-17 14:06:34
753,272,753,94,2392,12,4,8,2,0.333,2026-09-17 14:06:39
754,272,754,94,2393,3,1,2,2,0.333,2026-09-17 14:06:44
755,272,755,94,2394,6,1,5,0,0.167,2026-09-17 14:06:49
756,272,756,94,2395,13,3,10,0,0.231,2026-09-17 14:06:54
757,272,757,94,2396,6,4,2,0,0.667,2026-09-17 14:06:59
758,272,758,94,2397,7,5,2,0,0.714,2026-09-17 14:07:07
759,272,759,94,2398,6,5,1,0,0.833,2026-09-17 14:07:15
760,272,760,94,2399,30,19,11,7,0.633,2026-09-17 14:07:26
761,272,761,94,2400,9,4,5,1,0.444,2026-09-17 14:07:36
762,272,762,94,2401,10,5,5,0,0.5,2026-09-17 14:07:43
763,272,763,94,2402,6,1,5,0,0.167,2026-09-17 14:07:52
764,272,764,94,2403,12,3,9,0,0.25,2026-09-17 14:08:02
765,272,765,94,2404,44,9,35,1,0.205,2026-09-17 14:08:08
766,272,766,94,2405,4,2,2,0,0.5,2026-09-17 14:08:13
767,272,767,94,2406,1,0,1,0,0.0,2026-09-17 14:08:20
768,272,768,94,2407,4,3,1,0,0.75,2026-09-17 14:08:25
769,272,769,94,2408,10,5,5,0,0.5,2026-09-17 14:08:30
770,272,770,94,2409,7,2,5,0,0.286,2026-09-17 14:08:52
771,272,771,94,2410,15,8,7,0,0.533,2026-09-17 14:08:57
772,272,772,94,2411,8,4,4,0,0.5,2026-09-17 14:09:05
773,272,773,94,2412,3,1,2,0,0.333,2026-09-17 14:09:10
774,272,774,94,2413,18,7,11,1,0.389,2026-09-17 14:09:14
775,272,775,94,2414,7,3,4,4,0.429,2026-09-17 14:09:18
776,272,776,94,2415,16,2,14,14,0.125,2026-09-17 14:09:22
777,272,777,94,2416,4,4,0,2,1.0,2026-09-17 14:09:26
778,272,778,94,2417,7,4,3,3,0.571,2026-09-17 14:09:31
779,272,779,94,2418,10,6,4,1,0.6,2026-09-17 14:09:35
780,272,780,94,2419,16,10,6,0,0.625,2026-09-17 14:09:39
781,272,781,94,2420,8,3,5,0,0.375,2026-09-17 14:09:45
782,272,782,94,2421,3,0,3,1,0.0,2026-09-17 14:09:50
783,272,783,94,2422,11,3,8,0,0.273,2026-09-17 14:09:56
784,272,784,94,2423,1,0,1,0,0.0,2026-09-17 14:10:02
785,272,785,94,2424,15,1,14,0,0.067,2026-09-17 14:10:07
786,272,786,94,2425,13,4,9,0,0.308,2026-09-17 14:10:12
787,272,787,94,2426,11,1,10,0,0.091,2026-09-17 14:10:17
788,272,788,94,2427,6,2,4,0,0.333,2026-09-17 14:10:20
789,272,789,94,2428,18,5,13,0,0.278,2026-09-17 14:10:23
790,272,790,94,2429,8,2,6,0,0.25,2026-09-17 14:10:31
791,272,791,94,2430,2,1,1,0,0.5,2026-09-17 14:10:34
792,272,792,94,2431,8,2,6,0,0.25,2026-09-17 14:10:38
793,272,793,94,2432,8,2,6,0,0.25,2026-09-17 14:10:41
794,272,794,94,2433,13,3,10,0,0.231,2026-09-17 14:10:45
795,272,795,94,2434,11,3,8,0,0.273,2026-09-17 14:10:49
796,272,796,94,2435,4,3,1,0,0.75,2026-09-17 14:10:53
797,272,797,94,2436,8,3,5,0,0.375,2026-09-17 14:10:56
798,272,798,94,2437,4,1,3,0,0.25,2026-09-17 14:11:00
799,272,799,94,2438,11,5,6,0,0.455,2026-09-17 14:11:05
800,272,800,94,2439,10,2,8,0,0.2,2026-09-17 14:11:09
801,272,801,94,2440,12,1,11,0,0.083,2026-09-17 14:11:13
802,272,802,94,2441,13,6,7,0,0.462,2026-09-17 14:11:18
803,272,803,94,2442,6,1,5,0,0.167,2026-09-17 14:11:24
804,272,804,94,2443,21,15,6,0,0.714,2026-09-17 14:11:29
805,272,805,94,2444,10,7,3,0,0.7,2026-09-17 14:11:32
806,272,806,94,2445,13,7,6,0,0.538,2026-09-17 14:11:36
807,272,807,94,2446,9,2,7,0,0.222,2026-09-17 14:11:39
808,272,808,94,2447,7,3,4,0,0.429,2026-09-17 14:11:45
809,272,809,94,2448,11,3,8,0,0.273,2026-09-17 14:11:49
810,272,810,94,2449,3,0,3,0,0.0,2026-09-17 14:11:54
811,272,811,94,2450,6,2,4,0,0.333,2026-09-17 14:12:37
812,272,812,94,2451,7,6,1,0,0.857,2026-09-17 14:12:40
813,272,813,94,2452,7,3,4,0,0.429,2026-09-17 14:12:43
814,272,814,94,2453,1,1,0,0,1.0,2026-09-17 14:12:46
815,272,815,94,2454,20,7,13,0,0.35,2026-09-17 14:12:49
816,272,816,94,2455,3,1,2,1,0.333,2026-09-17 14:12:53
817,272,817,94,1874,4,1,3,0,0.25,2026-09-17 14:12:56
818,272,818,94,1875,21,5,16,0,0.238,2026-09-17 14:13:00
819,272,819,94,1876,4,0,4,0,0.0,2026-09-17 14:13:03
820,272,820,94,1877,4,2,2,0,0.5,2026-09-17 14:13:07
821,272,821,94,1878,18,6,12,0,0.333,2026-09-17 14:13:10
822,272,822,94,1879,24,10,14,0,0.417,2026-09-17 14:13:14
823,272,823,94,1880,12,6,6,0,0.5,2026-09-17 14:13:17
824,272,824,94,1881,1,0,1,1,0.0,2026-09-17 14:13:21
825,272,825,94,1882,2,1,1,1,0.5,2026-09-17 14:13:26
826,272,826,94,1883,3,3,0,0,1.0,2026-09-17 14:13:32
827,272,827,94,1884,5,5,0,0,1.0,2026-09-17 14:13:36
828,272,828,94,1885,15,7,8,0,0.467,2026-09-17 14:13:42
829,272,829,94,1886,5,3,2,0,0.6,2026-09-17 14:13:47
830,272,830,94,1887,8,5,3,0,0.625,2026-09-17 14:13:53
831,272,831,94,1888,2,2,0,0,1.0,2026-09-17 14:13:57
832,272,832,94,1889,0,0,0,0,1.0,2026-09-17 14:14:02
833,272,833,94,1890,0,0,0,0,1.0,2026-09-17 14:14:06
834,272,834,94,1891,0,0,0,0,1.0,2026-09-17 14:14:09
835,272,835,94,1892,14,1,13,0,0.071,2026-09-17 14:14:13
836,272,836,94,1893,11,5,6,0,0.455,2026-09-17 14:14:16
837,272,837,94,1894,24,13,11,0,0.542,2026-09-17 14:14:19
838,272,838,94,1895,23,11,12,0,0.478,2026-09-17 14:14:23
839,272,839,94,1896,12,5,7,2,0.417,2026-09-17 14:14:25
840,272,840,94,1897,12,2,10,0,0.167,2026-09-17 14:14:28
841,272,841,94,1898,4,3,1,1,0.75,2026-09-17 14:14:31
842,272,842,94,1899,5,4,1,0,0.8,2026-09-17 14:14:34
843,272,843,94,1900,10,2,8,0,0.2,2026-09-17 14:14:36
844,272,844,94,1901,21,9,12,0,0.429,2026-09-17 14:14:40
845,272,845,94,1902,3,2,1,1,0.667,2026-09-17 14:14:43
846,272,846,94,1903,12,5,7,0,0.417,2026-09-17 14:14:47
847,272,847,94,1904,3,1,2,0,0.333,2026-09-17 14:14:51
848,272,848,94,1905,13,2,11,0,0.154,2026-09-17 14:14:54
849,272,849,94,1906,8,4,4,1,0.5,2026-09-17 14:14:58
850,272,850,94,1907,8,4,4,0,0.5,2026-09-17 14:15:01
851,272,851,94,1908,12,6,6,0,0.5,2026-09-17 14:15:05
852,272,852,94,1909,2,2,0,0,1.0,2026-09-17 14:15:08
853,272,853,94,1910,8,1,7,0,0.125,2026-09-17 14:15:12
854,272,854,94,1911,15,3,12,0,0.2,2026-09-17 14:15:15
855,272,855,94,1912,11,9,2,0,0.818,2026-09-17 14:15:18
856,272,856,94,1913,13,5,8,0,0.385,2026-09-17 14:15:22
857,272,857,94,1914,9,6,3,0,0.667,2026-09-17 14:15:25
858,272,858,94,1915,7,4,3,2,0.571,2026-09-17 14:15:30
859,272,859,94,1916,9,3,6,0,0.333,2026-09-17 14:15:33
860,272,860,94,1917,1,1,0,0,1.0,2026-09-17 14:15:37
861,272,861,94,1918,4,3,1,0,0.75,2026-09-17 14:15:40
862,272,862,94,1919,7,5,2,0,0.714,2026-09-17 14:15:43
863,272,863,94,1920,1,0,1,0,0.0,2026-09-17 14:15:46
864,272,864,94,1921,9,4,5,0,0.444,2026-09-17 14:15:50
865,272,865,94,1922,3,1,2,0,0.333,2026-09-17 14:15:53
866,272,866,94,1923,3,3,0,0,1.0,2026-09-17 14:15:56
867,272,867,94,1924,13,1,12,0,0.077,2026-09-17 14:15:59
868,272,868,94,1925,14,3,11,0,0.214,2026-09-17 14:16:03
869,272,869,94,1926,25,1,24,0,0.04,2026-09-17 14:16:06
870,272,870,94,1927,2,2,0,0,1.0,2026-09-17 14:16:10
871,272,871,94,1928,1,0,1,0,0.0,2026-09-17 14:16:13
872,272,872,94,1929,7,0,7,0,0.0,2026-09-17 14:16:17
873,272,873,94,1930,3,0,3,0,0.0,2026-09-17 14:16:21
874,272,874,94,1931,9,3,6,0,0.333,2026-09-17 14:16:24
875,272,875,94,1932,1,1,0,0,1.0,2026-09-17 14:16:27
876,272,876,94,1933,13,1,12,0,0.077,2026-09-17 14:16:31
877,272,877,94,1934,1,0,1,0,0.0,2026-09-17 14:16:34
878,272,878,94,1935,11,11,0,0,1.0,2026-09-17 14:16:37
879,272,879,94,1936,8,7,1,0,0.875,2026-09-17 14:16:40
880,272,880,94,1937,10,7,3,0,0.7,2026-09-17 14:16:43
881,272,881,94,1938,12,1,11,0,0.083,2026-09-17 14:16:47
882,272,882,94,1939,4,1,3,0,0.25,2026-09-17 14:16:51
883,272,883,94,1940,12,1,11,2,0.083,2026-09-17 14:16:54
884,272,884,94,1941,3,1,2,2,0.333,2026-09-17 14:16:57
885,272,885,94,1942,6,1,5,0,0.167,2026-09-17 14:17:01
886,272,886,94,1943,13,3,10,0,0.231,2026-09-17 14:17:05
887,272,887,94,1944,6,4,2,0,0.667,2026-09-17 14:17:08
888,272,888,94,1945,7,5,2,0,0.714,2026-09-17 14:17:12
889,272,889,94,1946,6,5,1,0,0.833,2026-09-17 14:17:15
890,272,890,94,1947,30,19,11,7,0.633,2026-09-17 14:17:18
891,272,891,94,1948,9,4,5,1,0.444,2026-09-17 14:17:23
892,272,892,94,1949,10,5,5,0,0.5,2026-09-17 14:17:26
893,272,893,94,1950,6,1,5,0,0.167,2026-09-17 14:17:29
894,272,894,94,1951,12,3,9,0,0.25,2026-09-17 14:17:34
895,272,895,94,1952,44,9,35,1,0.205,2026-09-17 14:17:37
896,272,896,94,1953,4,2,2,0,0.5,2026-09-17 14:17:41
897,272,897,94,1954,1,0,1,0,0.0,2026-09-17 14:17:44
898,272,898,94,1955,4,3,1,0,0.75,2026-09-17 14:17:48
899,272,899,94,1956,10,5,5,0,0.5,2026-09-17 14:17:52
900,272,900,94,1957,7,2,5,0,0.286,2026-09-17 14:18:04
901,272,901,94,1958,15,7,8,0,0.467,2026-09-17 14:18:08
902,272,902,94,1959,8,4,4,0,0.5,2026-09-17 14:18:10
903,272,903,94,1960,3,1,2,0,0.333,2026-09-17 14:18:14
904,272,904,94,1961,18,7,11,1,0.389,2026-09-17 14:18:17
905,272,905,94,1962,7,3,4,4,0.429,2026-09-17 14:18:22
906,272,906,94,1963,16,2,14,14,0.125,2026-09-17 14:18:27
907,272,907,94,1964,4,4,0,2,1.0,2026-09-17 14:18:31
908,272,908,94,1965,7,4,3,3,0.571,2026-09-17 14:18:35
909,272,909,94,1966,10,6,4,1,0.6,2026-09-17 14:18:39
910,272,910,94,1967,16,10,6,0,0.625,2026-09-17 14:18:42
911,272,911,94,1968,8,3,5,0,0.375,2026-09-17 14:18:45
912,272,912,94,1969,3,0,3,1,0.0,2026-09-17 14:18:49
913,272,913,94,1970,11,3,8,0,0.273,2026-09-17 14:18:52
914,272,914,94,1971,1,0,1,0,0.0,2026-09-17 14:18:55
915,272,915,94,1972,15,1,14,0,0.067,2026-09-17 14:18:58
916,272,916,94,1973,13,4,9,0,0.308,2026-09-17 14:19:02
917,272,917,94,1974,11,1,10,0,0.091,2026-09-17 14:19:05
918,272,918,94,1975,6,2,4,0,0.333,2026-09-17 14:19:08
919,272,919,94,1976,18,5,13,0,0.278,2026-09-17 14:19:12
920,272,920,94,1977,8,2,6,0,0.25,2026-09-17 14:19:21
921,272,921,94,1978,2,1,1,0,0.5,2026-09-17 14:19:24
922,272,922,94,1979,8,2,6,0,0.25,2026-09-17 14:19:27
923,272,923,94,1980,8,2,6,0,0.25,2026-09-17 14:19:31
924,272,924,94,1981,13,3,10,0,0.231,2026-09-17 14:19:34
925,272,925,94,1982,11,3,8,0,0.273,2026-09-17 14:19:37
926,272,926,94,1983,4,3,1,0,0.75,2026-09-17 14:19:40
927,272,927,94,1984,8,3,5,0,0.375,2026-09-17 14:19:44
928,272,928,94,1985,4,1,3,0,0.25,2026-09-17 14:19:47
929,272,929,94,1986,11,5,6,0,0.455,2026-09-17 14:19:51
930,272,930,94,1987,10,2,8,0,0.2,2026-09-17 14:19:54
931,272,931,94,1988,12,1,11,0,0.083,2026-09-17 14:19:58
932,272,932,94,1989,13,6,7,0,0.462,2026-09-17 14:20:01
933,272,933,94,1990,6,1,5,0,0.167,2026-09-17 14:20:04
934,272,934,94,1991,21,15,6,0,0.714,2026-09-17 14:20:08
935,272,935,94,1992,10,7,3,0,0.7,2026-09-17 14:20:11
936,272,936,94,1993,13,7,6,0,0.538,2026-09-17 14:20:14
937,272,937,94,1994,9,2,7,0,0.222,2026-09-17 14:20:17
938,272,938,94,1995,7,3,4,0,0.429,2026-09-17 14:20:22
939,272,939,94,1996,11,3,8,0,0.273,2026-09-17 14:20:25
940,272,940,94,1997,3,0,3,0,0.0,2026-09-17 14:20:29
941,272,941,94,1998,6,2,4,0,0.333,2026-09-17 14:21:24
942,272,942,94,1999,7,6,1,0,0.857,2026-09-17 14:21:27
943,272,943,94,2000,7,3,4,0,0.429,2026-09-17 14:21:30
944,272,944,94,2001,1,1,0,0,1.0,2026-09-17 14:21:34
945,272,945,94,2002,20,7,13,0,0.35,2026-09-17 14:21:38
946,272,946,94,2003,3,1,2,1,0.333,2026-09-17 14:21:52
947,279,947,168,2590,16,2,14,1,0.125,2026-09-17 16:21:01
948,279,948,168,2591,17,2,15,1,0.118,2026-09-17 16:21:04
949,278,949,205,2592,0,0,0,0,1.0,2026-09-17 16:22:24
950,278,950,205,2593,0,0,0,0,1.0,2026-09-17 16:22:27
951,278,951,205,2594,12,10,2,0,0.833,2026-09-17 16:22:30
952,278,952,205,2595,12,9,3,0,0.75,2026-09-17 16:22:35
953,278,953,205,2596,19,16,3,0,0.842,2026-09-17 16:22:40
954,278,954,205,2597,26,20,6,0,0.769,2026-09-17 16:22:46
955,278,955,205,2598,22,18,4,0,0.818,2026-09-17 16:22:55
956,278,956,205,2599,29,23,6,0,0.793,2026-09-17 16:23:03
957,278,957,205,2600,42,33,9,0,0.786,2026-09-17 16:23:12
958,278,958,205,2601,42,31,11,0,0.738,2026-09-17 16:23:17
959,280,959,169,2602,4,0,4,0,0.0,2026-09-17 16:25:32
960,280,960,169,2603,4,0,4,0,0.0,2026-09-17 16:25:38
961,280,961,169,2604,4,3,1,0,0.75,2026-09-17 16:25:45
962,280,962,169,2605,1,0,1,1,0.0,2026-09-17 16:25:50
963,282,963,170,2785,5,0,5,0,0.0,2026-09-17 17:00:21
964,282,964,170,2786,3,0,3,0,0.0,2026-09-17 17:00:23
965,282,965,170,2787,4,0,4,0,0.0,2026-09-17 17:00:26
966,282,966,170,2790,3,1,2,2,0.333,2026-09-17 17:00:29
967,282,967,170,2791,2,1,1,1,0.5,2026-09-17 17:00:31
968,282,968,170,2792,2,1,1,1,0.5,2026-09-17 17:00:34
969,282,969,170,2793,7,5,2,2,0.714,2026-09-17 17:00:37
970,283,970,171,2794,3,2,1,0,0.667,2026-09-17 17:47:16
971,283,971,171,2795,5,3,2,0,0.6,2026-09-17 17:47:18
972,283,972,171,2796,6,2,4,0,0.333,2026-09-17 17:47:21
973,284,973,172,2797,9,1,8,0,0.111,2026-09-17 17:49:07
974,287,974,167,2503,20,12,8,0,0.6,2026-09-17 19:25:48
975,287,975,167,2504,12,3,9,0,0.25,2026-09-17 19:26:22
976,287,976,167,2505,7,3,4,0,0.429,2026-09-17 19:26:41
977,287,977,167,2506,25,10,15,0,0.4,2026-09-17 19:29:20
978,287,978,167,2508,15,3,12,0,0.2,2026-09-17 19:29:39
979,287,979,167,2509,31,16,15,0,0.516,2026-09-17 19:29:58
980,289,980,234,2507,18,7,11,0,0.389,2026-09-17 19:33:06
981,290,981,174,2799,10,4,6,0,0.4,2026-09-17 19:38:08
982,292,982,175,2988,39,8,31,0,0.205,2026-09-17 19:50:07
983,292,983,175,2989,14,6,8,0,0.429,2026-09-17 19:50:15
984,288,984,204,2510,6,0,6,1,0.0,2026-09-17 19:51:27
985,288,985,204,2511,5,0,5,1,0.0,2026-09-17 19:51:35
986,288,986,204,2512,5,0,5,1,0.0,2026-09-17 19:51:42
987,288,987,204,2513,5,0,5,1,0.0,2026-09-17 19:51:51
988,288,988,204,2514,6,0,6,1,0.0,2026-09-17 19:51:59
989,288,989,204,2515,6,1,5,1,0.167,2026-09-17 19:52:07
990,288,990,204,2517,6,0,6,1,0.0,2026-09-17 19:52:15
991,288,991,204,2519,6,0,6,1,0.0,2026-09-17 19:52:23
992,288,992,204,2521,6,0,6,1,0.0,2026-09-17 19:52:31
993,288,993,204,2523,5,0,5,1,0.0,2026-09-17 19:52:39
994,288,994,204,2525,5,0,5,1,0.0,2026-09-17 19:52:48
995,288,995,204,2527,8,0,8,1,0.0,2026-09-17 19:52:56
996,288,996,204,2529,7,0,7,1,0.0,2026-09-17 19:53:03
997,288,997,204,2531,4,0,4,1,0.0,2026-09-17 19:53:14
998,288,998,204,2533,8,2,6,1,0.25,2026-09-17 19:53:21
999,288,999,204,2535,6,0,6,0,0.0,2026-09-17 19:53:28
1000,288,1000,204,2536,5,0,5,1,0.0,2026-09-17 19:53:36
1001,288,1001,204,2539,8,3,5,1,0.375,2026-09-17 19:53:46
1002,288,1002,204,2541,5,0,5,1,0.0,2026-09-17 19:53:55
1003,288,1003,204,2543,4,0,4,1,0.0,2026-09-17 19:54:07
1004,288,1004,204,2545,5,0,5,1,0.0,2026-09-17 19:54:15
1005,293,1005,176,2991,28,8,20,4,0.286,2026-09-17 19:56:23
1006,293,1006,176,2992,29,9,20,8,0.31,2026-09-17 19:56:31
1007,293,1007,176,2993,18,4,14,0,0.222,2026-09-17 19:56:39
1008,295,1008,177,2994,8,2,6,0,0.25,2026-09-17 20:00:34
1009,296,1009,178,2995,24,19,5,0,0.792,2026-09-17 20:15:05
1010,296,1010,178,2996,7,4,3,0,0.571,2026-09-17 20:15:14
1011,296,1011,178,2997,10,4,6,0,0.4,2026-09-17 20:15:21
1012,296,1012,178,2998,1,0,1,0,0.0,2026-09-17 20:15:29
1013,296,1013,178,2999,4,4,0,0,1.0,2026-09-17 20:15:37
1014,296,1014,178,3000,2,2,0,0,1.0,2026-09-17 20:15:45
1015,296,1015,178,3001,10,8,2,0,0.8,2026-09-17 20:15:53
1016,296,1016,178,3002,4,3,1,0,0.75,2026-09-17 20:16:00
1017,296,1017,178,3003,7,7,0,0,1.0,2026-09-17 20:16:07
1018,296,1018,178,3004,1,0,1,0,0.0,2026-09-17 20:16:14
1019,296,1019,178,3005,4,3,1,0,0.75,2026-09-17 20:16:20
1020,296,1020,178,3006,7,7,0,0,1.0,2026-09-17 20:16:26
1021,296,1021,178,3007,22,17,5,0,0.773,2026-09-17 20:16:31
1022,296,1022,178,3008,9,3,6,0,0.333,2026-09-17 20:16:37
1023,296,1023,178,3009,2,2,0,0,1.0,2026-09-17 20:16:43
1024,296,1024,178,3010,24,19,5,0,0.792,2026-09-17 20:16:49
1025,296,1025,178,3011,7,1,6,0,0.143,2026-09-17 20:16:55
1026,296,1026,178,3012,4,3,1,0,0.75,2026-09-17 20:17:00
1027,296,1027,178,3013,4,2,2,0,0.5,2026-09-17 20:17:07
1028,296,1028,178,3014,1,0,1,0,0.0,2026-09-17 20:17:12
1029,297,1029,179,3015,14,11,3,1,0.786,2026-09-17 20:45:02
1030,297,1030,179,3016,16,6,10,1,0.375,2026-09-17 20:45:09
1031,297,1031,179,3017,7,4,3,1,0.571,2026-09-17 20:45:16
1032,297,1032,179,3018,13,9,4,1,0.692,2026-09-17 20:45:22
1033,297,1033,179,3019,18,12,6,1,0.667,2026-09-17 20:45:29
1034,297,1034,179,3020,15,5,10,1,0.333,2026-09-17 20:45:35
1035,297,1035,179,3021,10,10,0,0,1.0,2026-09-17 20:45:42
1036,286,1036,132,2518,0,0,0,0,1.0,2026-09-17 21:02:48
1037,286,1037,132,2520,15,3,12,0,0.2,2026-09-17 21:02:57
1038,286,1038,132,2522,5,0,5,1,0.0,2026-09-17 21:03:06
1039,286,1039,132,2524,14,0,14,0,0.0,2026-09-17 21:03:14
1040,286,1040,132,2526,9,1,8,0,0.111,2026-09-17 21:03:22
1041,286,1041,132,2528,11,1,10,0,0.091,2026-09-17 21:03:30
1042,286,1042,132,2530,14,3,11,0,0.214,2026-09-17 21:03:38
1043,286,1043,132,2532,6,1,5,0,0.167,2026-09-17 21:03:46
1044,286,1044,132,2534,9,1,8,0,0.111,2026-09-17 21:03:53
1045,286,1045,132,2537,10,2,8,1,0.2,2026-09-17 21:04:01
1046,286,1046,132,2538,14,1,13,0,0.071,2026-09-17 21:04:09
1047,286,1047,132,2540,20,2,18,4,0.1,2026-09-17 21:04:17
1048,286,1048,132,2542,16,2,14,4,0.125,2026-09-17 21:04:24
1049,286,1049,132,2544,11,2,9,1,0.182,2026-09-17 21:04:32
1050,286,1050,132,2546,16,3,13,4,0.188,2026-09-17 21:04:41
1051,286,1051,132,2547,9,2,7,1,0.222,2026-09-17 21:04:49
1052,286,1052,132,2548,10,2,8,1,0.2,2026-09-17 21:04:56
1053,286,1053,132,2549,10,2,8,1,0.2,2026-09-17 21:05:04
1054,286,1054,132,2550,13,3,10,2,0.231,2026-09-17 21:05:11
1055,286,1055,132,2551,10,2,8,2,0.2,2026-09-17 21:05:19
1056,286,1056,132,2552,10,2,8,2,0.2,2026-09-17 21:05:28
1057,286,1057,132,2553,7,1,6,2,0.143,2026-09-17 21:05:37
1058,286,1058,132,2554,7,1,6,2,0.143,2026-09-17 21:05:45
1059,286,1059,132,2555,11,2,9,3,0.182,2026-09-17 21:05:51
1060,286,1060,132,2556,10,1,9,2,0.1,2026-09-17 21:05:59
1061,286,1061,132,2557,15,2,13,1,0.133,2026-09-17 21:06:06
1062,286,1062,132,2558,18,5,13,1,0.278,2026-09-17 21:06:14
1063,286,1063,132,2559,14,4,10,1,0.286,2026-09-17 21:06:20
1064,286,1064,132,2560,9,2,7,1,0.222,2026-09-17 21:06:28
1065,286,1065,132,2561,4,0,4,0,0.0,2026-09-17 21:06:35
1066,286,1066,132,2562,8,1,7,1,0.125,2026-09-17 21:06:42
1067,286,1067,132,2563,5,2,3,1,0.4,2026-09-17 21:06:47
1068,286,1068,132,2564,9,1,8,1,0.111,2026-09-17 21:06:55
1069,286,1069,132,2565,1,1,0,0,1.0,2026-09-17 21:07:01
1070,286,1070,132,2566,4,1,3,0,0.25,2026-09-17 21:07:07
1071,286,1071,132,2567,8,1,7,2,0.125,2026-09-17 21:07:13
1072,286,1072,132,2568,12,5,7,3,0.417,2026-09-17 21:07:19
1073,286,1073,132,2569,6,1,5,2,0.167,2026-09-17 21:07:27
1074,286,1074,132,2570,10,1,9,2,0.1,2026-09-17 21:07:34
1075,286,1075,132,2571,5,0,5,2,0.0,2026-09-17 21:07:41
1076,286,1076,132,2572,0,0,0,0,1.0,2026-09-17 21:07:48
1077,286,1077,132,2573,14,4,10,1,0.286,2026-09-17 21:07:56
1078,286,1078,132,2574,12,3,9,2,0.25,2026-09-17 21:08:03
1079,286,1079,132,2575,13,3,10,1,0.231,2026-09-17 21:08:09
1080,286,1080,132,2576,13,3,10,0,0.231,2026-09-17 21:08:15
1081,286,1081,132,2577,10,1,9,2,0.1,2026-09-17 21:08:24
1082,286,1082,132,2578,15,3,12,2,0.2,2026-09-17 21:08:31
1083,286,1083,132,2579,14,0,14,1,0.0,2026-09-17 21:08:38
1084,286,1084,132,2580,18,7,11,0,0.389,2026-09-17 21:08:47
1085,286,1085,132,2582,12,6,6,0,0.5,2026-09-17 21:08:55
1086,286,1086,132,2583,16,8,8,2,0.5,2026-09-17 21:09:05
1087,286,1087,132,2584,15,3,12,2,0.2,2026-09-17 21:09:12
1088,286,1088,132,2585,13,4,9,1,0.308,2026-09-17 21:09:18
1089,286,1089,132,2586,16,8,8,1,0.5,2026-09-17 21:09:24
1090,286,1090,132,2587,19,3,16,1,0.158,2026-09-17 21:09:32
1091,286,1091,132,2588,16,6,10,3,0.375,2026-09-17 21:09:47
1092,286,1092,132,2589,14,4,10,2,0.286,2026-09-17 21:10:01
1093,302,1093,218,3141,12,7,5,0,0.583,2026-09-17 21:33:20
1094,301,1094,195,3138,94,19,75,0,0.202,2026-09-17 21:56:08
1095,304,1095,229,3142,5,4,1,0,0.8,2026-09-17 21:57:06
1096,304,1096,229,3143,6,1,5,0,0.167,2026-09-17 21:57:11
1097,304,1097,229,3144,6,0,6,0,0.0,2026-09-17 21:57:19
1098,304,1098,229,3145,4,1,3,0,0.25,2026-09-17 21:57:23
1099,300,1099,182,3139,16,2,14,0,0.125,2026-09-17 21:58:16
1100,300,1100,182,3140,16,4,12,0,0.25,2026-09-17 21:58:21
1101,306,1101,220,3147,18,12,6,0,0.667,2026-09-17 22:01:49
1102,306,1102,220,3148,76,29,47,0,0.382,2026-09-17 22:01:54
1103,307,1103,196,3149,7,3,4,0,0.429,2026-09-17 22:02:47
1104,307,1104,196,3150,7,3,4,2,0.429,2026-09-17 22:02:54
1105,308,1105,230,3159,5,3,2,0,0.6,2026-09-17 22:07:32
1106,311,1106,197,3162,41,6,35,0,0.146,2026-09-17 22:08:51
1107,311,1107,197,3163,45,19,26,0,0.422,2026-09-17 22:09:06
1108,309,1108,183,3151,30,21,9,0,0.7,2026-09-17 22:15:54
1109,309,1109,183,3152,152,48,104,0,0.316,2026-09-17 22:16:21
1110,309,1110,183,3153,13,6,7,0,0.462,2026-09-17 22:16:41
1111,309,1111,183,3154,28,14,14,0,0.5,2026-09-17 22:16:57
1112,309,1112,183,3155,13,6,7,0,0.462,2026-09-17 22:17:12
1113,309,1113,183,3156,33,18,15,0,0.545,2026-09-17 22:17:31
1114,309,1114,183,3157,24,8,16,0,0.333,2026-09-17 22:17:46
1115,309,1115,183,3158,3,2,1,0,0.667,2026-09-17 22:18:02
1116,310,1116,221,3161,19,4,15,0,0.211,2026-09-17 22:18:10
1117,312,1117,231,3164,0,0,0,0,1.0,2026-09-17 22:28:15
1118,312,1118,231,3165,0,0,0,0,1.0,2026-09-17 22:28:27
1119,312,1119,231,3166,0,0,0,0,1.0,2026-09-17 22:28:38
1120,312,1120,231,3167,9,2,7,0,0.222,2026-09-17 22:28:50
1121,312,1121,231,3168,17,1,16,0,0.059,2026-09-17 22:29:01
1122,312,1122,231,3169,0,0,0,0,1.0,2026-09-17 22:29:13
1123,312,1123,231,3170,26,0,26,0,0.0,2026-09-17 22:29:26
1124,312,1124,231,3171,6,0,6,0,0.0,2026-09-17 22:29:38
1125,312,1125,231,3172,4,0,4,0,0.0,2026-09-17 22:29:50
1126,312,1126,231,3173,19,1,18,0,0.053,2026-09-17 22:30:02
1127,320,1127,184,3189,29,11,18,0,0.379,2026-09-17 22:34:14
1128,320,1128,184,3190,43,21,22,0,0.488,2026-09-17 22:34:26
1129,321,1129,222,3179,9,4,5,1,0.444,2026-09-17 22:35:50
1130,321,1130,222,3180,33,21,12,1,0.636,2026-09-17 22:36:03
1131,321,1131,222,3181,13,8,5,1,0.615,2026-09-17 22:36:17
1132,321,1132,222,3182,17,8,9,1,0.471,2026-09-17 22:36:31
1133,321,1133,222,3183,10,4,6,1,0.4,2026-09-17 22:36:45
1134,321,1134,222,3184,15,1,14,1,0.067,2026-09-17 22:36:59
1135,321,1135,222,3185,7,1,6,1,0.143,2026-09-17 22:37:12
1136,321,1136,222,3186,8,6,2,1,0.75,2026-09-17 22:37:25
1137,321,1137,222,3187,15,9,6,1,0.6,2026-09-17 22:37:37
1138,321,1138,222,3188,11,8,3,1,0.727,2026-09-17 22:37:51
1139,324,1139,223,3225,8,7,1,2,0.875,2026-09-17 22:47:42
1140,319,1140,255,3178,18,12,6,4,0.667,2026-09-17 22:52:23
1141,315,1141,249,3175,22,0,22,1,0.0,2026-09-17 22:53:37
1142,323,1142,185,3224,38,11,27,1,0.289,2026-09-17 22:55:59
1143,318,1143,160,3176,34,28,6,0,0.824,2026-09-17 23:00:09
1144,329,1144,250,3252,28,3,25,0,0.107,2026-09-17 23:00:16
1145,318,1145,160,3177,34,28,6,0,0.824,2026-09-17 23:00:27
1146,325,1146,200,3226,16,2,14,0,0.125,2026-09-17 23:01:28
1147,325,1147,200,3227,180,3,177,0,0.017,2026-09-17 23:01:44
1148,326,1148,233,3228,25,1,24,0,0.04,2026-09-17 23:04:15
1149,326,1149,233,3229,18,1,17,0,0.056,2026-09-17 23:04:40
1150,328,1150,256,3250,18,4,14,0,0.222,2026-09-17 23:05:25
1151,331,1151,251,3266,12,11,1,0,0.917,2026-09-17 23:08:36
1152,336,1152,202,3278,9,3,6,2,0.333,2026-09-17 23:12:39
1153,332,1153,161,3267,18,3,15,2,0.167,2026-09-17 23:18:55
1154,332,1154,161,3268,9,3,6,0,0.333,2026-09-17 23:19:06
1155,332,1155,161,3269,12,3,9,1,0.25,2026-09-17 23:19:23
1156,330,1156,186,3253,6,6,0,0,1.0,2026-09-17 23:20:04
1157,330,1157,186,3255,11,11,0,0,1.0,2026-09-17 23:20:17
1158,330,1158,186,3256,8,7,1,0,0.875,2026-09-17 23:20:31
1159,335,1159,257,3276,16,2,14,0,0.125,2026-09-17 23:20:40
1160,330,1160,186,3257,4,4,0,0,1.0,2026-09-17 23:20:45
1161,335,1161,257,3277,14,5,9,0,0.357,2026-09-17 23:20:53
1162,330,1162,186,3258,10,10,0,0,1.0,2026-09-17 23:20:57
1163,330,1163,186,3259,3,3,0,0,1.0,2026-09-17 23:21:10
1164,330,1164,186,3260,3,3,0,0,1.0,2026-09-17 23:21:24
1165,330,1165,186,3261,9,9,0,0,1.0,2026-09-17 23:21:37
1166,330,1166,186,3262,8,8,0,0,1.0,2026-09-17 23:21:50
1167,339,1167,203,3281,11,7,4,0,0.636,2026-09-17 23:21:53
1168,330,1168,186,3263,9,5,4,0,0.556,2026-09-17 23:22:02
1169,339,1169,203,3282,17,8,9,0,0.471,2026-09-17 23:22:05
1170,330,1170,186,3264,7,0,7,1,0.0,2026-09-17 23:22:15
1171,330,1171,186,3265,6,0,6,0,0.0,2026-09-17 23:22:30
1172,334,1172,283,3270,8,5,3,0,0.625,2026-09-17 23:25:25
1173,334,1173,283,3271,13,8,5,0,0.615,2026-09-17 23:25:40
1174,334,1174,283,3272,12,11,1,0,0.917,2026-09-17 23:25:55
1175,334,1175,283,3273,45,12,33,0,0.267,2026-09-17 23:26:10
1176,334,1176,283,3274,41,1,40,0,0.024,2026-09-17 23:26:28
1177,334,1177,283,3275,66,20,46,0,0.303,2026-09-17 23:26:46
1178,343,1178,187,3303,14,4,10,0,0.286,2026-09-17 23:29:50
1179,327,1179,224,3230,3,0,3,0,0.0,2026-09-17 23:34:25
1180,327,1180,224,3231,3,0,3,0,0.0,2026-09-17 23:34:41
1181,327,1181,224,3232,2,0,2,0,0.0,2026-09-17 23:34:56
1182,327,1182,224,3233,1,1,0,0,1.0,2026-09-17 23:35:09
1183,327,1183,224,3234,9,0,9,0,0.0,2026-09-17 23:35:26
1184,327,1184,224,3235,7,0,7,0,0.0,2026-09-17 23:35:50
1185,327,1185,224,3236,1,1,0,0,1.0,2026-09-17 23:36:04
1186,327,1186,224,3238,4,0,4,0,0.0,2026-09-17 23:36:18
1187,327,1187,224,3239,5,2,3,0,0.4,2026-09-17 23:36:32
1188,327,1188,224,3240,1,1,0,0,1.0,2026-09-17 23:36:45
1189,327,1189,224,3241,5,0,5,0,0.0,2026-09-17 23:36:58
1190,327,1190,224,3242,4,0,4,0,0.0,2026-09-17 23:37:11
1191,327,1191,224,3243,2,0,2,0,0.0,2026-09-17 23:37:25
1192,327,1192,224,3244,1,0,1,0,0.0,2026-09-17 23:37:39
1193,327,1193,224,3245,1,1,0,0,1.0,2026-09-17 23:37:54
1194,327,1194,224,3246,3,0,3,0,0.0,2026-09-17 23:38:08
1195,327,1195,224,3247,3,0,3,0,0.0,2026-09-17 23:38:22
1196,327,1196,224,3248,1,1,0,0,1.0,2026-09-17 23:38:36
1197,327,1197,224,3249,3,0,3,0,0.0,2026-09-17 23:38:56
1198,345,1198,288,3304,9,1,8,0,0.111,2026-09-17 23:46:29
1199,345,1199,288,3305,29,10,19,1,0.345,2026-09-17 23:46:41
1200,345,1200,288,3306,27,11,16,0,0.407,2026-09-17 23:46:56
1201,345,1201,288,3307,31,14,17,0,0.452,2026-09-17 23:47:10
1202,345,1202,288,3308,14,8,6,0,0.571,2026-09-17 23:47:22
1203,342,1203,278,3297,6,1,5,0,0.167,2026-09-17 23:55:50
1204,342,1204,278,3298,3,0,3,0,0.0,2026-09-17 23:56:05
1205,342,1205,278,3299,5,1,4,0,0.2,2026-09-17 23:56:17
1206,342,1206,278,3300,8,0,8,0,0.0,2026-09-17 23:56:30
1207,342,1207,278,3301,13,0,13,0,0.0,2026-09-17 23:56:42
1208,340,1208,162,3283,138,105,33,3,0.761,2026-09-18 00:06:05
1209,340,1209,162,3284,22,11,11,3,0.5,2026-09-18 00:06:20
1210,340,1210,162,3285,51,27,24,6,0.529,2026-09-18 00:06:39
1211,340,1211,162,3286,43,31,12,5,0.721,2026-09-18 00:06:55
1212,340,1212,162,3287,38,21,17,3,0.553,2026-09-18 00:07:14
1213,340,1213,162,3288,63,8,55,4,0.127,2026-09-18 00:07:32
1214,340,1214,162,3289,10,4,6,1,0.4,2026-09-18 00:07:47
1215,354,1215,281,3385,55,4,51,0,0.073,2026-09-18 00:08:28
1216,351,1216,289,3374,6,3,3,0,0.5,2026-09-18 00:10:30
1217,351,1217,289,3375,29,3,26,2,0.103,2026-09-18 00:10:40
1218,351,1218,289,3376,19,7,12,2,0.368,2026-09-18 00:10:53
1219,350,1219,225,3371,7,4,3,0,0.571,2026-09-18 00:10:58
1220,351,1220,289,3377,18,5,13,2,0.278,2026-09-18 00:11:03
1221,350,1221,225,3372,32,27,5,0,0.844,2026-09-18 00:11:09
1222,351,1222,289,3378,67,5,62,2,0.075,2026-09-18 00:11:14
1223,350,1223,225,3373,11,0,11,0,0.0,2026-09-18 00:11:19
1224,351,1224,289,3379,21,3,18,1,0.143,2026-09-18 00:11:25
1225,351,1225,289,3380,7,0,7,1,0.0,2026-09-18 00:11:36
1226,351,1226,289,3381,7,0,7,1,0.0,2026-09-18 00:11:48
1227,351,1227,289,3382,5,2,3,0,0.4,2026-09-18 00:12:00
1228,351,1228,289,3383,18,6,12,0,0.333,2026-09-18 00:12:11
1229,349,1229,189,3351,5,2,3,0,0.4,2026-09-18 00:14:11
1230,349,1230,189,3352,18,3,15,0,0.167,2026-09-18 00:14:24
1231,349,1231,189,3353,5,1,4,0,0.2,2026-09-18 00:14:37
1232,349,1232,189,3354,5,2,3,0,0.4,2026-09-18 00:14:50
1233,349,1233,189,3355,8,3,5,0,0.375,2026-09-18 00:15:02
1234,349,1234,189,3356,12,2,10,0,0.167,2026-09-18 00:15:16
1235,349,1235,189,3357,8,2,6,0,0.25,2026-09-18 00:15:28
1236,349,1236,189,3358,10,4,6,0,0.4,2026-09-18 00:15:48
1237,349,1237,189,3359,3,0,3,0,0.0,2026-09-18 00:16:01
1238,349,1238,189,3360,5,2,3,0,0.4,2026-09-18 00:16:12
1239,349,1239,189,3361,16,7,9,0,0.438,2026-09-18 00:16:23
1240,357,1240,226,3395,2,1,1,0,0.5,2026-09-18 00:16:45
1241,357,1241,226,3396,11,6,5,0,0.545,2026-09-18 00:16:56
1242,357,1242,226,3397,45,26,19,0,0.578,2026-09-18 00:17:08
1243,349,1243,189,3362,1,0,1,0,0.0,2026-09-18 00:17:16
1244,349,1244,189,3363,2,0,2,0,0.0,2026-09-18 00:17:31
1245,349,1245,189,3364,11,5,6,0,0.455,2026-09-18 00:17:47
1246,349,1246,189,3365,9,1,8,0,0.111,2026-09-18 00:18:02
1247,349,1247,189,3366,37,7,30,0,0.189,2026-09-18 00:18:17
1248,349,1248,189,3367,10,1,9,0,0.1,2026-09-18 00:18:30
1249,349,1249,189,3368,7,1,6,0,0.143,2026-09-18 00:18:39
1250,349,1250,189,3369,8,0,8,0,0.0,2026-09-18 00:18:49
1251,349,1251,189,3370,8,2,6,0,0.25,2026-09-18 00:18:59
1252,355,1252,163,3386,14,1,13,0,0.071,2026-09-18 00:23:58
1253,355,1253,163,3387,14,0,14,0,0.0,2026-09-18 00:24:08
1254,355,1254,163,3388,18,0,18,0,0.0,2026-09-18 00:24:18
1255,355,1255,163,3389,10,1,9,0,0.1,2026-09-18 00:24:28
1256,355,1256,163,3390,8,0,8,0,0.0,2026-09-18 00:24:38
1257,355,1257,163,3391,6,1,5,0,0.167,2026-09-18 00:24:48
1258,355,1258,163,3392,12,0,12,0,0.0,2026-09-18 00:24:58
1259,355,1259,163,3393,27,2,25,1,0.074,2026-09-18 00:25:09
1260,355,1260,163,3394,12,1,11,1,0.083,2026-09-18 00:25:19
1261,360,1261,190,3538,17,10,7,6,0.588,2026-09-18 00:30:11
1262,360,1262,190,3539,6,3,3,1,0.5,2026-09-18 00:30:23
1263,360,1263,190,3540,4,2,2,0,0.5,2026-09-18 00:30:33
1264,360,1264,190,3541,11,3,8,1,0.273,2026-09-18 00:30:43
1265,360,1265,190,3542,21,8,13,1,0.381,2026-09-18 00:30:54
1266,360,1266,190,3543,17,9,8,6,0.529,2026-09-18 00:31:07
1267,362,1267,191,3551,10,0,10,0,0.0,2026-09-18 00:36:02
1268,363,1268,192,3552,3,1,2,0,0.333,2026-09-18 00:42:53
1269,347,1269,285,3309,1,0,1,0,0.0,2026-09-18 00:47:41
1270,347,1270,285,3310,4,3,1,0,0.75,2026-09-18 00:47:52
1271,364,1271,193,3553,3,0,3,0,0.0,2026-09-18 00:50:35
1272,364,1272,193,3554,7,4,3,0,0.571,2026-09-18 00:50:46
1273,347,1273,285,3311,10,2,8,0,0.2,2026-09-18 00:52:24
1274,347,1274,285,3312,13,3,10,0,0.231,2026-09-18 00:53:47
1275,347,1275,285,3313,12,2,10,0,0.167,2026-09-18 00:56:13
1276,347,1276,285,3314,15,6,9,1,0.4,2026-09-18 00:57:44
1277,347,1277,285,3315,9,3,6,0,0.333,2026-09-18 00:58:55
1278,361,1278,164,3544,30,14,16,2,0.467,2026-09-18 00:59:57
1279,361,1279,164,3546,27,11,16,4,0.407,2026-09-18 01:00:06
1280,361,1280,164,3547,8,5,3,1,0.625,2026-09-18 01:00:16
1281,361,1281,164,3548,15,5,10,3,0.333,2026-09-18 01:00:25
1282,361,1282,164,3549,30,14,16,4,0.467,2026-09-18 01:00:34
1283,347,1283,285,3316,13,0,13,0,0.0,2026-09-18 01:03:05
1284,347,1284,285,3317,4,1,3,0,0.25,2026-09-18 01:06:04
1285,365,1285,194,3555,1,0,1,1,0.0,2026-09-18 01:06:37
1286,365,1286,194,3556,37,22,15,5,0.595,2026-09-18 01:06:47
1287,347,1287,285,3318,7,2,5,0,0.286,2026-09-18 01:07:33
1288,347,1288,285,3319,7,2,5,3,0.286,2026-09-18 01:07:50
1289,347,1289,285,3320,2,0,2,0,0.0,2026-09-18 01:08:04
1290,347,1290,285,3321,3,1,2,1,0.333,2026-09-18 01:08:18
1291,347,1291,285,3322,2,0,2,0,0.0,2026-09-18 01:08:35
1292,347,1292,285,3323,7,1,6,0,0.143,2026-09-18 01:08:58
1293,347,1293,285,3324,31,0,31,2,0.0,2026-09-18 01:09:19
1294,347,1294,285,3325,3,0,3,0,0.0,2026-09-18 01:09:43
1295,347,1295,285,3326,9,1,8,0,0.111,2026-09-18 01:10:04
1296,347,1296,285,3327,5,4,1,0,0.8,2026-09-18 01:10:27
1297,347,1297,285,3329,16,0,16,1,0.0,2026-09-18 01:10:53
1298,347,1298,285,3330,4,0,4,1,0.0,2026-09-18 01:11:15
1299,347,1299,285,3331,8,0,8,2,0.0,2026-09-18 01:11:34
1300,347,1300,285,3332,13,1,12,0,0.077,2026-09-18 01:11:59
1301,347,1301,285,3333,9,0,9,0,0.0,2026-09-18 01:12:17
1302,347,1302,285,3334,8,3,5,0,0.375,2026-09-18 01:12:38
1303,347,1303,285,3335,48,7,41,0,0.146,2026-09-18 01:13:00
1304,347,1304,285,3336,4,4,0,0,1.0,2026-09-18 01:13:15
1305,347,1305,285,3337,10,8,2,2,0.8,2026-09-18 01:13:33
1306,347,1306,285,3338,16,6,10,0,0.375,2026-09-18 01:13:46
1307,347,1307,285,3340,1,0,1,0,0.0,2026-09-18 01:13:59
1308,347,1308,285,3341,15,13,2,0,0.867,2026-09-18 01:14:12
1309,347,1309,285,3342,3,2,1,0,0.667,2026-09-18 01:14:23
1310,347,1310,285,3343,4,3,1,0,0.75,2026-09-18 01:14:35
1311,347,1311,285,3344,4,3,1,0,0.75,2026-09-18 01:14:47
1312,347,1312,285,3345,2,2,0,0,1.0,2026-09-18 01:14:58
1313,347,1313,285,3346,3,1,2,0,0.333,2026-09-18 01:15:09
1314,347,1314,285,3348,11,11,0,0,1.0,2026-09-18 01:15:21
1315,347,1315,285,3349,6,1,5,0,0.167,2026-09-18 01:15:33
1316,370,1316,273,3557,1,0,1,1,0.0,2026-09-18 01:24:12
1317,370,1317,273,3558,1,0,1,0,0.0,2026-09-18 01:24:21
1318,370,1318,273,3559,1,0,1,0,0.0,2026-09-18 01:24:28
1319,371,1319,286,3562,14,3,11,0,0.214,2026-09-18 01:24:32
1320,370,1320,273,3560,1,0,1,1,0.0,2026-09-18 01:24:37
1321,370,1321,273,3561,1,0,1,0,0.0,2026-09-18 01:24:44
1322,359,1322,227,3489,0,0,0,0,1.0,2026-09-18 01:36:58
1323,359,1323,227,3490,48,21,27,0,0.438,2026-09-18 01:37:17
1324,359,1324,227,3491,19,18,1,0,0.947,2026-09-18 01:37:28
1325,359,1325,227,3492,13,7,6,0,0.538,2026-09-18 01:37:38
1326,359,1326,227,3493,9,2,7,0,0.222,2026-09-18 01:37:48
1327,359,1327,227,3494,9,2,7,0,0.222,2026-09-18 01:38:07
1328,359,1328,227,3495,10,7,3,0,0.7,2026-09-18 01:38:16
1329,359,1329,227,3496,19,15,4,0,0.789,2026-09-18 01:38:27
1330,359,1330,227,3497,9,5,4,0,0.556,2026-09-18 01:38:36
1331,359,1331,227,3498,1,1,0,0,1.0,2026-09-18 01:38:45
1332,359,1332,227,3499,50,49,1,0,0.98,2026-09-18 01:38:54
1333,359,1333,227,3500,46,10,36,0,0.217,2026-09-18 01:39:01
1334,359,1334,227,3501,23,3,20,0,0.13,2026-09-18 01:39:09
1335,359,1335,227,3502,44,9,35,0,0.205,2026-09-18 01:39:25
1336,359,1336,227,3503,16,8,8,0,0.5,2026-09-18 01:39:36
1337,359,1337,227,3504,33,2,31,0,0.061,2026-09-18 01:39:46
1338,359,1338,227,3505,20,5,15,0,0.25,2026-09-18 01:39:54
1339,359,1339,227,3506,28,4,24,0,0.143,2026-09-18 01:40:05
1340,359,1340,227,3507,29,7,22,0,0.241,2026-09-18 01:40:16
1341,359,1341,227,3508,22,5,17,0,0.227,2026-09-18 01:40:26
1342,359,1342,227,3509,7,3,4,0,0.429,2026-09-18 01:40:35
1343,359,1343,227,3510,13,6,7,1,0.462,2026-09-18 01:41:04
1344,359,1344,227,3512,13,8,5,0,0.615,2026-09-18 01:41:15
1345,359,1345,227,3513,44,27,17,0,0.614,2026-09-18 01:41:56
1346,359,1346,227,3514,28,1,27,0,0.036,2026-09-18 01:42:07
1347,359,1347,227,3516,37,12,25,0,0.324,2026-09-18 01:42:16
1348,359,1348,227,3517,10,4,6,0,0.4,2026-09-18 01:42:26
1349,359,1349,227,3518,4,3,1,0,0.75,2026-09-18 01:42:35
1350,359,1350,227,3519,24,20,4,0,0.833,2026-09-18 01:42:45
1351,359,1351,227,3520,25,23,2,0,0.92,2026-09-18 01:42:55
1352,359,1352,227,3521,10,4,6,0,0.4,2026-09-18 01:43:03
1353,359,1353,227,3522,23,13,10,0,0.565,2026-09-18 01:43:13
1354,359,1354,227,3523,33,9,24,0,0.273,2026-09-18 01:43:24
1355,359,1355,227,3524,15,2,13,0,0.133,2026-09-18 01:43:33
1356,359,1356,227,3526,8,5,3,0,0.625,2026-09-18 01:43:43
1357,359,1357,227,3527,7,4,3,0,0.571,2026-09-18 01:43:54
1358,359,1358,227,3528,16,15,1,0,0.938,2026-09-18 01:44:04
1359,359,1359,227,3529,24,23,1,0,0.958,2026-09-18 01:44:13
1360,359,1360,227,3530,24,22,2,0,0.917,2026-09-18 01:44:24
1361,359,1361,227,3531,9,9,0,0,1.0,2026-09-18 01:44:32
1362,359,1362,227,3532,11,10,1,0,0.909,2026-09-18 01:44:41
1363,359,1363,227,3533,11,11,0,0,1.0,2026-09-18 01:44:51
1364,359,1364,227,3534,7,7,0,0,1.0,2026-09-18 01:45:02
1365,359,1365,227,3535,15,5,10,0,0.333,2026-09-18 01:45:12
1366,373,1366,274,3578,8,3,5,0,0.375,2026-09-18 01:45:15
1367,359,1367,227,3536,16,5,11,0,0.312,2026-09-18 01:45:23
1368,372,1368,287,3563,11,0,11,0,0.0,2026-09-18 01:45:24
1369,373,1369,274,3579,5,3,2,0,0.6,2026-09-18 01:45:25
1370,359,1370,227,3537,16,5,11,0,0.312,2026-09-18 01:45:33
1371,372,1371,287,3564,26,18,8,0,0.692,2026-09-18 01:45:33
1372,373,1372,274,3580,34,8,26,1,0.235,2026-09-18 01:45:35
1373,372,1373,287,3566,11,4,7,0,0.364,2026-09-18 01:45:42
1374,373,1374,274,3581,24,11,13,0,0.458,2026-09-18 01:45:46
1375,372,1375,287,3567,6,6,0,0,1.0,2026-09-18 01:45:47
1376,372,1376,287,3568,12,5,7,0,0.417,2026-09-18 01:45:53
1377,372,1377,287,3569,18,9,9,0,0.5,2026-09-18 01:46:00
1378,372,1378,287,3570,21,20,1,0,0.952,2026-09-18 01:46:05
1379,372,1379,287,3571,12,9,3,0,0.75,2026-09-18 01:46:10
1380,372,1380,287,3572,12,4,8,0,0.333,2026-09-18 01:46:15
1381,372,1381,287,3573,9,8,1,0,0.889,2026-09-18 01:46:21
1382,372,1382,287,3574,19,18,1,0,0.947,2026-09-18 01:46:26
1383,372,1383,287,3575,9,8,1,0,0.889,2026-09-18 01:46:31
1384,372,1384,287,3576,30,14,16,0,0.467,2026-09-18 01:46:37
1385,372,1385,287,3577,24,2,22,0,0.083,2026-09-18 01:46:42
1386,374,1386,275,3582,14,2,12,0,0.143,2026-09-18 01:57:11
1387,375,1387,276,3583,19,3,16,0,0.158,2026-09-18 02:07:19
1388,375,1388,276,3584,82,6,76,0,0.073,2026-09-18 02:12:44
1389,375,1389,276,3585,18,5,13,0,0.278,2026-09-18 02:12:49
1390,375,1390,276,3586,40,8,32,3,0.2,2026-09-18 02:12:54
1391,376,1391,277,3587,22,1,21,7,0.045,2026-09-18 02:25:31
1392,358,1392,290,3398,3,1,2,0,0.333,2026-09-18 02:44:32
1393,358,1393,290,3400,6,0,6,0,0.0,2026-09-18 02:44:35
1394,358,1394,290,3401,17,2,15,0,0.118,2026-09-18 02:44:38
1395,358,1395,290,3402,18,1,17,0,0.056,2026-09-18 02:44:42
1396,358,1396,290,3403,12,3,9,0,0.25,2026-09-18 02:44:51
1397,358,1397,290,3404,29,23,6,0,0.793,2026-09-18 02:44:54
1398,358,1398,290,3405,16,4,12,1,0.25,2026-09-18 02:44:57
1399,358,1399,290,3406,25,2,23,0,0.08,2026-09-18 02:45:01
1400,358,1400,290,3407,0,0,0,0,1.0,2026-09-18 02:45:04
1401,358,1401,290,3408,0,0,0,0,1.0,2026-09-18 02:45:07
1402,358,1402,290,3409,7,5,2,0,0.714,2026-09-18 02:45:10
1403,358,1403,290,3410,6,1,5,0,0.167,2026-09-18 02:45:17
1404,358,1404,290,3412,17,2,15,0,0.118,2026-09-18 02:45:21
1405,358,1405,290,3413,23,2,21,0,0.087,2026-09-18 02:45:31
1406,358,1406,290,3414,20,4,16,0,0.2,2026-09-18 02:45:40
1407,358,1407,290,3415,22,3,19,0,0.136,2026-09-18 02:45:43
1408,358,1408,290,3416,14,1,13,0,0.071,2026-09-18 02:45:51
1409,358,1409,290,3417,26,1,25,0,0.038,2026-09-18 02:45:54
1410,358,1410,290,3418,16,1,15,0,0.062,2026-09-18 02:45:57
1411,358,1411,290,3419,10,3,7,0,0.3,2026-09-18 02:46:08
1412,358,1412,290,3420,23,3,20,0,0.13,2026-09-18 02:46:22
1413,358,1413,290,3421,13,13,0,0,1.0,2026-09-18 02:46:25
1414,358,1414,290,3422,14,5,9,0,0.357,2026-09-18 02:46:28
1415,358,1415,290,3424,10,0,10,0,0.0,2026-09-18 02:46:31
1416,358,1416,290,3425,5,0,5,0,0.0,2026-09-18 02:46:34
1417,358,1417,290,3426,15,4,11,0,0.267,2026-09-18 02:46:37
1418,358,1418,290,3427,24,16,8,0,0.667,2026-09-18 02:46:40
1419,358,1419,290,3428,18,3,15,0,0.167,2026-09-18 02:46:44
1420,358,1420,290,3429,16,1,15,0,0.062,2026-09-18 02:46:47
1421,358,1421,290,3430,10,1,9,0,0.1,2026-09-18 02:46:50
1422,358,1422,290,3431,12,2,10,0,0.167,2026-09-18 02:46:53
1423,358,1423,290,3433,24,1,23,0,0.042,2026-09-18 02:46:56
1424,358,1424,290,3434,19,2,17,0,0.105,2026-09-18 02:47:14
1425,358,1425,290,3435,10,0,10,0,0.0,2026-09-18 02:47:16
1426,358,1426,290,3436,15,0,15,0,0.0,2026-09-18 02:47:20
1427,358,1427,290,3437,16,1,15,0,0.062,2026-09-18 02:47:23
1428,358,1428,290,3438,13,1,12,0,0.077,2026-09-18 02:47:26
1429,358,1429,290,3439,23,3,20,0,0.13,2026-09-18 02:47:31
1430,358,1430,290,3440,12,1,11,0,0.083,2026-09-18 02:47:34
1431,358,1431,290,3441,14,6,8,0,0.429,2026-09-18 02:47:37
1432,358,1432,290,3442,22,3,19,0,0.136,2026-09-18 02:47:40
1433,358,1433,290,3443,17,1,16,0,0.059,2026-09-18 02:47:43
1434,358,1434,290,3444,12,3,9,0,0.25,2026-09-18 02:47:47
1435,358,1435,290,3445,21,1,20,0,0.048,2026-09-18 02:47:49
1436,358,1436,290,3446,18,5,13,0,0.278,2026-09-18 02:47:58
1437,358,1437,290,3447,13,4,9,0,0.308,2026-09-18 02:48:02
1438,358,1438,290,3448,22,6,16,0,0.273,2026-09-18 02:48:05
1439,358,1439,290,3449,13,3,10,0,0.231,2026-09-18 02:48:08
1440,358,1440,290,3450,14,1,13,0,0.071,2026-09-18 02:48:11
1441,358,1441,290,3451,22,4,18,0,0.182,2026-09-18 02:48:16
1442,358,1442,290,3452,14,1,13,0,0.071,2026-09-18 02:48:18
1443,358,1443,290,3453,29,4,25,0,0.138,2026-09-18 02:48:27
1444,358,1444,290,3454,25,1,24,0,0.04,2026-09-18 02:48:31
1445,358,1445,290,3455,45,22,23,0,0.489,2026-09-18 02:48:34
1446,358,1446,290,3456,12,1,11,0,0.083,2026-09-18 02:48:37
1447,358,1447,290,3457,5,1,4,0,0.2,2026-09-18 02:48:40
1448,358,1448,290,3458,2,1,1,0,0.5,2026-09-18 02:48:44
1449,358,1449,290,3459,4,1,3,0,0.25,2026-09-18 02:48:47
1450,358,1450,290,3460,3,1,2,0,0.333,2026-09-18 02:48:49
1451,358,1451,290,3461,3,1,2,0,0.333,2026-09-18 02:48:53
1452,358,1452,290,3462,4,1,3,0,0.25,2026-09-18 02:48:55
1453,358,1453,290,3463,3,0,3,0,0.0,2026-09-18 02:49:04
1454,358,1454,290,3464,18,3,15,0,0.167,2026-09-18 02:49:27
1455,358,1455,290,3465,22,4,18,0,0.182,2026-09-18 02:49:32
1456,358,1456,290,3466,15,1,14,0,0.067,2026-09-18 02:49:55
1457,358,1457,290,3467,17,2,15,0,0.118,2026-09-18 02:50:16
1458,358,1458,290,3468,15,1,14,0,0.067,2026-09-18 02:50:34
1459,358,1459,290,3469,21,4,17,0,0.19,2026-09-18 02:50:37
1460,358,1460,290,3470,19,1,18,0,0.053,2026-09-18 02:50:54
1461,358,1461,290,3471,13,0,13,0,0.0,2026-09-18 02:51:04
1462,358,1462,290,3472,12,1,11,0,0.083,2026-09-18 02:51:07
1463,358,1463,290,3473,38,11,27,0,0.289,2026-09-18 02:51:12
1464,358,1464,290,3474,0,0,0,0,1.0,2026-09-18 02:51:15
1465,358,1465,290,3475,13,6,7,0,0.462,2026-09-18 02:51:17
1466,358,1466,290,3476,11,8,3,1,0.727,2026-09-18 02:51:20
1467,358,1467,290,3477,12,8,4,0,0.667,2026-09-18 02:51:24
1468,358,1468,290,3478,17,7,10,0,0.412,2026-09-18 02:51:47
1469,358,1469,290,3479,9,2,7,0,0.222,2026-09-18 02:51:50
1470,358,1470,290,3480,22,3,19,0,0.136,2026-09-18 02:52:12
1471,358,1471,290,3481,9,2,7,0,0.222,2026-09-18 02:52:15
1472,358,1472,290,3482,15,11,4,0,0.733,2026-09-18 02:52:18
1473,358,1473,290,3483,31,1,30,0,0.032,2026-09-18 02:52:29
1474,358,1474,290,3484,20,3,17,0,0.15,2026-09-18 02:52:32
1475,358,1475,290,3485,20,4,16,0,0.2,2026-09-18 02:52:40
1476,358,1476,290,3486,25,8,17,1,0.32,2026-09-18 02:52:44
1477,358,1477,290,3487,17,1,16,0,0.059,2026-09-18 02:52:50
1478,358,1478,290,3488,20,3,17,0,0.15,2026-09-18 02:53:01
1479,317,1479,235,2801,23,8,15,0,0.348,2026-09-18 08:00:59
1480,317,1480,235,2802,26,8,18,0,0.308,2026-09-18 08:03:26
1481,317,1481,235,2803,27,6,21,0,0.222,2026-09-18 08:06:52
1482,317,1482,235,2804,29,8,21,0,0.276,2026-09-18 08:09:23
1483,317,1483,235,2805,46,8,38,0,0.174,2026-09-18 08:09:27
1484,317,1484,235,2806,29,10,19,0,0.345,2026-09-18 08:16:06
1485,317,1485,235,2808,26,7,19,0,0.269,2026-09-18 08:16:09
1486,317,1486,235,2809,23,8,15,0,0.348,2026-09-18 08:17:41
1487,317,1487,235,2812,30,9,21,0,0.3,2026-09-18 08:17:53
1488,317,1488,235,2814,22,12,10,0,0.545,2026-09-18 08:18:07
1489,317,1489,235,2815,30,12,18,0,0.4,2026-09-18 08:25:29
1490,317,1490,235,2816,38,15,23,0,0.395,2026-09-18 08:44:16
1491,317,1491,235,2817,24,7,17,0,0.292,2026-09-18 08:44:29
1492,317,1492,235,2818,28,9,19,0,0.321,2026-09-18 09:03:33
1493,378,1493,124,3588,22,4,18,0,0.182,2026-09-18 09:22:51
1494,317,1494,235,2819,35,8,27,0,0.229,2026-09-18 09:27:30
1495,317,1495,235,2821,46,10,36,0,0.217,2026-09-18 09:27:51
1496,385,1496,153,2502,41,20,21,3,0.488,2026-09-18 09:30:07
1497,388,1497,63,392,23,3,20,0,0.13,2026-09-18 09:52:42
1498,317,1498,235,2822,28,8,20,0,0.286,2026-09-18 09:56:06
1499,317,1499,235,2823,26,12,14,0,0.462,2026-09-18 09:56:52
1500,317,1500,235,2824,27,10,17,0,0.37,2026-09-18 09:58:43
1501,317,1501,235,2825,29,10,19,0,0.345,2026-09-18 10:00:28
1502,317,1502,235,2826,42,13,29,0,0.31,2026-09-18 10:02:10
1503,387,1503,155,4447,8,2,6,0,0.25,2026-09-18 10:04:51
1504,390,1504,260,4448,36,13,23,1,0.361,2026-09-18 10:10:44
1505,390,1505,260,4449,9,1,8,0,0.111,2026-09-18 10:11:05
1506,390,1506,260,4450,2,0,2,0,0.0,2026-09-18 10:11:17
1507,382,1507,166,3591,9,6,3,0,0.667,2026-09-18 10:27:43
1508,382,1508,166,3592,18,1,17,0,0.056,2026-09-18 10:28:21
1509,382,1509,166,3593,9,6,3,0,0.667,2026-09-18 10:28:56
1510,382,1510,166,3594,7,4,3,0,0.571,2026-09-18 10:30:00
1511,382,1511,166,3595,1,1,0,0,1.0,2026-09-18 10:30:07
1512,382,1512,166,3596,8,2,6,0,0.25,2026-09-18 10:30:14
1513,382,1513,166,3597,12,7,5,0,0.583,2026-09-18 10:30:19
1514,382,1514,166,3598,13,5,8,0,0.385,2026-09-18 10:30:26
1515,382,1515,166,3599,10,3,7,1,0.3,2026-09-18 10:30:32
1516,382,1516,166,3600,12,6,6,0,0.5,2026-09-18 10:30:47
1517,382,1517,166,3601,8,4,4,0,0.5,2026-09-18 10:30:57
1518,382,1518,166,3602,9,4,5,0,0.444,2026-09-18 10:31:08
1519,382,1519,166,3603,9,3,6,0,0.333,2026-09-18 10:31:17
1520,382,1520,166,3604,8,3,5,0,0.375,2026-09-18 10:31:25
1521,382,1521,166,3605,2,0,2,0,0.0,2026-09-18 10:31:34
1522,395,1522,280,3384,35,3,32,0,0.086,2026-09-18 11:24:41
1523,397,1523,272,4452,16,1,15,0,0.062,2026-09-18 11:28:12
1524,317,1524,235,2827,25,10,15,0,0.4,2026-09-18 11:29:43
1525,317,1525,235,2828,27,10,17,0,0.37,2026-09-18 11:34:31
1526,317,1526,235,2829,26,7,19,0,0.269,2026-09-18 11:34:51
1527,402,1527,261,4451,4,1,3,0,0.25,2026-09-18 11:55:43
1528,404,1528,156,2487,5,3,2,0,0.6,2026-09-18 13:09:07
1529,404,1529,156,2488,7,4,3,0,0.571,2026-09-18 13:09:23
1530,404,1530,156,2489,5,5,0,0,1.0,2026-09-18 13:09:33
1531,404,1531,156,2490,4,3,1,0,0.75,2026-09-18 13:09:41
1532,404,1532,156,2491,5,4,1,0,0.8,2026-09-18 13:09:51
1533,404,1533,156,2493,7,3,4,0,0.429,2026-09-18 13:10:00
1534,404,1534,156,2494,5,2,3,0,0.4,2026-09-18 13:10:10
1535,404,1535,156,2495,5,2,3,0,0.4,2026-09-18 13:10:23
1536,404,1536,156,2497,8,5,3,1,0.625,2026-09-18 13:10:32
1537,404,1537,156,2498,7,4,3,1,0.571,2026-09-18 13:10:42
1538,404,1538,156,2499,6,6,0,2,1.0,2026-09-18 13:10:52
1539,404,1539,156,2500,6,3,3,0,0.5,2026-09-18 13:10:59
1540,407,1540,157,4453,5,5,0,0,1.0,2026-09-18 13:20:32
1541,407,1541,157,4454,7,7,0,0,1.0,2026-09-18 13:20:41
1542,407,1542,157,4455,4,0,4,0,0.0,2026-09-18 13:20:51
1543,407,1543,157,4456,3,1,2,0,0.333,2026-09-18 13:21:05
1544,407,1544,157,4457,4,1,3,0,0.25,2026-09-18 13:21:13
1545,407,1545,157,4458,5,0,5,0,0.0,2026-09-18 13:21:21
1546,407,1546,157,4459,4,2,2,0,0.5,2026-09-18 13:21:30
1547,407,1547,157,4460,3,1,2,0,0.333,2026-09-18 13:21:36
1548,408,1548,158,4461,5,1,4,0,0.2,2026-09-18 13:37:14
1549,408,1549,158,4462,19,3,16,2,0.158,2026-09-18 13:37:37
1550,408,1550,158,4463,13,8,5,1,0.615,2026-09-18 13:37:51
1551,408,1551,158,4464,14,6,8,1,0.429,2026-09-18 13:37:59
1552,408,1552,158,4465,17,9,8,2,0.529,2026-09-18 13:38:10
1553,408,1553,158,4466,16,3,13,2,0.188,2026-09-18 13:38:26
1554,409,1554,159,4467,5,3,2,0,0.6,2026-09-18 13:58:28
1555,409,1555,159,4468,3,1,2,0,0.333,2026-09-18 13:58:36
1556,0,1556,195,3138,94,18,76,0,0.191,2026-09-18 18:40:42
1557,0,1557,249,3175,22,0,22,1,0.0,2026-09-18 18:44:39
1558,0,1558,117,2004,11,6,5,0,0.545,2026-09-18 19:10:49
1559,0,1559,117,2005,103,34,69,0,0.33,2026-09-18 19:11:24
1560,0,1560,117,2006,94,55,39,0,0.585,2026-09-18 19:12:09
1561,422,1561,264,4504,8,1,7,0,0.125,2026-09-18 20:19:24
1562,422,1562,264,4505,6,0,6,0,0.0,2026-09-18 20:19:47
1563,422,1563,264,4506,6,0,6,0,0.0,2026-09-18 20:20:03
1564,422,1564,264,4507,3,2,1,0,0.667,2026-09-18 20:20:23
1565,422,1565,264,4508,5,0,5,0,0.0,2026-09-18 20:20:40
1566,422,1566,264,4509,6,5,1,0,0.833,2026-09-18 20:20:56
1567,0,1567,147,2469,28,7,21,0,0.25,2026-09-18 20:21:57
1568,0,1568,147,2470,12,2,10,0,0.167,2026-09-18 20:22:27
1569,0,1569,147,2471,7,0,7,0,0.0,2026-09-18 20:22:55
1570,0,1570,147,2472,20,1,19,0,0.05,2026-09-18 20:23:18
1571,0,1571,147,2473,3,3,0,1,1.0,2026-09-18 20:23:34
1572,0,1572,147,2476,13,2,11,2,0.154,2026-09-18 20:23:58
1573,0,1573,147,2477,10,0,10,0,0.0,2026-09-18 20:24:21
1574,0,1574,147,2478,9,3,6,0,0.333,2026-09-18 20:24:41
1575,0,1575,147,2479,19,7,12,0,0.368,2026-09-18 20:24:58
1576,426,1576,265,4510,4,3,1,0,0.75,2026-09-18 20:53:37
1577,426,1577,265,4511,13,5,8,0,0.385,2026-09-18 20:53:47
1578,426,1578,265,4512,19,7,12,1,0.368,2026-09-18 20:53:56
1579,426,1579,265,4513,21,7,14,1,0.333,2026-09-18 20:54:12
1580,426,1580,265,4514,7,5,2,0,0.714,2026-09-18 20:54:27
1581,426,1581,265,4515,8,3,5,0,0.375,2026-09-18 20:54:39
1582,426,1582,265,4516,8,4,4,0,0.5,2026-09-18 20:54:52
1583,426,1583,265,4517,13,3,10,0,0.231,2026-09-18 20:55:08
1584,426,1584,265,4518,8,5,3,0,0.625,2026-09-18 20:55:26
1585,426,1585,265,4519,16,10,6,0,0.625,2026-09-18 20:55:38
1586,426,1586,265,4520,20,14,6,0,0.7,2026-09-18 20:55:49
1587,426,1587,265,4521,13,4,9,0,0.308,2026-09-18 20:56:05
1588,426,1588,265,4522,13,7,6,0,0.538,2026-09-18 20:56:18
1589,426,1589,265,4523,15,8,7,0,0.533,2026-09-18 20:56:29
1590,426,1590,265,4524,15,8,7,0,0.533,2026-09-18 20:56:47
1591,426,1591,265,4525,5,3,2,0,0.6,2026-09-18 20:57:08
1592,426,1592,265,4526,9,7,2,0,0.778,2026-09-18 20:57:35
1593,426,1593,265,4527,6,4,2,0,0.667,2026-09-18 20:57:52
1594,426,1594,265,4528,15,11,4,0,0.733,2026-09-18 20:58:05
1595,426,1595,265,4529,4,1,3,0,0.25,2026-09-18 20:58:16
1596,426,1596,265,4530,5,2,3,0,0.4,2026-09-18 20:58:30
1597,427,1597,266,4533,4,1,3,0,0.25,2026-09-18 21:29:58
1598,427,1598,266,4534,10,7,3,0,0.7,2026-09-18 21:30:14
1599,427,1599,266,4535,10,1,9,0,0.1,2026-09-18 21:30:29
1600,427,1600,266,4536,7,3,4,0,0.429,2026-09-18 21:30:41
1601,427,1601,266,4538,6,4,2,0,0.667,2026-09-18 21:30:55
1602,427,1602,266,4539,7,5,2,0,0.714,2026-09-18 21:31:12
1603,427,1603,266,4540,6,3,3,0,0.5,2026-09-18 21:31:25
1604,427,1604,266,4541,8,5,3,0,0.625,2026-09-18 21:31:40
1605,427,1605,266,4542,9,2,7,0,0.222,2026-09-18 21:31:55
1606,428,1606,267,4543,15,3,12,0,0.2,2026-09-18 22:00:05
1607,428,1607,267,4544,22,6,16,0,0.273,2026-09-18 22:00:21
1608,428,1608,267,4545,14,5,9,0,0.357,2026-09-18 22:00:37
1609,428,1609,267,4546,11,2,9,0,0.182,2026-09-18 22:00:53
1610,428,1610,267,4547,14,4,10,0,0.286,2026-09-18 22:01:06
1611,428,1611,267,4548,39,6,33,0,0.154,2026-09-18 22:01:18
1612,428,1612,267,4549,15,5,10,0,0.333,2026-09-18 22:01:30
1613,428,1613,267,4550,13,5,8,0,0.385,2026-09-18 22:01:42
1614,428,1614,267,4551,32,3,29,0,0.094,2026-09-18 22:01:54
1615,428,1615,267,4552,38,9,29,0,0.237,2026-09-18 22:02:12
1616,428,1616,267,4553,15,4,11,0,0.267,2026-09-18 22:02:25
1617,428,1617,267,4554,35,20,15,0,0.571,2026-09-18 22:02:36
1000001,1000003,1000001,173,2798,6,1,5,0,0.167,2026-09-19 19:56:12
1000002,1000001,1000002,211,1000001,14,0,14,0,0.0,2026-09-19 19:58:50
1000003,1000001,1000003,211,1000002,7,0,7,0,0.0,2026-09-19 19:58:52
1000004,1000001,1000004,211,1000003,9,0,9,0,0.0,2026-09-19 19:58:55
1000005,1000001,1000005,211,1000004,6,0,6,0,0.0,2026-09-19 19:58:58
1000006,1000001,1000006,211,1000005,11,0,11,0,0.0,2026-09-19 19:59:01
1000007,1000001,1000007,211,1000006,8,0,8,0,0.0,2026-09-19 19:59:04
1000008,1000001,1000008,211,1000007,8,0,8,0,0.0,2026-09-19 19:59:07
1000009,1000001,1000009,211,1000008,22,3,19,0,0.136,2026-09-19 19:59:11
1000010,1000001,1000010,211,1000009,19,1,18,0,0.053,2026-09-19 19:59:14
1000011,1000001,1000011,211,1000010,16,1,15,0,0.062,2026-09-19 19:59:17
1000012,1000002,1000012,115,1000011,48,6,42,2,0.125,2026-09-19 20:01:01
1000013,1000002,1000013,115,1000012,57,6,51,2,0.105,2026-09-19 20:01:14
1000014,1000002,1000014,115,1000013,18,4,14,2,0.222,2026-09-19 20:01:18
1000015,1000002,1000015,115,1000015,8,4,4,0,0.5,2026-09-19 20:01:22
1000016,1000004,1000016,239,1000016,9,7,2,0,0.778,2026-09-19 20:07:59
1000017,1000004,1000017,239,1000017,10,4,6,0,0.4,2026-09-19 20:08:04
1000018,1000004,1000018,239,1000018,11,4,7,0,0.364,2026-09-19 20:08:10
1000019,1000004,1000019,239,1000019,8,5,3,0,0.625,2026-09-19 20:08:19
1000020,1000004,1000020,239,1000020,7,5,2,0,0.714,2026-09-19 20:08:27
1000021,1000004,1000021,239,1000021,7,5,2,0,0.714,2026-09-19 20:08:35
1000022,1000004,1000022,239,1000022,13,4,9,0,0.308,2026-09-19 20:08:40
1000023,1000004,1000023,239,1000023,8,5,3,0,0.625,2026-09-19 20:08:51
1000024,1000004,1000024,239,1000024,13,4,9,0,0.308,2026-09-19 20:08:56
1000025,1000004,1000025,239,1000025,13,4,9,0,0.308,2026-09-19 20:09:01
1000026,1000004,1000026,239,1000026,7,5,2,0,0.714,2026-09-19 20:09:08
1000027,1000004,1000027,239,1000027,9,7,2,0,0.778,2026-09-19 20:09:21
1000028,1000004,1000028,239,1000028,15,4,11,0,0.267,2026-09-19 20:09:26
1000029,1000004,1000029,239,1000029,14,4,10,0,0.286,2026-09-19 20:09:31
1000030,1000004,1000030,239,1000030,14,4,10,0,0.286,2026-09-19 20:09:38
1000031,1000004,1000031,239,1000031,15,4,11,0,0.267,2026-09-19 20:09:44
1000032,1000004,1000032,239,1000032,16,5,11,0,0.312,2026-09-19 20:09:50
1000033,1000004,1000033,239,1000033,11,5,6,0,0.455,2026-09-19 20:09:55
1000034,1000004,1000034,239,1000034,7,6,1,0,0.857,2026-09-19 20:10:02
1000035,1000004,1000035,239,1000035,7,6,1,0,0.857,2026-09-19 20:10:08
1000036,1000004,1000036,239,1000036,11,10,1,0,0.909,2026-09-19 20:10:14
1000037,1000004,1000037,239,1000037,12,4,8,0,0.333,2026-09-19 20:10:20
1000038,1000004,1000038,239,1000038,13,4,9,0,0.308,2026-09-19 20:10:26
1000039,1000005,1000039,144,1000039,16,8,8,0,0.5,2026-09-19 20:12:05
1000040,1000009,1000040,180,3023,9,1,8,0,0.111,2026-09-19 20:51:53
1000041,1000009,1000041,180,3024,4,1,3,0,0.25,2026-09-19 20:51:58
1000042,1000009,1000042,180,3025,3,1,2,0,0.333,2026-09-19 20:52:04
1000043,1000009,1000043,180,3026,5,0,5,0,0.0,2026-09-19 20:52:09
1000044,1000009,1000044,180,3027,5,0,5,0,0.0,2026-09-19 20:52:15
1000045,1000009,1000045,180,3028,1,0,1,0,0.0,2026-09-19 20:52:20
1000046,1000009,1000046,180,3029,10,2,8,0,0.2,2026-09-19 20:52:26
1000047,1000009,1000047,180,3030,6,0,6,0,0.0,2026-09-19 20:52:31
1000048,1000009,1000048,180,3031,7,0,7,0,0.0,2026-09-19 20:52:36
1000049,1000009,1000049,180,3032,5,0,5,0,0.0,2026-09-19 20:52:42
1000050,1000009,1000050,180,3033,36,15,21,6,0.417,2026-09-19 20:52:47
1000051,1000008,1000051,154,1000061,9,1,8,1,0.111,2026-09-19 20:53:14
1000052,1000008,1000052,154,1000062,9,1,8,2,0.111,2026-09-19 20:53:18
1000053,1000008,1000053,154,1000063,7,2,5,1,0.286,2026-09-19 20:53:32
1000054,1000008,1000054,154,1000064,2,0,2,2,0.0,2026-09-19 20:53:37
1000055,1000008,1000055,154,1000065,18,0,18,3,0.0,2026-09-19 20:53:41
1000056,1000008,1000056,154,1000067,12,5,7,1,0.417,2026-09-19 20:53:45
1000057,1000008,1000057,154,1000068,5,0,5,0,0.0,2026-09-19 20:53:50
1000058,1000010,1000058,139,1000069,115,8,107,11,0.07,2026-09-19 20:59:48
1000059,1000011,1000059,114,1000070,11,2,9,1,0.182,2026-09-19 21:02:06
1000060,1000011,1000060,114,1000071,14,6,8,1,0.429,2026-09-19 21:02:13
1000061,1000011,1000061,114,1000072,17,3,14,1,0.176,2026-09-19 21:02:20
1000062,1000011,1000062,114,1000073,23,9,14,2,0.391,2026-09-19 21:02:28
1000063,1000011,1000063,114,1000074,23,6,17,1,0.261,2026-09-19 21:02:36
1000064,1000011,1000064,114,1000075,7,6,1,1,0.857,2026-09-19 21:02:42
1000065,1000013,1000065,243,1000125,1,0,1,0,0.0,2026-09-19 21:10:19
1000066,1000013,1000066,243,1000126,6,5,1,0,0.833,2026-09-19 21:10:49
1000067,1000013,1000067,243,1000127,12,7,5,0,0.583,2026-09-19 21:10:58
1000068,1000013,1000068,243,1000128,19,1,18,0,0.053,2026-09-19 21:11:04
1000069,1000007,1000069,142,1000040,26,12,14,2,0.462,2026-09-19 21:15:31
1000070,1000007,1000070,142,1000041,7,1,6,0,0.143,2026-09-19 21:15:34
1000071,1000007,1000071,142,1000042,11,1,10,0,0.091,2026-09-19 21:15:37
1000072,1000007,1000072,142,1000043,9,2,7,0,0.222,2026-09-19 21:15:40
1000073,1000007,1000073,142,1000044,7,2,5,0,0.286,2026-09-19 21:15:43
1000074,1000007,1000074,142,1000045,7,2,5,0,0.286,2026-09-19 21:15:47
1000075,1000007,1000075,142,1000046,19,0,19,0,0.0,2026-09-19 21:15:50
1000076,1000007,1000076,142,1000048,50,4,46,0,0.08,2026-09-19 21:15:53
1000077,1000007,1000077,142,1000049,35,9,26,1,0.257,2026-09-19 21:15:56
1000078,1000007,1000078,142,1000050,31,9,22,1,0.29,2026-09-19 21:16:13
1000079,1000007,1000079,142,1000051,2,1,1,1,0.5,2026-09-19 21:16:17
1000080,1000007,1000080,142,1000052,42,7,35,1,0.167,2026-09-19 21:16:21
1000081,1000007,1000081,142,1000053,9,3,6,0,0.333,2026-09-19 21:16:25
1000082,1000007,1000082,142,1000054,3,2,1,0,0.667,2026-09-19 21:16:28
1000083,1000007,1000083,142,1000055,7,2,5,0,0.286,2026-09-19 21:16:32
1000084,1000007,1000084,142,1000056,26,8,18,3,0.308,2026-09-19 21:16:39
1000085,1000007,1000085,142,1000058,15,1,14,0,0.067,2026-09-19 21:16:43
1000086,1000007,1000086,142,1000059,22,9,13,0,0.409,2026-09-19 21:16:48
1000087,1000015,1000087,237,1000158,0,0,0,0,1.0,2026-09-19 21:21:25
1000088,1000012,1000088,137,1000076,39,2,37,0,0.051,2026-09-19 22:29:30
1000089,1000012,1000089,137,1000077,40,5,35,0,0.125,2026-09-19 22:29:32
1000090,1000012,1000090,137,1000078,15,2,13,0,0.133,2026-09-19 22:29:35
1000091,1000012,1000091,137,1000079,30,6,24,0,0.2,2026-09-19 22:29:44
1000092,1000012,1000092,137,1000080,58,10,48,5,0.172,2026-09-19 22:29:46
1000093,1000012,1000093,137,1000081,17,6,11,1,0.353,2026-09-19 22:29:49
1000094,1000012,1000094,137,1000082,16,3,13,0,0.188,2026-09-19 22:29:53
1000095,1000012,1000095,137,1000083,99,19,80,4,0.192,2026-09-19 22:29:58
1000096,1000012,1000096,137,1000084,19,2,17,0,0.105,2026-09-19 22:30:01
1000097,1000012,1000097,137,1000085,4,4,0,0,1.0,2026-09-19 22:30:04
1000098,1000012,1000098,137,1000086,4,3,1,0,0.75,2026-09-19 22:30:06
1000099,1000012,1000099,137,1000087,4,4,0,0,1.0,2026-09-19 22:30:08
1000100,1000012,1000100,137,1000088,14,2,12,1,0.143,2026-09-19 22:30:11
1000101,1000012,1000101,137,1000089,7,4,3,0,0.571,2026-09-19 22:30:13
1000102,1000012,1000102,137,1000090,6,5,1,0,0.833,2026-09-19 22:30:15
1000103,1000012,1000103,137,1000091,45,6,39,1,0.133,2026-09-19 22:30:42
1000104,1000012,1000104,137,1000092,9,3,6,0,0.333,2026-09-19 22:30:45
1000105,1000012,1000105,137,1000093,21,6,15,0,0.286,2026-09-19 22:30:50
1000106,1000012,1000106,137,1000094,24,3,21,0,0.125,2026-09-19 22:30:55
1000107,1000012,1000107,137,1000095,29,2,27,0,0.069,2026-09-19 22:31:02
1000108,1000012,1000108,137,1000096,9,1,8,1,0.111,2026-09-19 22:31:05
1000109,1000012,1000109,137,1000097,18,4,14,0,0.222,2026-09-19 22:31:08
1000110,1000012,1000110,137,1000098,8,1,7,0,0.125,2026-09-19 22:31:11
1000111,1000012,1000111,137,1000099,24,3,21,0,0.125,2026-09-19 22:31:15
1000112,1000012,1000112,137,1000100,44,9,35,0,0.205,2026-09-19 22:31:17
1000113,1000012,1000113,137,1000101,16,5,11,0,0.312,2026-09-19 22:31:22
1000114,1000012,1000114,137,1000102,30,16,14,0,0.533,2026-09-19 22:31:25
1000115,1000012,1000115,137,1000103,23,13,10,0,0.565,2026-09-19 22:31:28
1000116,1000012,1000116,137,1000104,11,0,11,0,0.0,2026-09-19 22:31:31
1000117,1000012,1000117,137,1000105,28,3,25,0,0.107,2026-09-19 22:31:33
1000118,1000012,1000118,137,1000106,16,6,10,0,0.375,2026-09-19 22:31:35
1000119,1000012,1000119,137,1000107,9,0,9,0,0.0,2026-09-19 22:31:38
1000120,1000012,1000120,137,1000108,8,0,8,0,0.0,2026-09-19 22:31:40
1000121,1000012,1000121,137,1000109,11,9,2,0,0.818,2026-09-19 22:31:42
1000122,1000012,1000122,137,1000110,33,4,29,0,0.121,2026-09-19 22:31:47
1000123,1000012,1000123,137,1000111,43,1,42,0,0.023,2026-09-19 22:31:52
1000124,1000012,1000124,137,1000112,20,2,18,0,0.1,2026-09-19 22:31:57
1000125,1000012,1000125,137,1000113,40,2,38,1,0.05,2026-09-19 22:32:00
1000126,1000012,1000126,137,1000114,53,7,46,0,0.132,2026-09-19 22:32:03
1000127,1000012,1000127,137,1000115,7,0,7,0,0.0,2026-09-19 22:32:06
1000128,1000012,1000128,137,1000116,12,1,11,0,0.083,2026-09-19 22:32:08
1000129,1000012,1000129,137,1000117,11,2,9,0,0.182,2026-09-19 22:32:10
1000130,1000012,1000130,137,1000118,10,2,8,0,0.2,2026-09-19 22:32:13
1000131,1000012,1000131,137,1000119,12,2,10,0,0.167,2026-09-19 22:32:15
1000132,1000012,1000132,137,1000120,20,7,13,1,0.35,2026-09-19 22:32:18
1000133,1000012,1000133,137,1000121,10,4,6,0,0.4,2026-09-19 22:32:24
1000134,1000012,1000134,137,1000123,19,8,11,0,0.421,2026-09-19 22:32:27
1000135,1000012,1000135,137,1000124,18,7,11,0,0.389,2026-09-19 22:32:30
2000001,2000003,2000001,62,3590,9,8,1,0,0.889,2026-09-19 20:01:51
2000002,2000002,2000002,133,3035,8,4,4,0,0.5,2026-09-19 20:47:33
2000003,2000002,2000003,133,3036,198,152,46,43,0.768,2026-09-19 20:47:37
2000004,2000002,2000004,133,3037,48,23,25,17,0.479,2026-09-19 20:47:40
2000005,2000005,2000005,81,612,33,2,31,0,0.061,2026-09-19 20:47:54
2000006,2000005,2000006,81,611,43,3,40,0,0.07,2026-09-19 20:47:56
2000007,2000005,2000007,81,613,33,5,28,0,0.152,2026-09-19 20:47:59
2000008,2000002,2000008,133,3038,123,62,61,21,0.504,2026-09-19 20:48:01
2000009,2000002,2000009,133,3039,37,21,16,0,0.568,2026-09-19 20:48:08
2000010,2000002,2000010,133,3040,116,38,78,17,0.328,2026-09-19 20:48:11
2000011,2000002,2000011,133,3041,10,4,6,0,0.4,2026-09-19 20:48:14
2000012,2000002,2000012,133,3042,8,4,4,1,0.5,2026-09-19 20:48:16
2000013,2000002,2000013,133,3043,139,89,50,33,0.64,2026-09-19 20:48:26
2000014,2000002,2000014,133,3044,110,56,54,22,0.509,2026-09-19 20:48:29
2000015,2000002,2000015,133,3045,13,8,5,0,0.615,2026-09-19 20:48:31
2000016,2000002,2000016,133,3046,16,6,10,1,0.375,2026-09-19 20:48:34
2000017,2000002,2000017,133,3047,9,3,6,0,0.333,2026-09-19 20:48:36
2000018,2000002,2000018,133,3048,15,7,8,1,0.467,2026-09-19 20:48:49
2000019,2000002,2000019,133,3049,14,7,7,2,0.5,2026-09-19 20:48:53
2000020,2000002,2000020,133,3050,16,8,8,0,0.5,2026-09-19 20:48:55
2000021,2000002,2000021,133,3051,15,12,3,0,0.8,2026-09-19 20:48:57
2000022,2000002,2000022,133,3052,23,16,7,1,0.696,2026-09-19 20:48:59
2000023,2000002,2000023,133,3053,15,6,9,0,0.4,2026-09-19 20:49:02
2000024,2000002,2000024,133,3054,13,8,5,1,0.615,2026-09-19 20:49:04
2000025,2000002,2000025,133,3055,10,6,4,0,0.6,2026-09-19 20:49:06
2000026,2000002,2000026,133,3056,16,9,7,1,0.562,2026-09-19 20:49:08
2000027,2000002,2000027,133,3057,6,4,2,0,0.667,2026-09-19 20:49:10
2000028,2000002,2000028,133,3058,15,9,6,2,0.6,2026-09-19 20:49:13
2000029,2000002,2000029,133,3059,15,11,4,0,0.733,2026-09-19 20:49:15
2000030,2000002,2000030,133,3060,10,5,5,0,0.5,2026-09-19 20:49:17
2000031,2000002,2000031,133,3061,26,9,17,3,0.346,2026-09-19 20:49:20
2000032,2000002,2000032,133,3062,8,4,4,1,0.5,2026-09-19 20:49:22
2000033,2000002,2000033,133,3063,134,102,32,2,0.761,2026-09-19 20:49:24
2000034,2000002,2000034,133,3064,29,23,6,2,0.793,2026-09-19 20:49:27
2000035,2000002,2000035,133,3065,11,5,6,0,0.455,2026-09-19 20:49:29
2000036,2000002,2000036,133,3066,5,3,2,0,0.6,2026-09-19 20:49:31
2000037,2000002,2000037,133,3067,7,4,3,0,0.571,2026-09-19 20:49:34
2000038,2000002,2000038,133,3068,10,7,3,0,0.7,2026-09-19 20:49:36
2000039,2000002,2000039,133,3069,8,5,3,0,0.625,2026-09-19 20:49:39
2000040,2000006,2000040,108,2000013,17,5,12,0,0.294,2026-09-19 20:49:44
2000041,2000002,2000041,133,3070,22,14,8,1,0.636,2026-09-19 20:49:46
2000042,2000006,2000042,108,2000014,11,1,10,0,0.091,2026-09-19 20:49:46
2000043,2000002,2000043,133,3071,6,3,3,0,0.5,2026-09-19 20:49:48
2000044,2000002,2000044,133,3072,6,3,3,0,0.5,2026-09-19 20:49:51
2000045,2000002,2000045,133,3073,11,7,4,0,0.636,2026-09-19 20:49:53
2000046,2000002,2000046,133,3074,6,4,2,0,0.667,2026-09-19 20:49:55
2000047,2000002,2000047,133,3075,9,5,4,0,0.556,2026-09-19 20:49:58
2000048,2000002,2000048,133,3076,14,7,7,0,0.5,2026-09-19 20:50:00
2000049,2000002,2000049,133,3077,20,8,12,0,0.4,2026-09-19 20:50:02
2000050,2000002,2000050,133,3078,8,5,3,0,0.625,2026-09-19 20:50:05
2000051,2000002,2000051,133,3079,11,8,3,0,0.727,2026-09-19 20:50:09
2000052,2000002,2000052,133,3080,7,4,3,0,0.571,2026-09-19 20:50:11
2000053,2000002,2000053,133,3081,11,8,3,0,0.727,2026-09-19 20:50:13
2000054,2000002,2000054,133,3082,6,3,3,0,0.5,2026-09-19 20:50:16
2000055,2000002,2000055,133,3083,13,9,4,0,0.692,2026-09-19 20:50:18
2000056,2000002,2000056,133,3085,15,11,4,0,0.733,2026-09-19 20:50:20
2000057,2000002,2000057,133,3084,32,19,13,0,0.594,2026-09-19 20:50:23
2000058,2000002,2000058,133,3086,6,3,3,0,0.5,2026-09-19 20:50:25
2000059,2000002,2000059,133,3087,11,8,3,1,0.727,2026-09-19 20:50:27
2000060,2000002,2000060,133,3088,13,7,6,0,0.538,2026-09-19 20:50:29
2000061,2000002,2000061,133,3089,9,6,3,1,0.667,2026-09-19 20:50:32
2000062,2000002,2000062,133,3090,19,11,8,0,0.579,2026-09-19 20:50:34
2000063,2000002,2000063,133,3091,11,7,4,1,0.636,2026-09-19 20:50:36
2000064,2000002,2000064,133,3092,21,17,4,5,0.81,2026-09-19 20:50:38
2000065,2000002,2000065,133,3093,7,4,3,0,0.571,2026-09-19 20:50:43
2000066,2000002,2000066,133,3094,10,5,5,0,0.5,2026-09-19 20:50:46
2000067,2000002,2000067,133,3095,6,3,3,0,0.5,2026-09-19 20:50:50
2000068,2000002,2000068,133,3096,11,4,7,0,0.364,2026-09-19 20:50:53
2000069,2000002,2000069,133,3097,11,4,7,0,0.364,2026-09-19 20:50:56
2000070,2000002,2000070,133,3098,8,5,3,1,0.625,2026-09-19 20:51:01
2000071,2000002,2000071,133,3099,7,5,2,0,0.714,2026-09-19 20:51:08
2000072,2000002,2000072,133,3100,8,6,2,0,0.75,2026-09-19 20:51:11
2000073,2000002,2000073,133,3101,9,7,2,0,0.778,2026-09-19 20:51:14
2000074,2000002,2000074,133,3102,10,5,5,0,0.5,2026-09-19 20:51:16
2000075,2000002,2000075,133,3103,28,18,10,2,0.643,2026-09-19 20:51:18
2000076,2000002,2000076,133,3104,24,16,8,2,0.667,2026-09-19 20:51:21
2000077,2000002,2000077,133,3105,11,4,7,0,0.364,2026-09-19 20:51:23
2000078,2000002,2000078,133,3106,11,9,2,0,0.818,2026-09-19 20:51:25
2000079,2000002,2000079,133,3107,6,4,2,0,0.667,2026-09-19 20:51:28
2000080,2000002,2000080,133,3108,7,4,3,1,0.571,2026-09-19 20:51:30
2000081,2000002,2000081,133,3109,3,2,1,0,0.667,2026-09-19 20:51:32
2000082,2000002,2000082,133,3111,17,13,4,0,0.765,2026-09-19 20:51:34
2000083,2000002,2000083,133,3110,14,10,4,0,0.714,2026-09-19 20:51:37
2000084,2000002,2000084,133,3112,19,10,9,1,0.526,2026-09-19 20:51:39
2000085,2000002,2000085,133,3113,27,19,8,0,0.704,2026-09-19 20:51:41
2000086,2000002,2000086,133,3114,12,7,5,0,0.583,2026-09-19 20:51:44
2000087,2000002,2000087,133,3115,9,4,5,0,0.444,2026-09-19 20:51:46
2000088,2000002,2000088,133,3116,9,4,5,0,0.444,2026-09-19 20:51:48
2000089,2000002,2000089,133,3117,22,20,2,0,0.909,2026-09-19 20:51:50
2000090,2000002,2000090,133,3118,3,1,2,0,0.333,2026-09-19 20:51:53
2000091,2000002,2000091,133,3120,60,1,59,1,0.017,2026-09-19 20:51:55
2000092,2000002,2000092,133,3121,47,1,46,3,0.021,2026-09-19 20:51:58
2000093,2000002,2000093,133,3119,42,4,38,2,0.095,2026-09-19 20:52:01
2000094,2000002,2000094,133,3123,44,3,41,0,0.068,2026-09-19 20:52:03
2000095,2000002,2000095,133,3122,30,1,29,0,0.033,2026-09-19 20:52:06
2000096,2000002,2000096,133,3124,13,2,11,0,0.154,2026-09-19 20:52:09
2000097,2000002,2000097,133,3125,12,1,11,1,0.083,2026-09-19 20:52:11
2000098,2000002,2000098,133,3126,15,1,14,0,0.067,2026-09-19 20:52:14
2000099,2000002,2000099,133,3127,5,2,3,2,0.4,2026-09-19 20:52:17
2000100,2000002,2000100,133,3128,35,2,33,16,0.057,2026-09-19 20:52:21
2000101,2000002,2000101,133,3129,13,1,12,5,0.077,2026-09-19 20:52:24
2000102,2000002,2000102,133,3130,19,1,18,0,0.053,2026-09-19 20:52:27
2000103,2000002,2000103,133,3131,6,1,5,0,0.167,2026-09-19 20:52:34
2000104,2000002,2000104,133,3132,36,3,33,0,0.083,2026-09-19 20:52:38
2000105,2000002,2000105,133,3133,47,4,43,2,0.085,2026-09-19 20:52:42
2000106,2000002,2000106,133,3134,7,1,6,0,0.143,2026-09-19 20:52:44
2000107,2000002,2000107,133,3135,12,2,10,0,0.167,2026-09-19 20:52:47
2000108,2000002,2000108,133,3136,9,1,8,0,0.111,2026-09-19 20:52:49
2000109,2000002,2000109,133,3137,23,3,20,0,0.13,2026-09-19 20:52:52
2000110,2000007,2000110,236,2000015,22,6,16,0,0.273,2026-09-19 20:54:42
2000111,2000007,2000111,236,2000016,44,3,41,0,0.068,2026-09-19 20:54:45
2000112,2000007,2000112,236,2000017,33,5,28,0,0.152,2026-09-19 20:54:47
2000113,2000007,2000113,236,2000018,47,6,41,0,0.128,2026-09-19 20:54:50
2000114,2000007,2000114,236,2000019,25,4,21,0,0.16,2026-09-19 20:54:53
2000115,2000007,2000115,236,2000020,8,3,5,0,0.375,2026-09-19 20:54:55
2000116,2000001,2000116,208,2000001,21,2,19,0,0.095,2026-09-19 20:55:55
2000117,2000001,2000117,208,2000002,41,3,38,2,0.073,2026-09-19 20:55:58
2000118,2000001,2000118,208,2000004,29,6,23,1,0.207,2026-09-19 20:56:00
2000119,2000001,2000119,208,2000005,37,12,25,1,0.324,2026-09-19 20:56:04
2000120,2000001,2000120,208,2000006,42,14,28,1,0.333,2026-09-19 20:56:06
2000121,2000001,2000121,208,2000007,14,6,8,0,0.429,2026-09-19 20:56:09
2000122,2000001,2000122,208,2000008,61,13,48,1,0.213,2026-09-19 20:56:11
2000123,2000001,2000123,208,2000009,0,0,0,0,1.0,2026-09-19 20:56:14
2000124,2000001,2000124,208,2000010,28,3,25,1,0.107,2026-09-19 20:56:16
2000125,2000001,2000125,208,2000011,58,5,53,0,0.086,2026-09-19 20:56:19
2000126,2000010,2000126,263,4503,17,3,14,0,0.176,2026-09-19 20:58:43
2000127,2000011,2000127,145,2000547,32,1,31,0,0.031,2026-09-19 21:03:09
2000128,2000011,2000128,145,2000548,23,1,22,0,0.043,2026-09-19 21:03:12
2000129,2000011,2000129,145,2000549,27,3,24,0,0.111,2026-09-19 21:03:15
2000130,2000011,2000130,145,2000550,7,1,6,0,0.143,2026-09-19 21:03:17
2000131,2000011,2000131,145,2000551,25,1,24,0,0.04,2026-09-19 21:03:20
2000132,2000011,2000132,145,2000552,24,1,23,0,0.042,2026-09-19 21:03:23
2000133,2000011,2000133,145,2000553,23,1,22,0,0.043,2026-09-19 21:03:25
2000134,2000013,2000134,212,2000554,36,1,35,1,0.028,2026-09-19 22:30:59
2000135,2000013,2000135,212,2000555,43,31,12,0,0.721,2026-09-19 22:31:01
2000136,2000013,2000136,212,2000556,25,17,8,0,0.68,2026-09-19 22:31:03
2000137,2000013,2000137,212,2000557,13,13,0,0,1.0,2026-09-19 22:31:05
2000138,2000013,2000138,212,2000558,26,18,8,0,0.692,2026-09-19 22:31:08
2000139,2000013,2000139,212,2000559,7,5,2,0,0.714,2026-09-19 22:31:10
2000140,2000013,2000140,212,2000560,23,12,11,0,0.522,2026-09-19 22:31:12
2000141,2000013,2000141,212,2000561,25,25,0,0,1.0,2026-09-19 22:31:14
2000142,2000013,2000142,212,2000562,29,19,10,0,0.655,2026-09-19 22:31:17
2000143,2000013,2000143,212,2000563,18,9,9,0,0.5,2026-09-19 22:31:19
2000144,2000013,2000144,212,2000564,55,10,45,0,0.182,2026-09-19 22:31:21
2000145,2000013,2000145,212,2000565,17,4,13,0,0.235,2026-09-19 22:31:23
2000146,2000013,2000146,212,2000566,14,4,10,0,0.286,2026-09-19 22:31:25
2000147,2000013,2000147,212,2000567,16,2,14,0,0.125,2026-09-19 22:31:27
2000148,2000013,2000148,212,2000568,10,5,5,0,0.5,2026-09-19 22:31:30
2000149,2000013,2000149,212,2000569,14,2,12,0,0.143,2026-09-19 22:31:32
2000150,2000013,2000150,212,2000570,18,2,16,0,0.111,2026-09-19 22:31:34
2000151,2000013,2000151,212,2000571,16,2,14,0,0.125,2026-09-19 22:31:36
2000152,2000013,2000152,212,2000572,0,0,0,0,1.0,2026-09-19 22:31:38
2000153,2000013,2000153,212,2000573,8,4,4,0,0.5,2026-09-19 22:31:41
2000154,2000013,2000154,212,2000574,38,3,35,0,0.079,2026-09-19 22:31:43
2000155,2000013,2000155,212,2000575,14,2,12,0,0.143,2026-09-19 22:31:45
2000156,2000013,2000156,212,2000576,20,2,18,0,0.1,2026-09-19 22:31:48
2000157,2000013,2000157,212,2000577,21,11,10,0,0.524,2026-09-19 22:31:50
2000158,2000013,2000158,212,2000578,18,8,10,0,0.444,2026-09-19 22:31:52
2000159,2000013,2000159,212,2000579,8,3,5,0,0.375,2026-09-19 22:31:55
2000160,2000013,2000160,212,2000580,11,5,6,0,0.455,2026-09-19 22:31:57
2000161,2000013,2000161,212,2000581,14,8,6,0,0.571,2026-09-19 22:31:59
2000162,2000013,2000162,212,2000582,12,8,4,0,0.667,2026-09-19 22:32:02
2000163,2000013,2000163,212,2000583,12,9,3,0,0.75,2026-09-19 22:32:04
2000164,2000013,2000164,212,2000584,9,5,4,0,0.556,2026-09-19 22:32:06
2000165,2000013,2000165,212,2000585,14,10,4,0,0.714,2026-09-19 22:32:09
2000166,2000013,2000166,212,2000586,14,10,4,0,0.714,2026-09-19 22:32:11
2000167,2000013,2000167,212,2000587,19,7,12,0,0.368,2026-09-19 22:32:13
2000168,2000013,2000168,212,2000588,24,12,12,0,0.5,2026-09-19 22:32:16
2000169,2000013,2000169,212,2000589,8,5,3,0,0.625,2026-09-19 22:32:18
2000170,2000013,2000170,212,2000590,49,6,43,1,0.122,2026-09-19 22:32:21
2000171,2000013,2000171,212,2000591,47,6,41,1,0.128,2026-09-19 22:32:24
2000172,2000013,2000172,212,2000592,43,23,20,0,0.535,2026-09-19 22:32:27
2000173,2000013,2000173,212,2000593,24,12,12,3,0.5,2026-09-19 22:32:29
2000174,2000013,2000174,212,2000594,13,8,5,0,0.615,2026-09-19 22:32:31
2000175,2000013,2000175,212,2000595,89,39,50,2,0.438,2026-09-19 22:32:35
2000176,2000013,2000176,212,2000596,24,7,17,0,0.292,2026-09-19 22:32:37
2000177,2000013,2000177,212,2000597,24,3,21,0,0.125,2026-09-19 22:32:40
2000178,2000013,2000178,212,2000598,4,0,4,0,0.0,2026-09-19 22:32:42
2000179,2000013,2000179,212,2000599,10,2,8,1,0.2,2026-09-19 22:32:44
2000180,2000013,2000180,212,2000600,1,0,1,0,0.0,2026-09-19 22:32:47
2000181,2000013,2000181,212,2000601,14,1,13,0,0.071,2026-09-19 22:32:50
2000182,2000013,2000182,212,2000602,7,1,6,0,0.143,2026-09-19 22:32:52
2000183,2000013,2000183,212,2000603,14,1,13,0,0.071,2026-09-19 22:32:54
2000184,2000013,2000184,212,2000604,7,2,5,0,0.286,2026-09-19 22:32:57
2000185,2000013,2000185,212,2000605,13,1,12,0,0.077,2026-09-19 22:32:59
2000186,2000013,2000186,212,2000606,17,1,16,0,0.059,2026-09-19 22:33:01
2000187,2000013,2000187,212,2000607,15,1,14,0,0.067,2026-09-19 22:33:03
2000188,2000013,2000188,212,2000608,0,0,0,0,1.0,2026-09-19 22:33:06
2000189,2000013,2000189,212,2000609,7,3,4,0,0.429,2026-09-19 22:33:08
2000190,2000013,2000190,212,2000610,33,1,32,0,0.03,2026-09-19 22:33:10
2000191,2000013,2000191,212,2000611,12,1,11,0,0.083,2026-09-19 22:33:12
2000192,2000013,2000192,212,2000612,18,1,17,0,0.056,2026-09-19 22:33:14
2000193,2000013,2000193,212,2000613,5,1,4,0,0.2,2026-09-19 22:33:17
2000194,2000013,2000194,212,2000614,3,1,2,0,0.333,2026-09-19 22:33:19
2000195,2000013,2000195,212,2000615,14,3,11,0,0.214,2026-09-19 22:33:21
2000196,2000013,2000196,212,2000616,14,14,0,0,1.0,2026-09-19 22:33:24
2000197,2000013,2000197,212,2000617,80,45,35,0,0.562,2026-09-19 22:33:26
2000198,2000013,2000198,212,2000618,16,16,0,0,1.0,2026-09-19 22:33:28
2000199,2000013,2000199,212,2000619,8,0,8,0,0.0,2026-09-19 22:33:30
2000200,2000013,2000200,212,2000620,12,10,2,0,0.833,2026-09-19 22:33:32
2000201,2000013,2000201,212,2000621,2,2,0,0,1.0,2026-09-19 22:33:34
2000202,2000013,2000202,212,2000622,4,3,1,0,0.75,2026-09-19 22:33:37
2000203,2000013,2000203,212,2000623,3,3,0,0,1.0,2026-09-19 22:33:39
2000204,2000013,2000204,212,2000624,4,4,0,0,1.0,2026-09-19 22:33:41
2000205,2000013,2000205,212,2000625,31,14,17,0,0.452,2026-09-19 22:33:43
2000206,2000013,2000206,212,2000626,17,5,12,0,0.294,2026-09-19 22:33:45
2000207,2000013,2000207,212,2000627,3,3,0,0,1.0,2026-09-19 22:33:48
2000208,2000013,2000208,212,2000628,17,12,5,0,0.706,2026-09-19 22:33:50
2000209,2000013,2000209,212,2000629,27,19,8,0,0.704,2026-09-19 22:33:52
2000210,2000013,2000210,212,2000630,1,1,0,0,1.0,2026-09-19 22:33:54
2000211,2000013,2000211,212,2000631,25,17,8,0,0.68,2026-09-19 22:33:56
2000212,2000013,2000212,212,2000632,8,3,5,0,0.375,2026-09-19 22:33:59
2000213,2000013,2000213,212,2000633,14,10,4,0,0.714,2026-09-19 22:34:01
2000214,2000013,2000214,212,2000634,16,8,8,0,0.5,2026-09-19 22:34:04
2000215,2000013,2000215,212,2000635,6,2,4,0,0.333,2026-09-19 22:34:06
2000216,2000013,2000216,212,2000636,5,0,5,0,0.0,2026-09-19 22:34:08
2000217,2000013,2000217,212,2000637,9,8,1,0,0.889,2026-09-19 22:34:10
2000218,2000013,2000218,212,2000638,8,4,4,0,0.5,2026-09-19 22:34:12
2000219,2000013,2000219,212,2000639,2,1,1,0,0.5,2026-09-19 22:34:15
2000220,2000013,2000220,212,2000640,6,0,6,0,0.0,2026-09-19 22:34:17
2000221,2000013,2000221,212,2000641,28,7,21,9,0.25,2026-09-19 22:34:19
2000222,2000013,2000222,212,2000642,21,4,17,0,0.19,2026-09-19 22:34:24
2000223,2000013,2000223,212,2000643,23,3,20,0,0.13,2026-09-19 22:34:30
2000224,2000013,2000224,212,2000644,10,1,9,0,0.1,2026-09-19 22:34:33
2000225,2000013,2000225,212,2000645,17,8,9,0,0.471,2026-09-19 22:34:36
2000226,2000013,2000226,212,2000646,38,15,23,0,0.395,2026-09-19 22:34:38
2000227,2000013,2000227,212,2000647,23,16,7,0,0.696,2026-09-19 22:34:40
2000228,2000013,2000228,212,2000648,27,6,21,0,0.222,2026-09-19 22:34:43
2000229,2000013,2000229,212,2000649,23,21,2,0,0.913,2026-09-19 22:34:45
2000230,2000013,2000230,212,2000650,35,15,20,0,0.429,2026-09-19 22:34:47
2000231,2000013,2000231,212,2000651,10,7,3,0,0.7,2026-09-19 22:34:50
2000232,2000013,2000232,212,2000652,25,19,6,0,0.76,2026-09-19 22:34:53
2000233,2000013,2000233,212,2000653,12,6,6,0,0.5,2026-09-19 22:34:55
2000234,2000013,2000234,212,2000654,34,24,10,0,0.706,2026-09-19 22:34:58
2000235,2000013,2000235,212,2000655,11,6,5,1,0.545,2026-09-19 22:35:00
2000236,2000013,2000236,212,2000656,19,8,11,1,0.421,2026-09-19 22:35:02
2000237,2000013,2000237,212,2000657,28,21,7,0,0.75,2026-09-19 22:35:05
2000238,2000013,2000238,212,2000658,21,20,1,0,0.952,2026-09-19 22:35:07
2000239,2000013,2000239,212,2000659,20,17,3,0,0.85,2026-09-19 22:35:09
2000240,2000013,2000240,212,2000660,20,10,10,0,0.5,2026-09-19 22:35:12
2000241,2000013,2000241,212,2000661,17,2,15,0,0.118,2026-09-19 22:35:14
2000242,2000013,2000242,212,2000662,26,4,22,0,0.154,2026-09-19 22:35:16
2000243,2000013,2000243,212,2000663,28,15,13,0,0.536,2026-09-19 22:35:19
2000244,2000013,2000244,212,2000664,15,7,8,0,0.467,2026-09-19 22:35:21
2000245,2000013,2000245,212,2000665,26,15,11,0,0.577,2026-09-19 22:35:23
2000246,2000013,2000246,212,2000666,23,4,19,0,0.174,2026-09-19 22:35:25
2000247,2000013,2000247,212,2000667,16,15,1,0,0.938,2026-09-19 22:35:28
2000248,2000013,2000248,212,2000668,25,14,11,0,0.56,2026-09-19 22:35:30
2000249,2000013,2000249,212,2000669,37,6,31,0,0.162,2026-09-19 22:35:32
2000250,2000013,2000250,212,2000670,37,6,31,0,0.162,2026-09-19 22:35:35
2000251,2000013,2000251,212,2000671,16,4,12,0,0.25,2026-09-19 22:35:37
2000252,2000013,2000252,212,2000672,11,4,7,0,0.364,2026-09-19 22:35:39
2000253,2000013,2000253,212,2000673,23,19,4,0,0.826,2026-09-19 22:35:41
2000254,2000013,2000254,212,2000674,8,7,1,0,0.875,2026-09-19 22:35:43
2000255,2000014,2000255,131,2000723,5,0,5,0,0.0,2026-09-19 22:35:48
2000256,2000014,2000256,131,2000724,7,1,6,0,0.143,2026-09-19 22:35:50
2000257,2000013,2000257,212,2000675,23,6,17,0,0.261,2026-09-19 22:35:53
2000258,2000013,2000258,212,2000676,17,8,9,0,0.471,2026-09-19 22:35:55
2000259,2000013,2000259,212,2000677,13,4,9,0,0.308,2026-09-19 22:35:57
2000260,2000013,2000260,212,2000678,21,5,16,8,0.238,2026-09-19 22:36:01
2000261,2000013,2000261,212,2000679,10,5,5,2,0.5,2026-09-19 22:36:04
2000262,2000013,2000262,212,2000680,30,13,17,0,0.433,2026-09-19 22:36:06
2000263,2000013,2000263,212,2000681,8,6,2,3,0.75,2026-09-19 22:36:08
2000264,2000013,2000264,212,2000682,14,8,6,3,0.571,2026-09-19 22:36:40
2000265,2000013,2000265,212,2000683,15,3,12,1,0.2,2026-09-19 22:36:43
2000266,2000013,2000266,212,2000684,18,3,15,4,0.167,2026-09-19 22:36:46
2000267,2000013,2000267,212,2000685,35,9,26,7,0.257,2026-09-19 22:36:49
2000268,2000013,2000268,212,2000686,31,8,23,7,0.258,2026-09-19 22:36:52
2000269,2000013,2000269,212,2000687,31,8,23,7,0.258,2026-09-19 22:36:55
2000270,2000013,2000270,212,2000688,55,13,42,7,0.236,2026-09-19 22:37:00
2000271,2000013,2000271,212,2000689,17,5,12,0,0.294,2026-09-19 22:37:07
2000272,2000013,2000272,212,2000690,9,0,9,0,0.0,2026-09-19 22:37:10
2000273,2000013,2000273,212,2000691,9,1,8,0,0.111,2026-09-19 22:37:13
2000274,2000013,2000274,212,2000692,23,2,21,0,0.087,2026-09-19 22:37:17
2000275,2000013,2000275,212,2000693,15,2,13,0,0.133,2026-09-19 22:37:20
2000276,2000013,2000276,212,2000694,15,2,13,0,0.133,2026-09-19 22:37:24
2000277,2000013,2000277,212,2000695,12,3,9,0,0.25,2026-09-19 22:37:27
2000278,2000013,2000278,212,2000696,12,1,11,0,0.083,2026-09-19 22:37:29
2000279,2000013,2000279,212,2000697,18,3,15,3,0.167,2026-09-19 22:37:32
2000280,2000013,2000280,212,2000698,9,2,7,2,0.222,2026-09-19 22:37:34
2000281,2000013,2000281,212,2000699,9,4,5,1,0.444,2026-09-19 22:37:36
2000282,2000013,2000282,212,2000700,18,5,13,1,0.278,2026-09-19 22:37:41
2000283,2000013,2000283,212,2000701,8,1,7,3,0.125,2026-09-19 22:37:44
2000284,2000013,2000284,212,2000702,7,0,7,0,0.0,2026-09-19 22:37:46
2000285,2000013,2000285,212,2000703,4,1,3,0,0.25,2026-09-19 22:37:48
2000286,2000013,2000286,212,2000704,6,1,5,0,0.167,2026-09-19 22:37:50
2000287,2000013,2000287,212,2000705,9,2,7,2,0.222,2026-09-19 22:37:52
2000288,2000013,2000288,212,2000706,9,4,5,1,0.444,2026-09-19 22:37:54
2000289,2000013,2000289,212,2000707,23,5,18,0,0.217,2026-09-19 22:37:57
2000290,2000013,2000290,212,2000708,25,2,23,1,0.08,2026-09-19 22:37:59
2000291,2000013,2000291,212,2000709,13,1,12,0,0.077,2026-09-19 22:38:01
2000292,2000013,2000292,212,2000710,8,2,6,0,0.25,2026-09-19 22:38:03
2000293,2000013,2000293,212,2000711,5,2,3,0,0.4,2026-09-19 22:38:05
2000294,2000013,2000294,212,2000712,20,8,12,0,0.4,2026-09-19 22:38:07
2000295,2000013,2000295,212,2000713,18,4,14,0,0.222,2026-09-19 22:38:09
2000296,2000013,2000296,212,2000714,8,3,5,0,0.375,2026-09-19 22:38:11
2000297,2000013,2000297,212,2000715,9,1,8,0,0.111,2026-09-19 22:38:14
2000298,2000013,2000298,212,2000716,14,8,6,0,0.571,2026-09-19 22:38:16
2000299,2000013,2000299,212,2000717,11,3,8,0,0.273,2026-09-19 22:38:18
2000300,2000013,2000300,212,2000718,12,5,7,0,0.417,2026-09-19 22:38:20
2000301,2000013,2000301,212,2000719,8,2,6,0,0.25,2026-09-19 22:38:22
2000302,2000013,2000302,212,2000720,13,8,5,0,0.615,2026-09-19 22:38:24
2000303,2000013,2000303,212,2000721,14,5,9,0,0.357,2026-09-19 22:38:27
2000304,2000013,2000304,212,2000722,19,3,16,0,0.158,2026-09-19 22:38:29
3000001,3000004,3000001,252,3279,16,4,12,0,0.25,2026-09-19 20:02:09
3000002,3000004,3000002,252,3280,9,5,4,0,0.556,2026-09-19 20:02:11
3000003,3000006,3000003,138,3000066,103,28,75,0,0.272,2026-09-19 20:23:45
3000004,3000006,3000004,138,3000067,35,4,31,0,0.114,2026-09-19 20:23:49
3000005,3000006,3000005,138,3000068,42,3,39,0,0.071,2026-09-19 20:23:52
3000006,3000006,3000006,138,3000069,31,17,14,0,0.548,2026-09-19 20:24:03
3000007,3000006,3000007,138,3000070,26,15,11,0,0.577,2026-09-19 20:24:08
3000008,3000006,3000008,138,3000071,28,9,19,0,0.321,2026-09-19 20:24:14
3000009,3000006,3000009,138,3000072,60,34,26,0,0.567,2026-09-19 20:24:28
3000010,3000007,3000010,126,3000073,60,1,59,0,0.017,2026-09-19 20:25:45
3000011,3000008,3000011,143,3000074,73,36,37,4,0.493,2026-09-19 21:02:18
3000012,3000008,3000012,143,3000075,18,2,16,0,0.111,2026-09-19 21:02:20
3000013,3000008,3000013,143,3000076,10,1,9,0,0.1,2026-09-19 21:02:22
3000014,3000008,3000014,143,3000077,10,1,9,0,0.1,2026-09-19 21:02:24
3000015,3000008,3000015,143,3000078,9,1,8,0,0.111,2026-09-19 21:02:27
3000016,3000008,3000016,143,3000079,9,1,8,0,0.111,2026-09-19 21:02:29
3000017,3000008,3000017,143,3000080,11,1,10,0,0.091,2026-09-19 21:02:31
3000018,3000008,3000018,143,3000081,9,1,8,0,0.111,2026-09-19 21:02:33
3000019,3000008,3000019,143,3000082,11,1,10,0,0.091,2026-09-19 21:02:36
3000020,3000008,3000020,143,3000083,20,1,19,0,0.05,2026-09-19 21:02:39
3000021,3000008,3000021,143,3000084,14,1,13,0,0.071,2026-09-19 21:02:41
3000022,3000008,3000022,143,3000085,9,5,4,0,0.556,2026-09-19 21:02:43
3000023,3000008,3000023,143,3000086,7,1,6,0,0.143,2026-09-19 21:02:45
3000024,3000008,3000024,143,3000087,9,2,7,0,0.222,2026-09-19 21:02:48
3000025,3000008,3000025,143,3000088,29,2,27,0,0.069,2026-09-19 21:02:50
3000026,3000008,3000026,143,3000089,7,2,5,0,0.286,2026-09-19 21:02:53
3000027,3000008,3000027,143,3000090,7,3,4,0,0.429,2026-09-19 21:02:55
3000028,3000008,3000028,143,3000091,6,0,6,0,0.0,2026-09-19 21:02:58
3000029,3000008,3000029,143,3000092,40,1,39,0,0.025,2026-09-19 21:03:01
3000030,3000008,3000030,143,3000093,6,2,4,0,0.333,2026-09-19 21:03:04
3000031,3000008,3000031,143,3000094,56,11,45,0,0.196,2026-09-19 21:03:08
3000032,3000008,3000032,143,3000095,6,5,1,2,0.833,2026-09-19 21:03:10
3000033,3000008,3000033,143,3000096,31,9,22,0,0.29,2026-09-19 21:03:13
3000034,3000008,3000034,143,3000097,32,5,27,0,0.156,2026-09-19 21:03:15
3000035,3000008,3000035,143,3000098,6,1,5,1,0.167,2026-09-19 21:03:18
3000036,3000008,3000036,143,3000099,11,0,11,0,0.0,2026-09-19 21:03:20
3000037,3000008,3000037,143,3000100,41,7,34,1,0.171,2026-09-19 21:03:22
3000038,3000009,3000038,151,3000101,27,13,14,0,0.481,2026-09-19 21:06:27
3000039,3000009,3000039,151,3000102,8,3,5,0,0.375,2026-09-19 21:06:33
3000040,3000009,3000040,151,3000103,18,5,13,0,0.278,2026-09-19 21:06:36
3000041,3000010,3000041,181,3000104,1,0,1,0,0.0,2026-09-19 21:37:50
3000042,3000010,3000042,181,3000105,1,0,1,0,0.0,2026-09-19 21:37:54
3000043,3000010,3000043,181,3000106,2,0,2,0,0.0,2026-09-19 21:37:58
3000044,3000010,3000044,181,3000107,5,3,2,0,0.6,2026-09-19 21:38:02
3000045,3000010,3000045,181,3000108,14,4,10,0,0.286,2026-09-19 21:38:08
3000046,3000010,3000046,181,3000109,1,0,1,0,0.0,2026-09-19 21:38:12
3000047,3000010,3000047,181,3000110,2,0,2,0,0.0,2026-09-19 21:38:16
3000048,3000010,3000048,181,3000111,5,3,2,0,0.6,2026-09-19 21:38:21
3000049,3000012,3000049,129,3000112,8,1,7,0,0.125,2026-09-19 21:41:11
3000050,3000013,3000050,219,3146,32,4,28,0,0.125,2026-09-19 21:48:26
3000051,3000014,3000051,270,3000113,1,0,1,0,0.0,2026-09-19 21:50:23
3000052,3000014,3000052,270,3000114,9,2,7,0,0.222,2026-09-19 21:50:25
3000053,3000014,3000053,270,3000115,14,3,11,0,0.214,2026-09-19 21:50:28
3000054,3000014,3000054,270,3000116,15,4,11,0,0.267,2026-09-19 21:50:30
3000055,3000014,3000055,270,3000117,25,4,21,0,0.16,2026-09-19 21:50:32
3000056,3000014,3000056,270,3000118,15,2,13,0,0.133,2026-09-19 21:50:34
3000057,3000014,3000057,270,3000119,24,6,18,0,0.25,2026-09-19 21:50:36
3000058,3000014,3000058,270,3000120,16,2,14,0,0.125,2026-09-19 21:50:38
3000059,3000014,3000059,270,3000121,17,4,13,0,0.235,2026-09-19 21:50:40
3000060,3000014,3000060,270,3000122,19,3,16,0,0.158,2026-09-19 21:50:43
3000061,3000014,3000061,270,3000123,14,4,10,0,0.286,2026-09-19 21:50:45
3000062,3000014,3000062,270,3000124,21,9,12,0,0.429,2026-09-19 21:50:48
3000063,3000014,3000063,270,3000125,13,2,11,0,0.154,2026-09-19 21:50:50
3000064,3000014,3000064,270,3000126,30,6,24,0,0.2,2026-09-19 21:50:52
3000065,3000014,3000065,270,3000127,38,9,29,2,0.237,2026-09-19 21:50:54
3000066,3000014,3000066,270,3000128,18,7,11,0,0.389,2026-09-19 21:50:56
3000067,3000014,3000067,270,3000129,22,3,19,0,0.136,2026-09-19 21:50:59
3000068,3000015,3000068,248,3000130,35,2,33,7,0.057,2026-09-19 21:52:14
3000069,3000015,3000069,248,3000131,26,9,17,2,0.346,2026-09-19 21:52:16
4000001,4000002,4000001,146,4000005,39,2,37,0,0.051,2026-09-19 19:57:59
4000002,4000001,4000002,241,4000001,30,10,20,0,0.333,2026-09-19 19:58:09
4000003,4000001,4000003,241,4000002,10,5,5,0,0.5,2026-09-19 19:58:12
4000004,4000001,4000004,241,4000003,6,1,5,0,0.167,2026-09-19 19:58:15
4000005,4000001,4000005,241,4000004,18,14,4,0,0.778,2026-09-19 19:58:18
4000006,4000005,4000006,244,4000057,8,3,5,0,0.375,2026-09-19 20:00:48
4000007,4000008,4000007,238,4000126,100,4,96,0,0.04,2026-09-19 20:21:52
4000008,4000003,4000008,210,4000006,9,4,5,0,0.444,2026-09-19 20:53:09
4000009,4000003,4000009,210,4000007,20,1,19,0,0.05,2026-09-19 20:53:12
4000010,4000003,4000010,210,4000008,21,2,19,1,0.095,2026-09-19 20:53:14
4000011,4000003,4000011,210,4000009,27,2,25,0,0.074,2026-09-19 20:53:16
4000012,4000003,4000012,210,4000010,14,3,11,0,0.214,2026-09-19 20:53:18
4000013,4000003,4000013,210,4000011,12,2,10,3,0.167,2026-09-19 20:53:21
4000014,4000003,4000014,210,4000012,14,2,12,3,0.143,2026-09-19 20:53:25
4000015,4000003,4000015,210,4000013,26,9,17,7,0.346,2026-09-19 20:53:27
4000016,4000003,4000016,210,4000014,27,9,18,10,0.333,2026-09-19 20:53:30
4000017,4000003,4000017,210,4000015,18,4,14,0,0.222,2026-09-19 20:53:33
4000018,4000003,4000018,210,4000016,21,3,18,0,0.143,2026-09-19 20:53:36
4000019,4000003,4000019,210,4000017,28,1,27,2,0.036,2026-09-19 20:53:40
4000020,4000003,4000020,210,4000018,36,1,35,3,0.028,2026-09-19 20:53:44
4000021,4000003,4000021,210,4000019,37,2,35,0,0.054,2026-09-19 20:53:48
4000022,4000003,4000022,210,4000020,12,1,11,2,0.083,2026-09-19 20:53:57
4000023,4000003,4000023,210,4000021,19,1,18,0,0.053,2026-09-19 20:54:01
4000024,4000003,4000024,210,4000022,30,1,29,0,0.033,2026-09-19 20:54:05
4000025,4000003,4000025,210,4000023,27,2,25,0,0.074,2026-09-19 20:54:09
4000026,4000003,4000026,210,4000024,30,2,28,0,0.067,2026-09-19 20:54:12
4000027,4000003,4000027,210,4000025,36,5,31,2,0.139,2026-09-19 20:54:17
4000028,4000003,4000028,210,4000026,24,2,22,0,0.083,2026-09-19 20:54:21
4000029,4000003,4000029,210,4000027,24,1,23,0,0.042,2026-09-19 20:54:24
4000030,4000003,4000030,210,4000028,31,3,28,0,0.097,2026-09-19 20:54:27
4000031,4000003,4000031,210,4000029,39,3,36,0,0.077,2026-09-19 20:54:31
4000032,4000003,4000032,210,4000030,34,6,28,2,0.176,2026-09-19 20:54:35
4000033,4000003,4000033,210,4000031,30,6,24,2,0.2,2026-09-19 20:54:39
4000034,4000003,4000034,210,4000032,42,5,37,1,0.119,2026-09-19 20:54:43
4000035,4000003,4000035,210,4000033,44,3,41,2,0.068,2026-09-19 20:54:47
4000036,4000003,4000036,210,4000034,12,1,11,0,0.083,2026-09-19 20:54:50
4000037,4000003,4000037,210,4000035,25,2,23,0,0.08,2026-09-19 20:54:54
4000038,4000003,4000038,210,4000036,13,3,10,2,0.231,2026-09-19 20:54:57
4000039,4000003,4000039,210,4000037,20,2,18,4,0.1,2026-09-19 20:55:01
4000040,4000003,4000040,210,4000038,15,0,15,4,0.0,2026-09-19 20:55:04
4000041,4000003,4000041,210,4000039,20,1,19,6,0.05,2026-09-19 20:55:07
4000042,4000003,4000042,210,4000040,18,3,15,2,0.167,2026-09-19 20:55:11
4000043,4000003,4000043,210,4000041,24,4,20,3,0.167,2026-09-19 20:55:14
4000044,4000003,4000044,210,4000042,19,1,18,1,0.053,2026-09-19 20:55:18
4000045,4000003,4000045,210,4000043,21,1,20,1,0.048,2026-09-19 20:55:21
4000046,4000003,4000046,210,4000044,23,2,21,4,0.087,2026-09-19 20:55:25
4000047,4000003,4000047,210,4000045,24,2,22,4,0.083,2026-09-19 20:55:28
4000048,4000003,4000048,210,4000046,24,2,22,4,0.083,2026-09-19 20:55:31
4000049,4000003,4000049,210,4000047,11,3,8,1,0.273,2026-09-19 20:55:35
4000050,4000003,4000050,210,4000048,19,7,12,1,0.368,2026-09-19 20:55:38
4000051,4000003,4000051,210,4000049,16,6,10,2,0.375,2026-09-19 20:55:41
4000052,4000003,4000052,210,4000050,1,1,0,0,1.0,2026-09-19 20:55:45
4000053,4000003,4000053,210,4000051,16,5,11,2,0.312,2026-09-19 20:55:48
4000054,4000003,4000054,210,4000052,11,3,8,1,0.273,2026-09-19 20:55:51
4000055,4000003,4000055,210,4000053,19,7,12,1,0.368,2026-09-19 20:55:55
4000056,4000003,4000056,210,4000054,12,5,7,3,0.417,2026-09-19 20:55:59
4000057,4000003,4000057,210,4000055,15,7,8,3,0.467,2026-09-19 20:56:02
4000058,4000003,4000058,210,4000056,15,6,9,4,0.4,2026-09-19 20:56:05
4000059,4000011,4000059,217,228,26,22,4,0,0.846,2026-09-19 21:06:18
4000060,4000011,4000060,217,229,16,1,15,0,0.062,2026-09-19 21:06:21
4000061,4000011,4000061,217,230,18,11,7,0,0.611,2026-09-19 21:06:24
4000062,4000011,4000062,217,231,21,19,2,0,0.905,2026-09-19 21:06:28
4000063,4000011,4000063,217,232,48,8,40,0,0.167,2026-09-19 21:06:31
4000064,4000011,4000064,217,233,5,1,4,0,0.2,2026-09-19 21:06:34
4000065,4000011,4000065,217,234,15,1,14,4,0.067,2026-09-19 21:06:38
4000066,4000011,4000066,217,235,9,0,9,0,0.0,2026-09-19 21:06:41
4000067,4000011,4000067,217,236,7,0,7,0,0.0,2026-09-19 21:06:44
4000068,4000011,4000068,217,237,16,1,15,0,0.062,2026-09-19 21:06:47
4000069,4000011,4000069,217,238,11,8,3,0,0.727,2026-09-19 21:06:51
4000070,4000011,4000070,217,239,19,7,12,1,0.368,2026-09-19 21:06:54
4000071,4000011,4000071,217,240,12,3,9,0,0.25,2026-09-19 21:06:57
4000072,4000011,4000072,217,241,9,3,6,0,0.333,2026-09-19 21:07:00
4000073,4000011,4000073,217,242,3,0,3,0,0.0,2026-09-19 21:07:04
4000074,4000011,4000074,217,243,8,2,6,3,0.25,2026-09-19 21:07:07
4000075,4000011,4000075,217,244,3,1,2,0,0.333,2026-09-19 21:07:11
4000076,4000011,4000076,217,245,9,1,8,0,0.111,2026-09-19 21:07:15
4000077,4000011,4000077,217,246,16,7,9,1,0.438,2026-09-19 21:07:19
4000078,4000011,4000078,217,247,16,2,14,1,0.125,2026-09-19 21:07:23
4000079,4000012,4000079,188,3350,36,13,23,1,0.361,2026-09-19 21:18:32
4000080,4000010,4000080,135,4000127,14,1,13,1,0.071,2026-09-19 21:23:08
4000081,4000010,4000081,135,4000128,13,3,10,0,0.231,2026-09-19 21:23:12
4000082,4000010,4000082,135,4000129,6,1,5,0,0.167,2026-09-19 21:23:15
4000083,4000010,4000083,135,4000130,9,3,6,0,0.333,2026-09-19 21:23:19
4000084,4000010,4000084,135,4000131,10,7,3,3,0.7,2026-09-19 21:23:22
4000085,4000010,4000085,135,4000132,13,3,10,0,0.231,2026-09-19 21:23:27
4000086,4000010,4000086,135,4000133,13,1,12,0,0.077,2026-09-19 21:23:31
4000087,4000010,4000087,135,4000134,9,7,2,1,0.778,2026-09-19 21:23:34
4000088,4000010,4000088,135,4000137,15,5,10,0,0.333,2026-09-19 21:23:38
4000089,4000010,4000089,135,4000138,13,10,3,0,0.769,2026-09-19 21:23:43
4000090,4000010,4000090,135,4000139,31,3,28,0,0.097,2026-09-19 21:23:47
4000091,4000010,4000091,135,4000140,8,1,7,0,0.125,2026-09-19 21:23:51
4000092,4000010,4000092,135,4000141,29,5,24,0,0.172,2026-09-19 21:23:55
4000093,4000010,4000093,135,4000142,8,5,3,0,0.625,2026-09-19 21:23:59
4000094,4000010,4000094,135,4000143,23,2,21,0,0.087,2026-09-19 21:24:03
4000095,4000010,4000095,135,4000144,18,6,12,1,0.333,2026-09-19 21:24:07
4000096,4000010,4000096,135,4000145,14,2,12,0,0.143,2026-09-19 21:24:11
4000097,4000010,4000097,135,4000146,5,2,3,1,0.4,2026-09-19 21:24:15
4000098,4000010,4000098,135,4000148,6,1,5,0,0.167,2026-09-19 21:24:18
4000099,4000010,4000099,135,4000149,6,1,5,0,0.167,2026-09-19 21:24:22
4000100,4000013,4000100,111,4000173,50,29,21,0,0.58,2026-09-19 21:24:25
4000101,4000010,4000101,135,4000150,4,2,2,0,0.5,2026-09-19 21:24:25
4000102,4000010,4000102,135,4000151,11,4,7,3,0.364,2026-09-19 21:24:29
4000103,4000013,4000103,111,4000174,23,12,11,0,0.522,2026-09-19 21:24:30
4000104,4000010,4000104,135,4000152,20,6,14,1,0.3,2026-09-19 21:24:32
4000105,4000010,4000105,135,4000153,27,3,24,0,0.111,2026-09-19 21:24:36
4000106,4000010,4000106,135,4000154,15,2,13,0,0.133,2026-09-19 21:24:40
4000107,4000010,4000107,135,4000155,12,3,9,0,0.25,2026-09-19 21:24:44
4000108,4000010,4000108,135,4000156,21,2,19,0,0.095,2026-09-19 21:24:48
4000109,4000010,4000109,135,4000157,14,8,6,1,0.571,2026-09-19 21:24:51
4000110,4000013,4000110,111,4000175,44,20,24,0,0.455,2026-09-19 21:24:51
4000111,4000013,4000111,111,4000176,35,5,30,0,0.143,2026-09-19 21:24:55
4000112,4000010,4000112,135,4000158,13,3,10,0,0.231,2026-09-19 21:24:55
4000113,4000010,4000113,135,4000159,10,3,7,1,0.3,2026-09-19 21:24:59
4000114,4000010,4000114,135,4000160,18,9,9,2,0.5,2026-09-19 21:25:03
4000115,4000010,4000115,135,4000161,35,10,25,3,0.286,2026-09-19 21:25:19
4000116,4000010,4000116,135,4000162,23,8,15,0,0.348,2026-09-19 21:25:25
4000117,4000010,4000117,135,4000163,16,1,15,0,0.062,2026-09-19 21:25:31
4000118,4000010,4000118,135,4000164,0,0,0,0,1.0,2026-09-19 21:25:36
4000119,4000010,4000119,135,4000165,38,11,27,4,0.289,2026-09-19 21:25:43
4000120,4000010,4000120,135,4000166,5,2,3,1,0.4,2026-09-19 21:25:46
4000121,4000010,4000121,135,4000167,4,1,3,1,0.25,2026-09-19 21:25:49
4000122,4000010,4000122,135,4000168,5,2,3,1,0.4,2026-09-19 21:25:51
4000123,4000010,4000123,135,4000169,3,1,2,1,0.333,2026-09-19 21:25:53
4000124,4000010,4000124,135,4000170,2,0,2,1,0.0,2026-09-19 21:25:55
4000125,4000010,4000125,135,4000171,5,2,3,0,0.4,2026-09-19 21:25:58
4000126,4000010,4000126,135,4000172,4,0,4,1,0.0,2026-09-19 21:26:01
4000127,4000015,4000127,242,4000179,8,3,5,1,0.375,2026-09-19 21:46:14
4000128,4000015,4000128,242,4000180,18,1,17,1,0.056,2026-09-19 21:46:17
4000129,4000015,4000129,242,4000181,6,4,2,0,0.667,2026-09-19 21:46:19
4000130,4000015,4000130,242,4000182,11,4,7,0,0.364,2026-09-19 21:46:21
4000131,4000015,4000131,242,4000183,12,5,7,1,0.417,2026-09-19 21:46:23
4000132,4000015,4000132,242,4000184,4,1,3,0,0.25,2026-09-19 21:46:25
4000133,4000015,4000133,242,4000185,14,2,12,3,0.143,2026-09-19 21:46:27
4000134,4000015,4000134,242,4000186,17,2,15,3,0.118,2026-09-19 21:46:29
4000135,4000015,4000135,242,4000187,16,3,13,0,0.188,2026-09-19 21:46:31
4000136,4000015,4000136,242,4000188,14,4,10,2,0.286,2026-09-19 21:46:33
4000137,4000015,4000137,242,4000189,11,1,10,2,0.091,2026-09-19 21:46:35
4000138,4000015,4000138,242,4000190,28,10,18,2,0.357,2026-09-19 21:46:37
4000139,4000015,4000139,242,4000191,14,4,10,2,0.286,2026-09-19 21:46:39
4000140,4000015,4000140,242,4000192,14,1,13,1,0.071,2026-09-19 21:46:41
4000141,4000015,4000141,242,4000193,12,1,11,0,0.083,2026-09-19 21:46:43
5000001,5000001,5000001,247,5000001,6,1,5,0,0.167,2026-09-19 20:00:17
5000002,5000001,5000002,247,5000002,6,1,5,0,0.167,2026-09-19 20:00:20
5000003,5000001,5000003,247,5000003,6,1,5,0,0.167,2026-09-19 20:00:24
5000004,5000004,5000004,201,5000278,4,1,3,0,0.25,2026-09-19 20:06:43
5000005,5000004,5000005,201,5000279,18,6,12,0,0.333,2026-09-19 20:06:47
5000006,5000004,5000006,201,5000280,53,26,27,0,0.491,2026-09-19 20:06:51
5000007,5000008,5000007,121,2007,4,2,2,0,0.5,2026-09-19 21:45:13
5000008,5000009,5000008,215,5000338,55,17,38,2,0.309,2026-09-19 21:46:46
5000009,5000011,5000009,106,5000340,9,1,8,0,0.111,2026-09-19 21:49:00
5000010,5000010,5000010,245,5000339,18,0,18,5,0.0,2026-09-19 21:50:16
5000011,5000007,5000011,140,5000281,2,2,0,0,1.0,2026-09-19 22:05:15
5000012,5000007,5000012,140,5000282,0,0,0,0,1.0,2026-09-19 22:05:18
5000013,5000007,5000013,140,5000283,11,3,8,0,0.273,2026-09-19 22:05:20
5000014,5000007,5000014,140,5000284,8,4,4,0,0.5,2026-09-19 22:05:23
5000015,5000007,5000015,140,5000285,14,6,8,0,0.429,2026-09-19 22:05:25
5000016,5000007,5000016,140,5000286,16,3,13,0,0.188,2026-09-19 22:05:28
5000017,5000007,5000017,140,5000287,20,3,17,4,0.15,2026-09-19 22:05:30
5000018,5000007,5000018,140,5000288,20,3,17,4,0.15,2026-09-19 22:05:33
5000019,5000007,5000019,140,5000289,16,11,5,0,0.688,2026-09-19 22:05:35
5000020,5000007,5000020,140,5000290,18,4,14,0,0.222,2026-09-19 22:05:38
5000021,5000007,5000021,140,5000291,12,5,7,0,0.417,2026-09-19 22:05:40
5000022,5000007,5000022,140,5000292,8,3,5,0,0.375,2026-09-19 22:05:43
5000023,5000007,5000023,140,5000293,10,4,6,0,0.4,2026-09-19 22:05:45
5000024,5000007,5000024,140,5000294,35,9,26,5,0.257,2026-09-19 22:05:48
5000025,5000007,5000025,140,5000295,8,3,5,0,0.375,2026-09-19 22:05:50
5000026,5000007,5000026,140,5000296,8,3,5,0,0.375,2026-09-19 22:05:52
5000027,5000007,5000027,140,5000297,11,5,6,4,0.455,2026-09-19 22:05:55
5000028,5000007,5000028,140,5000298,6,3,3,0,0.5,2026-09-19 22:05:57
5000029,5000007,5000029,140,5000299,8,3,5,0,0.375,2026-09-19 22:06:00
5000030,5000007,5000030,140,5000300,7,3,4,0,0.429,2026-09-19 22:06:02
5000031,5000007,5000031,140,5000301,7,1,6,0,0.143,2026-09-19 22:06:05
5000032,5000007,5000032,140,5000302,8,3,5,0,0.375,2026-09-19 22:06:08
5000033,5000007,5000033,140,5000303,12,5,7,0,0.417,2026-09-19 22:06:11
5000034,5000007,5000034,140,5000304,4,1,3,0,0.25,2026-09-19 22:06:13
5000035,5000007,5000035,140,5000305,3,1,2,0,0.333,2026-09-19 22:06:16
5000036,5000007,5000036,140,5000306,11,5,6,4,0.455,2026-09-19 22:06:18
5000037,5000007,5000037,140,5000307,6,1,5,0,0.167,2026-09-19 22:06:21
5000038,5000007,5000038,140,5000308,4,1,3,0,0.25,2026-09-19 22:06:23
5000039,5000007,5000039,140,5000309,10,3,7,0,0.3,2026-09-19 22:06:26
5000040,5000007,5000040,140,5000310,9,3,6,0,0.333,2026-09-19 22:06:28
5000041,5000007,5000041,140,5000311,2,2,0,0,1.0,2026-09-19 22:06:30
5000042,5000007,5000042,140,5000312,1,1,0,0,1.0,2026-09-19 22:06:33
5000043,5000007,5000043,140,5000313,1,1,0,0,1.0,2026-09-19 22:06:35
5000044,5000007,5000044,140,5000314,4,3,1,0,0.75,2026-09-19 22:06:38
5000045,5000007,5000045,140,5000315,21,10,11,0,0.476,2026-09-19 22:06:40
5000046,5000007,5000046,140,5000316,19,8,11,1,0.421,2026-09-19 22:06:43
5000047,5000007,5000047,140,5000317,13,5,8,0,0.385,2026-09-19 22:06:46
5000048,5000007,5000048,140,5000318,38,13,25,4,0.342,2026-09-19 22:06:48
5000049,5000007,5000049,140,5000319,23,5,18,3,0.217,2026-09-19 22:06:51
5000050,5000007,5000050,140,5000320,12,3,9,0,0.25,2026-09-19 22:06:53
5000051,5000007,5000051,140,5000321,12,3,9,0,0.25,2026-09-19 22:06:55
5000052,5000007,5000052,140,5000322,11,1,10,1,0.091,2026-09-19 22:06:57
5000053,5000007,5000053,140,5000323,35,9,26,2,0.257,2026-09-19 22:07:00
5000054,5000007,5000054,140,5000324,16,5,11,0,0.312,2026-09-19 22:07:02
5000055,5000007,5000055,140,5000325,16,5,11,0,0.312,2026-09-19 22:07:05
5000056,5000007,5000056,140,5000326,11,1,10,1,0.091,2026-09-19 22:07:07
5000057,5000007,5000057,140,5000327,4,1,3,0,0.25,2026-09-19 22:07:09
5000058,5000007,5000058,140,5000328,12,4,8,0,0.333,2026-09-19 22:07:12
5000059,5000007,5000059,140,5000329,38,3,35,4,0.079,2026-09-19 22:07:15
5000060,5000007,5000060,140,5000330,38,3,35,4,0.079,2026-09-19 22:07:18
5000061,5000007,5000061,140,5000331,16,10,6,0,0.625,2026-09-19 22:07:20
5000062,5000007,5000062,140,5000332,16,12,4,0,0.75,2026-09-19 22:07:23
5000063,5000007,5000063,140,5000333,18,9,9,1,0.5,2026-09-19 22:07:25
5000064,5000007,5000064,140,5000334,15,9,6,1,0.6,2026-09-19 22:07:27
5000065,5000007,5000065,140,5000335,23,3,20,3,0.13,2026-09-19 22:07:30
5000066,5000007,5000066,140,5000336,19,6,13,2,0.316,2026-09-19 22:07:32
5000067,5000007,5000067,140,5000337,19,6,13,2,0.316,2026-09-19 22:07:34
5000068,5000012,5000068,116,5000341,10,2,8,0,0.2,2026-09-19 22:09:45
5000069,5000012,5000069,116,5000342,13,4,9,1,0.308,2026-09-19 22:09:47
5000070,5000012,5000070,116,5000343,12,3,9,0,0.25,2026-09-19 22:09:50
5000071,5000013,5000071,246,5000344,6,2,4,0,0.333,2026-09-19 22:11:57
5000072,5000014,5000072,110,5000345,7,0,7,0,0.0,2026-09-19 22:23:11
5000073,5000014,5000073,110,5000346,5,2,3,0,0.4,2026-09-19 22:23:13
5000074,5000014,5000074,110,5000347,4,0,4,2,0.0,2026-09-19 22:23:16
5000075,5000014,5000075,110,5000348,9,2,7,0,0.222,2026-09-19 22:23:18
5000076,5000014,5000076,110,5000349,14,7,7,3,0.5,2026-09-19 22:23:21
5000077,5000014,5000077,110,5000350,13,1,12,1,0.077,2026-09-19 22:23:23
5000078,5000014,5000078,110,5000351,7,1,6,0,0.143,2026-09-19 22:23:26
5000079,5000014,5000079,110,5000352,4,1,3,0,0.25,2026-09-19 22:23:28
5000080,5000014,5000080,110,5000353,5,1,4,0,0.2,2026-09-19 22:23:30
5000081,5000014,5000081,110,5000354,4,0,4,0,0.0,2026-09-19 22:23:32
5000082,5000014,5000082,110,5000355,5,1,4,0,0.2,2026-09-19 22:23:35
5000083,5000014,5000083,110,5000356,7,4,3,0,0.571,2026-09-19 22:23:37
5000084,5000014,5000084,110,5000357,3,0,3,0,0.0,2026-09-19 22:23:39
5000085,5000014,5000085,110,5000358,6,4,2,1,0.667,2026-09-19 22:23:42
5000086,5000014,5000086,110,5000359,19,5,14,2,0.263,2026-09-19 22:23:44
5000087,5000014,5000087,110,5000360,12,7,5,3,0.583,2026-09-19 22:23:47
5000088,5000014,5000088,110,5000361,15,4,11,4,0.267,2026-09-19 22:23:49
5000089,5000014,5000089,110,5000362,13,3,10,7,0.231,2026-09-19 22:23:51
5000090,5000014,5000090,110,5000363,10,3,7,2,0.3,2026-09-19 22:23:54
5000091,5000014,5000091,110,5000364,3,0,3,0,0.0,2026-09-19 22:23:56
5000092,5000014,5000092,110,5000365,8,4,4,3,0.5,2026-09-19 22:23:59
5000093,5000014,5000093,110,5000366,7,3,4,0,0.429,2026-09-19 22:24:01
5000094,5000014,5000094,110,5000367,10,4,6,0,0.4,2026-09-19 22:24:03
5000095,5000014,5000095,110,5000368,2,0,2,0,0.0,2026-09-19 22:24:05
5000096,5000014,5000096,110,5000369,6,0,6,0,0.0,2026-09-19 22:24:08
5000097,5000014,5000097,110,5000370,10,3,7,0,0.3,2026-09-19 22:24:10
5000098,5000014,5000098,110,5000371,2,1,1,0,0.5,2026-09-19 22:24:13
5000099,5000014,5000099,110,5000372,14,6,8,0,0.429,2026-09-19 22:24:15
5000100,5000014,5000100,110,5000373,9,2,7,3,0.222,2026-09-19 22:24:18
5000101,5000014,5000101,110,5000374,11,2,9,0,0.182,2026-09-19 22:24:20
5000102,5000014,5000102,110,5000375,16,3,13,1,0.188,2026-09-19 22:24:23
5000103,5000014,5000103,110,5000376,2,1,1,0,0.5,2026-09-19 22:24:25
5000104,5000014,5000104,110,5000377,4,1,3,1,0.25,2026-09-19 22:24:28
5000105,5000014,5000105,110,5000378,6,1,5,3,0.167,2026-09-19 22:24:30
5000106,5000014,5000106,110,5000379,4,0,4,0,0.0,2026-09-19 22:24:32
5000107,5000014,5000107,110,5000380,1,1,0,0,1.0,2026-09-19 22:24:35
5000108,5000014,5000108,110,5000381,4,2,2,1,0.5,2026-09-19 22:24:37
5000109,5000014,5000109,110,5000382,5,2,3,1,0.4,2026-09-19 22:24:40
6000001,6000001,6000001,71,405,8,2,6,1,0.25,2026-09-19 22:04:52
6000002,6000001,6000002,71,406,46,13,33,0,0.283,2026-09-19 22:04:57
6000003,6000001,6000003,71,407,37,8,29,0,0.216,2026-09-19 22:04:59
6000004,6000001,6000004,71,404,30,11,19,4,0.367,2026-09-19 22:05:02
6000005,6000001,6000005,71,408,27,7,20,3,0.259,2026-09-19 22:05:06
6000006,6000001,6000006,71,409,43,24,19,0,0.558,2026-09-19 22:05:10
6000007,6000001,6000007,71,410,83,4,79,5,0.048,2026-09-19 22:05:37
6000008,6000001,6000008,71,411,40,8,32,0,0.2,2026-09-19 22:05:42
6000009,6000001,6000009,71,412,40,3,37,0,0.075,2026-09-19 22:05:45
6000010,6000001,6000010,71,413,32,4,28,0,0.125,2026-09-19 22:05:49
6000011,6000001,6000011,71,414,4,1,3,1,0.25,2026-09-19 22:05:51
6000012,6000001,6000012,71,415,26,5,21,0,0.192,2026-09-19 22:05:54
6000013,6000001,6000013,71,416,7,2,5,1,0.286,2026-09-19 22:05:57
6000014,6000001,6000014,71,417,22,5,17,0,0.227,2026-09-19 22:05:59
6000015,6000005,6000015,240,6000015,20,16,4,0,0.8,2026-09-19 22:09:52
6000016,6000005,6000016,240,6000016,48,11,37,4,0.229,2026-09-19 22:09:55
6000017,6000005,6000017,240,6000017,35,7,28,0,0.2,2026-09-19 22:09:58
6000018,6000006,6000018,127,6000018,7,2,5,0,0.286,2026-09-19 22:12:46
6000019,6000007,6000019,209,6000019,93,69,24,4,0.742,2026-09-19 22:18:55
6000020,6000007,6000020,209,6000020,28,17,11,0,0.607,2026-09-19 22:18:59
6000021,6000007,6000021,209,6000021,322,107,215,3,0.332,2026-09-19 22:19:22
6000022,6000007,6000022,209,6000022,27,25,2,0,0.926,2026-09-19 22:19:26
6000023,6000007,6000023,209,6000023,31,26,5,0,0.839,2026-09-19 22:19:28
6000024,6000007,6000024,209,6000024,17,15,2,0,0.882,2026-09-19 22:19:32
6000025,6000007,6000025,209,6000025,112,81,31,2,0.723,2026-09-19 22:19:43
6000026,6000002,6000026,107,6000001,4,1,3,0,0.25,2026-09-19 22:39:04
6000027,6000002,6000027,107,6000002,12,3,9,1,0.25,2026-09-19 22:39:08
6000028,6000002,6000028,107,6000003,2,0,2,0,0.0,2026-09-19 22:39:10
6000029,6000002,6000029,107,6000004,5,1,4,0,0.2,2026-09-19 22:39:13
6000030,6000002,6000030,107,6000005,1,0,1,0,0.0,2026-09-19 22:39:15
6000031,6000002,6000031,107,6000006,82,35,47,0,0.427,2026-09-19 22:39:25
6000032,6000002,6000032,107,6000007,36,27,9,0,0.75,2026-09-19 22:39:36
6000033,6000002,6000033,107,6000008,37,30,7,0,0.811,2026-09-19 22:39:54
6000034,6000002,6000034,107,6000009,8,8,0,0,1.0,2026-09-19 22:39:56
6000035,6000002,6000035,107,6000010,0,0,0,0,1.0,2026-09-19 22:39:59
6000036,6000002,6000036,107,6000011,82,27,55,0,0.329,2026-09-19 22:40:09
6000037,6000002,6000037,107,6000012,39,27,12,0,0.692,2026-09-19 22:40:25
6000038,6000002,6000038,107,6000013,38,28,10,0,0.737,2026-09-19 22:40:50
6000039,6000002,6000039,107,6000014,0,0,0,0,1.0,2026-09-19 22:40:52
6000040,6000003,6000040,125,2008,9,6,3,1,0.667,2026-09-19 22:46:35
6000041,6000003,6000041,125,2009,15,8,7,1,0.533,2026-09-19 22:46:38
6000042,6000003,6000042,125,2010,10,4,6,0,0.4,2026-09-19 22:46:41
6000043,6000003,6000043,125,2011,9,2,7,0,0.222,2026-09-19 22:46:43
6000044,6000003,6000044,125,2012,8,2,6,0,0.25,2026-09-19 22:46:46
6000045,6000003,6000045,125,2013,19,7,12,1,0.368,2026-09-19 22:46:50
6000046,6000003,6000046,125,2014,28,7,21,1,0.25,2026-09-19 22:46:54
6000047,6000003,6000047,125,2015,39,6,33,1,0.154,2026-09-19 22:46:57
6000048,6000003,6000048,125,2016,20,3,17,1,0.15,2026-09-19 22:47:01
6000049,6000003,6000049,125,2017,18,4,14,0,0.222,2026-09-19 22:47:04
6000050,6000003,6000050,125,2018,25,6,19,0,0.24,2026-09-19 22:47:06
6000051,6000003,6000051,125,2019,24,12,12,0,0.5,2026-09-19 22:47:08
6000052,6000003,6000052,125,2020,13,4,9,0,0.308,2026-09-19 22:47:10
6000053,6000003,6000053,125,2021,20,2,18,0,0.1,2026-09-19 22:47:12
6000054,6000003,6000054,125,2022,40,9,31,0,0.225,2026-09-19 22:47:15
6000055,6000003,6000055,125,2023,21,5,16,0,0.238,2026-09-19 22:47:17
6000056,6000003,6000056,125,2024,30,5,25,1,0.167,2026-09-19 22:47:19
6000057,6000003,6000057,125,2025,27,11,16,1,0.407,2026-09-19 22:47:22
6000058,6000003,6000058,125,2026,39,11,28,3,0.282,2026-09-19 22:47:25
6000059,6000003,6000059,125,2027,32,13,19,0,0.406,2026-09-19 22:47:27
6000060,6000003,6000060,125,2028,17,16,1,0,0.941,2026-09-19 22:47:30
6000061,6000003,6000061,125,2029,38,9,29,0,0.237,2026-09-19 22:47:44
6000062,6000003,6000062,125,2030,34,11,23,1,0.324,2026-09-19 22:47:47
6000063,6000003,6000063,125,2031,77,26,51,0,0.338,2026-09-19 22:47:50
6000064,6000003,6000064,125,2033,10,3,7,0,0.3,2026-09-19 22:47:52
6000065,6000003,6000065,125,2034,16,5,11,0,0.312,2026-09-19 22:47:54
6000066,6000003,6000066,125,2032,40,3,37,0,0.075,2026-09-19 22:47:57
6000067,6000003,6000067,125,2035,24,7,17,0,0.292,2026-09-19 22:47:59
6000068,6000003,6000068,125,2036,8,1,7,0,0.125,2026-09-19 22:48:02
6000069,6000003,6000069,125,2037,16,3,13,0,0.188,2026-09-19 22:48:05
6000070,6000003,6000070,125,2038,26,3,23,0,0.115,2026-09-19 22:48:07
6000071,6000003,6000071,125,2039,38,10,28,0,0.263,2026-09-19 22:48:09
6000072,6000003,6000072,125,2040,20,5,15,0,0.25,2026-09-19 22:48:12
6000073,6000008,6000073,216,6000026,53,3,50,13,0.057,2026-09-19 22:49:28
6000074,6000008,6000074,216,6000027,42,6,36,6,0.143,2026-09-19 22:49:31
6000075,6000008,6000075,216,6000028,10,2,8,2,0.2,2026-09-19 22:49:33
6000076,6000008,6000076,216,6000029,28,6,22,9,0.214,2026-09-19 22:49:36
6000077,6000009,6000077,134,6000040,14,3,11,1,0.214,2026-09-19 23:01:53
6000078,6000009,6000078,134,6000041,12,4,8,1,0.333,2026-09-19 23:01:55
6000079,6000009,6000079,134,6000042,10,4,6,3,0.4,2026-09-19 23:01:57
6000080,6000009,6000080,134,6000043,10,1,9,1,0.1,2026-09-19 23:01:59
6000081,6000009,6000081,134,6000044,5,0,5,1,0.0,2026-09-19 23:02:02
6000082,6000009,6000082,134,6000045,6,1,5,1,0.167,2026-09-19 23:02:04
6000083,6000009,6000083,134,6000046,6,2,4,3,0.333,2026-09-19 23:02:06
6000084,6000009,6000084,134,6000047,9,6,3,0,0.667,2026-09-19 23:02:08
6000085,6000009,6000085,134,6000048,5,2,3,0,0.4,2026-09-19 23:02:10
6000086,6000009,6000086,134,6000049,3,1,2,0,0.333,2026-09-19 23:02:12
6000087,6000009,6000087,134,6000050,4,2,2,0,0.5,2026-09-19 23:02:14
6000088,6000009,6000088,134,6000051,5,3,2,0,0.6,2026-09-19 23:02:17
6000089,6000009,6000089,134,6000052,4,2,2,1,0.5,2026-09-19 23:02:19
6000090,6000009,6000090,134,6000053,8,2,6,0,0.25,2026-09-19 23:02:22
6000091,6000009,6000091,134,6000054,2,1,1,1,0.5,2026-09-19 23:02:24
6000092,6000009,6000092,134,6000055,9,7,2,2,0.778,2026-09-19 23:02:26
6000093,6000009,6000093,134,6000056,4,3,1,1,0.75,2026-09-19 23:02:28
6000094,6000009,6000094,134,6000057,4,0,4,0,0.0,2026-09-19 23:02:30
6000095,6000009,6000095,134,6000058,6,2,4,0,0.333,2026-09-19 23:02:32
6000096,6000009,6000096,134,6000059,3,2,1,0,0.667,2026-09-19 23:02:35
6000097,6000009,6000097,134,6000060,4,2,2,0,0.5,2026-09-19 23:02:37
6000098,6000009,6000098,134,6000061,9,7,2,0,0.778,2026-09-19 23:02:39
6000099,6000009,6000099,134,6000062,11,4,7,0,0.364,2026-09-19 23:02:41
6000100,6000009,6000100,134,6000063,8,3,5,0,0.375,2026-09-19 23:02:44
6000101,6000009,6000101,134,6000064,18,5,13,0,0.278,2026-09-19 23:02:46
6000102,6000009,6000102,134,6000065,10,3,7,1,0.3,2026-09-19 23:02:48
6000103,6000009,6000103,134,6000066,1,0,1,0,0.0,2026-09-19 23:02:51
6000104,6000009,6000104,134,6000067,10,0,10,1,0.0,2026-09-19 23:02:53
6000105,6000010,6000105,141,6000068,43,15,28,0,0.349,2026-09-19 23:46:12
6000106,6000010,6000106,141,6000069,5,2,3,0,0.4,2026-09-19 23:46:14
6000107,6000010,6000107,141,6000070,34,18,16,0,0.529,2026-09-19 23:46:17
6000108,6000010,6000108,141,6000071,44,8,36,0,0.182,2026-09-19 23:46:40
6000109,6000010,6000109,141,6000072,85,7,78,0,0.082,2026-09-19 23:46:45
6000110,6000010,6000110,141,6000073,16,7,9,0,0.438,2026-09-19 23:47:03
6000111,6000010,6000111,141,6000074,19,2,17,0,0.105,2026-09-19 23:47:06
6000112,6000010,6000112,141,6000075,47,3,44,0,0.064,2026-09-19 23:47:11
6000113,6000010,6000113,141,6000076,54,4,50,0,0.074,2026-09-19 23:47:36
6000114,6000010,6000114,141,6000077,41,3,38,0,0.073,2026-09-19 23:47:57
6000115,6000010,6000115,141,6000078,31,3,28,0,0.097,2026-09-19 23:48:08
6000116,6000010,6000116,141,6000079,32,3,29,0,0.094,2026-09-19 23:48:22
6000117,6000010,6000117,141,6000080,85,31,54,0,0.365,2026-09-19 23:48:38
6000118,6000010,6000118,141,6000081,25,11,14,0,0.44,2026-09-19 23:48:43
6000119,6000010,6000119,141,6000082,120,55,65,0,0.458,2026-09-19 23:49:02
6000120,6000010,6000120,141,6000083,21,12,9,1,0.571,2026-09-19 23:49:06
6000121,6000010,6000121,141,6000084,136,32,104,0,0.235,2026-09-19 23:49:35
6000122,6000010,6000122,141,6000085,131,48,83,0,0.366,2026-09-19 23:49:40
6000123,6000010,6000123,141,6000086,58,23,35,0,0.397,2026-09-19 23:49:43
6000124,6000010,6000124,141,6000087,30,8,22,0,0.267,2026-09-19 23:49:46
6000125,6000010,6000125,141,6000088,6,4,2,0,0.667,2026-09-19 23:49:48
6000126,6000010,6000126,141,6000089,18,15,3,0,0.833,2026-09-19 23:49:50
6000127,6000010,6000127,141,6000090,4,2,2,0,0.5,2026-09-19 23:49:53
6000128,6000010,6000128,141,6000091,5,4,1,0,0.8,2026-09-19 23:49:55
6000129,6000010,6000129,141,6000092,40,16,24,0,0.4,2026-09-19 23:50:01
6000130,6000010,6000130,141,6000093,8,2,6,0,0.25,2026-09-19 23:50:03
6000131,6000010,6000131,141,6000094,198,81,117,0,0.409,2026-09-19 23:50:27
6000132,6000010,6000132,141,6000095,8,6,2,0,0.75,2026-09-19 23:50:29
6000133,6000010,6000133,141,6000096,8,7,1,0,0.875,2026-09-19 23:50:33
6000134,6000010,6000134,141,6000097,116,16,100,0,0.138,2026-09-19 23:50:37
6000135,6000010,6000135,141,6000098,68,13,55,1,0.191,2026-09-19 23:50:40
6000136,6000014,6000136,269,6000099,3,2,1,0,0.667,2026-09-19 23:54:56
6000137,6000014,6000137,269,6000100,13,2,11,0,0.154,2026-09-19 23:54:58
6000138,6000014,6000138,269,6000101,13,2,11,0,0.154,2026-09-19 23:55:00
6000139,6000014,6000139,269,6000102,7,1,6,0,0.143,2026-09-19 23:55:02
6000140,6000014,6000140,269,6000103,13,2,11,0,0.154,2026-09-19 23:55:05
6000141,6000014,6000141,269,6000104,4,2,2,0,0.5,2026-09-19 23:55:08
6000142,6000014,6000142,269,6000105,14,3,11,0,0.214,2026-09-19 23:55:10
7000001,7000003,7000001,7000003,7000001,33,12,21,0,0.364,2026-09-19 22:05:48
7000002,7000001,7000002,7000001,7000008,17,4,13,0,0.235,2026-09-19 22:06:27
7000003,7000001,7000003,7000001,7000009,10,6,4,0,0.6,2026-09-19 22:06:29
7000004,7000004,7000004,7000004,7000010,26,2,24,0,0.077,2026-09-19 22:07:21
7000005,7000005,7000005,7000005,7000011,26,6,20,0,0.231,2026-09-19 22:08:10
7000006,7000007,7000006,7000007,7000022,50,20,30,0,0.4,2026-09-19 22:11:01
7000007,7000008,7000007,7000008,7000023,2,1,1,0,0.5,2026-09-19 22:12:53
7000008,7000006,7000008,7000006,7000012,27,1,26,0,0.037,2026-09-19 22:12:54
7000009,7000006,7000009,7000006,7000013,50,5,45,0,0.1,2026-09-19 22:12:57
7000010,7000006,7000010,7000006,7000014,30,2,28,0,0.067,2026-09-19 22:12:59
7000011,7000006,7000011,7000006,7000015,25,1,24,0,0.04,2026-09-19 22:13:02
7000012,7000006,7000012,7000006,7000016,20,1,19,0,0.05,2026-09-19 22:13:05
7000013,7000006,7000013,7000006,7000017,13,2,11,0,0.154,2026-09-19 22:13:09
7000014,7000006,7000014,7000006,7000018,13,2,11,0,0.154,2026-09-19 22:13:11
7000015,7000006,7000015,7000006,7000019,43,5,38,0,0.116,2026-09-19 22:13:16
7000016,7000006,7000016,7000006,7000020,22,1,21,0,0.045,2026-09-19 22:13:18
7000017,7000006,7000017,7000006,7000021,28,1,27,0,0.036,2026-09-19 22:13:21
7000018,7000009,7000018,7000009,7000024,20,3,17,0,0.15,2026-09-19 22:15:13
7000019,7000010,7000019,7000010,7000025,19,1,18,1,0.053,2026-09-19 22:15:50
7000020,7000010,7000020,7000010,7000026,7,2,5,1,0.286,2026-09-19 22:15:53
7000021,7000010,7000021,7000010,7000027,16,2,14,3,0.125,2026-09-19 22:15:55
7000022,7000010,7000022,7000010,7000028,3,2,1,0,0.667,2026-09-19 22:15:57
7000023,7000011,7000023,7000011,7000029,13,3,10,0,0.231,2026-09-19 22:17:22
7000024,7000012,7000024,7000012,7000030,73,17,56,1,0.233,2026-09-19 22:18:09
7000025,7000013,7000025,7000013,7000031,2,0,2,1,0.0,2026-09-19 22:21:40
7000026,7000013,7000026,7000013,7000032,13,2,11,0,0.154,2026-09-19 22:21:42
7000027,7000013,7000027,7000013,7000033,14,1,13,0,0.071,2026-09-19 22:21:44
7000028,7000013,7000028,7000013,7000034,12,2,10,0,0.167,2026-09-19 22:21:46
7000029,7000013,7000029,7000013,7000035,15,4,11,0,0.267,2026-09-19 22:21:48
7000030,7000013,7000030,7000013,7000036,29,1,28,0,0.034,2026-09-19 22:21:50
7000031,7000013,7000031,7000013,7000037,18,1,17,0,0.056,2026-09-19 22:21:52
7000032,7000013,7000032,7000013,7000038,59,3,56,0,0.051,2026-09-19 22:21:54
7000033,7000013,7000033,7000013,7000039,10,1,9,0,0.1,2026-09-19 22:21:56
7000034,7000002,7000034,7000002,7000002,29,28,1,1,0.966,2026-09-19 22:27:01
7000035,7000002,7000035,7000002,7000003,37,33,4,0,0.892,2026-09-19 22:27:03
7000036,7000002,7000036,7000002,7000004,10,1,9,0,0.1,2026-09-19 22:27:05
7000037,7000002,7000037,7000002,7000005,26,12,14,1,0.462,2026-09-19 22:27:07
7000038,7000002,7000038,7000002,7000006,13,8,5,0,0.615,2026-09-19 22:27:09
7000039,7000014,7000039,7000014,7000040,8,5,3,0,0.625,2026-09-19 22:46:00
7000040,7000014,7000040,7000014,7000041,7,5,2,2,0.714,2026-09-19 22:46:02
7000041,7000014,7000041,7000014,7000042,6,3,3,1,0.5,2026-09-19 22:46:04
7000042,7000014,7000042,7000014,7000043,7,5,2,4,0.714,2026-09-19 22:46:06
7000043,7000014,7000043,7000014,7000044,8,6,2,2,0.75,2026-09-19 22:46:08
7000044,7000014,7000044,7000014,7000045,7,5,2,2,0.714,2026-09-19 22:46:10
7000045,7000014,7000045,7000014,7000046,9,6,3,1,0.667,2026-09-19 22:46:12
7000046,7000014,7000046,7000014,7000047,4,0,4,0,0.0,2026-09-19 22:46:14
7000047,7000014,7000047,7000014,7000048,5,1,4,0,0.2,2026-09-19 22:46:16
7000048,7000014,7000048,7000014,7000049,5,3,2,1,0.6,2026-09-19 22:46:18
7000049,7000014,7000049,7000014,7000050,4,2,2,1,0.5,2026-09-19 22:46:20
7000050,7000014,7000050,7000014,7000051,5,2,3,1,0.4,2026-09-19 22:46:22
7000051,7000014,7000051,7000014,7000052,6,1,5,0,0.167,2026-09-19 22:46:24
7000052,7000014,7000052,7000014,7000053,5,3,2,0,0.6,2026-09-19 22:46:26
7000053,7000014,7000053,7000014,7000054,7,6,1,0,0.857,2026-09-19 22:46:27
7000054,7000014,7000054,7000014,7000055,6,4,2,1,0.667,2026-09-19 22:46:29
7000055,7000014,7000055,7000014,7000056,6,4,2,1,0.667,2026-09-19 22:46:31
7000056,7000014,7000056,7000014,7000057,6,4,2,1,0.667,2026-09-19 22:46:33
7000057,7000014,7000057,7000014,7000058,6,4,2,1,0.667,2026-09-19 22:46:35
7000058,7000014,7000058,7000014,7000059,6,4,2,1,0.667,2026-09-19 22:46:37
7000059,7000014,7000059,7000014,7000060,6,4,2,0,0.667,2026-09-19 22:46:39
7000060,7000014,7000060,7000014,7000061,6,4,2,0,0.667,2026-09-19 22:46:41
7000061,7000014,7000061,7000014,7000062,6,3,3,1,0.5,2026-09-19 22:46:43
7000062,7000014,7000062,7000014,7000063,6,4,2,0,0.667,2026-09-19 22:46:45
7000063,7000014,7000063,7000014,7000064,6,5,1,0,0.833,2026-09-19 22:46:47
7000064,7000014,7000064,7000014,7000065,6,4,2,1,0.667,2026-09-19 22:46:49
7000065,7000014,7000065,7000014,7000066,6,4,2,1,0.667,2026-09-19 22:46:51
7000066,7000014,7000066,7000014,7000067,7,6,1,0,0.857,2026-09-19 22:46:53
7000067,7000014,7000067,7000014,7000068,6,4,2,0,0.667,2026-09-19 22:46:55
7000068,7000014,7000068,7000014,7000069,6,4,2,0,0.667,2026-09-19 22:46:57
7000069,7000014,7000069,7000014,7000070,6,4,2,0,0.667,2026-09-19 22:46:59
7000070,7000014,7000070,7000014,7000071,6,3,3,0,0.5,2026-09-19 22:47:00
7000071,7000014,7000071,7000014,7000072,6,3,3,0,0.5,2026-09-19 22:47:02
7000072,7000015,7000072,7000015,7000073,5,5,0,0,1.0,2026-09-19 22:48:22
7000073,7000015,7000073,7000015,7000074,5,5,0,0,1.0,2026-09-19 22:48:24
7000074,7000016,7000074,7000016,7000075,31,11,20,0,0.355,2026-09-19 22:52:32
7000075,7000017,7000075,7000017,7000076,44,32,12,2,0.727,2026-09-19 23:02:35
7000076,7000017,7000076,7000017,7000077,40,24,16,2,0.6,2026-09-19 23:02:37
7000077,7000017,7000077,7000017,7000078,38,25,13,2,0.658,2026-09-19 23:02:39
7000078,7000017,7000078,7000017,7000079,25,16,9,2,0.64,2026-09-19 23:02:41
7000079,7000017,7000079,7000017,7000080,34,21,13,0,0.618,2026-09-19 23:02:44
7000080,7000017,7000080,7000017,7000081,30,16,14,1,0.533,2026-09-19 23:02:46
7000081,7000017,7000081,7000017,7000082,45,36,9,1,0.8,2026-09-19 23:02:48
7000082,7000017,7000082,7000017,7000083,50,42,8,3,0.84,2026-09-19 23:02:50
7000083,7000017,7000083,7000017,7000084,37,26,11,0,0.703,2026-09-19 23:02:52
7000084,7000017,7000084,7000017,7000085,33,24,9,0,0.727,2026-09-19 23:02:54
8000001,8000001,8000001,8000001,8000001,30,0,30,0,0.0,2026-09-19 22:39:17
8000002,8000002,8000002,8000002,8000003,16,8,8,0,0.5,2026-09-19 22:39:42
8000003,8000004,8000003,8000004,8000011,64,16,48,0,0.25,2026-09-19 22:41:09
8000004,8000003,8000004,8000003,8000002,11,5,6,3,0.455,2026-09-19 22:41:16
8000005,8000003,8000005,8000003,8000004,15,2,13,4,0.133,2026-09-19 22:41:20
8000006,8000003,8000006,8000003,8000005,23,3,20,4,0.13,2026-09-19 22:41:24
8000007,8000003,8000007,8000003,8000006,8,1,7,0,0.125,2026-09-19 22:41:28
8000008,8000003,8000008,8000003,8000007,6,1,5,3,0.167,2026-09-19 22:41:32
8000009,8000003,8000009,8000003,8000008,24,3,21,1,0.125,2026-09-19 22:41:36
8000010,8000003,8000010,8000003,8000009,14,2,12,1,0.143,2026-09-19 22:41:40
8000011,8000003,8000011,8000003,8000010,12,3,9,1,0.25,2026-09-19 22:41:43
8000012,8000006,8000012,8000006,8000026,36,4,32,0,0.111,2026-09-19 22:43:54
8000013,8000006,8000013,8000006,8000027,20,3,17,0,0.15,2026-09-19 22:43:58
8000014,8000005,8000014,8000005,8000012,12,1,11,0,0.083,2026-09-19 22:44:29
8000015,8000005,8000015,8000005,8000013,5,2,3,0,0.4,2026-09-19 22:44:33
8000016,8000005,8000016,8000005,8000014,2,1,1,0,0.5,2026-09-19 22:44:35
8000017,8000005,8000017,8000005,8000015,5,1,4,0,0.2,2026-09-19 22:44:38
8000018,8000005,8000018,8000005,8000016,1,1,0,0,1.0,2026-09-19 22:44:41
8000019,8000005,8000019,8000005,8000017,1,1,0,0,1.0,2026-09-19 22:44:44
8000020,8000005,8000020,8000005,8000018,1,1,0,0,1.0,2026-09-19 22:44:48
8000021,8000005,8000021,8000005,8000019,1,1,0,0,1.0,2026-09-19 22:44:50
8000022,8000005,8000022,8000005,8000020,1,1,0,0,1.0,2026-09-19 22:44:52
8000023,8000005,8000023,8000005,8000021,1,1,0,0,1.0,2026-09-19 22:44:56
8000024,8000005,8000024,8000005,8000022,3,1,2,0,0.333,2026-09-19 22:45:00
8000025,8000005,8000025,8000005,8000024,5,3,2,0,0.6,2026-09-19 22:45:03
8000026,8000005,8000026,8000005,8000025,5,2,3,0,0.4,2026-09-19 22:45:06
8000027,8000008,8000027,8000008,8000056,1,1,0,0,1.0,2026-09-19 22:48:45
8000028,8000008,8000028,8000008,8000057,1,0,1,0,0.0,2026-09-19 22:48:48
8000029,8000008,8000029,8000008,8000058,5,0,5,0,0.0,2026-09-19 22:48:51
8000030,8000008,8000030,8000008,8000059,0,0,0,0,1.0,2026-09-19 22:48:55
8000031,8000009,8000031,8000009,8000060,19,6,13,0,0.316,2026-09-19 22:49:26
8000032,8000010,8000032,8000010,8000061,43,12,31,0,0.279,2026-09-19 22:51:48
8000033,8000011,8000033,8000011,8000062,5,1,4,0,0.2,2026-09-19 22:52:52
8000034,8000012,8000034,8000012,8000063,44,2,42,0,0.045,2026-09-19 22:54:36
8000035,8000012,8000035,8000012,8000064,38,1,37,0,0.026,2026-09-19 22:54:40
8000036,8000013,8000036,8000013,8000065,56,1,55,0,0.018,2026-09-19 22:54:55
8000037,8000014,8000037,8000014,8000066,9,4,5,0,0.444,2026-09-19 22:56:28
8000038,8000014,8000038,8000014,8000067,44,19,25,0,0.432,2026-09-19 22:56:31
8000039,8000007,8000039,8000007,8000028,14,2,12,0,0.143,2026-09-19 23:20:20
8000040,8000007,8000040,8000007,8000029,17,4,13,0,0.235,2026-09-19 23:20:22
8000041,8000007,8000041,8000007,8000030,14,1,13,0,0.071,2026-09-19 23:20:24
8000042,8000007,8000042,8000007,8000031,17,4,13,0,0.235,2026-09-19 23:20:27
8000043,8000007,8000043,8000007,8000032,16,8,8,2,0.5,2026-09-19 23:20:29
8000044,8000007,8000044,8000007,8000033,16,9,7,2,0.562,2026-09-19 23:20:32
8000045,8000007,8000045,8000007,8000034,0,0,0,0,1.0,2026-09-19 23:20:34
8000046,8000007,8000046,8000007,8000035,29,7,22,0,0.241,2026-09-19 23:20:37
8000047,8000007,8000047,8000007,8000036,29,5,24,0,0.172,2026-09-19 23:20:40
8000048,8000007,8000048,8000007,8000037,19,3,16,0,0.158,2026-09-19 23:20:43
8000049,8000007,8000049,8000007,8000038,19,3,16,0,0.158,2026-09-19 23:20:45
8000050,8000007,8000050,8000007,8000039,16,0,16,0,0.0,2026-09-19 23:20:48
8000051,8000007,8000051,8000007,8000040,16,0,16,0,0.0,2026-09-19 23:20:50
8000052,8000007,8000052,8000007,8000041,16,0,16,0,0.0,2026-09-19 23:20:53
8000053,8000007,8000053,8000007,8000042,16,0,16,0,0.0,2026-09-19 23:20:55
8000054,8000007,8000054,8000007,8000043,14,1,13,0,0.071,2026-09-19 23:20:57
8000055,8000007,8000055,8000007,8000044,14,2,12,0,0.143,2026-09-19 23:21:00
8000056,8000007,8000056,8000007,8000045,14,0,14,0,0.0,2026-09-19 23:21:02
8000057,8000007,8000057,8000007,8000046,14,3,11,0,0.214,2026-09-19 23:21:04
8000058,8000007,8000058,8000007,8000047,23,1,22,1,0.043,2026-09-19 23:21:07
8000059,8000007,8000059,8000007,8000048,23,1,22,1,0.043,2026-09-19 23:21:09
8000060,8000007,8000060,8000007,8000049,28,9,19,0,0.321,2026-09-19 23:21:14
8000061,8000007,8000061,8000007,8000050,28,10,18,0,0.357,2026-09-19 23:21:17
8000062,8000007,8000062,8000007,8000051,13,3,10,0,0.231,2026-09-19 23:21:19
8000063,8000007,8000063,8000007,8000052,13,3,10,0,0.231,2026-09-19 23:21:22
8000064,8000007,8000064,8000007,8000053,13,2,11,0,0.154,2026-09-19 23:21:25
8000065,8000007,8000065,8000007,8000054,21,0,21,0,0.0,2026-09-19 23:21:28
8000066,8000007,8000066,8000007,8000055,21,3,18,0,0.143,2026-09-19 23:21:31
8000067,8000015,8000067,8000015,8000068,11,4,7,0,0.364,2026-09-19 23:33:08
8000068,8000015,8000068,8000015,8000069,18,5,13,0,0.278,2026-09-19 23:33:10
8000069,8000015,8000069,8000015,8000070,13,1,12,0,0.077,2026-09-19 23:33:14
8000070,8000015,8000070,8000015,8000071,7,3,4,0,0.429,2026-09-19 23:33:16
8000071,8000015,8000071,8000015,8000072,35,9,26,0,0.257,2026-09-19 23:33:19
8000072,8000015,8000072,8000015,8000073,21,3,18,0,0.143,2026-09-19 23:33:21
8000073,8000015,8000073,8000015,8000074,5,2,3,0,0.4,2026-09-19 23:33:23
8000074,8000015,8000074,8000015,8000075,4,0,4,0,0.0,2026-09-19 23:33:25
8000075,8000015,8000075,8000015,8000076,11,3,8,0,0.273,2026-09-19 23:33:27
8000076,8000015,8000076,8000015,8000077,3,2,1,0,0.667,2026-09-19 23:33:30
8000077,8000015,8000077,8000015,8000078,1,1,0,0,1.0,2026-09-19 23:33:32
8000078,8000015,8000078,8000015,8000079,5,1,4,0,0.2,2026-09-19 23:33:34
8000079,8000015,8000079,8000015,8000080,5,2,3,1,0.4,2026-09-19 23:33:36
8000080,8000015,8000080,8000015,8000081,16,2,14,0,0.125,2026-09-19 23:33:38
8000081,8000016,8000081,8000016,8000082,1,0,1,1,0.0,2026-09-19 23:36:13
8000082,8000016,8000082,8000016,8000083,1,0,1,1,0.0,2026-09-19 23:36:15
8000083,8000016,8000083,8000016,8000084,1,0,1,1,0.0,2026-09-19 23:36:17
8000084,8000017,8000084,8000017,8000085,13,1,12,0,0.077,2026-09-19 23:37:31
9000001,9000002,9000001,9000002,9000002,36,0,36,0,0.0,2026-09-19 22:41:35
9000002,9000001,9000002,9000001,9000001,7,0,7,0,0.0,2026-09-19 22:42:03
9000003,9000005,9000003,9000005,9000070,7,0,7,0,0.0,2026-09-19 22:43:38
9000004,9000005,9000004,9000005,9000071,6,0,6,0,0.0,2026-09-19 22:43:40
9000005,9000005,9000005,9000005,9000072,5,0,5,0,0.0,2026-09-19 22:43:43
9000006,9000003,9000006,9000003,9000003,70,11,59,0,0.157,2026-09-19 22:44:41
9000007,9000007,9000007,9000007,9000074,4,2,2,0,0.5,2026-09-19 22:46:05
9000008,9000008,9000008,9000008,9000075,2,1,1,0,0.5,2026-09-19 22:49:29
9000009,9000008,9000009,9000008,9000076,8,1,7,0,0.125,2026-09-19 22:49:31
9000010,9000008,9000010,9000008,9000077,4,1,3,0,0.25,2026-09-19 22:49:33
9000011,9000008,9000011,9000008,9000078,5,1,4,0,0.2,2026-09-19 22:49:36
9000012,9000008,9000012,9000008,9000079,4,2,2,1,0.5,2026-09-19 22:49:38
9000013,9000008,9000013,9000008,9000080,4,2,2,1,0.5,2026-09-19 22:49:40
9000014,9000008,9000014,9000008,9000081,2,1,1,1,0.5,2026-09-19 22:49:42
9000015,9000008,9000015,9000008,9000082,2,1,1,1,0.5,2026-09-19 22:49:44
9000016,9000008,9000016,9000008,9000083,3,1,2,2,0.333,2026-09-19 22:49:46
9000017,9000008,9000017,9000008,9000084,14,2,12,3,0.143,2026-09-19 22:49:48
9000018,9000008,9000018,9000008,9000085,5,1,4,1,0.2,2026-09-19 22:49:50
9000019,9000006,9000019,9000006,9000073,120,17,103,3,0.142,2026-09-19 22:50:38
9000020,9000009,9000020,9000009,9000086,16,1,15,1,0.062,2026-09-19 22:51:40
9000021,9000010,9000021,9000010,9000087,17,1,16,0,0.059,2026-09-19 22:52:01
9000022,9000011,9000022,9000011,9000088,30,4,26,0,0.133,2026-09-19 22:53:11
9000023,9000012,9000023,9000012,9000089,10,3,7,0,0.3,2026-09-19 22:58:28
9000024,9000012,9000024,9000012,9000090,2,1,1,0,0.5,2026-09-19 22:58:29
9000025,9000012,9000025,9000012,9000091,9,2,7,0,0.222,2026-09-19 22:58:31
9000026,9000012,9000026,9000012,9000092,6,4,2,0,0.667,2026-09-19 22:58:32
9000027,9000012,9000027,9000012,9000093,6,2,4,0,0.333,2026-09-19 22:58:34
9000028,9000012,9000028,9000012,9000094,7,3,4,0,0.429,2026-09-19 22:58:36
9000029,9000012,9000029,9000012,9000095,16,4,12,0,0.25,2026-09-19 22:58:37
9000030,9000012,9000030,9000012,9000096,4,2,2,0,0.5,2026-09-19 22:58:39
9000031,9000012,9000031,9000012,9000097,10,3,7,0,0.3,2026-09-19 22:58:40
9000032,9000012,9000032,9000012,9000098,2,1,1,0,0.5,2026-09-19 22:58:42
9000033,9000012,9000033,9000012,9000099,14,3,11,1,0.214,2026-09-19 22:58:43
9000034,9000012,9000034,9000012,9000100,9,3,6,2,0.333,2026-09-19 22:58:45
9000035,9000012,9000035,9000012,9000101,15,4,11,4,0.267,2026-09-19 22:58:47
9000036,9000012,9000036,9000012,9000102,10,2,8,4,0.2,2026-09-19 22:58:48
9000037,9000012,9000037,9000012,9000103,8,3,5,0,0.375,2026-09-19 22:58:50
9000038,9000012,9000038,9000012,9000104,8,3,5,0,0.375,2026-09-19 22:58:51
9000039,9000012,9000039,9000012,9000105,5,2,3,0,0.4,2026-09-19 22:58:53
9000040,9000012,9000040,9000012,9000106,5,3,2,0,0.6,2026-09-19 22:58:55
9000041,9000012,9000041,9000012,9000107,5,1,4,0,0.2,2026-09-19 22:58:56
9000042,9000012,9000042,9000012,9000108,7,2,5,0,0.286,2026-09-19 22:58:58
9000043,9000012,9000043,9000012,9000109,10,1,9,0,0.1,2026-09-19 22:58:59
9000044,9000012,9000044,9000012,9000110,6,2,4,1,0.333,2026-09-19 22:59:01
9000045,9000012,9000045,9000012,9000111,7,2,5,0,0.286,2026-09-19 22:59:02
9000046,9000012,9000046,9000012,9000112,5,1,4,0,0.2,2026-09-19 22:59:04
9000047,9000012,9000047,9000012,9000113,7,5,2,0,0.714,2026-09-19 22:59:06
9000048,9000012,9000048,9000012,9000114,4,1,3,0,0.25,2026-09-19 22:59:07
9000049,9000012,9000049,9000012,9000115,5,1,4,0,0.2,2026-09-19 22:59:09
9000050,9000012,9000050,9000012,9000116,12,4,8,0,0.333,2026-09-19 22:59:10
9000051,9000012,9000051,9000012,9000117,12,3,9,0,0.25,2026-09-19 22:59:12
9000052,9000012,9000052,9000012,9000118,14,5,9,0,0.357,2026-09-19 22:59:13
9000053,9000013,9000053,9000013,9000119,3,0,3,0,0.0,2026-09-19 23:02:00
9000054,9000013,9000054,9000013,9000120,7,0,7,0,0.0,2026-09-19 23:02:02
9000055,9000013,9000055,9000013,9000121,10,0,10,0,0.0,2026-09-19 23:02:04
9000056,9000013,9000056,9000013,9000122,7,2,5,0,0.286,2026-09-19 23:02:05
9000057,9000013,9000057,9000013,9000123,6,0,6,0,0.0,2026-09-19 23:02:07
9000058,9000013,9000058,9000013,9000124,13,0,13,0,0.0,2026-09-19 23:02:08
9000059,9000013,9000059,9000013,9000125,16,3,13,0,0.188,2026-09-19 23:02:10
9000060,9000013,9000060,9000013,9000126,9,3,6,0,0.333,2026-09-19 23:02:11
9000061,9000004,9000061,9000004,9000004,1,0,1,0,0.0,2026-09-19 23:09:22
9000062,9000004,9000062,9000004,9000005,25,11,14,1,0.44,2026-09-19 23:09:24
9000063,9000004,9000063,9000004,9000006,17,0,17,0,0.0,2026-09-19 23:09:25
9000064,9000004,9000064,9000004,9000007,76,72,4,0,0.947,2026-09-19 23:09:27
9000065,9000004,9000065,9000004,9000008,26,23,3,0,0.885,2026-09-19 23:09:28
9000066,9000004,9000066,9000004,9000009,20,14,6,2,0.7,2026-09-19 23:09:30
9000067,9000004,9000067,9000004,9000010,7,4,3,0,0.571,2026-09-19 23:09:33
9000068,9000004,9000068,9000004,9000011,15,12,3,0,0.8,2026-09-19 23:09:43
9000069,9000004,9000069,9000004,9000012,37,33,4,0,0.892,2026-09-19 23:09:45
9000070,9000004,9000070,9000004,9000013,24,21,3,0,0.875,2026-09-19 23:09:46
9000071,9000004,9000071,9000004,9000014,8,3,5,0,0.375,2026-09-19 23:09:48
9000072,9000004,9000072,9000004,9000015,26,3,23,0,0.115,2026-09-19 23:09:50
9000073,9000004,9000073,9000004,9000016,42,34,8,0,0.81,2026-09-19 23:09:51
9000074,9000004,9000074,9000004,9000017,20,16,4,0,0.8,2026-09-19 23:09:53
9000075,9000004,9000075,9000004,9000018,32,28,4,0,0.875,2026-09-19 23:09:55
9000076,9000004,9000076,9000004,9000019,6,3,3,0,0.5,2026-09-19 23:09:56
9000077,9000004,9000077,9000004,9000020,29,6,23,0,0.207,2026-09-19 23:09:58
9000078,9000004,9000078,9000004,9000021,36,14,22,1,0.389,2026-09-19 23:09:59
9000079,9000004,9000079,9000004,9000022,26,12,14,0,0.462,2026-09-19 23:10:04
9000080,9000004,9000080,9000004,9000023,38,21,17,0,0.553,2026-09-19 23:10:06
9000081,9000004,9000081,9000004,9000024,1,0,1,0,0.0,2026-09-19 23:10:07
9000082,9000004,9000082,9000004,9000025,19,6,13,1,0.316,2026-09-19 23:10:09
9000083,9000004,9000083,9000004,9000026,33,3,30,0,0.091,2026-09-19 23:10:11
9000084,9000004,9000084,9000004,9000027,9,1,8,2,0.111,2026-09-19 23:10:13
9000085,9000004,9000085,9000004,9000028,22,6,16,0,0.273,2026-09-19 23:10:14
9000086,9000004,9000086,9000004,9000029,12,1,11,0,0.083,2026-09-19 23:10:16
9000087,9000004,9000087,9000004,9000030,31,6,25,0,0.194,2026-09-19 23:10:18
9000088,9000004,9000088,9000004,9000031,2,1,1,0,0.5,2026-09-19 23:10:19
9000089,9000004,9000089,9000004,9000032,47,2,45,0,0.043,2026-09-19 23:10:21
9000090,9000004,9000090,9000004,9000033,49,20,29,0,0.408,2026-09-19 23:10:24
9000091,9000004,9000091,9000004,9000034,7,2,5,0,0.286,2026-09-19 23:10:25
9000092,9000004,9000092,9000004,9000035,39,11,28,0,0.282,2026-09-19 23:10:27
9000093,9000004,9000093,9000004,9000036,30,14,16,0,0.467,2026-09-19 23:10:29
9000094,9000004,9000094,9000004,9000037,22,10,12,0,0.455,2026-09-19 23:10:31
9000095,9000004,9000095,9000004,9000038,21,10,11,0,0.476,2026-09-19 23:10:32
9000096,9000004,9000096,9000004,9000039,11,5,6,0,0.455,2026-09-19 23:10:34
9000097,9000004,9000097,9000004,9000040,53,24,29,0,0.453,2026-09-19 23:10:36
9000098,9000004,9000098,9000004,9000041,31,14,17,0,0.452,2026-09-19 23:10:39
9000099,9000004,9000099,9000004,9000042,1,1,0,0,1.0,2026-09-19 23:10:40
9000100,9000004,9000100,9000004,9000043,12,7,5,0,0.583,2026-09-19 23:10:42
9000101,9000004,9000101,9000004,9000044,17,8,9,0,0.471,2026-09-19 23:10:43
9000102,9000004,9000102,9000004,9000045,4,2,2,0,0.5,2026-09-19 23:10:45
9000103,9000004,9000103,9000004,9000046,16,8,8,0,0.5,2026-09-19 23:10:47
9000104,9000004,9000104,9000004,9000047,19,2,17,0,0.105,2026-09-19 23:10:48
9000105,9000004,9000105,9000004,9000048,19,19,0,1,1.0,2026-09-19 23:10:50
9000106,9000004,9000106,9000004,9000049,7,4,3,0,0.571,2026-09-19 23:10:51
9000107,9000004,9000107,9000004,9000050,7,3,4,0,0.429,2026-09-19 23:10:53
9000108,9000004,9000108,9000004,9000051,15,11,4,0,0.733,2026-09-19 23:10:54
9000109,9000004,9000109,9000004,9000052,7,1,6,0,0.143,2026-09-19 23:10:56
9000110,9000004,9000110,9000004,9000053,8,2,6,1,0.25,2026-09-19 23:10:58
9000111,9000004,9000111,9000004,9000054,14,0,14,0,0.0,2026-09-19 23:10:59
9000112,9000004,9000112,9000004,9000055,12,7,5,0,0.583,2026-09-19 23:11:01
9000113,9000004,9000113,9000004,9000056,15,8,7,0,0.533,2026-09-19 23:11:03
9000114,9000004,9000114,9000004,9000057,9,3,6,0,0.333,2026-09-19 23:11:05
9000115,9000004,9000115,9000004,9000058,10,6,4,0,0.6,2026-09-19 23:11:06
9000116,9000004,9000116,9000004,9000059,13,6,7,0,0.462,2026-09-19 23:11:08
9000117,9000004,9000117,9000004,9000060,11,7,4,0,0.636,2026-09-19 23:11:09
9000118,9000004,9000118,9000004,9000061,11,5,6,0,0.455,2026-09-19 23:11:11
9000119,9000004,9000119,9000004,9000062,12,8,4,0,0.667,2026-09-19 23:11:12
9000120,9000004,9000120,9000004,9000063,13,7,6,0,0.538,2026-09-19 23:11:14
9000121,9000004,9000121,9000004,9000064,17,6,11,0,0.353,2026-09-19 23:11:16
9000122,9000004,9000122,9000004,9000065,18,4,14,0,0.222,2026-09-19 23:11:17
9000123,9000004,9000123,9000004,9000066,5,4,1,0,0.8,2026-09-19 23:11:19
9000124,9000004,9000124,9000004,9000067,9,6,3,0,0.667,2026-09-19 23:11:21
9000125,9000004,9000125,9000004,9000068,6,4,2,0,0.667,2026-09-19 23:11:22
9000126,9000004,9000126,9000004,9000069,13,2,11,0,0.154,2026-09-19 23:11:24
9000127,9000014,9000127,9000014,9000127,25,0,25,0,0.0,2026-09-19 23:12:13
9000128,9000015,9000128,9000015,9000128,12,9,3,0,0.75,2026-09-19 23:13:36
9000129,9000015,9000129,9000015,9000129,15,1,14,0,0.067,2026-09-19 23:13:39
9000130,9000016,9000130,9000016,9000130,12,2,10,0,0.167,2026-09-19 23:15:10
9000131,9000017,9000131,9000017,9000131,16,0,16,0,0.0,2026-09-19 23:17:23
10000001,10000001,10000001,10000001,10000001,49,43,6,0,0.878,2026-09-19 22:48:17
10000002,10000001,10000002,10000001,10000002,49,42,7,0,0.857,2026-09-19 22:48:20
10000003,10000003,10000003,10000003,10000003,9,9,0,0,1.0,2026-09-19 22:48:23
10000004,10000002,10000004,10000002,10000004,32,24,8,0,0.75,2026-09-19 22:48:25
10000005,10000005,10000005,10000005,10000006,6,0,6,0,0.0,2026-09-19 22:49:28
10000006,10000006,10000006,10000006,10000007,8,3,5,0,0.375,2026-09-19 22:49:40
10000007,10000004,10000007,10000004,10000005,65,15,50,4,0.231,2026-09-19 22:49:47
10000008,10000008,10000008,10000008,10000012,3,3,0,0,1.0,2026-09-19 22:50:40
10000009,10000007,10000009,10000007,10000008,5,0,5,1,0.0,2026-09-19 22:51:35
10000010,10000007,10000010,10000007,10000009,7,0,7,1,0.0,2026-09-19 22:51:37
10000011,10000007,10000011,10000007,10000010,4,0,4,1,0.0,2026-09-19 22:51:39
10000012,10000007,10000012,10000007,10000011,2,0,2,1,0.0,2026-09-19 22:51:42
10000013,10000009,10000013,10000009,10000013,8,1,7,0,0.125,2026-09-19 22:51:55
10000014,10000012,10000014,10000012,10000028,14,4,10,0,0.286,2026-09-19 22:52:45
10000015,10000012,10000015,10000012,10000029,4,1,3,0,0.25,2026-09-19 22:52:47
10000016,10000011,10000016,10000011,10000020,47,7,40,0,0.149,2026-09-19 22:54:51
10000017,10000011,10000017,10000011,10000021,16,3,13,2,0.188,2026-09-19 22:54:52
10000018,10000011,10000018,10000011,10000022,16,5,11,0,0.312,2026-09-19 22:54:53
10000019,10000011,10000019,10000011,10000023,13,5,8,0,0.385,2026-09-19 22:54:55
10000020,10000011,10000020,10000011,10000024,49,7,42,0,0.143,2026-09-19 22:54:57
10000021,10000011,10000021,10000011,10000025,19,4,15,2,0.211,2026-09-19 22:54:58
10000022,10000011,10000022,10000011,10000026,19,6,13,0,0.316,2026-09-19 22:55:00
10000023,10000011,10000023,10000011,10000027,16,7,9,0,0.438,2026-09-19 22:55:01
10000024,10000014,10000024,10000014,10000034,18,14,4,0,0.778,2026-09-19 22:55:13
10000025,10000014,10000025,10000014,10000035,17,15,2,0,0.882,2026-09-19 22:55:15
10000026,10000014,10000026,10000014,10000036,30,21,9,0,0.7,2026-09-19 22:55:17
10000027,10000014,10000027,10000014,10000037,26,5,21,0,0.192,2026-09-19 22:55:19
10000028,10000014,10000028,10000014,10000038,31,15,16,0,0.484,2026-09-19 22:55:21
10000029,10000014,10000029,10000014,10000039,31,26,5,1,0.839,2026-09-19 22:55:22
10000030,10000014,10000030,10000014,10000040,21,5,16,0,0.238,2026-09-19 22:55:24
10000031,10000014,10000031,10000014,10000041,22,12,10,0,0.545,2026-09-19 22:55:25
10000032,10000014,10000032,10000014,10000042,17,9,8,0,0.529,2026-09-19 22:55:27
10000033,10000014,10000033,10000014,10000043,6,5,1,0,0.833,2026-09-19 22:55:28
10000034,10000013,10000034,10000013,10000030,77,34,43,0,0.442,2026-09-19 23:07:03
10000035,10000013,10000035,10000013,10000031,5,2,3,0,0.4,2026-09-19 23:07:05
10000036,10000013,10000036,10000013,10000032,3,1,2,0,0.333,2026-09-19 23:07:06
10000037,10000013,10000037,10000013,10000033,1,0,1,0,0.0,2026-09-19 23:07:07
10000038,10000015,10000038,10000015,10000044,18,13,5,0,0.722,2026-09-19 23:09:23
10000039,10000015,10000039,10000015,10000045,8,1,7,1,0.125,2026-09-19 23:09:25
10000040,10000015,10000040,10000015,10000046,2,0,2,0,0.0,2026-09-19 23:09:26
10000041,10000015,10000041,10000015,10000047,12,11,1,0,0.917,2026-09-19 23:09:27
10000042,10000015,10000042,10000015,10000048,7,1,6,0,0.143,2026-09-19 23:09:29
10000043,10000015,10000043,10000015,10000049,9,0,9,0,0.0,2026-09-19 23:09:30
10000044,10000015,10000044,10000015,10000050,10,8,2,0,0.8,2026-09-19 23:09:32
10000045,10000015,10000045,10000015,10000051,6,5,1,0,0.833,2026-09-19 23:09:33
10000046,10000015,10000046,10000015,10000052,11,0,11,0,0.0,2026-09-19 23:09:35
10000047,10000015,10000047,10000015,10000053,11,6,5,0,0.545,2026-09-19 23:09:36
10000048,10000015,10000048,10000015,10000054,14,6,8,0,0.429,2026-09-19 23:09:38
10000049,10000016,10000049,10000016,10000055,43,10,33,1,0.233,2026-09-19 23:19:06
11000001,11000010,11000001,10000010,11000001,10,1,9,0,0.1,2026-09-20 00:24:48
11000002,11000010,11000002,10000010,11000002,16,3,13,0,0.188,2026-09-20 00:24:50
11000003,11000010,11000003,10000010,11000003,5,0,5,0,0.0,2026-09-20 00:24:52
11000004,11000010,11000004,10000010,11000004,17,3,14,0,0.176,2026-09-20 00:24:55
11000005,11000010,11000005,10000010,11000005,5,0,5,0,0.0,2026-09-20 00:24:58
11000006,11000010,11000006,10000010,11000006,10,1,9,0,0.1,2026-09-20 00:25:00
11000007,11000012,11000007,112,11000008,41,7,34,0,0.171,2026-09-20 00:45:40
