id,repository_id,name,language
1,3,elastic-blast-rdrp.ipynb,python
2,8,scripts/apply_normative_models_ct.ipynb,python
3,8,scripts/apply_normative_models_sa.ipynb,python
4,8,scripts/apply_normative_models_smith10.ipynb,python
5,8,scripts/apply_normative_models_yeo17.ipynb,python
6,8,scripts/fit_normative_models_ct.ipynb,python
7,8,scripts/fit_normative_models_yeo17.ipynb,python
8,10,PREDICATE.ipynb,python
9,10,pymcadre/main_pymcadre.ipynb,python
10,10,pymcadre/test_scripts/python_recon1_with_BOF_and_VBOF__BEC1_method2.ipynb,python
11,10,pymcadre/test_scripts/test_check_model_consistency_module.ipynb,python
12,10,pymcadre/test_scripts/test_check_module.ipynb,python
13,10,pymcadre/test_scripts/test_prune_model_fastcc.ipynb,python
14,10,pymcadre/test_scripts/test_prune_module_fastFVA.ipynb,python
15,10,pymcadre/test_scripts/test_rank_reactions_module.ipynb,python
16,11,notebooks/0-Clinical-data-simulator.ipynb,python
17,11,notebooks/1-Table-Baseline-Characteristics.ipynb,python
18,11,notebooks/2-Factor-Analysis-for-Mixed-Data.ipynb,python
19,11,notebooks/3-Logistic-Regression-Model.ipynb,python
20,11,notebooks/4-Random-Forest-Model.ipynb,python
21,11,notebooks/5-Models-comparison.ipynb,python
22,14,Analysis/Distribution DSL1 DSL2/distribution.ipynb,python
23,14,Analysis/Form DSL1 Database/form_database.ipynb,python
24,14,Analysis/Similarity Processes/mesure_similarity.ipynb,python
25,15,notebook/Figures_reuse_processes_simil_wf.ipynb,python
26,15,notebook/group_patterns_proc.ipynb,python
27,16,examples/compare_GPs.ipynb,python
28,16,examples/contrib/cBO_1D_GPax_tutorial.ipynb,python
29,16,examples/contrib/gpax_dkl_notebookIII_molecules.ipynb,python
30,16,examples/GP_sGP.ipynb,python
31,16,examples/gpax_GPBO.ipynb,python
32,16,examples/gpax_hypo.ipynb,python
33,16,examples/GPax_MultiTaskGP_BO.ipynb,python
34,16,examples/gpax_simpleGP.ipynb,python
35,16,examples/gpax_simpleGP_tutorial.ipynb,python
36,16,examples/gpax_UIGP.ipynb,python
37,16,examples/gpax_viDKL_plasmons.ipynb,python
38,16,examples/gpax_viGP.ipynb,python
39,16,examples/heteroskedasticGP.ipynb,python
40,16,examples/MeasuredNoiseGP.ipynb,python
41,16,examples/simpleGP.ipynb,python
42,17,database/preprocessing/0-downloading/downloading-poland.ipynb,python
43,17,database/preprocessing/1-parsing/duplicate-removal/remove_duplicates_abruzzo.ipynb,python
44,17,database/preprocessing/1-parsing/duplicate-removal/remove_duplicates_piemonte.ipynb,python
45,17,database/preprocessing/2-db-set-up/check_no_zeros.ipynb,python
46,17,database/preprocessing/2-db-set-up/lau-matching.ipynb,python
47,17,database/preprocessing/2-db-set-up/loss-db-set-up.ipynb,python
48,17,database/preprocessing/3-attrib-cleaning/type-mapping/type-country.ipynb,python
49,17,database/preprocessing/3-attrib-cleaning/type-mapping/type-germany.ipynb,python
50,17,database/preprocessing/3-attrib-cleaning/type-mapping/type-osm.ipynb,python
51,17,tutorials/downloading-openstreetmap.ipynb,python
52,17,tutorials/downloading-parsing-osm.ipynb,python
53,17,tutorials/downloading-spain-cadaster.ipynb,python
54,17,tutorials/getting-started.ipynb,python
55,17,tutorials/website/getting-started-website.ipynb,python
56,20,Examples/Basic usage examples.ipynb,python
57,20,Examples/Envision multiSyncPy demo updated data.ipynb,python
58,20,Examples/Workflow B example.ipynb,python
59,22,docs/xml_update.ipynb,python
60,22,examples/growth/PhysiCOOL_growth_example.ipynb,python
61,22,examples/interactive-toy-model.ipynb,python
62,22,examples/motility/black_box.ipynb,python
63,22,examples/motility/sweeper.ipynb,python
64,22,examples/output-viz.ipynb,python
65,22,examples/third_party/third_party.ipynb,python
66,24,HiCAT_example_py_v03.ipynb,python
67,27,notebooks/getting_started_pbmc10k.ipynb,python
68,28,foo.ipynb,python
69,29,foo.ipynb,python
70,30,foo.ipynb,python
71,31,index.ipynb,python
72,291,my-test.ipynb,python
73,292,sample.ipynb,python
74,31,attached-test.ipynb,python
75,112,fresh-attach.ipynb,python
76,292,second-file.ipynb,python
77,32,CountVectorizer/CountVectorizer.ipynb,python
78,32,"cbow_skipgram_subword/Comparison of CBOW, SkipGram and SkipGram with Subword Information.ipynb",python
79,32,hashingvectorizer/HashingVectorizer.ipynb,python
80,32,pre-trained-embeddings/Pre-trained embeddings.ipynb,python
81,32,text-classification/notebooks/Text Classification with Logistic Regression.ipynb,python
82,32,text-pre-processing/Text Preprocessing Examples.ipynb,python
83,32,tf-idf/Keyword Extraction with TF-IDF and SKlearn.ipynb,python
84,32,tfidftransformer/TFIDFTransformer vs. TFIDFVectorizer.ipynb,python
85,32,word2vec/Word2Vec.ipynb,python
86,33,00.getting_started.ipynb,python
87,33,01.neural_network.ipynb,python
88,33,02.heart_disease_prediction.ipynb,python
89,33,03.stock_prediction.ipynb,python
90,33,05.handling_imbalanced_data.ipynb,python
91,33,06.bias_variance_tradeoff.ipynb,python
92,33,07.hyperparameter_tuning.ipynb,python
93,33,08.deploy_to_production.ipynb,python
94,33,09.data_preprocessing.ipynb,python
95,33,10.fundamental_algorithms.ipynb,python
96,33,11.time_series.ipynb,python
97,33,12.time-series-demand_prediction.ipynb,python
98,33,13.time-series-human_activity_recognition.ipynb,python
99,33,14.time-series-anomaly-detection.ipynb,python
100,33,15.object-detection.ipynb,python
101,33,16.image-augmentation.ipynb,python
102,33,17.sentiment-analysis.ipynb,python
103,33,18.intent-recognition-with-BERT.ipynb,python
104,34,notebooks/Baselines for Intervention Prediction - Mechanical Ventilation.ipynb,python
105,34,notebooks/Baselines for Intervention Prediction - Vasopressor.ipynb,python
106,34,notebooks/Baselines for Mortality and LOS prediction - GRU-D.ipynb,python
107,34,notebooks/Baselines for Mortality and LOS prediction - Sklearn.ipynb,python
108,34,notebooks/Summary Stats.ipynb,python
109,34,notebooks/Testing mimic_direct_extract.ipynb,python
110,35,rust/docs/generate_diagrams.ipynb,python
111,35,target/aws/scripts/notebooks/Join_Weak_Scaling.ipynb,python
112,35,target/aws/scripts/notebooks/Join_Weak_Scaling_lambda.ipynb,python
113,35,target/aws/scripts/notebooks/Join_Weak_Scaling_quals.ipynb,python
114,35,target/aws/scripts/notebooks/Join_Weak_Scaling_quals2.ipynb,python
115,35,target/aws/scripts/notebooks/Join_Weak_Scaling_round2.ipynb,python
116,35,target/aws/scripts/notebooks/frontiersCloudSubmission.ipynb,python
117,35,target/aws/scripts/zeromq/test.ipynb,python
118,35,target/aws/scripts/zeromq/zeroMqTest.ipynb,python
119,36,Chapter01/Chapter 1.ipynb,python
120,36,Chapter01/Excercises Ch1.ipynb,python
121,36,Chapter02/Chapter 2.ipynb,python
122,36,Chapter02/Excercises Ch2.ipynb,python
123,36,Chapter03/Chapter 3.ipynb,python
124,36,Chapter03/Excercises Ch3.ipynb,python
125,36,Chapter04/Chapter 4.ipynb,python
126,36,Chapter04/Excercises Ch4.ipynb,python
127,36,Chapter05/Chaper 5 Excercises.ipynb,python
128,36,Chapter05/Chapter 5.ipynb,python
129,36,Chapter06/Chaper 6 Excercises.ipynb,python
130,36,Chapter06/Chapter 6.ipynb,python
131,36,Chapter07/Chaper 7 Excercises.ipynb,python
132,36,Chapter07/Chapter 7.ipynb,python
133,36,Chapter08/Chaper 8 Excercises.ipynb,python
134,36,Chapter08/Chapter 8.ipynb,python
135,36,Chapter09/Chaper 9 Excercises.ipynb,python
136,36,Chapter09/Chapter 9.ipynb,python
137,36,Chapter10/Chaper 10 Excercises.ipynb,python
138,36,Chapter10/Chapter 10.ipynb,python
139,36,Chapter11/Chaper 11 Excercises.ipynb,python
140,36,Chapter11/Chapter 11.ipynb,python
141,36,Chapter12/Chaper 12 Excercises.ipynb,python
142,36,Chapter12/Chapter 12.ipynb,python
143,36,Chapter13/Chapter 13 Excercises.ipynb,python
144,36,Chapter13/Chapter 13.ipynb,python
145,36,Chapter14/Chaper 14 Excercises.ipynb,python
146,36,Chapter14/Chapter 14.ipynb,python
147,36,Chapter15/Chapter 15.ipynb,python
148,36,Chapter16/Chapter 16.ipynb,python
149,36,Chapter17/Chapter 17.ipynb,python
150,37,Notebooks/stock/Stock_Example.ipynb,python
151,37,Notebooks/stock/Stock_advanced_example.ipynb,python
152,37,Notebooks/v0_ml/Github_Page.ipynb,python
153,37,Notebooks/v0_ml/Pandas_Transformer_Example.ipynb,python
154,37,Notebooks/v0_ml/cnn.ipynb,python
155,37,Notebooks/v0_ml/momentum trading.ipynb,python
156,37,Notebooks/v0_ml/pandas.ipynb,python
157,37,Notebooks/v0_ml/stock prediction with sklearn.ipynb,python
158,37,Notebooks/v0_ml/stock_query_example.ipynb,python
159,37,Notebooks/v0_ml/stock_test.ipynb,python
160,37,Notebooks/v0_ml/t-sne.ipynb,python
161,37,Notebooks/v1_ml/introduction.ipynb,python
162,37,Notebooks/v1_ml/stock_transform.ipynb,python
163,37,Plot Gallery.ipynb,python
164,37,Stock Extraction API example.ipynb,python
165,38,docs/drift_removal.ipynb,python
166,38,docs/postprocessing.ipynb,python
167,38,docs/regionmask.ipynb,python
168,38,docs/tutorial.ipynb,python
169,38,notebooks/add_more_models.ipynb,python
170,38,notebooks/maintenance_grids.ipynb,python
171,38,notebooks/metric_parse_improvement.ipynb,python
172,38,notebooks/parse_area_gn.ipynb,python
173,38,notebooks/testing_various_issues.ipynb,python
174,39,CALCE_CS2.ipynb,python
175,39,OxfordBatteryClass.ipynb,python
176,39,XJTU数据集分析.ipynb,python
177,40,1-NMT-Data-Processing.ipynb,python
178,40,2-NMT-Training.ipynb,python
179,41,notebooks/language modeling sequential.ipynb,python
180,41,notebooks/language modeling.ipynb,python
181,41,notebooks/movie_review_sentiment_analysis.ipynb,python
182,42,Credit Risk Modeling.ipynb,python
183,43,tests/icd_test/Run.ipynb,python
184,43,tests/icd_time_test/Run.ipynb,python
185,43,tests/large_test/Run.ipynb,python
186,43,tests/small_test/Run-docker.ipynb,python
187,43,tests/small_test/Run.ipynb,python
188,44,Single_Factor_Alphalens/Alphalens_single_factor.ipynb,python
189,44,Single_Factor_Alphalens/Data_download_and_process.ipynb,python
190,44,examples/single_factor_analysis.ipynb,python
191,44,not useful temporarily/Ricequant API.ipynb,python
192,45,notebooks/00_synthetic_classification.ipynb,python
193,45,notebooks/01_enhancer.ipynb,python
194,45,notebooks/02_fmri.ipynb,python
195,45,notebooks/03_computer_vision_dnn.ipynb,python
196,45,notebooks/04_feat_importance_stability.ipynb,python
197,45,notebooks/computational/00_mlflow_tracking.ipynb,python
198,45,notebooks/computational/01_ray_async.ipynb,python
199,45,notebooks/experimental/01_enhancer_experimental.ipynb,python
200,45,notebooks/experimental/build_Vset.ipynb,python
201,45,notebooks/experimental/caching.ipynb,python
202,45,notebooks/experimental/impute-predict-screen.ipynb,python
203,45,notebooks/experimental/lazy_eval.ipynb,python
204,45,notebooks/experimental/p_check.ipynb,python
205,46,Small_Language_Model_Building (1).ipynb,python
206,46,Small_Language_Model_Building (2).ipynb,python
207,46,Small_Language_Model_Building.ipynb,python
208,47,example/notebook.ipynb,python
209,48,lakehouse-eda.ipynb,python
210,49,pl_compare_demo.ipynb,python
211,50,exploration.ipynb,python
212,51,notebooks/Creando un mosaico usando `s2froms3` en Python a partir de imágenes de Sentinel-2.ipynb,python
213,51,notebooks/Creating a mosaic from Sentinel-2 imagery using `s2froms3` and Python.ipynb,python
214,52,00_start.ipynb,python
215,52,01_introduction.ipynb,python
216,52,02_background.ipynb,python
217,52,03_json2cbor_eval.ipynb,python
218,52,03_json2cbor_eval/01_dataset_collection.ipynb,python
219,52,03_json2cbor_eval/02_request_response_time.ipynb,python
220,52,04_cbor4dns_eval.ipynb,python
221,52,04_cbor4dns_eval/01_dataset_collection.ipynb,python
222,52,04_cbor4dns_eval/02_encoding.ipynb,python
223,52,04_cbor4dns_eval/03_comp_pot_prep.ipynb,python
224,52,04_cbor4dns_eval/xx_base17_comp_ipv6.ipynb,python
225,52,04_cbor4dns_eval/xx_packed_design_considerations.ipynb,python
226,52,05_implementation.ipynb,python
227,52,06_e2e_eval.ipynb,python
228,217,05 Introduction to Financial Python[]/01 Data Types and Data Structures/01 Data Types and Data Structures.ipynb,python
229,217,05 Introduction to Financial Python[]/02 Logical Operations and Loops/02 Logical Operations and Loops.ipynb,python
230,217,05 Introduction to Financial Python[]/03 Functions and Objective-Oriented Programming/03 Functions and Objective-Oriented Programming.ipynb,python
231,217,05 Introduction to Financial Python[]/04 NumPy and Basic Pandas/04 NumPy and Basic Pandas.ipynb,python
232,217,05 Introduction to Financial Python[]/05 Pandas-Resampling and DataFrame/05 Pandas-Resampling and DataFrame.ipynb,python
233,217,"05 Introduction to Financial Python[]/06 Rate of Return, Mean and Variance/06 Rate of Return, Mean and Variance.ipynb",python
234,217,05 Introduction to Financial Python[]/07 Random Variables and Distributions/07 Random Variable and Distributions.ipynb,python
235,217,05 Introduction to Financial Python[]/08 Confidence Interval and Hypothesis Testing/08 Confidence Interval and Hypothesis Testing.ipynb,python
236,217,05 Introduction to Financial Python[]/09 Simple Linear Regression/09 Simple Linear Regression.ipynb,python
237,217,05 Introduction to Financial Python[]/10 Multiple Linear Regression/10 Multiple Linear Regression.ipynb,python
238,217,05 Introduction to Financial Python[]/11 Linear Algebra/11 Linear Algebra.ipynb,python
239,217,05 Introduction to Financial Python[]/12 Modern Portfolio Theory/12 Modern Portfolio Theory.ipynb,python
240,217,05 Introduction to Financial Python[]/13 Market Risk/13 Market Risk.ipynb,python
241,217,05 Introduction to Financial Python[]/14 Fama-French Multi-Factor Models/14 Fama-French Multi-Factor Models.ipynb,python
242,217,06 Introduction to Options[]/03 Put-Call Parity and Arbitrage Strategies/02 Put-Call Parity and Arbitrage Strategies.ipynb,python
243,217,06 Introduction to Options[]/04 Stochastic Processes and Monte Carlo Method/04 Stochastic Processes and Monte Carlo Method.ipynb,python
244,217,06 Introduction to Options[]/05 Options Pricing Black Scholes Merton Model/05 Option Pricing Black Scholes Merton Model.ipynb,python
245,217,06 Introduction to Options[]/06 The Greek Letters/06 The Greek Letters.ipynb,python
246,217,06 Introduction to Options[]/07 Historical Volatility and Implied Volatility/07 Historical Volatility and Implied Volatility.ipynb,python
247,217,06 Introduction to Options[]/08 Local Volatility and Stochastic Volatility/08 Local Volatility and Stochastic Volatility.ipynb,python
248,53,benchmark/notebooks/step1_extract_dtm_tiles.ipynb,python
249,53,benchmark/notebooks/step3_calculate_tile_statistics.ipynb,python
250,53,benchmark/notebooks/step4.1_calculate_fuv.ipynb,python
251,53,benchmark/notebooks/step4.2_calculate_moving_window.ipynb,python
252,53,benchmark/notebooks/step5.1_barren_plot.ipynb,python
253,53,benchmark/notebooks/step5.2_statistical_inf_plot.ipynb,python
254,53,modeling/tile_example.ipynb,python
255,53,parametrization/001.coarse_res_parameterization.ipynb,python
256,53,parametrization/002.generate_tiles.ipynb,python
257,53,parametrization/003.fine_res_parameterization.ipynb,python
258,53,validation/SSIM_assessment.ipynb,python
259,53,validation/validation_with_reference_data.ipynb,python
260,56,climate500.ipynb,python
261,57,OSM LoD1 notebook.ipynb,python
262,55,notebooks/bias_analysis_comparison.ipynb,python
263,55,notebooks/bias_analysis_full_vs_restricted.ipynb,python
264,55,notebooks/bias_analysis_pageview_filtered.ipynb,python
265,55,notebooks/comprehensive_bias_analysis_plots.ipynb,python
266,55,notebooks/edge_fullmatch_count.ipynb,python
267,55,notebooks/filter_by_languages.ipynb,python
268,55,notebooks/read_full.ipynb,python
269,55,notebooks/spurious_edge_filtering.ipynb,python
270,55,notebooks/spurious_edges_demo_all_named.ipynb,python
271,54,BENCHMARK_47DATASETS_FULL_PIPELINE.ipynb,python
272,54,examples/notebooks/00_quick_demo.ipynb,python
273,54,examples/notebooks/01_getting_started.ipynb,python
274,54,examples/notebooks/02_expression_scoring.ipynb,python
275,54,examples/notebooks/03_multi_omic_fusion.ipynb,python
276,54,examples/notebooks/04_deconvolution.ipynb,python
277,54,examples/notebooks/05_visualization.ipynb,python
278,54,examples/notebooks/06_ancestry_batch_correction.ipynb,python
279,54,examples/notebooks/07_sensitivity_analysis.ipynb,python
280,54,examples/notebooks/08_characterization.ipynb,python
281,54,examples/notebooks/09_signaling_databases.ipynb,python
282,54,examples/notebooks/10_geo_autism_bulk.ipynb,python
283,54,examples/notebooks/11_geo_autism_validation.ipynb,python
284,54,examples/notebooks/12_geo_schizophrenia_bulk.ipynb,python
285,54,examples/notebooks/12b_null_ari_permutation.ipynb,python
286,54,examples/notebooks/13_geo_blood_ados.ipynb,python
287,54,examples/notebooks/14_geo_blood_large_cohort.ipynb,python
288,54,examples/notebooks/15_geo_scz_replication.ipynb,python
289,54,examples/notebooks/16_knowledge_graph_analysis.ipynb,python
290,54,examples/notebooks/17_tcga_cancer_validation.ipynb,python
291,54,examples/notebooks/18_geo_clinical_phenotype.ipynb,python
292,54,examples/notebooks/19_scz_blood_multi_cohort.ipynb,python
293,54,examples/notebooks/21_uncertainty.ipynb,python
294,54,examples/notebooks/22_cross_platform.ipynb,python
295,54,examples/notebooks/23_perturbation.ipynb,python
296,54,examples/notebooks/24_embeddings.ipynb,python
297,54,examples/notebooks/25_gene_set_expansion.ipynb,python
298,54,examples/notebooks/26_spatial_joint.ipynb,python
299,54,examples/notebooks/27_evo2_offtarget.ipynb,python
300,54,examples/notebooks/28_multi_omics.ipynb,python
301,54,examples/notebooks/29_causal_inference.ipynb,python
302,54,examples/notebooks/30_active_learning.ipynb,python
303,64,Pandas_merging_apply_groupby-en.ipynb,python
304,61,1_To_Prepare_Time_Series_Data_for_CNNs_and_LSTMs.ipynb,python
305,61,2_How_to_Develop_CNNs_for_Time_Series_Forecasting.ipynb,python
306,68,csv_data_import_pandas (1).ipynb,python
307,73,Analysis1/Analysis1.ipynb,python
308,73,Analysis2/Analysis2.ipynb,python
309,73,Analysis3/Analysis3.ipynb,python
310,73,Analysis4/Analysis4.ipynb,python
311,73,Analysis5/Analysis5.ipynb,python
312,73,DataPreparation/DataPreparation.ipynb,python
313,72,BollywoodMovieAnalysis.ipynb,python
314,72,CerealRatingAnalysis.ipynb,python
315,72,CollaborativeFiltering.ipynb,python
316,72,MarketBasketAnalysis.ipynb,python
317,72,SentimentAnalysis_NGrams.ipynb,python
318,72,TimeSeriesAnalysis.ipynb,python
319,59,dataprocess.ipynb,python
320,58,Example_Editor.ipynb,python
321,58,Example_Error_Finder.ipynb,python
322,58,Example_Multiprocess.ipynb,python
323,58,Example_Reader.ipynb,python
324,58,Example_Writer.ipynb,python
325,76,Ch1/1. Analysing the Mean of a dataset.ipynb,python
326,76,Ch1/2. Checking the Median of a dataset.ipynb,python
327,76,Ch1/3. Identifying the Mode of a dataset.ipynb,python
328,76,Ch1/4. Checking the Variance of a dataset.ipynb,python
329,76,Ch1/5. Identifying the Standard Deviation of a dataset.ipynb,python
330,76,Ch1/6. Generating the Range of a dataset.ipynb,python
331,76,Ch1/7. Identifying the Percentiles of a dataset.ipynb,python
332,76,Ch1/8. Checking the Quartiles of a dataset.ipynb,python
333,76,Ch1/9. Analysing the Interquartile Range (IQR) of a dataset.ipynb,python
334,76,Ch2/1. Grouping Data.ipynb,python
335,76,Ch2/10. Replacing Data.ipynb,python
336,76,Ch2/11. Dealing with Missing values.ipynb,python
337,76,Ch2/2. Appending Data.ipynb,python
338,76,Ch2/3. Concatenating Data.ipynb,python
339,76,Ch2/4. Merging Data.ipynb,python
340,76,Ch2/5. Sorting Data.ipynb,python
341,76,Ch2/6. Categorising Data.ipynb,python
342,76,Ch2/7. Removing Duplicates.ipynb,python
343,76,Ch2/8. Dropping Rows and Columns.ipynb,python
344,76,Ch2/9. Changing Data Format.ipynb,python
345,76,Ch3/1. Preparing for EDA ..ipynb,python
346,76,Ch3/2. Visualizing data in Matplotlib.ipynb,python
347,76,Ch3/3. Visualizing data in Seaborn.ipynb,python
348,76,Ch3/4. Visualizing data in GGPLOT.ipynb,python
349,76,Ch3/5. Visualizing data in Bokeh.ipynb,python
350,76,Ch4/1. Performing univariate analysis using a Histogram.ipynb,python
351,76,Ch4/2. Performing univariate analysis using a Boxplot.ipynb,python
352,76,Ch4/3. Performing univariate analysis using a Violinplot.ipynb,python
353,76,Ch4/4. Performing univariate analysis using a Summary Table.ipynb,python
354,76,Ch4/5. Performing univariate analysis using a Bar Chart.ipynb,python
355,76,Ch4/6. Performing univariate analysis using a Pie Chart.ipynb,python
356,76,Ch5/1. Analysing two variables using a Scatter plot.ipynb,python
357,76,Ch5/2. Creating CrosstabTwo-way table on bivariate data.ipynb,python
358,76,Ch5/3. Analysing two variables using a Pivot table.ipynb,python
359,76,Ch5/4. Generating Pairplots on two variables.ipynb,python
360,76,Ch5/5. Analysing two variables using a Bar chart.ipynb,python
361,76,Ch5/6. Generating Box plots for two variables.ipynb,python
362,76,Ch5/7. Creating Histograms on two variables.ipynb,python
363,76,Ch5/8. Analysing two variables using a Correlation analysis.ipynb,python
364,76,Ch6/1. Implementing Cluster Analysis on multiple variables using Kmeans.ipynb,python
365,76,Ch6/2. Choosing the Optimal number of K clusters in Kmeans.ipynb,python
366,76,Ch6/3. Profiling Kmeans Clusters.ipynb,python
367,76,Ch6/4. Implementing Principal Component Analysis (PCA) on multiple variables.ipynb,python
368,76,Ch6/5. Choosing the number of Principal Components.ipynb,python
369,76,Ch6/6. Analysing Principal Components.ipynb,python
370,76,Ch6/7. Implementing Factor Analysis on multiple variables.ipynb,python
371,76,Ch6/8. Determining the number of factors.ipynb,python
372,76,Ch6/9. Analysing the factors.ipynb,python
373,76,Ch7/1. Using line and boxplots to visualise time series data.ipynb,python
374,76,Ch7/2 Spotting patterns in Time series old.ipynb,python
375,76,Ch7/2 Spotting patterns in Time series.ipynb,python
376,76,Ch7/3 Performing Time series data Decomposition.ipynb,python
377,76,Ch7/4 Performing Smoothing - Moving Average.ipynb,python
378,76,Ch7/5 Performing Smoothing - Exponential Smoothing.ipynb,python
379,76,Ch7/6. Performing Stationarity checks on Time series data.ipynb,python
380,76,Ch7/7. Differencing Time series data.ipynb,python
381,76,Ch7/8. Using Correlation plots to visualise time series data.ipynb,python
382,76,Ch8/1. Preparing Text data.ipynb,python
383,76,Ch8/10.Choosing Optimal number of Topics.ipynb,python
384,76,Ch8/2. Removing Stop words.ipynb,python
385,76,Ch8/3. Analysing Part of Speech.ipynb,python
386,76,Ch8/4. Performing Stemming and Lemmatisation.ipynb,python
387,76,Ch8/5. Analysing Ngrams.ipynb,python
388,76,Ch8/6. Creating Word Clouds.ipynb,python
389,76,Ch8/7. Checking Term Frequency.ipynb,python
390,76,Ch8/8. Checking Sentiments.ipynb,python
391,76,Ch8/9. Performing Topic Modelling.ipynb,python
392,63,2025-10-15_Intro_to_Pandas.ipynb,python
393,67,docs/consoles/jupyter-lite.ipynb,python
394,67,docs/edit/jupyter-lite.ipynb,python
395,67,docs/files/convert_transcripts.ipynb,python
396,67,docs/files/spreadsheet_to_plaintext.ipynb,python
397,67,docs/jupyter-lite.ipynb,python
398,67,docs/lab/jupyter-lite.ipynb,python
399,67,docs/notebooks/jupyter-lite.ipynb,python
400,67,docs/repl/jupyter-lite.ipynb,python
401,67,docs/tree/jupyter-lite.ipynb,python
402,67,notebooks/convert_transcripts.ipynb,python
403,67,notebooks/spreadsheet_to_plaintext.ipynb,python
404,71,Chapter 1/Numpy_and_Pandas.ipynb,python
405,71,Chapter 10/Chapter_10.ipynb,python
406,71,Chapter 11/Chapter11.ipynb,python
407,71,Chapter 12/Appendix.ipynb,python
408,71,Chapter 2/Chapter_2_EDA.ipynb,python
409,71,Chapter 3/Chapter_3_EDA_with_Personal_Email_Analysis.ipynb,python
410,71,Chapter 4/Chapter_4_Data_Transformation.ipynb,python
411,71,Chapter 5/Chapter_5_Descriptive_Statistics.ipynb,python
412,71,Chapter 6/Chapter_6_Grouping_dataset.ipynb,python
413,71,Chapter 7/Chapter_7_Correlation.ipynb,python
414,71,Chapter 8/Chapter_8_1.ipynb,python
415,71,Chapter 8/Time_Series_Analysis.ipynb,python
416,71,Chapter 9/Chapter_9_Hypothesis_testing.ipynb,python
417,71,Chapter 9/Regression.ipynb,python
418,74,kaggle-titanic-dataset-example-submission-workflow.ipynb,python
419,75,Malaysia EDA/404 Error/404_Error_Assignment_Pandas.ipynb,python
420,75,Malaysia EDA/Alrite/Copy_of_Lab_5_Dataset_285_million_users.ipynb,python
421,75,Malaysia EDA/Alrite/Grp_Alrite_Assignment.ipynb,python
422,75,Malaysia EDA/Alrite/Grp_Alrite_Lab_1_1_million_Sales_Records.ipynb,python
423,75,Malaysia EDA/BEFE/Assignment_Pandas_Clusters.ipynb,python
424,75,Malaysia EDA/Boboiboy/Group_4_Assignment_Pandas.ipynb,python
425,75,Malaysia EDA/Colby/Assignment_Pandas_Colby.ipynb,python
426,75,Malaysia EDA/Fantom/Assignment_pandas_Group_Fantom.ipynb,python
427,75,Malaysia EDA/HD/EDA_Assignment.ipynb,python
428,75,Malaysia EDA/Haha/Assignment_Pandas_Haha.ipynb,python
429,75,Malaysia EDA/KIA/KIA_Assignment_EDA.ipynb,python
430,75,Malaysia EDA/Lab/Assignment_Pandas_Group_Lab.ipynb,python
431,75,Malaysia EDA/MAAM/MAAM_Assignment_EDA.ipynb,python
432,75,Malaysia EDA/MM/MM_Assignment_Pandas.ipynb,python
433,75,Malaysia EDA/Meow/Assignment_Pandas_GroupMeow.ipynb,python
434,75,Malaysia EDA/Pixelated/Lab/Pixelated_Lab_3_NYC_EDA.ipynb,python
435,75,Malaysia EDA/Pixelated/Lab/Pixelated_Lab_5_Dataset_285_million_users_.ipynb,python
436,75,Malaysia EDA/Pixelated/Pixelated_Assignment_Pandas.ipynb,python
437,75,Malaysia EDA/Potato/Group_Potato_Msia_Death_Stats.ipynb,python
438,75,Malaysia EDA/QnX/Assignment_Pandas_QnX.ipynb,python
439,75,Malaysia EDA/SMOL/SMOL_EDA_Assignment.ipynb,python
440,75,Malaysia EDA/SQ/Number_and_Rate_Incidents_of_Communicable_Disease_by_State.ipynb,python
441,75,Malaysia EDA/SamVerse/Assignment_EDA_Aiman_Hafizi_&_Luqman_Ariff.ipynb,python
442,75,Malaysia EDA/TUK/TUK_Assignment_EDA.ipynb,python
443,75,Malaysia EDA/uwu/PropertyListingsInKL.ipynb,python
444,75,assignment/ass2/Assignment_EDA.ipynb,python
445,75,assignment/ass2/bdm/Avengers/case_study1/cs1.ipynb,python
446,75,assignment/ass2/bdm/Avengers/case_study2a/cs2a.ipynb,python
447,75,assignment/ass2/bdm/Avengers/case_study2b/cs2b.ipynb,python
448,75,assignment/ass2/bdm/Avengers/case_study2c/cs2c.ipynb,python
449,75,assignment/ass2/bdm/Ayam Rendang/Case_Study_1.ipynb,python
450,75,assignment/ass2/bdm/Ayam Rendang/Case_Study_2A_Pandas_profiling.ipynb,python
451,75,assignment/ass2/bdm/Ayam Rendang/Case_Study_2B_SweetWiz.ipynb,python
452,75,assignment/ass2/bdm/Ayam Rendang/Case_Study_2C_DataPrep.ipynb,python
453,75,assignment/ass2/bdm/F4/case_study1/Assignment_2__EDA_Case_Study_1.ipynb,python
454,75,assignment/ass2/bdm/F4/case_study2a/cs2a.ipynb,python
455,75,assignment/ass2/bdm/F4/case_study2b/CS2B_F4(AutoViz).ipynb,python
456,75,assignment/ass2/bdm/F4/case_study2c/CS2C_F4(Sweetvitz).ipynb,python
457,75,assignment/ass2/bdm/KicapSambal/case_study1/cs1.ipynb,python
458,75,assignment/ass2/bdm/KicapSambal/case_study2a/EDAtool_DataPrep_Properties.ipynb,python
459,75,assignment/ass2/bdm/KicapSambal/case_study2b/CaseStudy2_PandaProfilingEDA.ipynb,python
460,75,assignment/ass2/bdm/KicapSambal/case_study2c/cs2c.ipynb,python
461,75,assignment/ass2/bdm/RAM/Assignment_EDA.ipynb,python
462,75,assignment/ass2/bdm/RAM/case_study1/cs1.ipynb,python
463,75,assignment/ass2/bdm/RAM/case_study2a/cs2a.ipynb,python
464,75,assignment/ass2/bdm/RAM/case_study2b/cs2b.ipynb,python
465,75,assignment/ass2/bdm/RAM/case_study2c/cs2c.ipynb,python
466,75,assignment/ass2/bdm/Theboys/case_study1/Assignment_EDA_Theboys.ipynb,python
467,75,assignment/ass2/bdm/Theboys/case_study2a/Assignment_EDA_Sweetviz.ipynb,python
468,75,assignment/ass2/bdm/Theboys/case_study2b/DataPrep_Demo_Theboys.ipynb,python
469,75,assignment/ass2/bdm/Theboys/case_study2b/DataPrep_Demo_Theboys1.ipynb,python
470,75,assignment/ass2/bdm/Theboys/case_study2c/Pandas_Profiling_Theboys.ipynb,python
471,75,assignment/ass2/bdm/Truth_Archive/case_study1/Assignment_EDA_Truth_Archive.ipynb,python
472,75,assignment/ass2/bdm/Truth_Archive/case_study1a/Assignment_EDA_Truth_Archive_Pandas_profiling.ipynb,python
473,75,assignment/ass2/bdm/Truth_Archive/case_study1b/Assignment_EDA_Truth_Archive_Sweetviz.ipynb,python
474,75,assignment/ass2/bdm/Truth_Archive/case_study1c/Assignment_EDA_Truth_Archive_Dataprep_Tool.ipynb,python
475,75,assignment/ass2/hpdp/3H/case_study1/Assignment_EDA_caseStudy1.ipynb,python
476,75,assignment/ass2/hpdp/3H/case_study2a/cs2a.ipynb,python
477,75,assignment/ass2/hpdp/3H/case_study2b/cs2b.ipynb,python
478,75,assignment/ass2/hpdp/3H/case_study2c/Case_Study_2C.ipynb,python
479,75,assignment/ass2/hpdp/ATG/case_study1/casestudy1.ipynb,python
480,75,assignment/ass2/hpdp/ATG/case_study2a/cs2a.ipynb,python
481,75,assignment/ass2/hpdp/ATG/case_study2b/Case_Study2b_DataPrep.ipynb,python
482,75,assignment/ass2/hpdp/ATG/case_study2c/case_study_2c.ipynb,python
483,75,assignment/ass2/hpdp/BERUK/case_study1/cs1.ipynb,python
484,75,assignment/ass2/hpdp/BERUK/case_study2a/cs2a.ipynb,python
485,75,assignment/ass2/hpdp/BERUK/case_study2b/part2b.ipynb,python
486,75,assignment/ass2/hpdp/BERUK/case_study2c/cs2c_.ipynb,python
487,75,assignment/ass2/hpdp/ByteNav/case_study1/cs1.ipynb,python
488,75,assignment/ass2/hpdp/ByteNav/case_study2a/cs2a.ipynb,python
489,75,assignment/ass2/hpdp/ByteNav/case_study2b/cs2b.ipynb,python
490,75,assignment/ass2/hpdp/ByteNav/case_study2c/cs2c.ipynb,python
491,75,assignment/ass2/hpdp/CafeKDSE/case_study1/Assignment_EDA_CS1.ipynb,python
492,75,assignment/ass2/hpdp/CafeKDSE/case_study2a/studycase_2a (1).ipynb,python
493,75,assignment/ass2/hpdp/CafeKDSE/case_study2b/Study_Case_2b.ipynb,python
494,75,assignment/ass2/hpdp/CafeKDSE/case_study2c/cs2c.ipynb,python
495,75,assignment/ass2/hpdp/CapKetereh/case_study1/Assignment_2_CapKetereh_cs1.ipynb,python
496,75,assignment/ass2/hpdp/CapKetereh/case_study2a/cs2a.ipynb,python
497,75,assignment/ass2/hpdp/CapKetereh/case_study2b/cs2b.ipynb,python
498,75,assignment/ass2/hpdp/CapKetereh/case_study2c/cs2c.ipynb,python
499,75,assignment/ass2/hpdp/DEADPOOL /case_study1/casestudy1deadpool.ipynb,python
500,75,assignment/ass2/hpdp/DEADPOOL /case_study2a/cs2a.ipynb,python
501,75,assignment/ass2/hpdp/DEADPOOL /case_study2b/cs2b.ipynb,python
502,75,assignment/ass2/hpdp/DEADPOOL /case_study2c/Assignment_2_Case_Study_2C_DEADPOOL.ipynb,python
503,75,assignment/ass2/hpdp/HANY/case_study1/cs1.ipynb,python
504,75,assignment/ass2/hpdp/HANY/case_study2a/cs2a.ipynb,python
505,75,assignment/ass2/hpdp/HANY/case_study2b/cs2b.ipynb,python
506,75,assignment/ass2/hpdp/HANY/case_study2c/cs2c.ipynb,python
507,75,assignment/ass2/hpdp/Pergolakan/case_study1/Pergolakan_Assignment_2_Case_Study_1.ipynb,python
508,75,assignment/ass2/hpdp/Pergolakan/case_study2a/Pergolakan_Assignment_2_Case_Study_2a.ipynb,python
509,75,assignment/ass2/hpdp/Pergolakan/case_study2b/Pergolakan-Assignment 2-Case Study 2b.ipynb,python
510,75,assignment/ass2/hpdp/Pergolakan/case_study2c/casestudy2c.ipynb,python
511,75,assignment/ass2/hpdp/SYNA/casestudy1/SYNA_CASESTUDY1.ipynb,python
512,75,assignment/ass2/hpdp/SYNA/casestudy1/SYNA_CASESTUDY1_.ipynb,python
513,75,assignment/ass2/hpdp/SYNA/casestudy2a/SYNA_CASESTUDY2_a_.ipynb,python
514,75,assignment/ass2/hpdp/SYNA/casestudy2a/SYNA_CASESTUDY2a.ipynb,python
515,75,assignment/ass2/hpdp/SYNA/casestudy2b/SYNA_CASESTUDY2b_.ipynb,python
516,75,assignment/ass2/hpdp/SYNA/casestudy2c/SYNA_CASESTUDY2_c.ipynb,python
517,75,assignment/ass2/hpdp/SYNA/casestudy2c/SYNA_CASESTUDY2c.ipynb,python
518,75,assignment/ass2/hpdp/ZProMax/case_study1/cs1.ipynb,python
519,75,assignment/ass2/hpdp/ZProMax/case_study2a/cs2a.ipynb,python
520,75,assignment/ass2/hpdp/ZProMax/case_study2b/cs2b.ipynb,python
521,75,assignment/ass2/hpdp/ZProMax/case_study2c/cs2c.ipynb,python
522,75,assignment/ass3/bdm/Ayam Rendang/Big_Data_EDA_Ayam_Rendang.ipynb,python
523,75,assignment/ass3/bdm/F4/F4_Assignemnt3_Big_Data_EDA.ipynb,python
524,75,assignment/ass3/bdm/KicapSambal/ass3.ipynb,python
525,75,assignment/ass3/bdm/RAM/ass3.ipynb,python
526,75,assignment/ass3/bdm/TheBoys/ass3.ipynb,python
527,75,assignment/ass3/bdm/Truth Archive/ass3.ipynb,python
528,75,assignment/ass3/bdm/avengers/ass3.ipynb,python
529,75,assignment/ass3/hpdp/3H/ass3.ipynb,python
530,75,assignment/ass3/hpdp/ANGKASA/Ass3.ipynb,python
531,75,assignment/ass3/hpdp/ATG/ATG_Assignment3.ipynb,python
532,75,assignment/ass3/hpdp/BERUK/ass3.ipynb,python
533,75,assignment/ass3/hpdp/ByteNav/ass3.ipynb,python
534,75,assignment/ass3/hpdp/CapKetereh/CapKetereh_Assignment_3.ipynb,python
535,75,assignment/ass3/hpdp/DEADPOOL/ass3.ipynb,python
536,75,assignment/ass3/hpdp/HANY/ass3.ipynb,python
537,75,assignment/ass3/hpdp/PERgolakan/ass3.ipynb,python
538,77,GGPR_ESDA_Chicago.ipynb,python
539,75,assignment/ass3/hpdp/SYNA/Assignment3_SYNA.ipynb,python
540,75,assignment/ass3/hpdp/ZProMax/ass3.ipynb,python
541,77,GGPR_ESDA_UK.ipynb,python
542,77,GGPR_Prediction.ipynb,python
543,75,assignment/ass4/bdm/ Truth Archive/Assignment_4_Truth_Archive.ipynb,python
544,77,Simulated_data.ipynb,python
545,75,assignment/ass4/bdm/Avengers/Feature Engineering.ipynb,python
546,75,assignment/ass4/bdm/Ayam Rendang/Assignment 4 (Ayam Rendang) - Feature_Engineering.ipynb,python
547,75,assignment/ass4/bdm/F4/F4_Assignment_4_Manual_Feature_Engineering.ipynb,python
548,75,assignment/ass4/bdm/KicapSambal/feature_eng.ipynb,python
549,75,assignment/ass4/bdm/RAM/feature_eng.ipynb,python
550,75,assignment/ass4/bdm/Theboys/Theboys_Assignment_4.ipynb,python
551,75,assignment/ass4/hpdp/3H/feature_eng.ipynb,python
552,75,assignment/ass4/hpdp/ANGKASA/Assignment4_USA_REAL_ESTATE.ipynb,python
553,75,assignment/ass4/hpdp/ATG/ATG_Assignment4.ipynb,python
554,75,assignment/ass4/hpdp/BERUK/Assignment4_Flight_Data.ipynb,python
555,75,assignment/ass4/hpdp/ByteNav/Features_Engineering.ipynb,python
556,75,assignment/ass4/hpdp/CapKetereh/Assingment4_Capketereh.ipynb,python
557,75,assignment/ass4/hpdp/DEADPOOL/deadpool_assignment4.ipynb,python
558,75,assignment/ass4/hpdp/HANY/feature_eng.ipynb,python
559,75,assignment/ass4/hpdp/PERgolakan/ass4.ipynb,python
560,75,assignment/ass4/hpdp/SYNA/Assignment4_SYNA_Final.ipynb,python
561,75,assignment/ass4/hpdp/ZProMax/feature_eng.ipynb,python
562,75,assignment/ass5/bdm/Ayam Rendang/Ass5PyCaret.ipynb,python
563,75,assignment/ass5/bdm/Ayam Rendang/ass5AutoML.ipynb,python
564,75,assignment/ass5/bdm/F4/F4_Assignment_5_Automated_Feature_Engineering_Tools[FeatureTools]_.ipynb,python
565,75,assignment/ass5/bdm/F4/F4_Assignment_5_Automated_Feature_Engineering_Tools[TPOT].ipynb,python
566,75,assignment/ass5/bdm/KicapSambal/H20_Feature_Engineering_Flight_Price_Prediction.ipynb,python
567,75,assignment/ass5/bdm/KicapSambal/TPOT.ipynb,python
568,75,assignment/ass5/bdm/RAM/feature_eng_tool.ipynb,python
569,75,assignment/ass5/bdm/TheBoys/Assignment_5_tool_2.ipynb,python
570,75,assignment/ass5/bdm/TheBoys/TheBoys_Assignment_5a.ipynb,python
571,75,assignment/ass5/bdm/Truth Archive/Assignment5_Truth_Archive_TPOT.ipynb,python
572,75,assignment/ass5/bdm/Truth Archive/Assignment_5_Truth_Archive_featurewiz.ipynb,python
573,75,assignment/ass5/bdm/avengers/SweetViz_Dataprep.ipynb,python
574,75,assignment/ass5/bdm/avengers/SweetViz_Dataprep_feature_engineering.ipynb,python
575,75,assignment/ass5/hpdp/3H/future_eng_tool_md.ipynb,python
576,78,Examples.ipynb,python
577,75,assignment/ass5/hpdp/ANGKASA/Tool 1 - TPOT/Assignment_5A_TPOT.ipynb,python
578,75,assignment/ass5/hpdp/ANGKASA/Tool 2 - tsfresh/Ass5_tsfresh.ipynb,python
579,75,assignment/ass5/hpdp/ATG/Assignment_5_Automated_Feature_Engineering_Tools.ipynb,python
580,75,assignment/ass5/hpdp/BERUK/Ass5FeatureEngineering.ipynb,python
581,75,assignment/ass5/hpdp/BERUK/FEATURE_ENG_TOOL_TPOT.ipynb,python
582,75,assignment/ass5/hpdp/ByteNav/feature_eng_tool.ipynb,python
583,75,assignment/ass5/hpdp/CapKetereh/CapKeterehAssignment5/AUTOMATED.ipynb,python
584,75,assignment/ass5/hpdp/DEADPOOL/Assignment5_DEADPOOL (1).ipynb,python
585,75,assignment/ass5/hpdp/DEADPOOL/Assignment5_DEADPOOL (2).ipynb,python
586,75,assignment/ass5/hpdp/HANY/feature_eng_tool1.ipynb,python
587,75,assignment/ass5/hpdp/HANY/feature_eng_tool2.ipynb,python
588,75,assignment/ass5/hpdp/PERgolakan/Pergolakan_Assigment5.ipynb,python
589,75,assignment/ass5/hpdp/SYNA/assignment5_syna.ipynb,python
590,75,assignment/ass5/hpdp/ZProMax/TPOT.ipynb,python
591,75,assignment/ass5/hpdp/ZProMax/feature_engine.ipynb,python
592,75,lab/Lab_1_ml_exploratory_data_analysis.ipynb,python
593,75,lab/Lab_2_Exploratory_Data_Analysis.ipynb,python
594,75,lab/Lab_3_Housing_Dataset.ipynb,python
595,75,lab/lab4.ipynb,python
596,79,PricePredictionModel-LinearReg.ipynb,python
597,79,PricePredictionModel-RandomForest.ipynb,python
598,79,TruliaDataEngineering.ipynb,python
599,79,TruliaEDA.ipynb,python
600,80,Cristiano_Ronaldo/CristianoRonaldo.ipynb,python
601,80,Diabetes/Diabtes F.ipynb,python
602,80,FIFA/FIFA 2019.ipynb,python
603,80,FitBit/FitBit EDA.ipynb,python
604,80,Flight_Price/Flight Price Prediction.ipynb,python
605,80,HRPrediction/Income Prediction.ipynb,python
606,80,HRPrediction/hr-analysis-prediction-and-visualisation.ipynb,python
607,80,bikes/bikes.ipynb,python
608,80,black_friday/black friday prediction.ipynb,python
609,80,forest_fires/forest_fires.ipynb,python
610,80,zomato/zomato EDA.ipynb,python
611,81,Zomato Recommendation System.ipynb,python
612,81,Zomato.ipynb,python
613,81,Zomato_Sentiment_Analysis.ipynb,python
614,85,Jupyter/activities.ipynb,python
615,85,Jupyter/activities_dashboard.ipynb,python
616,85,Jupyter/activity.ipynb,python
617,85,Jupyter/checkup.ipynb,python
618,85,Jupyter/course.ipynb,python
619,85,Jupyter/daily.ipynb,python
620,85,Jupyter/daily_trends.ipynb,python
621,85,Jupyter/garmin.ipynb,python
622,85,Jupyter/monitoring.ipynb,python
623,85,Jupyter/month.ipynb,python
624,85,Jupyter/summary.ipynb,python
625,84,01_exploratory_data_analysis.ipynb,python
626,84,02_hypothesis_test.ipynb,python
627,84,03_simple_linear_regression.ipynb,python
628,84,04_multiple_linear_regression.ipynb,python
629,84,05_binomial_logistic_regression.ipynb,python
630,84,06_naive_bayes.ipynb,python
631,84,07_k-means.ipynb,python
632,84,08_decision_tree.ipynb,python
633,84,09_random_forest.ipynb,python
634,84,10_gradient_boosting.ipynb,python
635,84,11_project_notebook.ipynb,python
636,84,12_model_evaluation.ipynb,python
637,89,week-0/notebooks/Showtime.ipynb,python
638,89,week-0/notebooks/week_0_unit_4_helloworld.ipynb,python
639,89,week-0/notebooks/week_0_unit_5_showtime.ipynb,python
640,89,week-1/additional-material/week_1_additional_exercises.ipynb,python
641,89,week-1/additional-material/week_1_additional_exercises_solution.ipynb,python
642,89,week-1/exercises/assignment/notebook.ipynb,python
643,89,week-1/exercises/assignment/week_1_assignment_solution.ipynb,python
644,89,week-1/exercises/bonus/notebook.ipynb,python
645,89,week-1/exercises/bonus/week_1_bonus_solution.ipynb,python
646,89,week-1/exercises/week1_all_questions.ipynb,python
647,89,week-1/notebooks/week_1_unit_1_firststeps_notebook.ipynb,python
648,89,week-1/notebooks/week_1_unit_2_variab_notebook.ipynb,python
649,89,week-1/notebooks/week_1_unit_3_simpinp_notebook.ipynb,python
650,89,week-1/notebooks/week_1_unit_4_datatype_notebook.ipynb,python
651,89,week-1/notebooks/week_1_unit_5_ifstatement_notebook.ipynb,python
652,89,week-1/notebooks/week_1_unit_6_multifstate_notebook.ipynb,python
653,89,week-1/notebooks/week_1_unit_6_multifstate_questions.ipynb,python
654,89,week-1/notebooks/week_1_unit_7_express_notebook.ipynb,python
655,89,week-1/notebooks/week_1_unit_7_express_questions.ipynb,python
656,89,week-2/additional-material/week_2_additional_exercises.ipynb,python
657,89,week-2/additional-material/week_2_additional_exercises_solutions.ipynb,python
658,89,week-2/additional-material/week_2_howto_for_loop.ipynb,python
659,89,week-2/additional-material/week_2_howto_list.ipynb,python
660,89,week-2/additional-material/week_2_howto_range.ipynb,python
661,89,week-2/exercises/assignment/week_2_assignment_solution.ipynb,python
662,89,week-2/exercises/bonus/week2_bonus_solution.ipynb,python
663,89,week-2/exercises/week2_all_questions.ipynb,python
664,89,week-2/exercises/week_2_unit_1_lists_questions.ipynb,python
665,89,week-2/exercises/week_2_unit_2_index_questions.ipynb,python
666,89,week-2/exercises/week_2_unit_5_ranges_add_exs.ipynb,python
667,89,week-2/notebooks/week_2_unit_1_lists_notebook.ipynb,python
668,89,week-2/notebooks/week_2_unit_2_index_notebook.ipynb,python
669,89,week-2/notebooks/week_2_unit_3_functmethods_notebook.ipynb,python
670,89,week-2/notebooks/week_2_unit_4_theforloop_notebook.ipynb,python
671,89,week-2/notebooks/week_2_unit_5_ranges_notebook.ipynb,python
672,89,week-2/notebooks/week_2_unit_6_sequences_notebook.ipynb,python
673,89,week-2/notebooks/week_2_unit_7_slicing_notebook.ipynb,python
674,89,week-2/notebooks/week_2_unit_8_listcompr_notebook.ipynb,python
675,89,week-3/additional-material/week_3_additional_exercises.ipynb,python
676,89,week-3/additional-material/week_3_additional_exercises_solution.ipynb,python
677,89,week-3/exercises/assignment/week_3_assignment_solution.ipynb,python
678,89,week-3/exercises/bonus/week_3_bonus_solution.ipynb,python
679,89,week-3/exercises/week3_all_questions.ipynb,python
680,89,week-3/exercises/week_3_unit_6_while_exercises.ipynb,python
681,89,week-3/notebooks/week_3_unit_1_tuples_notebook.ipynb,python
682,89,week-3/notebooks/week_3_unit_2_dictionaries_notebook.ipynb,python
683,89,week-3/notebooks/week_3_unit_3_whentouse_notebook.ipynb,python
684,89,week-3/notebooks/week_3_unit_4_safedict_notebook.ipynb,python
685,89,week-3/notebooks/week_3_unit_5_impfunct_notebook.ipynb,python
686,89,week-3/notebooks/week_3_unit_6_while_notebook.ipynb,python
687,89,week-4/additional-material/week_4_additional_exercises.ipynb,python
688,89,week-4/additional-material/week_4_additional_exercises_solution.ipynb,python
689,89,week-4/exercises/assignment/week_4_assignment_solution.ipynb,python
690,89,week-4/exercises/bonus/week_4_bonus_solution.ipynb,python
691,89,week-4/exercises/week4_all_questions.ipynb,python
692,89,week-4/exercises/week_4_unit_4_datatofiles_exercises.ipynb,python
693,89,week-4/notebooks/week_4_unit_1_motivdef_notebook.ipynb,python
694,89,week-4/notebooks/week_4_unit_2_openclose_notebook.ipynb,python
695,89,week-4/notebooks/week_4_unit_3_readdata_notebook.ipynb,python
696,89,week-4/notebooks/week_4_unit_4_datatofiles_notebook.ipynb,python
697,89,week-4/notebooks/week_4_unit_5_formatoutput_notebook.ipynb,python
698,89,week-4/notebooks/week_4_unit_6_stringmethods_notebook.ipynb,python
699,89,week-5/additional-material/Week_5_additional_exercises.ipynb,python
700,89,week-5/additional-material/week_5_additional_exercises_solution.ipynb,python
701,89,week-5/exercises/assignment/week_5_assignment_notebook.ipynb,python
702,89,week-5/exercises/assignment/week_5_assignment_notebook_solution.ipynb,python
703,89,week-5/exercises/bonus/week_5_bonus_notebook.ipynb,python
704,89,week-5/exercises/bonus/week_5_bonus_notebook_solution.ipynb,python
705,89,week-5/exercises/week5_all_questions.ipynb,python
706,89,week-5/notebooks/week_5_unit_1_whyfunctions_notebook.ipynb,python
707,89,week-5/notebooks/week_5_unit_2_returnresults_notebook.ipynb,python
708,89,week-5/notebooks/week_5_unit_3_addparameter_notebook.ipynb,python
709,89,week-5/notebooks/week_5_unit_4_visibilityvariab_notebook.ipynb,python
710,89,week-5/notebooks/week_5_unit_5_combfunct_notebook.ipynb,python
711,89,week-5/notebooks/week_5_unit_6_methodsfunct_notebook.ipynb,python
712,89,week-5/notebooks/week_5_unit_7_destructassign_notebook.ipynb,python
713,89,week-6/exercises/6.5/exercise_notebook_solution.ipynb,python
714,89,week-6/exercises/assignment/week6_assignment_notebook.ipynb,python
715,89,week-6/exercises/assignment/week6_assignment_notebook_solution.ipynb,python
716,89,week-6/exercises/bonus/week_6_notebook.ipynb,python
717,89,week-6/exercises/bonus/week_6_notebook_solution.ipynb,python
718,89,week-6/exercises/week6_all_questions.ipynb,python
719,89,week-6/notebooks/solutions/week_6_unit_3_mathstats_solutions.ipynb,python
720,89,week-6/notebooks/week_6_unit_1_libraries_notebook.ipynb,python
721,89,week-6/notebooks/week_6_unit_2_importlibraries_notebook.ipynb,python
722,89,week-6/notebooks/week_6_unit_3_mathstats_notebook.ipynb,python
723,89,week-6/notebooks/week_6_unit_4_otherstandard_notebook.ipynb,python
724,89,week-6/notebooks/week_6_unit_5_installaddlibr_notebook.ipynb,python
725,89,week-6/notebooks/week_6_unit_6_nonstandardlibr_notebook.ipynb,python
726,89,week-7-final-exam/assignment/final_assignment_notebook.ipynb,python
727,88,Tensile Testing/Tensile Testing Data Analysis.ipynb,python
728,92,doc/palettes.ipynb,python
729,92,doc/petri-nets-semantics.ipynb,python
730,92,doc/rr-modelling.ipynb,python
731,92,doc/state-space-analysis.ipynb,python
732,92,doc/static-analysis.ipynb,python
733,92,doc/unfolding.ipynb,python
734,82,Generative AI/Fine-Tuning a Pre-trained LLM for Sentiment Classification/Fine_Tuning_a_Pre_trained_LLM_for_Sentiment_Classification.ipynb,python
735,82,Generative AI/How to create a RAG system step-by-step/How_to_create_a_RAG_step_by_step.ipynb,python
736,82,Generative AI/How to do the Retrieval in Retrieval Augmented Generation (RAG)/How_to_do_the_Retrieval_in_Retrieval_Augmented_Generation_(RAG).ipynb,python
737,82,Generative AI/Introduction to Hugging Face Datasets/Introduction to Hugging Face Datasets.ipynb,python
738,82,Generative AI/Mastering LLM Interactions/Mastering_LLM_Interactions.ipynb,python
739,82,Generative AI/Traditional vs. Generative AI for Sentiment Classification/Traditional_vs_Generative_AI_for_Sentiment_Classification.ipynb,python
740,82,Notebooks/10+1 Cross Validation Techniques Visualized/code.ipynb,python
741,82,Notebooks/Clustering Neighborhouds/Clustering Neighborhoods.ipynb,python
742,82,Notebooks/Dimensionality Reduction/Factor Analysis.ipynb,python
743,82,Notebooks/Dimensionality Reduction/Latent Discriminant Analysis.ipynb,python
744,82,Notebooks/Dimensionality Reduction/Principal Component Analysis.ipynb,python
745,82,Notebooks/Encoding Categorical Features/Encoding Categorical Features.ipynb,python
746,82,Notebooks/Feature Engineering with Dates/Feature-Engineering-with-Dates.ipynb,python
747,82,Notebooks/Forecasting Wars - Classical Forecasting Methods vs Machine Learning/Forecasting Wars - Classical Forecasting Methods vs Machine Learning.ipynb,python
748,82,Notebooks/Machine Learning Algorithms from Scratch/KNN.ipynb,python
749,82,Notebooks/Machine Learning Algorithms from Scratch/Linear Regression.ipynb,python
750,82,Notebooks/Machine Learning Algorithms from Scratch/Logistic Regression.ipynb,python
751,82,Notebooks/Machine Learning Algorithms from Scratch/Naive Bayes.ipynb,python
752,82,Notebooks/Marine-Species/1. Web Scraping Marine Species.ipynb,python
753,82,Notebooks/Marine-Species/2. Marine Species Analysis.ipynb,python
754,82,Notebooks/Marine-Species/3. Analysis of 16 Fish Species.ipynb,python
755,82,Notebooks/Marine-Species/4. Species Analysis - Engraulis Encrasicolus.ipynb,python
756,82,Notebooks/Marine-Species/4. Species Analysis - Sardina Pilchardus.ipynb,python
757,82,Notebooks/Marine-Species/5. Species Prediction - Sardina Pilchardus.ipynb,python
758,82,Notebooks/Marine-Species/PandasTutorial.ipynb,python
759,82,Notebooks/Model Explainability/ANALYSIS-AFTER MODEL.ipynb,python
760,82,Notebooks/Model Explainability/Explain LGB.ipynb,python
761,82,Notebooks/Model Explainability/interpretable ML.ipynb,python
762,82,Notebooks/Normalization-Standardization/Normalization-Standardization.ipynb,python
763,82,"Notebooks/Outlier Detection/Outlier Detection - Theory, Visualizations and Code.ipynb",python
764,82,Notebooks/Pandas Tutorial/PandasTutorial.ipynb,python
765,82,Notebooks/Time Series Analysis and Forecasting/Time Series Analysis.ipynb,python
766,82,Notebooks/Time Series Analysis and Forecasting/Time Series Forecasting.ipynb,python
767,82,Notebooks/Topic Modeling on my Watched Movies/Topic Modeling on my Watched Movies.ipynb,python
768,82,Notebooks/Visualizations with Seaborn/Visualizations-with-Seaborn.ipynb,python
769,96,East_Asian_monsoons.ipynb,python
770,96,East_Asian_winter_monsoon_explore.ipynb,python
771,96,HD20794_bronez_spec_K4.ipynb,python
772,96,HD20794_explore.ipynb,python
773,100,DASWOW/DASWOW_Notebooks/nb_10037.ipynb,python
774,100,DASWOW/DASWOW_Notebooks/nb_10874.ipynb,python
775,100,DASWOW/DASWOW_Notebooks/nb_10875.ipynb,python
776,100,DASWOW/DASWOW_Notebooks/nb_108860.ipynb,python
777,100,DASWOW/DASWOW_Notebooks/nb_10895.ipynb,python
778,100,DASWOW/DASWOW_Notebooks/nb_11007.ipynb,python
779,100,DASWOW/DASWOW_Notebooks/nb_111547.ipynb,python
780,100,DASWOW/DASWOW_Notebooks/nb_111963.ipynb,python
781,100,DASWOW/DASWOW_Notebooks/nb_113983.ipynb,python
782,100,DASWOW/DASWOW_Notebooks/nb_1143.ipynb,python
783,100,DASWOW/DASWOW_Notebooks/nb_11625.ipynb,python
784,100,DASWOW/DASWOW_Notebooks/nb_11694.ipynb,python
785,100,DASWOW/DASWOW_Notebooks/nb_12014.ipynb,python
786,100,DASWOW/DASWOW_Notebooks/nb_12037.ipynb,python
787,100,DASWOW/DASWOW_Notebooks/nb_120555.ipynb,python
788,100,DASWOW/DASWOW_Notebooks/nb_12102.ipynb,python
789,100,DASWOW/DASWOW_Notebooks/nb_12133.ipynb,python
790,100,DASWOW/DASWOW_Notebooks/nb_12385.ipynb,python
791,100,DASWOW/DASWOW_Notebooks/nb_123955.ipynb,python
792,100,DASWOW/DASWOW_Notebooks/nb_12570.ipynb,python
793,100,DASWOW/DASWOW_Notebooks/nb_12667.ipynb,python
794,100,DASWOW/DASWOW_Notebooks/nb_126757.ipynb,python
795,100,DASWOW/DASWOW_Notebooks/nb_12694.ipynb,python
796,100,DASWOW/DASWOW_Notebooks/nb_12838.ipynb,python
797,100,DASWOW/DASWOW_Notebooks/nb_128972.ipynb,python
798,100,DASWOW/DASWOW_Notebooks/nb_12952.ipynb,python
799,100,DASWOW/DASWOW_Notebooks/nb_13052.ipynb,python
800,100,DASWOW/DASWOW_Notebooks/nb_13064.ipynb,python
801,100,DASWOW/DASWOW_Notebooks/nb_13194.ipynb,python
802,100,DASWOW/DASWOW_Notebooks/nb_132144.ipynb,python
803,100,DASWOW/DASWOW_Notebooks/nb_13273.ipynb,python
804,100,DASWOW/DASWOW_Notebooks/nb_13314.ipynb,python
805,100,DASWOW/DASWOW_Notebooks/nb_13358.ipynb,python
806,100,DASWOW/DASWOW_Notebooks/nb_13533.ipynb,python
807,100,DASWOW/DASWOW_Notebooks/nb_135909.ipynb,python
808,100,DASWOW/DASWOW_Notebooks/nb_13593.ipynb,python
809,100,DASWOW/DASWOW_Notebooks/nb_13611.ipynb,python
810,100,DASWOW/DASWOW_Notebooks/nb_13629.ipynb,python
811,100,DASWOW/DASWOW_Notebooks/nb_13701.ipynb,python
812,100,DASWOW/DASWOW_Notebooks/nb_13810.ipynb,python
813,100,DASWOW/DASWOW_Notebooks/nb_139179.ipynb,python
814,100,DASWOW/DASWOW_Notebooks/nb_13973.ipynb,python
815,100,DASWOW/DASWOW_Notebooks/nb_141123.ipynb,python
816,100,DASWOW/DASWOW_Notebooks/nb_14135.ipynb,python
817,100,DASWOW/DASWOW_Notebooks/nb_141463.ipynb,python
818,100,DASWOW/DASWOW_Notebooks/nb_143782.ipynb,python
819,100,DASWOW/DASWOW_Notebooks/nb_14569.ipynb,python
820,100,DASWOW/DASWOW_Notebooks/nb_146413.ipynb,python
821,100,DASWOW/DASWOW_Notebooks/nb_14798.ipynb,python
822,100,DASWOW/DASWOW_Notebooks/nb_14887.ipynb,python
823,100,DASWOW/DASWOW_Notebooks/nb_14943.ipynb,python
824,100,DASWOW/DASWOW_Notebooks/nb_14954.ipynb,python
825,100,DASWOW/DASWOW_Notebooks/nb_15044.ipynb,python
826,100,DASWOW/DASWOW_Notebooks/nb_15064.ipynb,python
827,100,DASWOW/DASWOW_Notebooks/nb_151660.ipynb,python
828,100,DASWOW/DASWOW_Notebooks/nb_15184.ipynb,python
829,100,DASWOW/DASWOW_Notebooks/nb_15192.ipynb,python
830,100,DASWOW/DASWOW_Notebooks/nb_15206.ipynb,python
831,100,DASWOW/DASWOW_Notebooks/nb_154646.ipynb,python
832,100,DASWOW/DASWOW_Notebooks/nb_15605.ipynb,python
833,100,DASWOW/DASWOW_Notebooks/nb_15606.ipynb,python
834,100,DASWOW/DASWOW_Notebooks/nb_15631.ipynb,python
835,100,DASWOW/DASWOW_Notebooks/nb_16033.ipynb,python
836,100,DASWOW/DASWOW_Notebooks/nb_161139.ipynb,python
837,100,DASWOW/DASWOW_Notebooks/nb_161488.ipynb,python
838,100,DASWOW/DASWOW_Notebooks/nb_162121.ipynb,python
839,100,DASWOW/DASWOW_Notebooks/nb_16246.ipynb,python
840,100,DASWOW/DASWOW_Notebooks/nb_16302.ipynb,python
841,100,DASWOW/DASWOW_Notebooks/nb_16456.ipynb,python
842,100,DASWOW/DASWOW_Notebooks/nb_165004.ipynb,python
843,100,DASWOW/DASWOW_Notebooks/nb_165310.ipynb,python
844,100,DASWOW/DASWOW_Notebooks/nb_165782.ipynb,python
845,100,DASWOW/DASWOW_Notebooks/nb_168049.ipynb,python
846,100,DASWOW/DASWOW_Notebooks/nb_169148.ipynb,python
847,100,DASWOW/DASWOW_Notebooks/nb_17025.ipynb,python
848,100,DASWOW/DASWOW_Notebooks/nb_17097.ipynb,python
849,100,DASWOW/DASWOW_Notebooks/nb_171338.ipynb,python
850,100,DASWOW/DASWOW_Notebooks/nb_172338.ipynb,python
851,100,DASWOW/DASWOW_Notebooks/nb_17335.ipynb,python
852,100,DASWOW/DASWOW_Notebooks/nb_174644.ipynb,python
853,100,DASWOW/DASWOW_Notebooks/nb_17621.ipynb,python
854,100,DASWOW/DASWOW_Notebooks/nb_176775.ipynb,python
855,100,DASWOW/DASWOW_Notebooks/nb_17821.ipynb,python
856,100,DASWOW/DASWOW_Notebooks/nb_17971.ipynb,python
857,100,DASWOW/DASWOW_Notebooks/nb_1808.ipynb,python
858,100,DASWOW/DASWOW_Notebooks/nb_181714.ipynb,python
859,100,DASWOW/DASWOW_Notebooks/nb_18173.ipynb,python
860,100,DASWOW/DASWOW_Notebooks/nb_18192.ipynb,python
861,100,DASWOW/DASWOW_Notebooks/nb_18269.ipynb,python
862,100,DASWOW/DASWOW_Notebooks/nb_18303.ipynb,python
863,100,DASWOW/DASWOW_Notebooks/nb_18312.ipynb,python
864,100,DASWOW/DASWOW_Notebooks/nb_1834.ipynb,python
865,100,DASWOW/DASWOW_Notebooks/nb_18427.ipynb,python
866,100,DASWOW/DASWOW_Notebooks/nb_184720.ipynb,python
867,100,DASWOW/DASWOW_Notebooks/nb_187060.ipynb,python
868,100,DASWOW/DASWOW_Notebooks/nb_18744.ipynb,python
869,100,DASWOW/DASWOW_Notebooks/nb_18755.ipynb,python
870,100,DASWOW/DASWOW_Notebooks/nb_188796.ipynb,python
871,100,DASWOW/DASWOW_Notebooks/nb_19102.ipynb,python
872,100,DASWOW/DASWOW_Notebooks/nb_191327.ipynb,python
873,100,DASWOW/DASWOW_Notebooks/nb_19338.ipynb,python
874,100,DASWOW/DASWOW_Notebooks/nb_195130.ipynb,python
875,100,DASWOW/DASWOW_Notebooks/nb_1952.ipynb,python
876,100,DASWOW/DASWOW_Notebooks/nb_196086.ipynb,python
877,100,DASWOW/DASWOW_Notebooks/nb_1963.ipynb,python
878,100,DASWOW/DASWOW_Notebooks/nb_197884.ipynb,python
879,100,DASWOW/DASWOW_Notebooks/nb_19923.ipynb,python
880,100,DASWOW/DASWOW_Notebooks/nb_19933.ipynb,python
881,100,DASWOW/DASWOW_Notebooks/nb_2004.ipynb,python
882,100,DASWOW/DASWOW_Notebooks/nb_20110.ipynb,python
883,100,DASWOW/DASWOW_Notebooks/nb_20187.ipynb,python
884,100,DASWOW/DASWOW_Notebooks/nb_21762.ipynb,python
885,100,DASWOW/DASWOW_Notebooks/nb_21795.ipynb,python
886,100,DASWOW/DASWOW_Notebooks/nb_21923.ipynb,python
887,100,DASWOW/DASWOW_Notebooks/nb_22183.ipynb,python
888,100,DASWOW/DASWOW_Notebooks/nb_22193.ipynb,python
889,100,DASWOW/DASWOW_Notebooks/nb_22201.ipynb,python
890,100,DASWOW/DASWOW_Notebooks/nb_22207.ipynb,python
891,100,DASWOW/DASWOW_Notebooks/nb_22351.ipynb,python
892,100,DASWOW/DASWOW_Notebooks/nb_22516.ipynb,python
893,100,DASWOW/DASWOW_Notebooks/nb_22577.ipynb,python
894,100,DASWOW/DASWOW_Notebooks/nb_22881.ipynb,python
895,100,DASWOW/DASWOW_Notebooks/nb_22925.ipynb,python
896,100,DASWOW/DASWOW_Notebooks/nb_23155.ipynb,python
897,100,DASWOW/DASWOW_Notebooks/nb_2319.ipynb,python
898,100,DASWOW/DASWOW_Notebooks/nb_23340.ipynb,python
899,100,DASWOW/DASWOW_Notebooks/nb_23353.ipynb,python
900,100,DASWOW/DASWOW_Notebooks/nb_23427.ipynb,python
901,100,DASWOW/DASWOW_Notebooks/nb_2400.ipynb,python
902,100,DASWOW/DASWOW_Notebooks/nb_24205.ipynb,python
903,100,DASWOW/DASWOW_Notebooks/nb_24255.ipynb,python
904,100,DASWOW/DASWOW_Notebooks/nb_24261.ipynb,python
905,100,DASWOW/DASWOW_Notebooks/nb_24325.ipynb,python
906,100,DASWOW/DASWOW_Notebooks/nb_24417.ipynb,python
907,100,DASWOW/DASWOW_Notebooks/nb_24499.ipynb,python
908,100,DASWOW/DASWOW_Notebooks/nb_24597.ipynb,python
909,100,DASWOW/DASWOW_Notebooks/nb_24663.ipynb,python
910,100,DASWOW/DASWOW_Notebooks/nb_24723.ipynb,python
911,100,DASWOW/DASWOW_Notebooks/nb_25007.ipynb,python
912,100,DASWOW/DASWOW_Notebooks/nb_25104.ipynb,python
913,100,DASWOW/DASWOW_Notebooks/nb_25187.ipynb,python
914,100,DASWOW/DASWOW_Notebooks/nb_25726.ipynb,python
915,100,DASWOW/DASWOW_Notebooks/nb_25960.ipynb,python
916,100,DASWOW/DASWOW_Notebooks/nb_25993.ipynb,python
917,100,DASWOW/DASWOW_Notebooks/nb_26033.ipynb,python
918,100,DASWOW/DASWOW_Notebooks/nb_26172.ipynb,python
919,100,DASWOW/DASWOW_Notebooks/nb_26661.ipynb,python
920,100,DASWOW/DASWOW_Notebooks/nb_26886.ipynb,python
921,100,DASWOW/DASWOW_Notebooks/nb_27443.ipynb,python
922,100,DASWOW/DASWOW_Notebooks/nb_27774.ipynb,python
923,100,DASWOW/DASWOW_Notebooks/nb_27868.ipynb,python
924,100,DASWOW/DASWOW_Notebooks/nb_27915.ipynb,python
925,100,DASWOW/DASWOW_Notebooks/nb_28482.ipynb,python
926,100,DASWOW/DASWOW_Notebooks/nb_28515.ipynb,python
927,100,DASWOW/DASWOW_Notebooks/nb_28516.ipynb,python
928,100,DASWOW/DASWOW_Notebooks/nb_28545.ipynb,python
929,100,DASWOW/DASWOW_Notebooks/nb_28677.ipynb,python
930,100,DASWOW/DASWOW_Notebooks/nb_28795.ipynb,python
931,100,DASWOW/DASWOW_Notebooks/nb_28865.ipynb,python
932,100,DASWOW/DASWOW_Notebooks/nb_28919.ipynb,python
933,100,DASWOW/DASWOW_Notebooks/nb_29068.ipynb,python
934,100,DASWOW/DASWOW_Notebooks/nb_29312.ipynb,python
935,100,DASWOW/DASWOW_Notebooks/nb_29627.ipynb,python
936,100,DASWOW/DASWOW_Notebooks/nb_29702.ipynb,python
937,100,DASWOW/DASWOW_Notebooks/nb_3021.ipynb,python
938,100,DASWOW/DASWOW_Notebooks/nb_30605.ipynb,python
939,100,DASWOW/DASWOW_Notebooks/nb_30647.ipynb,python
940,100,DASWOW/DASWOW_Notebooks/nb_30808.ipynb,python
941,100,DASWOW/DASWOW_Notebooks/nb_31061.ipynb,python
942,100,DASWOW/DASWOW_Notebooks/nb_31109.ipynb,python
943,100,DASWOW/DASWOW_Notebooks/nb_3150.ipynb,python
944,100,DASWOW/DASWOW_Notebooks/nb_33105.ipynb,python
945,100,DASWOW/DASWOW_Notebooks/nb_33257.ipynb,python
946,100,DASWOW/DASWOW_Notebooks/nb_33408.ipynb,python
947,100,DASWOW/DASWOW_Notebooks/nb_3358.ipynb,python
948,100,DASWOW/DASWOW_Notebooks/nb_3408.ipynb,python
949,100,DASWOW/DASWOW_Notebooks/nb_3409.ipynb,python
950,100,DASWOW/DASWOW_Notebooks/nb_34182.ipynb,python
951,100,DASWOW/DASWOW_Notebooks/nb_34406.ipynb,python
952,100,DASWOW/DASWOW_Notebooks/nb_34683.ipynb,python
953,100,DASWOW/DASWOW_Notebooks/nb_3521.ipynb,python
954,100,DASWOW/DASWOW_Notebooks/nb_35916.ipynb,python
955,100,DASWOW/DASWOW_Notebooks/nb_35982.ipynb,python
956,100,DASWOW/DASWOW_Notebooks/nb_36749.ipynb,python
957,100,DASWOW/DASWOW_Notebooks/nb_36999.ipynb,python
958,100,DASWOW/DASWOW_Notebooks/nb_37151.ipynb,python
959,100,DASWOW/DASWOW_Notebooks/nb_37187.ipynb,python
960,100,DASWOW/DASWOW_Notebooks/nb_38166.ipynb,python
961,100,DASWOW/DASWOW_Notebooks/nb_38174.ipynb,python
962,100,DASWOW/DASWOW_Notebooks/nb_39226.ipynb,python
963,100,DASWOW/DASWOW_Notebooks/nb_39261.ipynb,python
964,100,DASWOW/DASWOW_Notebooks/nb_40043.ipynb,python
965,100,DASWOW/DASWOW_Notebooks/nb_40451.ipynb,python
966,100,DASWOW/DASWOW_Notebooks/nb_40455.ipynb,python
967,100,DASWOW/DASWOW_Notebooks/nb_41045.ipynb,python
968,100,DASWOW/DASWOW_Notebooks/nb_41271.ipynb,python
969,100,DASWOW/DASWOW_Notebooks/nb_41292.ipynb,python
970,100,DASWOW/DASWOW_Notebooks/nb_41378.ipynb,python
971,100,DASWOW/DASWOW_Notebooks/nb_41732.ipynb,python
972,100,DASWOW/DASWOW_Notebooks/nb_42820.ipynb,python
973,100,DASWOW/DASWOW_Notebooks/nb_42977.ipynb,python
974,100,DASWOW/DASWOW_Notebooks/nb_42983.ipynb,python
975,100,DASWOW/DASWOW_Notebooks/nb_43216.ipynb,python
976,100,DASWOW/DASWOW_Notebooks/nb_43331.ipynb,python
977,100,DASWOW/DASWOW_Notebooks/nb_43484.ipynb,python
978,100,DASWOW/DASWOW_Notebooks/nb_43499.ipynb,python
979,100,DASWOW/DASWOW_Notebooks/nb_44024.ipynb,python
980,100,DASWOW/DASWOW_Notebooks/nb_44070.ipynb,python
981,100,DASWOW/DASWOW_Notebooks/nb_44143.ipynb,python
982,100,DASWOW/DASWOW_Notebooks/nb_44182.ipynb,python
983,100,DASWOW/DASWOW_Notebooks/nb_44198.ipynb,python
984,100,DASWOW/DASWOW_Notebooks/nb_44480.ipynb,python
985,100,DASWOW/DASWOW_Notebooks/nb_44589.ipynb,python
986,100,DASWOW/DASWOW_Notebooks/nb_4469.ipynb,python
987,100,DASWOW/DASWOW_Notebooks/nb_44698.ipynb,python
988,100,DASWOW/DASWOW_Notebooks/nb_45121.ipynb,python
989,100,DASWOW/DASWOW_Notebooks/nb_4571.ipynb,python
990,100,DASWOW/DASWOW_Notebooks/nb_45722.ipynb,python
991,100,DASWOW/DASWOW_Notebooks/nb_4583.ipynb,python
992,100,DASWOW/DASWOW_Notebooks/nb_46102.ipynb,python
993,100,DASWOW/DASWOW_Notebooks/nb_46739.ipynb,python
994,100,DASWOW/DASWOW_Notebooks/nb_46833.ipynb,python
995,100,DASWOW/DASWOW_Notebooks/nb_46835.ipynb,python
996,100,DASWOW/DASWOW_Notebooks/nb_46881.ipynb,python
997,100,DASWOW/DASWOW_Notebooks/nb_47380.ipynb,python
998,100,DASWOW/DASWOW_Notebooks/nb_47978.ipynb,python
999,100,DASWOW/DASWOW_Notebooks/nb_47990.ipynb,python
1000,100,DASWOW/DASWOW_Notebooks/nb_48207.ipynb,python
1001,100,DASWOW/DASWOW_Notebooks/nb_48439.ipynb,python
1002,100,DASWOW/DASWOW_Notebooks/nb_48507.ipynb,python
1003,100,DASWOW/DASWOW_Notebooks/nb_48517.ipynb,python
1004,100,DASWOW/DASWOW_Notebooks/nb_48766.ipynb,python
1005,100,DASWOW/DASWOW_Notebooks/nb_48827.ipynb,python
1006,100,DASWOW/DASWOW_Notebooks/nb_48860.ipynb,python
1007,100,DASWOW/DASWOW_Notebooks/nb_48889.ipynb,python
1008,100,DASWOW/DASWOW_Notebooks/nb_49377.ipynb,python
1009,100,DASWOW/DASWOW_Notebooks/nb_49420.ipynb,python
1010,100,DASWOW/DASWOW_Notebooks/nb_49573.ipynb,python
1011,100,DASWOW/DASWOW_Notebooks/nb_50091.ipynb,python
1012,100,DASWOW/DASWOW_Notebooks/nb_50130.ipynb,python
1013,100,DASWOW/DASWOW_Notebooks/nb_50168.ipynb,python
1014,100,DASWOW/DASWOW_Notebooks/nb_50261.ipynb,python
1015,100,DASWOW/DASWOW_Notebooks/nb_50263.ipynb,python
1016,100,DASWOW/DASWOW_Notebooks/nb_50272.ipynb,python
1017,100,DASWOW/DASWOW_Notebooks/nb_5040.ipynb,python
1018,100,DASWOW/DASWOW_Notebooks/nb_50450.ipynb,python
1019,100,DASWOW/DASWOW_Notebooks/nb_50483.ipynb,python
1020,100,DASWOW/DASWOW_Notebooks/nb_50609.ipynb,python
1021,100,DASWOW/DASWOW_Notebooks/nb_51356.ipynb,python
1022,100,DASWOW/DASWOW_Notebooks/nb_51466.ipynb,python
1023,100,DASWOW/DASWOW_Notebooks/nb_51470.ipynb,python
1024,100,DASWOW/DASWOW_Notebooks/nb_52449.ipynb,python
1025,100,DASWOW/DASWOW_Notebooks/nb_5274.ipynb,python
1026,100,DASWOW/DASWOW_Notebooks/nb_52819.ipynb,python
1027,100,DASWOW/DASWOW_Notebooks/nb_53242.ipynb,python
1028,100,DASWOW/DASWOW_Notebooks/nb_53316.ipynb,python
1029,100,DASWOW/DASWOW_Notebooks/nb_53435.ipynb,python
1030,100,DASWOW/DASWOW_Notebooks/nb_53543.ipynb,python
1031,100,DASWOW/DASWOW_Notebooks/nb_53968.ipynb,python
1032,100,DASWOW/DASWOW_Notebooks/nb_54009.ipynb,python
1033,100,DASWOW/DASWOW_Notebooks/nb_54112.ipynb,python
1034,100,DASWOW/DASWOW_Notebooks/nb_5433.ipynb,python
1035,100,DASWOW/DASWOW_Notebooks/nb_54623.ipynb,python
1036,100,DASWOW/DASWOW_Notebooks/nb_5475.ipynb,python
1037,100,DASWOW/DASWOW_Notebooks/nb_54880.ipynb,python
1038,100,DASWOW/DASWOW_Notebooks/nb_54957.ipynb,python
1039,100,DASWOW/DASWOW_Notebooks/nb_54981.ipynb,python
1040,100,DASWOW/DASWOW_Notebooks/nb_55413.ipynb,python
1041,100,DASWOW/DASWOW_Notebooks/nb_55434.ipynb,python
1042,100,DASWOW/DASWOW_Notebooks/nb_55599.ipynb,python
1043,100,DASWOW/DASWOW_Notebooks/nb_5560.ipynb,python
1044,100,DASWOW/DASWOW_Notebooks/nb_55776.ipynb,python
1045,100,DASWOW/DASWOW_Notebooks/nb_55783.ipynb,python
1046,100,DASWOW/DASWOW_Notebooks/nb_55877.ipynb,python
1047,100,DASWOW/DASWOW_Notebooks/nb_55900.ipynb,python
1048,100,DASWOW/DASWOW_Notebooks/nb_55927.ipynb,python
1049,100,DASWOW/DASWOW_Notebooks/nb_56061.ipynb,python
1050,100,DASWOW/DASWOW_Notebooks/nb_56069.ipynb,python
1051,100,DASWOW/DASWOW_Notebooks/nb_56968.ipynb,python
1052,100,DASWOW/DASWOW_Notebooks/nb_57109.ipynb,python
1053,100,DASWOW/DASWOW_Notebooks/nb_57114.ipynb,python
1054,100,DASWOW/DASWOW_Notebooks/nb_57407.ipynb,python
1055,100,DASWOW/DASWOW_Notebooks/nb_57499.ipynb,python
1056,100,DASWOW/DASWOW_Notebooks/nb_57521.ipynb,python
1057,100,DASWOW/DASWOW_Notebooks/nb_57687.ipynb,python
1058,100,DASWOW/DASWOW_Notebooks/nb_57777.ipynb,python
1059,100,DASWOW/DASWOW_Notebooks/nb_57830.ipynb,python
1060,100,DASWOW/DASWOW_Notebooks/nb_57933.ipynb,python
1061,100,DASWOW/DASWOW_Notebooks/nb_58089.ipynb,python
1062,100,DASWOW/DASWOW_Notebooks/nb_58247.ipynb,python
1063,100,DASWOW/DASWOW_Notebooks/nb_58280.ipynb,python
1064,100,DASWOW/DASWOW_Notebooks/nb_58379.ipynb,python
1065,100,DASWOW/DASWOW_Notebooks/nb_58445.ipynb,python
1066,100,DASWOW/DASWOW_Notebooks/nb_58602.ipynb,python
1067,100,DASWOW/DASWOW_Notebooks/nb_58663.ipynb,python
1068,100,DASWOW/DASWOW_Notebooks/nb_58789.ipynb,python
1069,100,DASWOW/DASWOW_Notebooks/nb_58886.ipynb,python
1070,100,DASWOW/DASWOW_Notebooks/nb_59012.ipynb,python
1071,100,DASWOW/DASWOW_Notebooks/nb_59033.ipynb,python
1072,100,DASWOW/DASWOW_Notebooks/nb_59057.ipynb,python
1073,100,DASWOW/DASWOW_Notebooks/nb_59058.ipynb,python
1074,100,DASWOW/DASWOW_Notebooks/nb_59242.ipynb,python
1075,100,DASWOW/DASWOW_Notebooks/nb_59335.ipynb,python
1076,100,DASWOW/DASWOW_Notebooks/nb_59346.ipynb,python
1077,100,DASWOW/DASWOW_Notebooks/nb_59441.ipynb,python
1078,100,DASWOW/DASWOW_Notebooks/nb_59458.ipynb,python
1079,100,DASWOW/DASWOW_Notebooks/nb_59568.ipynb,python
1080,100,DASWOW/DASWOW_Notebooks/nb_59571.ipynb,python
1081,100,DASWOW/DASWOW_Notebooks/nb_59619.ipynb,python
1082,100,DASWOW/DASWOW_Notebooks/nb_597.ipynb,python
1083,100,DASWOW/DASWOW_Notebooks/nb_59702.ipynb,python
1084,100,DASWOW/DASWOW_Notebooks/nb_598.ipynb,python
1085,100,DASWOW/DASWOW_Notebooks/nb_59876.ipynb,python
1086,100,DASWOW/DASWOW_Notebooks/nb_5993.ipynb,python
1087,100,DASWOW/DASWOW_Notebooks/nb_6005.ipynb,python
1088,100,DASWOW/DASWOW_Notebooks/nb_601148.ipynb,python
1089,100,DASWOW/DASWOW_Notebooks/nb_60187.ipynb,python
1090,100,DASWOW/DASWOW_Notebooks/nb_602596.ipynb,python
1091,100,DASWOW/DASWOW_Notebooks/nb_60409.ipynb,python
1092,100,DASWOW/DASWOW_Notebooks/nb_604946.ipynb,python
1093,100,DASWOW/DASWOW_Notebooks/nb_60623.ipynb,python
1094,100,DASWOW/DASWOW_Notebooks/nb_60944.ipynb,python
1095,100,DASWOW/DASWOW_Notebooks/nb_60996.ipynb,python
1096,100,DASWOW/DASWOW_Notebooks/nb_610918.ipynb,python
1097,100,DASWOW/DASWOW_Notebooks/nb_610952.ipynb,python
1098,100,DASWOW/DASWOW_Notebooks/nb_61310.ipynb,python
1099,100,DASWOW/DASWOW_Notebooks/nb_61617.ipynb,python
1100,100,DASWOW/DASWOW_Notebooks/nb_61626.ipynb,python
1101,100,DASWOW/DASWOW_Notebooks/nb_61663.ipynb,python
1102,100,DASWOW/DASWOW_Notebooks/nb_61904.ipynb,python
1103,100,DASWOW/DASWOW_Notebooks/nb_61906.ipynb,python
1104,100,DASWOW/DASWOW_Notebooks/nb_6196.ipynb,python
1105,100,DASWOW/DASWOW_Notebooks/nb_619782.ipynb,python
1106,100,DASWOW/DASWOW_Notebooks/nb_62184.ipynb,python
1107,100,DASWOW/DASWOW_Notebooks/nb_62204.ipynb,python
1108,100,DASWOW/DASWOW_Notebooks/nb_62208.ipynb,python
1109,100,DASWOW/DASWOW_Notebooks/nb_62235.ipynb,python
1110,100,DASWOW/DASWOW_Notebooks/nb_62337.ipynb,python
1111,100,DASWOW/DASWOW_Notebooks/nb_62575.ipynb,python
1112,100,DASWOW/DASWOW_Notebooks/nb_62652.ipynb,python
1113,100,DASWOW/DASWOW_Notebooks/nb_62965.ipynb,python
1114,100,DASWOW/DASWOW_Notebooks/nb_64125.ipynb,python
1115,100,DASWOW/DASWOW_Notebooks/nb_64359.ipynb,python
1116,100,DASWOW/DASWOW_Notebooks/nb_64774.ipynb,python
1117,100,DASWOW/DASWOW_Notebooks/nb_6482.ipynb,python
1118,100,DASWOW/DASWOW_Notebooks/nb_65143.ipynb,python
1119,100,DASWOW/DASWOW_Notebooks/nb_65874.ipynb,python
1120,100,DASWOW/DASWOW_Notebooks/nb_65930.ipynb,python
1121,100,DASWOW/DASWOW_Notebooks/nb_66662.ipynb,python
1122,100,DASWOW/DASWOW_Notebooks/nb_66900.ipynb,python
1123,100,DASWOW/DASWOW_Notebooks/nb_67021.ipynb,python
1124,100,DASWOW/DASWOW_Notebooks/nb_67129.ipynb,python
1125,100,DASWOW/DASWOW_Notebooks/nb_67296.ipynb,python
1126,100,DASWOW/DASWOW_Notebooks/nb_67377.ipynb,python
1127,100,DASWOW/DASWOW_Notebooks/nb_67775.ipynb,python
1128,100,DASWOW/DASWOW_Notebooks/nb_67995.ipynb,python
1129,100,DASWOW/DASWOW_Notebooks/nb_68265.ipynb,python
1130,100,DASWOW/DASWOW_Notebooks/nb_68275.ipynb,python
1131,100,DASWOW/DASWOW_Notebooks/nb_68280.ipynb,python
1132,100,DASWOW/DASWOW_Notebooks/nb_68303.ipynb,python
1133,100,DASWOW/DASWOW_Notebooks/nb_68421.ipynb,python
1134,100,DASWOW/DASWOW_Notebooks/nb_68579.ipynb,python
1135,100,DASWOW/DASWOW_Notebooks/nb_69006.ipynb,python
1136,100,DASWOW/DASWOW_Notebooks/nb_69558.ipynb,python
1137,100,DASWOW/DASWOW_Notebooks/nb_69654.ipynb,python
1138,100,DASWOW/DASWOW_Notebooks/nb_69870.ipynb,python
1139,100,DASWOW/DASWOW_Notebooks/nb_69872.ipynb,python
1140,100,DASWOW/DASWOW_Notebooks/nb_70099.ipynb,python
1141,100,DASWOW/DASWOW_Notebooks/nb_70116.ipynb,python
1142,100,DASWOW/DASWOW_Notebooks/nb_70158.ipynb,python
1143,100,DASWOW/DASWOW_Notebooks/nb_70331.ipynb,python
1144,100,DASWOW/DASWOW_Notebooks/nb_70414.ipynb,python
1145,100,DASWOW/DASWOW_Notebooks/nb_70450.ipynb,python
1146,100,DASWOW/DASWOW_Notebooks/nb_7051.ipynb,python
1147,100,DASWOW/DASWOW_Notebooks/nb_70700.ipynb,python
1148,100,DASWOW/DASWOW_Notebooks/nb_7085.ipynb,python
1149,100,DASWOW/DASWOW_Notebooks/nb_710206.ipynb,python
1150,100,DASWOW/DASWOW_Notebooks/nb_71468.ipynb,python
1151,100,DASWOW/DASWOW_Notebooks/nb_71927.ipynb,python
1152,100,DASWOW/DASWOW_Notebooks/nb_7194.ipynb,python
1153,100,DASWOW/DASWOW_Notebooks/nb_71940.ipynb,python
1154,100,DASWOW/DASWOW_Notebooks/nb_72204.ipynb,python
1155,100,DASWOW/DASWOW_Notebooks/nb_72234.ipynb,python
1156,100,DASWOW/DASWOW_Notebooks/nb_72324.ipynb,python
1157,100,DASWOW/DASWOW_Notebooks/nb_72336.ipynb,python
1158,100,DASWOW/DASWOW_Notebooks/nb_72348.ipynb,python
1159,100,DASWOW/DASWOW_Notebooks/nb_72749.ipynb,python
1160,100,DASWOW/DASWOW_Notebooks/nb_72813.ipynb,python
1161,100,DASWOW/DASWOW_Notebooks/nb_72838.ipynb,python
1162,100,DASWOW/DASWOW_Notebooks/nb_72977.ipynb,python
1163,100,DASWOW/DASWOW_Notebooks/nb_73929.ipynb,python
1164,100,DASWOW/DASWOW_Notebooks/nb_73962.ipynb,python
1165,100,DASWOW/DASWOW_Notebooks/nb_750781.ipynb,python
1166,100,DASWOW/DASWOW_Notebooks/nb_754885.ipynb,python
1167,100,DASWOW/DASWOW_Notebooks/nb_75735.ipynb,python
1168,100,DASWOW/DASWOW_Notebooks/nb_75866.ipynb,python
1169,100,DASWOW/DASWOW_Notebooks/nb_76075.ipynb,python
1170,100,DASWOW/DASWOW_Notebooks/nb_76168.ipynb,python
1171,100,DASWOW/DASWOW_Notebooks/nb_76221.ipynb,python
1172,100,DASWOW/DASWOW_Notebooks/nb_76419.ipynb,python
1173,100,DASWOW/DASWOW_Notebooks/nb_76696.ipynb,python
1174,100,DASWOW/DASWOW_Notebooks/nb_7684.ipynb,python
1175,100,DASWOW/DASWOW_Notebooks/nb_77153.ipynb,python
1176,100,DASWOW/DASWOW_Notebooks/nb_77196.ipynb,python
1177,100,DASWOW/DASWOW_Notebooks/nb_77201.ipynb,python
1178,100,DASWOW/DASWOW_Notebooks/nb_77203.ipynb,python
1179,100,DASWOW/DASWOW_Notebooks/nb_77220.ipynb,python
1180,100,DASWOW/DASWOW_Notebooks/nb_77228.ipynb,python
1181,100,DASWOW/DASWOW_Notebooks/nb_77356.ipynb,python
1182,100,DASWOW/DASWOW_Notebooks/nb_77640.ipynb,python
1183,100,DASWOW/DASWOW_Notebooks/nb_78041.ipynb,python
1184,100,DASWOW/DASWOW_Notebooks/nb_78214.ipynb,python
1185,100,DASWOW/DASWOW_Notebooks/nb_78480.ipynb,python
1186,100,DASWOW/DASWOW_Notebooks/nb_78611.ipynb,python
1187,100,DASWOW/DASWOW_Notebooks/nb_78623.ipynb,python
1188,100,DASWOW/DASWOW_Notebooks/nb_79218.ipynb,python
1189,100,DASWOW/DASWOW_Notebooks/nb_79289.ipynb,python
1190,100,DASWOW/DASWOW_Notebooks/nb_79900.ipynb,python
1191,100,DASWOW/DASWOW_Notebooks/nb_8001.ipynb,python
1192,100,DASWOW/DASWOW_Notebooks/nb_80193.ipynb,python
1193,100,DASWOW/DASWOW_Notebooks/nb_80613.ipynb,python
1194,100,DASWOW/DASWOW_Notebooks/nb_8093.ipynb,python
1195,100,DASWOW/DASWOW_Notebooks/nb_81097.ipynb,python
1196,100,DASWOW/DASWOW_Notebooks/nb_81153.ipynb,python
1197,100,DASWOW/DASWOW_Notebooks/nb_81921.ipynb,python
1198,100,DASWOW/DASWOW_Notebooks/nb_83111.ipynb,python
1199,100,DASWOW/DASWOW_Notebooks/nb_83250.ipynb,python
1200,100,DASWOW/DASWOW_Notebooks/nb_84457.ipynb,python
1201,100,DASWOW/DASWOW_Notebooks/nb_84862.ipynb,python
1202,100,DASWOW/DASWOW_Notebooks/nb_85046.ipynb,python
1203,100,DASWOW/DASWOW_Notebooks/nb_85093.ipynb,python
1204,100,DASWOW/DASWOW_Notebooks/nb_85201.ipynb,python
1205,100,DASWOW/DASWOW_Notebooks/nb_85358.ipynb,python
1206,100,DASWOW/DASWOW_Notebooks/nb_85471.ipynb,python
1207,100,DASWOW/DASWOW_Notebooks/nb_856.ipynb,python
1208,100,DASWOW/DASWOW_Notebooks/nb_85911.ipynb,python
1209,100,DASWOW/DASWOW_Notebooks/nb_85950.ipynb,python
1210,100,DASWOW/DASWOW_Notebooks/nb_85957.ipynb,python
1211,100,DASWOW/DASWOW_Notebooks/nb_86073.ipynb,python
1212,100,DASWOW/DASWOW_Notebooks/nb_86392.ipynb,python
1213,100,DASWOW/DASWOW_Notebooks/nb_87231.ipynb,python
1214,100,DASWOW/DASWOW_Notebooks/nb_87269.ipynb,python
1215,100,DASWOW/DASWOW_Notebooks/nb_87303.ipynb,python
1216,100,DASWOW/DASWOW_Notebooks/nb_87495.ipynb,python
1217,100,DASWOW/DASWOW_Notebooks/nb_87499.ipynb,python
1218,100,DASWOW/DASWOW_Notebooks/nb_88058.ipynb,python
1219,100,DASWOW/DASWOW_Notebooks/nb_88066.ipynb,python
1220,100,DASWOW/DASWOW_Notebooks/nb_88536.ipynb,python
1221,100,DASWOW/DASWOW_Notebooks/nb_88557.ipynb,python
1222,100,DASWOW/DASWOW_Notebooks/nb_88675.ipynb,python
1223,100,DASWOW/DASWOW_Notebooks/nb_89090.ipynb,python
1224,100,DASWOW/DASWOW_Notebooks/nb_89173.ipynb,python
1225,100,DASWOW/DASWOW_Notebooks/nb_89471.ipynb,python
1226,100,DASWOW/DASWOW_Notebooks/nb_89477.ipynb,python
1227,100,DASWOW/DASWOW_Notebooks/nb_89494.ipynb,python
1228,100,DASWOW/DASWOW_Notebooks/nb_89513.ipynb,python
1229,100,DASWOW/DASWOW_Notebooks/nb_91069.ipynb,python
1230,100,DASWOW/DASWOW_Notebooks/nb_91724.ipynb,python
1231,100,DASWOW/DASWOW_Notebooks/nb_92101.ipynb,python
1232,100,DASWOW/DASWOW_Notebooks/nb_92107.ipynb,python
1233,100,DASWOW/DASWOW_Notebooks/nb_92243.ipynb,python
1234,100,DASWOW/DASWOW_Notebooks/nb_92404.ipynb,python
1235,100,DASWOW/DASWOW_Notebooks/nb_92537.ipynb,python
1236,100,DASWOW/DASWOW_Notebooks/nb_93582.ipynb,python
1237,100,DASWOW/DASWOW_Notebooks/nb_93628.ipynb,python
1238,100,DASWOW/DASWOW_Notebooks/nb_95354.ipynb,python
1239,100,DASWOW/DASWOW_Notebooks/nb_95821.ipynb,python
1240,100,DASWOW/DASWOW_Notebooks/nb_96079.ipynb,python
1241,100,DASWOW/DASWOW_Notebooks/nb_967.ipynb,python
1242,100,DASWOW/DASWOW_Notebooks/nb_96779.ipynb,python
1243,100,__MACOSX/DASWOW/DASWOW_Notebooks/._nb_10037.ipynb,python
1244,100,__MACOSX/DASWOW/DASWOW_Notebooks/._nb_10874.ipynb,python
1245,100,__MACOSX/DASWOW/DASWOW_Notebooks/._nb_10875.ipynb,python
1246,100,__MACOSX/DASWOW/DASWOW_Notebooks/._nb_108860.ipynb,python
1247,100,__MACOSX/DASWOW/DASWOW_Notebooks/._nb_10895.ipynb,python
1248,100,__MACOSX/DASWOW/DASWOW_Notebooks/._nb_11007.ipynb,python
1249,100,__MACOSX/DASWOW/DASWOW_Notebooks/._nb_111547.ipynb,python
1250,100,__MACOSX/DASWOW/DASWOW_Notebooks/._nb_111963.ipynb,python
1251,100,__MACOSX/DASWOW/DASWOW_Notebooks/._nb_113983.ipynb,python
1252,100,__MACOSX/DASWOW/DASWOW_Notebooks/._nb_1143.ipynb,python
1253,100,__MACOSX/DASWOW/DASWOW_Notebooks/._nb_11625.ipynb,python
1254,100,__MACOSX/DASWOW/DASWOW_Notebooks/._nb_11694.ipynb,python
1255,100,__MACOSX/DASWOW/DASWOW_Notebooks/._nb_12014.ipynb,python
1256,100,__MACOSX/DASWOW/DASWOW_Notebooks/._nb_12037.ipynb,python
1257,100,__MACOSX/DASWOW/DASWOW_Notebooks/._nb_120555.ipynb,python
1258,100,__MACOSX/DASWOW/DASWOW_Notebooks/._nb_12102.ipynb,python
1259,100,__MACOSX/DASWOW/DASWOW_Notebooks/._nb_12133.ipynb,python
1260,100,__MACOSX/DASWOW/DASWOW_Notebooks/._nb_12385.ipynb,python
1261,100,__MACOSX/DASWOW/DASWOW_Notebooks/._nb_123955.ipynb,python
1262,100,__MACOSX/DASWOW/DASWOW_Notebooks/._nb_12570.ipynb,python
1263,100,__MACOSX/DASWOW/DASWOW_Notebooks/._nb_12667.ipynb,python
1264,100,__MACOSX/DASWOW/DASWOW_Notebooks/._nb_126757.ipynb,python
1265,100,__MACOSX/DASWOW/DASWOW_Notebooks/._nb_12694.ipynb,python
1266,100,__MACOSX/DASWOW/DASWOW_Notebooks/._nb_12838.ipynb,python
1267,100,__MACOSX/DASWOW/DASWOW_Notebooks/._nb_128972.ipynb,python
1268,100,__MACOSX/DASWOW/DASWOW_Notebooks/._nb_12952.ipynb,python
1269,100,__MACOSX/DASWOW/DASWOW_Notebooks/._nb_13052.ipynb,python
1270,100,__MACOSX/DASWOW/DASWOW_Notebooks/._nb_13064.ipynb,python
1271,100,__MACOSX/DASWOW/DASWOW_Notebooks/._nb_13194.ipynb,python
1272,100,__MACOSX/DASWOW/DASWOW_Notebooks/._nb_132144.ipynb,python
1273,100,__MACOSX/DASWOW/DASWOW_Notebooks/._nb_13273.ipynb,python
1274,100,__MACOSX/DASWOW/DASWOW_Notebooks/._nb_13314.ipynb,python
1275,100,__MACOSX/DASWOW/DASWOW_Notebooks/._nb_13358.ipynb,python
1276,100,__MACOSX/DASWOW/DASWOW_Notebooks/._nb_13533.ipynb,python
1277,100,__MACOSX/DASWOW/DASWOW_Notebooks/._nb_135909.ipynb,python
1278,100,__MACOSX/DASWOW/DASWOW_Notebooks/._nb_13593.ipynb,python
1279,100,__MACOSX/DASWOW/DASWOW_Notebooks/._nb_13611.ipynb,python
1280,100,__MACOSX/DASWOW/DASWOW_Notebooks/._nb_13629.ipynb,python
1281,100,__MACOSX/DASWOW/DASWOW_Notebooks/._nb_13701.ipynb,python
1282,100,__MACOSX/DASWOW/DASWOW_Notebooks/._nb_13810.ipynb,python
1283,100,__MACOSX/DASWOW/DASWOW_Notebooks/._nb_139179.ipynb,python
1284,100,__MACOSX/DASWOW/DASWOW_Notebooks/._nb_13973.ipynb,python
1285,100,__MACOSX/DASWOW/DASWOW_Notebooks/._nb_141123.ipynb,python
1286,100,__MACOSX/DASWOW/DASWOW_Notebooks/._nb_14135.ipynb,python
1287,100,__MACOSX/DASWOW/DASWOW_Notebooks/._nb_141463.ipynb,python
1288,100,__MACOSX/DASWOW/DASWOW_Notebooks/._nb_143782.ipynb,python
1289,100,__MACOSX/DASWOW/DASWOW_Notebooks/._nb_14569.ipynb,python
1290,100,__MACOSX/DASWOW/DASWOW_Notebooks/._nb_146413.ipynb,python
1291,100,__MACOSX/DASWOW/DASWOW_Notebooks/._nb_14798.ipynb,python
1292,100,__MACOSX/DASWOW/DASWOW_Notebooks/._nb_14887.ipynb,python
1293,100,__MACOSX/DASWOW/DASWOW_Notebooks/._nb_14943.ipynb,python
1294,100,__MACOSX/DASWOW/DASWOW_Notebooks/._nb_14954.ipynb,python
1295,100,__MACOSX/DASWOW/DASWOW_Notebooks/._nb_15044.ipynb,python
1296,100,__MACOSX/DASWOW/DASWOW_Notebooks/._nb_15064.ipynb,python
1297,100,__MACOSX/DASWOW/DASWOW_Notebooks/._nb_151660.ipynb,python
1298,100,__MACOSX/DASWOW/DASWOW_Notebooks/._nb_15184.ipynb,python
1299,100,__MACOSX/DASWOW/DASWOW_Notebooks/._nb_15192.ipynb,python
1300,100,__MACOSX/DASWOW/DASWOW_Notebooks/._nb_15206.ipynb,python
1301,100,__MACOSX/DASWOW/DASWOW_Notebooks/._nb_154646.ipynb,python
1302,100,__MACOSX/DASWOW/DASWOW_Notebooks/._nb_15605.ipynb,python
1303,100,__MACOSX/DASWOW/DASWOW_Notebooks/._nb_15606.ipynb,python
1304,100,__MACOSX/DASWOW/DASWOW_Notebooks/._nb_15631.ipynb,python
1305,100,__MACOSX/DASWOW/DASWOW_Notebooks/._nb_16033.ipynb,python
1306,100,__MACOSX/DASWOW/DASWOW_Notebooks/._nb_161139.ipynb,python
1307,100,__MACOSX/DASWOW/DASWOW_Notebooks/._nb_161488.ipynb,python
1308,100,__MACOSX/DASWOW/DASWOW_Notebooks/._nb_162121.ipynb,python
1309,100,__MACOSX/DASWOW/DASWOW_Notebooks/._nb_16246.ipynb,python
1310,100,__MACOSX/DASWOW/DASWOW_Notebooks/._nb_16302.ipynb,python
1311,100,__MACOSX/DASWOW/DASWOW_Notebooks/._nb_16456.ipynb,python
1312,100,__MACOSX/DASWOW/DASWOW_Notebooks/._nb_165004.ipynb,python
1313,100,__MACOSX/DASWOW/DASWOW_Notebooks/._nb_165310.ipynb,python
1314,100,__MACOSX/DASWOW/DASWOW_Notebooks/._nb_165782.ipynb,python
1315,100,__MACOSX/DASWOW/DASWOW_Notebooks/._nb_168049.ipynb,python
1316,100,__MACOSX/DASWOW/DASWOW_Notebooks/._nb_169148.ipynb,python
1317,100,__MACOSX/DASWOW/DASWOW_Notebooks/._nb_17025.ipynb,python
1318,100,__MACOSX/DASWOW/DASWOW_Notebooks/._nb_17097.ipynb,python
1319,100,__MACOSX/DASWOW/DASWOW_Notebooks/._nb_171338.ipynb,python
1320,100,__MACOSX/DASWOW/DASWOW_Notebooks/._nb_172338.ipynb,python
1321,100,__MACOSX/DASWOW/DASWOW_Notebooks/._nb_17335.ipynb,python
1322,100,__MACOSX/DASWOW/DASWOW_Notebooks/._nb_174644.ipynb,python
1323,100,__MACOSX/DASWOW/DASWOW_Notebooks/._nb_17621.ipynb,python
1324,100,__MACOSX/DASWOW/DASWOW_Notebooks/._nb_176775.ipynb,python
1325,100,__MACOSX/DASWOW/DASWOW_Notebooks/._nb_17821.ipynb,python
1326,100,__MACOSX/DASWOW/DASWOW_Notebooks/._nb_17971.ipynb,python
1327,100,__MACOSX/DASWOW/DASWOW_Notebooks/._nb_1808.ipynb,python
1328,100,__MACOSX/DASWOW/DASWOW_Notebooks/._nb_181714.ipynb,python
1329,100,__MACOSX/DASWOW/DASWOW_Notebooks/._nb_18173.ipynb,python
1330,100,__MACOSX/DASWOW/DASWOW_Notebooks/._nb_18192.ipynb,python
1331,100,__MACOSX/DASWOW/DASWOW_Notebooks/._nb_18269.ipynb,python
1332,100,__MACOSX/DASWOW/DASWOW_Notebooks/._nb_18303.ipynb,python
1333,100,__MACOSX/DASWOW/DASWOW_Notebooks/._nb_18312.ipynb,python
1334,100,__MACOSX/DASWOW/DASWOW_Notebooks/._nb_1834.ipynb,python
1335,100,__MACOSX/DASWOW/DASWOW_Notebooks/._nb_18427.ipynb,python
1336,100,__MACOSX/DASWOW/DASWOW_Notebooks/._nb_184720.ipynb,python
1337,100,__MACOSX/DASWOW/DASWOW_Notebooks/._nb_187060.ipynb,python
1338,100,__MACOSX/DASWOW/DASWOW_Notebooks/._nb_18744.ipynb,python
1339,100,__MACOSX/DASWOW/DASWOW_Notebooks/._nb_18755.ipynb,python
1340,100,__MACOSX/DASWOW/DASWOW_Notebooks/._nb_188796.ipynb,python
1341,100,__MACOSX/DASWOW/DASWOW_Notebooks/._nb_19102.ipynb,python
1342,100,__MACOSX/DASWOW/DASWOW_Notebooks/._nb_191327.ipynb,python
1343,100,__MACOSX/DASWOW/DASWOW_Notebooks/._nb_19338.ipynb,python
1344,100,__MACOSX/DASWOW/DASWOW_Notebooks/._nb_195130.ipynb,python
1345,100,__MACOSX/DASWOW/DASWOW_Notebooks/._nb_1952.ipynb,python
1346,100,__MACOSX/DASWOW/DASWOW_Notebooks/._nb_196086.ipynb,python
1347,100,__MACOSX/DASWOW/DASWOW_Notebooks/._nb_1963.ipynb,python
1348,100,__MACOSX/DASWOW/DASWOW_Notebooks/._nb_197884.ipynb,python
1349,100,__MACOSX/DASWOW/DASWOW_Notebooks/._nb_19923.ipynb,python
1350,100,__MACOSX/DASWOW/DASWOW_Notebooks/._nb_19933.ipynb,python
1351,100,__MACOSX/DASWOW/DASWOW_Notebooks/._nb_2004.ipynb,python
1352,100,__MACOSX/DASWOW/DASWOW_Notebooks/._nb_20110.ipynb,python
1353,100,__MACOSX/DASWOW/DASWOW_Notebooks/._nb_20187.ipynb,python
1354,100,__MACOSX/DASWOW/DASWOW_Notebooks/._nb_21762.ipynb,python
1355,100,__MACOSX/DASWOW/DASWOW_Notebooks/._nb_21795.ipynb,python
1356,100,__MACOSX/DASWOW/DASWOW_Notebooks/._nb_21923.ipynb,python
1357,100,__MACOSX/DASWOW/DASWOW_Notebooks/._nb_22183.ipynb,python
1358,100,__MACOSX/DASWOW/DASWOW_Notebooks/._nb_22193.ipynb,python
1359,100,__MACOSX/DASWOW/DASWOW_Notebooks/._nb_22201.ipynb,python
1360,100,__MACOSX/DASWOW/DASWOW_Notebooks/._nb_22207.ipynb,python
1361,100,__MACOSX/DASWOW/DASWOW_Notebooks/._nb_22351.ipynb,python
1362,100,__MACOSX/DASWOW/DASWOW_Notebooks/._nb_22516.ipynb,python
1363,100,__MACOSX/DASWOW/DASWOW_Notebooks/._nb_22577.ipynb,python
1364,100,__MACOSX/DASWOW/DASWOW_Notebooks/._nb_22881.ipynb,python
1365,100,__MACOSX/DASWOW/DASWOW_Notebooks/._nb_22925.ipynb,python
1366,100,__MACOSX/DASWOW/DASWOW_Notebooks/._nb_23155.ipynb,python
1367,100,__MACOSX/DASWOW/DASWOW_Notebooks/._nb_2319.ipynb,python
1368,100,__MACOSX/DASWOW/DASWOW_Notebooks/._nb_23340.ipynb,python
1369,100,__MACOSX/DASWOW/DASWOW_Notebooks/._nb_23353.ipynb,python
1370,100,__MACOSX/DASWOW/DASWOW_Notebooks/._nb_23427.ipynb,python
1371,100,__MACOSX/DASWOW/DASWOW_Notebooks/._nb_2400.ipynb,python
1372,100,__MACOSX/DASWOW/DASWOW_Notebooks/._nb_24205.ipynb,python
1373,100,__MACOSX/DASWOW/DASWOW_Notebooks/._nb_24255.ipynb,python
1374,100,__MACOSX/DASWOW/DASWOW_Notebooks/._nb_24261.ipynb,python
1375,100,__MACOSX/DASWOW/DASWOW_Notebooks/._nb_24325.ipynb,python
1376,100,__MACOSX/DASWOW/DASWOW_Notebooks/._nb_24417.ipynb,python
1377,100,__MACOSX/DASWOW/DASWOW_Notebooks/._nb_24499.ipynb,python
1378,100,__MACOSX/DASWOW/DASWOW_Notebooks/._nb_24597.ipynb,python
1379,100,__MACOSX/DASWOW/DASWOW_Notebooks/._nb_24663.ipynb,python
1380,100,__MACOSX/DASWOW/DASWOW_Notebooks/._nb_24723.ipynb,python
1381,100,__MACOSX/DASWOW/DASWOW_Notebooks/._nb_25007.ipynb,python
1382,100,__MACOSX/DASWOW/DASWOW_Notebooks/._nb_25104.ipynb,python
1383,100,__MACOSX/DASWOW/DASWOW_Notebooks/._nb_25187.ipynb,python
1384,100,__MACOSX/DASWOW/DASWOW_Notebooks/._nb_25726.ipynb,python
1385,100,__MACOSX/DASWOW/DASWOW_Notebooks/._nb_25960.ipynb,python
1386,100,__MACOSX/DASWOW/DASWOW_Notebooks/._nb_25993.ipynb,python
1387,100,__MACOSX/DASWOW/DASWOW_Notebooks/._nb_26033.ipynb,python
1388,100,__MACOSX/DASWOW/DASWOW_Notebooks/._nb_26172.ipynb,python
1389,100,__MACOSX/DASWOW/DASWOW_Notebooks/._nb_26661.ipynb,python
1390,100,__MACOSX/DASWOW/DASWOW_Notebooks/._nb_26886.ipynb,python
1391,100,__MACOSX/DASWOW/DASWOW_Notebooks/._nb_27443.ipynb,python
1392,100,__MACOSX/DASWOW/DASWOW_Notebooks/._nb_27774.ipynb,python
1393,100,__MACOSX/DASWOW/DASWOW_Notebooks/._nb_27868.ipynb,python
1394,100,__MACOSX/DASWOW/DASWOW_Notebooks/._nb_27915.ipynb,python
1395,100,__MACOSX/DASWOW/DASWOW_Notebooks/._nb_28482.ipynb,python
1396,100,__MACOSX/DASWOW/DASWOW_Notebooks/._nb_28515.ipynb,python
1397,100,__MACOSX/DASWOW/DASWOW_Notebooks/._nb_28516.ipynb,python
1398,100,__MACOSX/DASWOW/DASWOW_Notebooks/._nb_28545.ipynb,python
1399,100,__MACOSX/DASWOW/DASWOW_Notebooks/._nb_28677.ipynb,python
1400,100,__MACOSX/DASWOW/DASWOW_Notebooks/._nb_28795.ipynb,python
1401,100,__MACOSX/DASWOW/DASWOW_Notebooks/._nb_28865.ipynb,python
1402,100,__MACOSX/DASWOW/DASWOW_Notebooks/._nb_28919.ipynb,python
1403,100,__MACOSX/DASWOW/DASWOW_Notebooks/._nb_29068.ipynb,python
1404,100,__MACOSX/DASWOW/DASWOW_Notebooks/._nb_29312.ipynb,python
1405,100,__MACOSX/DASWOW/DASWOW_Notebooks/._nb_29627.ipynb,python
1406,100,__MACOSX/DASWOW/DASWOW_Notebooks/._nb_29702.ipynb,python
1407,100,__MACOSX/DASWOW/DASWOW_Notebooks/._nb_3021.ipynb,python
1408,100,__MACOSX/DASWOW/DASWOW_Notebooks/._nb_30605.ipynb,python
1409,100,__MACOSX/DASWOW/DASWOW_Notebooks/._nb_30647.ipynb,python
1410,100,__MACOSX/DASWOW/DASWOW_Notebooks/._nb_30808.ipynb,python
1411,100,__MACOSX/DASWOW/DASWOW_Notebooks/._nb_31061.ipynb,python
1412,100,__MACOSX/DASWOW/DASWOW_Notebooks/._nb_31109.ipynb,python
1413,100,__MACOSX/DASWOW/DASWOW_Notebooks/._nb_3150.ipynb,python
1414,100,__MACOSX/DASWOW/DASWOW_Notebooks/._nb_33105.ipynb,python
1415,100,__MACOSX/DASWOW/DASWOW_Notebooks/._nb_33257.ipynb,python
1416,100,__MACOSX/DASWOW/DASWOW_Notebooks/._nb_33408.ipynb,python
1417,100,__MACOSX/DASWOW/DASWOW_Notebooks/._nb_3358.ipynb,python
1418,100,__MACOSX/DASWOW/DASWOW_Notebooks/._nb_3408.ipynb,python
1419,100,__MACOSX/DASWOW/DASWOW_Notebooks/._nb_3409.ipynb,python
1420,100,__MACOSX/DASWOW/DASWOW_Notebooks/._nb_34182.ipynb,python
1421,100,__MACOSX/DASWOW/DASWOW_Notebooks/._nb_34406.ipynb,python
1422,100,__MACOSX/DASWOW/DASWOW_Notebooks/._nb_34683.ipynb,python
1423,100,__MACOSX/DASWOW/DASWOW_Notebooks/._nb_3521.ipynb,python
1424,100,__MACOSX/DASWOW/DASWOW_Notebooks/._nb_35916.ipynb,python
1425,100,__MACOSX/DASWOW/DASWOW_Notebooks/._nb_35982.ipynb,python
1426,100,__MACOSX/DASWOW/DASWOW_Notebooks/._nb_36749.ipynb,python
1427,100,__MACOSX/DASWOW/DASWOW_Notebooks/._nb_36999.ipynb,python
1428,100,__MACOSX/DASWOW/DASWOW_Notebooks/._nb_37151.ipynb,python
1429,100,__MACOSX/DASWOW/DASWOW_Notebooks/._nb_37187.ipynb,python
1430,100,__MACOSX/DASWOW/DASWOW_Notebooks/._nb_38166.ipynb,python
1431,100,__MACOSX/DASWOW/DASWOW_Notebooks/._nb_38174.ipynb,python
1432,100,__MACOSX/DASWOW/DASWOW_Notebooks/._nb_39226.ipynb,python
1433,100,__MACOSX/DASWOW/DASWOW_Notebooks/._nb_39261.ipynb,python
1434,100,__MACOSX/DASWOW/DASWOW_Notebooks/._nb_40043.ipynb,python
1435,100,__MACOSX/DASWOW/DASWOW_Notebooks/._nb_40451.ipynb,python
1436,100,__MACOSX/DASWOW/DASWOW_Notebooks/._nb_40455.ipynb,python
1437,100,__MACOSX/DASWOW/DASWOW_Notebooks/._nb_41045.ipynb,python
1438,100,__MACOSX/DASWOW/DASWOW_Notebooks/._nb_41271.ipynb,python
1439,100,__MACOSX/DASWOW/DASWOW_Notebooks/._nb_41292.ipynb,python
1440,100,__MACOSX/DASWOW/DASWOW_Notebooks/._nb_41378.ipynb,python
1441,100,__MACOSX/DASWOW/DASWOW_Notebooks/._nb_41732.ipynb,python
1442,100,__MACOSX/DASWOW/DASWOW_Notebooks/._nb_42820.ipynb,python
1443,100,__MACOSX/DASWOW/DASWOW_Notebooks/._nb_42977.ipynb,python
1444,100,__MACOSX/DASWOW/DASWOW_Notebooks/._nb_42983.ipynb,python
1445,100,__MACOSX/DASWOW/DASWOW_Notebooks/._nb_43216.ipynb,python
1446,100,__MACOSX/DASWOW/DASWOW_Notebooks/._nb_43331.ipynb,python
1447,100,__MACOSX/DASWOW/DASWOW_Notebooks/._nb_43484.ipynb,python
1448,100,__MACOSX/DASWOW/DASWOW_Notebooks/._nb_43499.ipynb,python
1449,100,__MACOSX/DASWOW/DASWOW_Notebooks/._nb_44024.ipynb,python
1450,100,__MACOSX/DASWOW/DASWOW_Notebooks/._nb_44070.ipynb,python
1451,100,__MACOSX/DASWOW/DASWOW_Notebooks/._nb_44143.ipynb,python
1452,100,__MACOSX/DASWOW/DASWOW_Notebooks/._nb_44182.ipynb,python
1453,100,__MACOSX/DASWOW/DASWOW_Notebooks/._nb_44198.ipynb,python
1454,100,__MACOSX/DASWOW/DASWOW_Notebooks/._nb_44480.ipynb,python
1455,100,__MACOSX/DASWOW/DASWOW_Notebooks/._nb_44589.ipynb,python
1456,100,__MACOSX/DASWOW/DASWOW_Notebooks/._nb_4469.ipynb,python
1457,100,__MACOSX/DASWOW/DASWOW_Notebooks/._nb_44698.ipynb,python
1458,100,__MACOSX/DASWOW/DASWOW_Notebooks/._nb_45121.ipynb,python
1459,100,__MACOSX/DASWOW/DASWOW_Notebooks/._nb_4571.ipynb,python
1460,100,__MACOSX/DASWOW/DASWOW_Notebooks/._nb_45722.ipynb,python
1461,100,__MACOSX/DASWOW/DASWOW_Notebooks/._nb_4583.ipynb,python
1462,100,__MACOSX/DASWOW/DASWOW_Notebooks/._nb_46102.ipynb,python
1463,100,__MACOSX/DASWOW/DASWOW_Notebooks/._nb_46739.ipynb,python
1464,100,__MACOSX/DASWOW/DASWOW_Notebooks/._nb_46833.ipynb,python
1465,100,__MACOSX/DASWOW/DASWOW_Notebooks/._nb_46835.ipynb,python
1466,100,__MACOSX/DASWOW/DASWOW_Notebooks/._nb_46881.ipynb,python
1467,100,__MACOSX/DASWOW/DASWOW_Notebooks/._nb_47380.ipynb,python
1468,100,__MACOSX/DASWOW/DASWOW_Notebooks/._nb_47978.ipynb,python
1469,100,__MACOSX/DASWOW/DASWOW_Notebooks/._nb_47990.ipynb,python
1470,100,__MACOSX/DASWOW/DASWOW_Notebooks/._nb_48207.ipynb,python
1471,100,__MACOSX/DASWOW/DASWOW_Notebooks/._nb_48439.ipynb,python
1472,100,__MACOSX/DASWOW/DASWOW_Notebooks/._nb_48507.ipynb,python
1473,100,__MACOSX/DASWOW/DASWOW_Notebooks/._nb_48517.ipynb,python
1474,100,__MACOSX/DASWOW/DASWOW_Notebooks/._nb_48766.ipynb,python
1475,100,__MACOSX/DASWOW/DASWOW_Notebooks/._nb_48827.ipynb,python
1476,100,__MACOSX/DASWOW/DASWOW_Notebooks/._nb_48860.ipynb,python
1477,100,__MACOSX/DASWOW/DASWOW_Notebooks/._nb_48889.ipynb,python
1478,100,__MACOSX/DASWOW/DASWOW_Notebooks/._nb_49377.ipynb,python
1479,100,__MACOSX/DASWOW/DASWOW_Notebooks/._nb_49420.ipynb,python
1480,100,__MACOSX/DASWOW/DASWOW_Notebooks/._nb_49573.ipynb,python
1481,100,__MACOSX/DASWOW/DASWOW_Notebooks/._nb_50091.ipynb,python
1482,100,__MACOSX/DASWOW/DASWOW_Notebooks/._nb_50130.ipynb,python
1483,100,__MACOSX/DASWOW/DASWOW_Notebooks/._nb_50168.ipynb,python
1484,100,__MACOSX/DASWOW/DASWOW_Notebooks/._nb_50261.ipynb,python
1485,100,__MACOSX/DASWOW/DASWOW_Notebooks/._nb_50263.ipynb,python
1486,100,__MACOSX/DASWOW/DASWOW_Notebooks/._nb_50272.ipynb,python
1487,100,__MACOSX/DASWOW/DASWOW_Notebooks/._nb_5040.ipynb,python
1488,100,__MACOSX/DASWOW/DASWOW_Notebooks/._nb_50450.ipynb,python
1489,100,__MACOSX/DASWOW/DASWOW_Notebooks/._nb_50483.ipynb,python
1490,100,__MACOSX/DASWOW/DASWOW_Notebooks/._nb_50609.ipynb,python
1491,100,__MACOSX/DASWOW/DASWOW_Notebooks/._nb_51356.ipynb,python
1492,100,__MACOSX/DASWOW/DASWOW_Notebooks/._nb_51466.ipynb,python
1493,100,__MACOSX/DASWOW/DASWOW_Notebooks/._nb_51470.ipynb,python
1494,100,__MACOSX/DASWOW/DASWOW_Notebooks/._nb_52449.ipynb,python
1495,100,__MACOSX/DASWOW/DASWOW_Notebooks/._nb_5274.ipynb,python
1496,100,__MACOSX/DASWOW/DASWOW_Notebooks/._nb_52819.ipynb,python
1497,100,__MACOSX/DASWOW/DASWOW_Notebooks/._nb_53242.ipynb,python
1498,100,__MACOSX/DASWOW/DASWOW_Notebooks/._nb_53316.ipynb,python
1499,100,__MACOSX/DASWOW/DASWOW_Notebooks/._nb_53435.ipynb,python
1500,100,__MACOSX/DASWOW/DASWOW_Notebooks/._nb_53543.ipynb,python
1501,100,__MACOSX/DASWOW/DASWOW_Notebooks/._nb_53968.ipynb,python
1502,100,__MACOSX/DASWOW/DASWOW_Notebooks/._nb_54009.ipynb,python
1503,100,__MACOSX/DASWOW/DASWOW_Notebooks/._nb_54112.ipynb,python
1504,100,__MACOSX/DASWOW/DASWOW_Notebooks/._nb_5433.ipynb,python
1505,100,__MACOSX/DASWOW/DASWOW_Notebooks/._nb_54623.ipynb,python
1506,100,__MACOSX/DASWOW/DASWOW_Notebooks/._nb_5475.ipynb,python
1507,100,__MACOSX/DASWOW/DASWOW_Notebooks/._nb_54880.ipynb,python
1508,100,__MACOSX/DASWOW/DASWOW_Notebooks/._nb_54957.ipynb,python
1509,100,__MACOSX/DASWOW/DASWOW_Notebooks/._nb_54981.ipynb,python
1510,100,__MACOSX/DASWOW/DASWOW_Notebooks/._nb_55413.ipynb,python
1511,100,__MACOSX/DASWOW/DASWOW_Notebooks/._nb_55434.ipynb,python
1512,100,__MACOSX/DASWOW/DASWOW_Notebooks/._nb_55599.ipynb,python
1513,100,__MACOSX/DASWOW/DASWOW_Notebooks/._nb_5560.ipynb,python
1514,100,__MACOSX/DASWOW/DASWOW_Notebooks/._nb_55776.ipynb,python
1515,100,__MACOSX/DASWOW/DASWOW_Notebooks/._nb_55783.ipynb,python
1516,100,__MACOSX/DASWOW/DASWOW_Notebooks/._nb_55877.ipynb,python
1517,100,__MACOSX/DASWOW/DASWOW_Notebooks/._nb_55900.ipynb,python
1518,100,__MACOSX/DASWOW/DASWOW_Notebooks/._nb_55927.ipynb,python
1519,100,__MACOSX/DASWOW/DASWOW_Notebooks/._nb_56061.ipynb,python
1520,100,__MACOSX/DASWOW/DASWOW_Notebooks/._nb_56069.ipynb,python
1521,100,__MACOSX/DASWOW/DASWOW_Notebooks/._nb_56968.ipynb,python
1522,100,__MACOSX/DASWOW/DASWOW_Notebooks/._nb_57109.ipynb,python
1523,100,__MACOSX/DASWOW/DASWOW_Notebooks/._nb_57114.ipynb,python
1524,100,__MACOSX/DASWOW/DASWOW_Notebooks/._nb_57407.ipynb,python
1525,100,__MACOSX/DASWOW/DASWOW_Notebooks/._nb_57499.ipynb,python
1526,100,__MACOSX/DASWOW/DASWOW_Notebooks/._nb_57521.ipynb,python
1527,100,__MACOSX/DASWOW/DASWOW_Notebooks/._nb_57687.ipynb,python
1528,100,__MACOSX/DASWOW/DASWOW_Notebooks/._nb_57777.ipynb,python
1529,100,__MACOSX/DASWOW/DASWOW_Notebooks/._nb_57830.ipynb,python
1530,100,__MACOSX/DASWOW/DASWOW_Notebooks/._nb_57933.ipynb,python
1531,100,__MACOSX/DASWOW/DASWOW_Notebooks/._nb_58089.ipynb,python
1532,100,__MACOSX/DASWOW/DASWOW_Notebooks/._nb_58247.ipynb,python
1533,100,__MACOSX/DASWOW/DASWOW_Notebooks/._nb_58280.ipynb,python
1534,100,__MACOSX/DASWOW/DASWOW_Notebooks/._nb_58379.ipynb,python
1535,100,__MACOSX/DASWOW/DASWOW_Notebooks/._nb_58445.ipynb,python
1536,100,__MACOSX/DASWOW/DASWOW_Notebooks/._nb_58602.ipynb,python
1537,100,__MACOSX/DASWOW/DASWOW_Notebooks/._nb_58663.ipynb,python
1538,100,__MACOSX/DASWOW/DASWOW_Notebooks/._nb_58789.ipynb,python
1539,100,__MACOSX/DASWOW/DASWOW_Notebooks/._nb_58886.ipynb,python
1540,100,__MACOSX/DASWOW/DASWOW_Notebooks/._nb_59012.ipynb,python
1541,100,__MACOSX/DASWOW/DASWOW_Notebooks/._nb_59033.ipynb,python
1542,100,__MACOSX/DASWOW/DASWOW_Notebooks/._nb_59057.ipynb,python
1543,100,__MACOSX/DASWOW/DASWOW_Notebooks/._nb_59058.ipynb,python
1544,100,__MACOSX/DASWOW/DASWOW_Notebooks/._nb_59242.ipynb,python
1545,100,__MACOSX/DASWOW/DASWOW_Notebooks/._nb_59335.ipynb,python
1546,100,__MACOSX/DASWOW/DASWOW_Notebooks/._nb_59346.ipynb,python
1547,100,__MACOSX/DASWOW/DASWOW_Notebooks/._nb_59441.ipynb,python
1548,100,__MACOSX/DASWOW/DASWOW_Notebooks/._nb_59458.ipynb,python
1549,100,__MACOSX/DASWOW/DASWOW_Notebooks/._nb_59568.ipynb,python
1550,100,__MACOSX/DASWOW/DASWOW_Notebooks/._nb_59571.ipynb,python
1551,100,__MACOSX/DASWOW/DASWOW_Notebooks/._nb_59619.ipynb,python
1552,100,__MACOSX/DASWOW/DASWOW_Notebooks/._nb_597.ipynb,python
1553,100,__MACOSX/DASWOW/DASWOW_Notebooks/._nb_59702.ipynb,python
1554,100,__MACOSX/DASWOW/DASWOW_Notebooks/._nb_598.ipynb,python
1555,100,__MACOSX/DASWOW/DASWOW_Notebooks/._nb_59876.ipynb,python
1556,100,__MACOSX/DASWOW/DASWOW_Notebooks/._nb_5993.ipynb,python
1557,100,__MACOSX/DASWOW/DASWOW_Notebooks/._nb_6005.ipynb,python
1558,100,__MACOSX/DASWOW/DASWOW_Notebooks/._nb_601148.ipynb,python
1559,100,__MACOSX/DASWOW/DASWOW_Notebooks/._nb_60187.ipynb,python
1560,100,__MACOSX/DASWOW/DASWOW_Notebooks/._nb_602596.ipynb,python
1561,100,__MACOSX/DASWOW/DASWOW_Notebooks/._nb_60409.ipynb,python
1562,100,__MACOSX/DASWOW/DASWOW_Notebooks/._nb_604946.ipynb,python
1563,100,__MACOSX/DASWOW/DASWOW_Notebooks/._nb_60623.ipynb,python
1564,100,__MACOSX/DASWOW/DASWOW_Notebooks/._nb_60944.ipynb,python
1565,100,__MACOSX/DASWOW/DASWOW_Notebooks/._nb_60996.ipynb,python
1566,100,__MACOSX/DASWOW/DASWOW_Notebooks/._nb_610918.ipynb,python
1567,100,__MACOSX/DASWOW/DASWOW_Notebooks/._nb_610952.ipynb,python
1568,100,__MACOSX/DASWOW/DASWOW_Notebooks/._nb_61310.ipynb,python
1569,100,__MACOSX/DASWOW/DASWOW_Notebooks/._nb_61617.ipynb,python
1570,100,__MACOSX/DASWOW/DASWOW_Notebooks/._nb_61626.ipynb,python
1571,100,__MACOSX/DASWOW/DASWOW_Notebooks/._nb_61663.ipynb,python
1572,100,__MACOSX/DASWOW/DASWOW_Notebooks/._nb_61904.ipynb,python
1573,100,__MACOSX/DASWOW/DASWOW_Notebooks/._nb_61906.ipynb,python
1574,100,__MACOSX/DASWOW/DASWOW_Notebooks/._nb_6196.ipynb,python
1575,100,__MACOSX/DASWOW/DASWOW_Notebooks/._nb_619782.ipynb,python
1576,100,__MACOSX/DASWOW/DASWOW_Notebooks/._nb_62184.ipynb,python
1577,100,__MACOSX/DASWOW/DASWOW_Notebooks/._nb_62204.ipynb,python
1578,100,__MACOSX/DASWOW/DASWOW_Notebooks/._nb_62208.ipynb,python
1579,100,__MACOSX/DASWOW/DASWOW_Notebooks/._nb_62235.ipynb,python
1580,100,__MACOSX/DASWOW/DASWOW_Notebooks/._nb_62337.ipynb,python
1581,100,__MACOSX/DASWOW/DASWOW_Notebooks/._nb_62575.ipynb,python
1582,100,__MACOSX/DASWOW/DASWOW_Notebooks/._nb_62652.ipynb,python
1583,100,__MACOSX/DASWOW/DASWOW_Notebooks/._nb_62965.ipynb,python
1584,100,__MACOSX/DASWOW/DASWOW_Notebooks/._nb_64125.ipynb,python
1585,100,__MACOSX/DASWOW/DASWOW_Notebooks/._nb_64359.ipynb,python
1586,100,__MACOSX/DASWOW/DASWOW_Notebooks/._nb_64774.ipynb,python
1587,100,__MACOSX/DASWOW/DASWOW_Notebooks/._nb_6482.ipynb,python
1588,100,__MACOSX/DASWOW/DASWOW_Notebooks/._nb_65143.ipynb,python
1589,100,__MACOSX/DASWOW/DASWOW_Notebooks/._nb_65874.ipynb,python
1590,100,__MACOSX/DASWOW/DASWOW_Notebooks/._nb_65930.ipynb,python
1591,100,__MACOSX/DASWOW/DASWOW_Notebooks/._nb_66662.ipynb,python
1592,100,__MACOSX/DASWOW/DASWOW_Notebooks/._nb_66900.ipynb,python
1593,100,__MACOSX/DASWOW/DASWOW_Notebooks/._nb_67021.ipynb,python
1594,100,__MACOSX/DASWOW/DASWOW_Notebooks/._nb_67129.ipynb,python
1595,100,__MACOSX/DASWOW/DASWOW_Notebooks/._nb_67296.ipynb,python
1596,100,__MACOSX/DASWOW/DASWOW_Notebooks/._nb_67377.ipynb,python
1597,100,__MACOSX/DASWOW/DASWOW_Notebooks/._nb_67775.ipynb,python
1598,100,__MACOSX/DASWOW/DASWOW_Notebooks/._nb_67995.ipynb,python
1599,100,__MACOSX/DASWOW/DASWOW_Notebooks/._nb_68265.ipynb,python
1600,100,__MACOSX/DASWOW/DASWOW_Notebooks/._nb_68275.ipynb,python
1601,100,__MACOSX/DASWOW/DASWOW_Notebooks/._nb_68280.ipynb,python
1602,100,__MACOSX/DASWOW/DASWOW_Notebooks/._nb_68303.ipynb,python
1603,100,__MACOSX/DASWOW/DASWOW_Notebooks/._nb_68421.ipynb,python
1604,100,__MACOSX/DASWOW/DASWOW_Notebooks/._nb_68579.ipynb,python
1605,100,__MACOSX/DASWOW/DASWOW_Notebooks/._nb_69006.ipynb,python
1606,100,__MACOSX/DASWOW/DASWOW_Notebooks/._nb_69558.ipynb,python
1607,100,__MACOSX/DASWOW/DASWOW_Notebooks/._nb_69654.ipynb,python
1608,100,__MACOSX/DASWOW/DASWOW_Notebooks/._nb_69870.ipynb,python
1609,100,__MACOSX/DASWOW/DASWOW_Notebooks/._nb_69872.ipynb,python
1610,100,__MACOSX/DASWOW/DASWOW_Notebooks/._nb_70099.ipynb,python
1611,100,__MACOSX/DASWOW/DASWOW_Notebooks/._nb_70116.ipynb,python
1612,100,__MACOSX/DASWOW/DASWOW_Notebooks/._nb_70158.ipynb,python
1613,100,__MACOSX/DASWOW/DASWOW_Notebooks/._nb_70331.ipynb,python
1614,100,__MACOSX/DASWOW/DASWOW_Notebooks/._nb_70414.ipynb,python
1615,100,__MACOSX/DASWOW/DASWOW_Notebooks/._nb_70450.ipynb,python
1616,100,__MACOSX/DASWOW/DASWOW_Notebooks/._nb_7051.ipynb,python
1617,100,__MACOSX/DASWOW/DASWOW_Notebooks/._nb_70700.ipynb,python
1618,100,__MACOSX/DASWOW/DASWOW_Notebooks/._nb_7085.ipynb,python
1619,100,__MACOSX/DASWOW/DASWOW_Notebooks/._nb_710206.ipynb,python
1620,100,__MACOSX/DASWOW/DASWOW_Notebooks/._nb_71468.ipynb,python
1621,100,__MACOSX/DASWOW/DASWOW_Notebooks/._nb_71927.ipynb,python
1622,100,__MACOSX/DASWOW/DASWOW_Notebooks/._nb_7194.ipynb,python
1623,100,__MACOSX/DASWOW/DASWOW_Notebooks/._nb_71940.ipynb,python
1624,100,__MACOSX/DASWOW/DASWOW_Notebooks/._nb_72204.ipynb,python
1625,100,__MACOSX/DASWOW/DASWOW_Notebooks/._nb_72234.ipynb,python
1626,100,__MACOSX/DASWOW/DASWOW_Notebooks/._nb_72324.ipynb,python
1627,100,__MACOSX/DASWOW/DASWOW_Notebooks/._nb_72336.ipynb,python
1628,100,__MACOSX/DASWOW/DASWOW_Notebooks/._nb_72348.ipynb,python
1629,100,__MACOSX/DASWOW/DASWOW_Notebooks/._nb_72749.ipynb,python
1630,100,__MACOSX/DASWOW/DASWOW_Notebooks/._nb_72813.ipynb,python
1631,100,__MACOSX/DASWOW/DASWOW_Notebooks/._nb_72838.ipynb,python
1632,100,__MACOSX/DASWOW/DASWOW_Notebooks/._nb_72977.ipynb,python
1633,100,__MACOSX/DASWOW/DASWOW_Notebooks/._nb_73929.ipynb,python
1634,100,__MACOSX/DASWOW/DASWOW_Notebooks/._nb_73962.ipynb,python
1635,100,__MACOSX/DASWOW/DASWOW_Notebooks/._nb_750781.ipynb,python
1636,100,__MACOSX/DASWOW/DASWOW_Notebooks/._nb_754885.ipynb,python
1637,100,__MACOSX/DASWOW/DASWOW_Notebooks/._nb_75735.ipynb,python
1638,100,__MACOSX/DASWOW/DASWOW_Notebooks/._nb_75866.ipynb,python
1639,100,__MACOSX/DASWOW/DASWOW_Notebooks/._nb_76075.ipynb,python
1640,100,__MACOSX/DASWOW/DASWOW_Notebooks/._nb_76168.ipynb,python
1641,100,__MACOSX/DASWOW/DASWOW_Notebooks/._nb_76221.ipynb,python
1642,100,__MACOSX/DASWOW/DASWOW_Notebooks/._nb_76419.ipynb,python
1643,100,__MACOSX/DASWOW/DASWOW_Notebooks/._nb_76696.ipynb,python
1644,100,__MACOSX/DASWOW/DASWOW_Notebooks/._nb_7684.ipynb,python
1645,100,__MACOSX/DASWOW/DASWOW_Notebooks/._nb_77153.ipynb,python
1646,100,__MACOSX/DASWOW/DASWOW_Notebooks/._nb_77196.ipynb,python
1647,100,__MACOSX/DASWOW/DASWOW_Notebooks/._nb_77201.ipynb,python
1648,100,__MACOSX/DASWOW/DASWOW_Notebooks/._nb_77203.ipynb,python
1649,100,__MACOSX/DASWOW/DASWOW_Notebooks/._nb_77220.ipynb,python
1650,100,__MACOSX/DASWOW/DASWOW_Notebooks/._nb_77228.ipynb,python
1651,100,__MACOSX/DASWOW/DASWOW_Notebooks/._nb_77356.ipynb,python
1652,100,__MACOSX/DASWOW/DASWOW_Notebooks/._nb_77640.ipynb,python
1653,100,__MACOSX/DASWOW/DASWOW_Notebooks/._nb_78041.ipynb,python
1654,100,__MACOSX/DASWOW/DASWOW_Notebooks/._nb_78214.ipynb,python
1655,100,__MACOSX/DASWOW/DASWOW_Notebooks/._nb_78480.ipynb,python
1656,100,__MACOSX/DASWOW/DASWOW_Notebooks/._nb_78611.ipynb,python
1657,100,__MACOSX/DASWOW/DASWOW_Notebooks/._nb_78623.ipynb,python
1658,100,__MACOSX/DASWOW/DASWOW_Notebooks/._nb_79218.ipynb,python
1659,100,__MACOSX/DASWOW/DASWOW_Notebooks/._nb_79289.ipynb,python
1660,100,__MACOSX/DASWOW/DASWOW_Notebooks/._nb_79900.ipynb,python
1661,100,__MACOSX/DASWOW/DASWOW_Notebooks/._nb_8001.ipynb,python
1662,100,__MACOSX/DASWOW/DASWOW_Notebooks/._nb_80193.ipynb,python
1663,100,__MACOSX/DASWOW/DASWOW_Notebooks/._nb_80613.ipynb,python
1664,100,__MACOSX/DASWOW/DASWOW_Notebooks/._nb_8093.ipynb,python
1665,100,__MACOSX/DASWOW/DASWOW_Notebooks/._nb_81097.ipynb,python
1666,100,__MACOSX/DASWOW/DASWOW_Notebooks/._nb_81153.ipynb,python
1667,100,__MACOSX/DASWOW/DASWOW_Notebooks/._nb_81921.ipynb,python
1668,100,__MACOSX/DASWOW/DASWOW_Notebooks/._nb_83111.ipynb,python
1669,100,__MACOSX/DASWOW/DASWOW_Notebooks/._nb_83250.ipynb,python
1670,100,__MACOSX/DASWOW/DASWOW_Notebooks/._nb_84457.ipynb,python
1671,100,__MACOSX/DASWOW/DASWOW_Notebooks/._nb_84862.ipynb,python
1672,100,__MACOSX/DASWOW/DASWOW_Notebooks/._nb_85046.ipynb,python
1673,100,__MACOSX/DASWOW/DASWOW_Notebooks/._nb_85093.ipynb,python
1674,100,__MACOSX/DASWOW/DASWOW_Notebooks/._nb_85201.ipynb,python
1675,100,__MACOSX/DASWOW/DASWOW_Notebooks/._nb_85358.ipynb,python
1676,100,__MACOSX/DASWOW/DASWOW_Notebooks/._nb_85471.ipynb,python
1677,100,__MACOSX/DASWOW/DASWOW_Notebooks/._nb_856.ipynb,python
1678,100,__MACOSX/DASWOW/DASWOW_Notebooks/._nb_85911.ipynb,python
1679,100,__MACOSX/DASWOW/DASWOW_Notebooks/._nb_85950.ipynb,python
1680,100,__MACOSX/DASWOW/DASWOW_Notebooks/._nb_85957.ipynb,python
1681,100,__MACOSX/DASWOW/DASWOW_Notebooks/._nb_86073.ipynb,python
1682,100,__MACOSX/DASWOW/DASWOW_Notebooks/._nb_86392.ipynb,python
1683,100,__MACOSX/DASWOW/DASWOW_Notebooks/._nb_87231.ipynb,python
1684,100,__MACOSX/DASWOW/DASWOW_Notebooks/._nb_87269.ipynb,python
1685,100,__MACOSX/DASWOW/DASWOW_Notebooks/._nb_87303.ipynb,python
1686,100,__MACOSX/DASWOW/DASWOW_Notebooks/._nb_87495.ipynb,python
1687,100,__MACOSX/DASWOW/DASWOW_Notebooks/._nb_87499.ipynb,python
1688,100,__MACOSX/DASWOW/DASWOW_Notebooks/._nb_88058.ipynb,python
1689,100,__MACOSX/DASWOW/DASWOW_Notebooks/._nb_88066.ipynb,python
1690,100,__MACOSX/DASWOW/DASWOW_Notebooks/._nb_88536.ipynb,python
1691,100,__MACOSX/DASWOW/DASWOW_Notebooks/._nb_88557.ipynb,python
1692,100,__MACOSX/DASWOW/DASWOW_Notebooks/._nb_88675.ipynb,python
1693,100,__MACOSX/DASWOW/DASWOW_Notebooks/._nb_89090.ipynb,python
1694,100,__MACOSX/DASWOW/DASWOW_Notebooks/._nb_89173.ipynb,python
1695,100,__MACOSX/DASWOW/DASWOW_Notebooks/._nb_89471.ipynb,python
1696,100,__MACOSX/DASWOW/DASWOW_Notebooks/._nb_89477.ipynb,python
1697,100,__MACOSX/DASWOW/DASWOW_Notebooks/._nb_89494.ipynb,python
1698,100,__MACOSX/DASWOW/DASWOW_Notebooks/._nb_89513.ipynb,python
1699,100,__MACOSX/DASWOW/DASWOW_Notebooks/._nb_91069.ipynb,python
1700,100,__MACOSX/DASWOW/DASWOW_Notebooks/._nb_91724.ipynb,python
1701,100,__MACOSX/DASWOW/DASWOW_Notebooks/._nb_92101.ipynb,python
1702,100,__MACOSX/DASWOW/DASWOW_Notebooks/._nb_92107.ipynb,python
1703,100,__MACOSX/DASWOW/DASWOW_Notebooks/._nb_92243.ipynb,python
1704,100,__MACOSX/DASWOW/DASWOW_Notebooks/._nb_92404.ipynb,python
1705,100,__MACOSX/DASWOW/DASWOW_Notebooks/._nb_92537.ipynb,python
1706,100,__MACOSX/DASWOW/DASWOW_Notebooks/._nb_93582.ipynb,python
1707,100,__MACOSX/DASWOW/DASWOW_Notebooks/._nb_93628.ipynb,python
1708,100,__MACOSX/DASWOW/DASWOW_Notebooks/._nb_95354.ipynb,python
1709,100,__MACOSX/DASWOW/DASWOW_Notebooks/._nb_95821.ipynb,python
1710,100,__MACOSX/DASWOW/DASWOW_Notebooks/._nb_96079.ipynb,python
1711,100,__MACOSX/DASWOW/DASWOW_Notebooks/._nb_967.ipynb,python
1712,100,__MACOSX/DASWOW/DASWOW_Notebooks/._nb_96779.ipynb,python
1713,86,1-tutorials/1-getting-started.ipynb,python
1714,86,1-tutorials/10-smoothing-trajectories.ipynb,python
1715,86,1-tutorials/11-measuring-distances.ipynb,python
1716,86,1-tutorials/12-ogc-moving-features.ipynb,python
1717,86,1-tutorials/2-computing-speed.ipynb,python
1718,86,1-tutorials/3-extracting-mover-positions.ipynb,python
1719,86,1-tutorials/4-exporting-trajectories.ipynb,python
1720,86,1-tutorials/5-intersecting-with-polygons.ipynb,python
1721,86,1-tutorials/6-splitting-trajectories.ipynb,python
1722,86,1-tutorials/7-generalizing-trajectories.ipynb,python
1723,86,1-tutorials/8-detecting-stops.ipynb,python
1724,86,1-tutorials/9-aggregating-trajectories.ipynb,python
1725,86,1-tutorials/99-mini-example.ipynb,python
1726,86,2-analysis-examples/bird-migration.ipynb,python
1727,86,2-analysis-examples/bus-trajectory-segmentation.ipynb,python
1728,86,2-analysis-examples/ever-given.ipynb,python
1729,86,2-analysis-examples/horse-collar.ipynb,python
1730,86,2-analysis-examples/iceberg.ipynb,python
1731,86,2-analysis-examples/mars-rover.ipynb,python
1732,86,2-analysis-examples/osm-traces.ipynb,python
1733,86,2-analysis-examples/pollution-data.ipynb,python
1734,86,2-analysis-examples/ship-data.ipynb,python
1735,86,2-analysis-examples/soccer-game.ipynb,python
1736,86,3-tech-demos/datashader-benchmark.ipynb,python
1737,86,3-tech-demos/datashader.ipynb,python
1738,86,3-tech-demos/folium-timestamped-geojson.ipynb,python
1739,86,3-tech-demos/geoviews.ipynb,python
1740,86,3-tech-demos/linked-brushing.ipynb,python
1741,86,3-tech-demos/movebank.ipynb,python
1742,86,3-tech-demos/panel.ipynb,python
1743,86,3-tech-demos/plotting-speed.ipynb,python
1744,86,3-tech-demos/scikit-learn-od-clustering.ipynb,python
1745,86,3-tech-demos/stop-hotspots.ipynb,python
1746,86,3-tech-demos/stopdetection-app.ipynb,python
1747,93,3a_DiffExAnalysis_clusteringBlood.ipynb,python
1748,93,3b_DIffex_blood_compare_segregated_combined_retry.ipynb,python
1749,97,Project.ipynb,python
1750,105,AB Testing Result Analyze/Analyze_ab_test_results_notebook.ipynb,python
1751,105,Communicate Data Findings with Ford Bike Sharing Data/Data-Exploration-with-Bike-Data.ipynb,python
1752,105,Communicate Data Findings with Ford Bike Sharing Data/Data-Finding-Slide-Deck-with-Bike-Data.ipynb,python
1753,105,Data Analytics with Fuel Economy Data/Data Analysis with Fuel Economy Data .ipynb,python
1754,105,Data Analytics with Movie Data/Xi_Zhou_Project2_Investigate_Dataset_Movies_version2.ipynb,python
1755,105,Data Visulization with Diamond Data Set/Adapted_Plot_Practice.ipynb,python
1756,105,Data Visulization with Diamond Data Set/Additional_Plot_Practice.ipynb,python
1757,105,Data Visulization with Diamond Data Set/Bar_Chart_Practice.ipynb,python
1758,105,Data Visulization with Diamond Data Set/Bivariate_Exploration_Diamond_Data.ipynb,python
1759,105,Data Visulization with Diamond Data Set/Categorical_vs_Categorical_Clustered_Bar_Charts_Practice.ipynb,python
1760,105,Data Visulization with Diamond Data Set/Encodings_faceting_multivariates.ipynb,python
1761,105,Data Visulization with Diamond Data Set/Explanatory_Polishing_Diamond_Data.ipynb,python
1762,105,Data Visulization with Diamond Data Set/Histogram_Practice.ipynb,python
1763,105,Data Visulization with Diamond Data Set/Multivariate_Exploration_Diamond_Data.ipynb,python
1764,105,Data Visulization with Diamond Data Set/Numerical_vs_Categorical_Violin_and_Box_Plot_Practice.ipynb,python
1765,105,Data Visulization with Diamond Data Set/Numerical_vs_Numerical_Scatterplot_Practice.ipynb,python
1766,105,Data Visulization with Diamond Data Set/Scales_and_Transformations_Practice.ipynb,python
1767,105,Data Visulization with Diamond Data Set/Univariate_Exploration_Diamond_Data.ipynb,python
1768,105,Data Wrangle and Analyze with Phase2 Clinic Trial Data/Data_Wangle_Phase_II_ Clinical_Trial_Dataset .ipynb,python
1769,105,Data Wrangle and Analyze with Twitter WeRateDogs Data Set/Act Report with WeRateDog Data.ipynb,python
1770,105,Data Wrangle and Analyze with Twitter WeRateDogs Data Set/Wrangle Act  with WeRateDog Data.ipynb,python
1771,105,Data Wrangle and Analyze with Twitter WeRateDogs Data Set/Wrangle Report with WeRateDog Data.ipynb,python
1772,83,Acidentes de trânsito fatais em SP/Mortes_acidentes_transito_SP(2015-2020).ipynb,python
1773,83,Classificador_de_SPAM.ipynb,python
1774,83,Desafio_KeyCash.ipynb,python
1775,83,Desafio_Mutual - Patrick Gomes.ipynb,python
1776,83,Empreendedorismo_feminino_no_Brasil_x_América_do_Sul_uma_análise_exploratória_de_dados.ipynb,python
1777,83,Healthcare analysis/How_can_health_care_be_good_for_your_budget_.ipynb,python
1778,83,Marketing_anti_suicidio.ipynb,python
1779,83,Mercado financeiro na pandemia/Como_o_mercado_financeiro_se_comportou_no_Brasil_durante_a_pandemia_.ipynb,python
1780,83,Mortes_acidentes_transito_SP(2015-2020).ipynb,python
1781,83,Outubro rosa/Outubro_rosa_e_ciência_de_dados_diagnosticando_câncer_de_mama_através_de_algoritmos_de_Machine_Learning.ipynb,python
1782,83,Produtividade e educação na era digital/Produtividade_e_educação_na_era_dos_aplicativos_uma_investigação_a_partir_da_Análise_Exploratória_de_Dados.ipynb,python
1783,83,Quimica e machine learning/Classificação_de_vinho_tinto_com_machine_learning.ipynb,python
1784,83,Recomendador_de_animes_usando_matriz_de_correlação.ipynb,python
1785,83,Relevância_reviews_yelp.ipynb,python
1786,83,Reviews_Yelp.ipynb,python
1787,83,Sistema_de_recomendação_básico.ipynb,python
1788,83,Taxa de suicídio no Brasil em 30 anos/Análise_da_taxa_de_suicídio_no_Brasil_(1985_2015).ipynb,python
1789,83,Tecnologias e políticas públicas/QUANDO_AS_TECNOLOGIAS_ENCONTRAM_AS_POLÍTICAS_PÚBLICAS.ipynb,python
1790,83,[TUTORIAL]_Your_first_data_visualization_using_countplot_(Python_Seaborn).ipynb,python
1791,83,predict_clicks/Clicks_prediction.ipynb,python
1792,109,01-TMDB-Dataset-Analysis/TMDB-dataset-analysis.ipynb,python
1793,109,02-Auto-MPG-Dataset-Analysis/mpg-dataset-analysis.ipynb,python
1794,109,03-Medical-Appointment-No-Show/medical-appointment-dataset-analysis.ipynb,python
1795,109,04-9000+-Movies-Dataset-Analysis/9000-movies-dataset-analysis.ipynb,python
1796,109,05-Wine-Quality-Dataset/wine-quality-analysis.ipynb,python
1797,113,Lesson01/Activity01/activity01.ipynb,python
1798,113,Lesson01/Activity01/activity01_solution.ipynb,python
1799,113,Lesson01/Activity02/activity02-solution.ipynb,python
1800,113,Lesson01/Activity02/activity02.ipynb,python
1801,113,Lesson01/Activity03/activity03-solution.ipynb,python
1802,113,Lesson01/Activity03/activity03.ipynb,python
1803,113,Lesson01/Activity04/activity04.ipynb,python
1804,113,Lesson01/Activity04/activity04_solution.ipynb,python
1805,113,Lesson01/Activity05/activity05-solution.ipynb,python
1806,113,Lesson01/Activity05/activity05.ipynb,python
1807,113,Lesson01/Activity06/activity06-solution.ipynb,python
1808,113,Lesson01/Activity06/activity06.ipynb,python
1809,113,Lesson01/Exercise01/exercise01.ipynb,python
1810,113,Lesson01/Exercise01/exercise01_solution.ipynb,python
1811,113,Lesson01/Exercise02/exercise02.ipynb,python
1812,113,Lesson01/Exercise02/exercise02_solution.ipynb,python
1813,113,Lesson03/Activity12/activity12.ipynb,python
1814,113,Lesson03/Activity12/activity12_solution.ipynb,python
1815,113,Lesson03/Activity13/activity13.ipynb,python
1816,113,Lesson03/Activity13/activity13_solution.ipynb,python
1817,113,Lesson03/Activity14/activity14.ipynb,python
1818,113,Lesson03/Activity14/activity14_solution.ipynb,python
1819,113,Lesson03/Activity15/activity15.ipynb,python
1820,113,Lesson03/Activity15/activity15_solution.ipynb,python
1821,113,Lesson03/Activity16/activity16.ipynb,python
1822,113,Lesson03/Activity16/activity16_solution.ipynb,python
1823,113,Lesson03/Activity17/activity17.ipynb,python
1824,113,Lesson03/Activity17/activity17_solution.ipynb,python
1825,113,Lesson03/Activity18/activity18.ipynb,python
1826,113,Lesson03/Activity18/activity18_solution.ipynb,python
1827,113,Lesson03/Activity19/activity19.ipynb,python
1828,113,Lesson03/Activity19/activity19_solution.ipynb,python
1829,113,Lesson03/Exercise03/exercise03.ipynb,python
1830,113,Lesson03/Exercise03/exercise03_solution.ipynb,python
1831,113,Lesson03/Exercise04/exercise04.ipynb,python
1832,113,Lesson03/Exercise04/exercise04_solution.ipynb,python
1833,113,Lesson03/Exercise05/exercise05.ipynb,python
1834,113,Lesson03/Exercise05/exercise05_solution.ipynb,python
1835,113,Lesson04/Activity20/activity20.ipynb,python
1836,113,Lesson04/Activity20/activity20_solution.ipynb,python
1837,113,Lesson04/Activity21/activity21.ipynb,python
1838,113,Lesson04/Activity21/activity21_solution.ipynb,python
1839,113,Lesson04/Activity22/activity22.ipynb,python
1840,113,Lesson04/Activity22/activity22_solution.ipynb,python
1841,113,Lesson04/Activity23/activity23.ipynb,python
1842,113,Lesson04/Activity23/activity23_solution.ipynb,python
1843,113,Lesson04/Activity24/activity24.ipynb,python
1844,113,Lesson04/Activity24/activity24_solution.ipynb,python
1845,113,Lesson04/Activity25/activity25.ipynb,python
1846,113,Lesson04/Activity25/activity25_solution.ipynb,python
1847,113,Lesson04/Activity26/activity26.ipynb,python
1848,113,Lesson04/Activity26/activity26_solution.ipynb,python
1849,113,Lesson05/Activity27/activity27.ipynb,python
1850,113,Lesson05/Activity27/activity27_solution.ipynb,python
1851,113,Lesson05/Activity28/activity28.ipynb,python
1852,113,Lesson05/Activity28/activity28_solution.ipynb,python
1853,113,Lesson05/Exercise06/exercise06.ipynb,python
1854,113,Lesson05/Exercise06/exercise06_solution.ipynb,python
1855,113,Lesson05/Exercise07/exercise07.ipynb,python
1856,113,Lesson05/Exercise07/exercise07_solution.ipynb,python
1857,113,Lesson05/Exercise08/exercise08.ipynb,python
1858,113,Lesson05/Exercise08/exercise08_solution.ipynb,python
1859,113,Lesson06/Activity29/activity29.ipynb,python
1860,113,Lesson06/Activity29/activity29_solution.ipynb,python
1861,113,Lesson06/Exercise09/exercise09.ipynb,python
1862,113,Lesson06/Exercise09/exercise09_solution.ipynb,python
1863,113,Lesson06/Exercise10/exercise10.ipynb,python
1864,113,Lesson06/Exercise10/exercise10_solution.ipynb,python
1865,113,Lesson06/Exercise11/exercise11.ipynb,python
1866,113,Lesson06/Exercise11/exercise11_solution.ipynb,python
1867,113,Lesson07/Activity30/activity30.ipynb,python
1868,113,Lesson07/Activity30/activity30_solution.ipynb,python
1869,113,Lesson07/Activity31/activity31.ipynb,python
1870,113,Lesson07/Activity31/activity31_solution.ipynb,python
1871,113,Lesson07/Activity32/activity32.ipynb,python
1872,113,Lesson07/Activity32/activity32_solution.ipynb,python
1873,90,cn/cn-lab0.ipynb,python
1874,94,notebooks/_nbconvert_export.ipynb,python
1875,94,notebooks/air_temperature.ipynb,python
1876,94,notebooks/anonymous_functions.ipynb,python
1877,94,notebooks/anscombe_quartet.ipynb,python
1878,94,notebooks/antecedent_precipitation_index.ipynb,python
1879,94,notebooks/atmospheric_carbon_dioxide.ipynb,python
1880,94,notebooks/atmospheric_water_deficit.ipynb,python
1881,94,notebooks/birthday_paradox.ipynb,python
1882,94,notebooks/blackjack.ipynb,python
1883,94,notebooks/calculator_examples.ipynb,python
1884,94,notebooks/capillarity.ipynb,python
1885,94,notebooks/cdf_matching.ipynb,python
1886,94,notebooks/central_dogma_multiple_polypeptides.ipynb,python
1887,94,notebooks/central_dogma_single_polypeptide.ipynb,python
1888,94,notebooks/climate_classification.ipynb,python
1889,94,notebooks/comparative_anatomy_for_loops.ipynb,python
1890,94,notebooks/comparative_anatomy_functions.ipynb,python
1891,94,notebooks/comparative_anatomy_if_statement.ipynb,python
1892,94,notebooks/coronavirus.ipynb,python
1893,94,notebooks/cumulative_rainfall.ipynb,python
1894,94,notebooks/data_structures.ipynb,python
1895,94,notebooks/data_types.ipynb,python
1896,94,notebooks/datetime_module.ipynb,python
1897,94,notebooks/day_of_week.ipynb,python
1898,94,notebooks/day_of_year.ipynb,python
1899,94,notebooks/debye.ipynb,python
1900,94,notebooks/denoise_passive_neutron_counts.ipynb,python
1901,94,notebooks/denoise_yield_monitor.ipynb,python
1902,94,notebooks/disease_spread.ipynb,python
1903,94,notebooks/drydowns_from_timeseries.ipynb,python
1904,94,notebooks/error_handling.ipynb,python
1905,94,notebooks/error_metrics.ipynb,python
1906,94,notebooks/euclidean_distance.ipynb,python
1907,94,notebooks/evaporation.ipynb,python
1908,94,notebooks/exponential_filter.ipynb,python
1909,94,notebooks/fibonacci_sequence.ipynb,python
1910,94,notebooks/field_management_zones.ipynb,python
1911,94,notebooks/fill_missing_data.ipynb,python
1912,94,notebooks/for_loops.ipynb,python
1913,94,notebooks/frontier_function.ipynb,python
1914,94,notebooks/functions.ipynb,python
1915,94,notebooks/game_of_life.ipynb,python
1916,94,notebooks/glob_module.ipynb,python
1917,94,notebooks/green_ampt.ipynb,python
1918,94,notebooks/group_least_variance.ipynb,python
1919,94,notebooks/handy_functions.ipynb,python
1920,94,notebooks/hangman.ipynb,python
1921,94,notebooks/hello_world.ipynb,python
1922,94,notebooks/help_resources.ipynb,python
1923,94,notebooks/if_statement.ipynb,python
1924,94,notebooks/image_analysis_canopeo.ipynb,python
1925,94,notebooks/image_analysis_contact_angle.ipynb,python
1926,94,notebooks/image_analysis_count_seeds.ipynb,python
1927,94,notebooks/import_tabular_data.ipynb,python
1928,94,notebooks/importing_modules.ipynb,python
1929,94,notebooks/indexing_and_slicing_lists.ipynb,python
1930,94,notebooks/inputs.ipynb,python
1931,94,notebooks/leaky_bucket.ipynb,python
1932,94,notebooks/leap_year.ipynb,python
1933,94,notebooks/logistic_growth.ipynb,python
1934,94,notebooks/lotka_volterra.ipynb,python
1935,94,notebooks/mass_volume_relationships.ipynb,python
1936,94,notebooks/matching_dna_strand.ipynb,python
1937,94,notebooks/math_module.ipynb,python
1938,94,notebooks/matplotlib_module.ipynb,python
1939,94,notebooks/mixing_model.ipynb,python
1940,94,notebooks/monty_hall.ipynb,python
1941,94,notebooks/morse_code_guessing_game.ipynb,python
1942,94,notebooks/morse_decoder.ipynb,python
1943,94,notebooks/morse_encoder.ipynb,python
1944,94,notebooks/nearest_station.ipynb,python
1945,94,notebooks/neutron_probe_calibration.ipynb,python
1946,94,notebooks/newton_law_cooling.ipynb,python
1947,94,notebooks/numpy_module.ipynb,python
1948,94,notebooks/objects_and_classes.ipynb,python
1949,94,notebooks/optimal_nitrogen_rate.ipynb,python
1950,94,notebooks/os_module.ipynb,python
1951,94,notebooks/pandas_mesonet_stations.ipynb,python
1952,94,notebooks/pandas_module.ipynb,python
1953,94,notebooks/pedotransfer_saxton_rawls.ipynb,python
1954,94,notebooks/photoperiod_math_module.ipynb,python
1955,94,notebooks/photoperiod_numpy_module.ipynb,python
1956,94,notebooks/plant_available_water.ipynb,python
1957,94,notebooks/plotting_bokeh.ipynb,python
1958,94,notebooks/precipitation_metrics.ipynb,python
1959,94,notebooks/proctor_test.ipynb,python
1960,94,notebooks/radiocarbon_dating.ipynb,python
1961,94,notebooks/rainfall_generator.ipynb,python
1962,94,notebooks/random_groups_of_people.ipynb,python
1963,94,notebooks/random_module.ipynb,python
1964,94,notebooks/random_plots.ipynb,python
1965,94,notebooks/random_walk.ipynb,python
1966,94,notebooks/reaction_diffusion.ipynb,python
1967,94,notebooks/regular_expressions.ipynb,python
1968,94,notebooks/root_depth.ipynb,python
1969,94,notebooks/sample_logger.ipynb,python
1970,94,notebooks/seaborn_module.ipynb,python
1971,94,notebooks/sedimentation_time.ipynb,python
1972,94,notebooks/segmented_lake.ipynb,python
1973,94,notebooks/soil_cracks_detection.ipynb,python
1974,94,notebooks/soil_moisture_map.ipynb,python
1975,94,notebooks/soil_respiration.ipynb,python
1976,94,notebooks/soil_temperature.ipynb,python
1977,94,notebooks/soil_temperature_model.ipynb,python
1978,94,notebooks/soil_textural_class.ipynb,python
1979,94,notebooks/soil_water_deficit_classification.ipynb,python
1980,94,notebooks/soil_water_retention_curve.ipynb,python
1981,94,notebooks/soil_water_storage.ipynb,python
1982,94,notebooks/solar_radiation.ipynb,python
1983,94,notebooks/sorting_numbers.ipynb,python
1984,94,notebooks/stationary_cosmos.ipynb,python
1985,94,notebooks/statistics_module.ipynb,python
1986,94,notebooks/stats_2d_interpolation.ipynb,python
1987,94,notebooks/stats_curve_fitting_exp.ipynb,python
1988,94,notebooks/stats_curve_fitting_wave.ipynb,python
1989,94,notebooks/stats_linear_fit.ipynb,python
1990,94,notebooks/stats_multiple_linear_regression.ipynb,python
1991,94,notebooks/strings.ipynb,python
1992,94,notebooks/sympy_module.ipynb,python
1993,94,notebooks/thermal_time.ipynb,python
1994,94,notebooks/time_module.ipynb,python
1995,94,notebooks/url_ks_mesonet.ipynb,python
1996,94,notebooks/url_nasa_api.ipynb,python
1997,94,notebooks/url_ok_mesonet.ipynb,python
1998,94,notebooks/url_uscrn.ipynb,python
1999,94,notebooks/vapor_pressure_deficit.ipynb,python
2000,94,notebooks/venn_diagrams.ipynb,python
2001,94,notebooks/wheat_phenology.ipynb,python
2002,94,notebooks/wheat_potential_biomass.ipynb,python
2003,94,notebooks/while_loops.ipynb,python
2004,117,notebooks/Anfang.ipynb,python
2005,117,notebooks/Auswertung1.ipynb,python
2006,117,notebooks/AuswertungBikeCar.ipynb,python
2007,121,render/waveform.ipynb,python
2008,125,docs/basics/download_nwb.ipynb,python
2009,125,docs/basics/get_dandiset_metadata.ipynb,python
2010,125,docs/basics/read_nwb.ipynb,python
2011,125,docs/basics/stream_nwb.ipynb,python
2012,125,docs/basics/use_nwbwidgets.ipynb,python
2013,125,docs/embargoed/cell_matching.ipynb,python
2014,125,docs/embargoed/modality_alignment.ipynb,python
2015,125,docs/embargoed/test_2p_responses_embargoed.ipynb,python
2016,125,docs/embargoed/visualize_behavior.ipynb,python
2017,125,docs/first-order/classify_waveforms.ipynb,python
2018,125,docs/first-order/current_source_density.ipynb,python
2019,125,docs/first-order/optotagging.ipynb,python
2020,125,docs/first-order/receptive_fields.ipynb,python
2021,125,docs/first-order/suite2p.ipynb,python
2022,125,docs/first-order/test_2p_responses.ipynb,python
2023,125,docs/first-order/test_unit_responses.ipynb,python
2024,125,docs/higher-order/behavioral_state.ipynb,python
2025,125,docs/higher-order/cebra_time.ipynb,python
2026,125,docs/higher-order/glm.ipynb,python
2027,125,docs/higher-order/tca.ipynb,python
2028,125,docs/projects/cred_assign_figures.ipynb,python
2029,125,docs/projects/dendritic_coupling.ipynb,python
2030,125,docs/projects/glo.ipynb,python
2031,125,docs/projects/illusion.ipynb,python
2032,125,docs/visualization/visualize_2p_VR_behavior.ipynb,python
2033,125,docs/visualization/visualize_2p_raw.ipynb,python
2034,125,docs/visualization/visualize_2p_responses.ipynb,python
2035,125,docs/visualization/visualize_lfp_responses.ipynb,python
2036,125,docs/visualization/visualize_neuropixels_probes.ipynb,python
2037,125,docs/visualization/visualize_templates.ipynb,python
2038,125,docs/visualization/visualize_unit_metrics.ipynb,python
2039,125,docs/visualization/visualize_unit_responses.ipynb,python
2040,125,docs/visualization/visualize_unit_spikes.ipynb,python
2041,87,2026-07/Photoelectric yield experiment/Data-Analysis.ipynb,python
2042,91,main.ipynb,python
2043,98,Fig2_bias_RCMmaps_sorted_2Metrics_oneObs.ipynb,python
2044,98,Fig3-4_seasonal_cycle.ipynb,python
2045,98,Fig5_direction_sig_trend_mk.ipynb,python
2046,98,Fig7-8_seasonality_amplitude_phase_panel.ipynb,python
2047,98,Fig9-10_spi_model_subset.ipynb,python
2048,98,master_functions_bmf.ipynb,python
2049,102,notebooks/custom_plugins.ipynb,python
2050,102,notebooks/custom_widgin_general.ipynb,python
2051,102,notebooks/interactive_legend.ipynb,python
2052,102,notebooks/mpld3_demo.ipynb,python
2053,102,notebooks/sliderPlugin.ipynb,python
2054,103,census-rents-2014/analyze_visualize_rent_data.ipynb,python
2055,103,census-rents-2014/load_geocode_rent_data.ipynb,python
2056,103,daytime-population-density/daytime-density.ipynb,python
2057,103,gmail-inbox-analysis/gmail-inbox-analysis-berkeley.ipynb,python
2058,103,gmail-inbox-analysis/gmail-inbox-analysis.ipynb,python
2059,103,lastfm-listening-history/lastfm_analysis.ipynb,python
2060,103,lastfm-listening-history/lastfm_downloader.ipynb,python
2061,103,lastfm-listening-history/musicbrainz_downloader.ipynb,python
2062,103,lastfm-listening-history/musicbrainz_geocoder.ipynb,python
2063,103,lastfm-listening-history/musicbrainz_lastfm_leaflet.ipynb,python
2064,103,location-history/foursquare-location-history.ipynb,python
2065,103,location-history/google-location-history-cluster.ipynb,python
2066,103,location-history/google-location-history-reverse-geocode.ipynb,python
2067,103,location-history/google-location-history-simple.ipynb,python
2068,103,location-history/previous-travels-history-geocode.ipynb,python
2069,103,location-history/visualize-location-history.ipynb,python
2070,103,ncaa-football-stadiums/foursquare-geocode-football-stadiums.ipynb,python
2071,103,ncaa-football-stadiums/stadium-attendance-analysis.ipynb,python
2072,103,ncaa-football-stadiums/visualize-football-stadiums.ipynb,python
2073,103,population-projections/visualize-population-projections.ipynb,python
2074,103,useful_snippets.ipynb,python
2075,118,Leaflet.ipynb,python
2076,118,README.ipynb,python
2077,119,code/amazon-delta.ipynb,python
2078,119,code/lençóis.ipynb,python
2079,119,code/neuquén.ipynb,python
2080,119,code/roraima.ipynb,python
2081,119,code/vale-do-pati.ipynb,python
2082,119,code/villarrica.ipynb,python
2083,125,AllenInstitute-openscope_databook-88b5fcc/docs/basics/download_nwb.ipynb,python
2084,125,AllenInstitute-openscope_databook-88b5fcc/docs/basics/get_dandiset_metadata.ipynb,python
2085,125,AllenInstitute-openscope_databook-88b5fcc/docs/basics/read_nwb.ipynb,python
2086,125,AllenInstitute-openscope_databook-88b5fcc/docs/basics/stream_nwb.ipynb,python
2087,125,AllenInstitute-openscope_databook-88b5fcc/docs/basics/use_nwbwidgets.ipynb,python
2088,125,AllenInstitute-openscope_databook-88b5fcc/docs/embargoed/cell_matching.ipynb,python
2089,125,AllenInstitute-openscope_databook-88b5fcc/docs/embargoed/modality_alignment.ipynb,python
2090,125,AllenInstitute-openscope_databook-88b5fcc/docs/embargoed/test_2p_responses_embargoed.ipynb,python
2091,125,AllenInstitute-openscope_databook-88b5fcc/docs/embargoed/visualize_behavior.ipynb,python
2092,125,AllenInstitute-openscope_databook-88b5fcc/docs/first-order/classify_waveforms.ipynb,python
2093,125,AllenInstitute-openscope_databook-88b5fcc/docs/first-order/current_source_density.ipynb,python
2094,125,AllenInstitute-openscope_databook-88b5fcc/docs/first-order/optotagging.ipynb,python
2095,125,AllenInstitute-openscope_databook-88b5fcc/docs/first-order/receptive_fields.ipynb,python
2096,125,AllenInstitute-openscope_databook-88b5fcc/docs/first-order/suite2p.ipynb,python
2097,125,AllenInstitute-openscope_databook-88b5fcc/docs/first-order/test_2p_responses.ipynb,python
2098,125,AllenInstitute-openscope_databook-88b5fcc/docs/first-order/test_unit_responses.ipynb,python
2099,125,AllenInstitute-openscope_databook-88b5fcc/docs/higher-order/behavioral_state.ipynb,python
2100,125,AllenInstitute-openscope_databook-88b5fcc/docs/higher-order/cebra_time.ipynb,python
2101,125,AllenInstitute-openscope_databook-88b5fcc/docs/higher-order/glm.ipynb,python
2102,125,AllenInstitute-openscope_databook-88b5fcc/docs/higher-order/tca.ipynb,python
2103,125,AllenInstitute-openscope_databook-88b5fcc/docs/projects/cred_assign_figures.ipynb,python
2104,125,AllenInstitute-openscope_databook-88b5fcc/docs/projects/dendritic_coupling.ipynb,python
2105,125,AllenInstitute-openscope_databook-88b5fcc/docs/projects/glo.ipynb,python
2106,125,AllenInstitute-openscope_databook-88b5fcc/docs/projects/illusion.ipynb,python
2107,125,AllenInstitute-openscope_databook-88b5fcc/docs/visualization/visualize_2p_VR_behavior.ipynb,python
2108,125,AllenInstitute-openscope_databook-88b5fcc/docs/visualization/visualize_2p_raw.ipynb,python
2109,125,AllenInstitute-openscope_databook-88b5fcc/docs/visualization/visualize_2p_responses.ipynb,python
2110,125,AllenInstitute-openscope_databook-88b5fcc/docs/visualization/visualize_lfp_responses.ipynb,python
2111,125,AllenInstitute-openscope_databook-88b5fcc/docs/visualization/visualize_neuropixels_probes.ipynb,python
2112,125,AllenInstitute-openscope_databook-88b5fcc/docs/visualization/visualize_templates.ipynb,python
2113,125,AllenInstitute-openscope_databook-88b5fcc/docs/visualization/visualize_unit_metrics.ipynb,python
2114,125,AllenInstitute-openscope_databook-88b5fcc/docs/visualization/visualize_unit_responses.ipynb,python
2115,125,AllenInstitute-openscope_databook-88b5fcc/docs/visualization/visualize_unit_spikes.ipynb,python
2116,125,docs/basics/openscope_databook/docs/basics/download_nwb.ipynb,python
2117,125,docs/basics/openscope_databook/docs/basics/get_dandiset_metadata.ipynb,python
2118,125,docs/basics/openscope_databook/docs/basics/read_nwb.ipynb,python
2119,125,docs/basics/openscope_databook/docs/basics/stream_nwb.ipynb,python
2120,125,docs/basics/openscope_databook/docs/first-order/cell_matching.ipynb,python
2121,125,docs/basics/openscope_databook/docs/first-order/classify_waveforms.ipynb,python
2122,125,docs/basics/openscope_databook/docs/first-order/current_source_density.ipynb,python
2123,125,docs/basics/openscope_databook/docs/first-order/modality_alignment.ipynb,python
2124,125,docs/basics/openscope_databook/docs/first-order/optotagging.ipynb,python
2125,125,docs/basics/openscope_databook/docs/first-order/receptive_fields.ipynb,python
2126,125,docs/basics/openscope_databook/docs/first-order/suite2p.ipynb,python
2127,125,docs/basics/openscope_databook/docs/first-order/test_2p_responses.ipynb,python
2128,125,docs/basics/openscope_databook/docs/first-order/test_unit_responses.ipynb,python
2129,125,docs/basics/openscope_databook/docs/higher-order/GLM_pynapple_nemos.ipynb,python
2130,125,docs/basics/openscope_databook/docs/higher-order/behavioral_state.ipynb,python
2131,125,docs/basics/openscope_databook/docs/higher-order/cebra_time.ipynb,python
2132,125,docs/basics/openscope_databook/docs/higher-order/glm.ipynb,python
2133,125,docs/basics/openscope_databook/docs/higher-order/tca.ipynb,python
2134,125,docs/basics/openscope_databook/docs/projects/barcoding.ipynb,python
2135,125,docs/basics/openscope_databook/docs/projects/cred_assign_figures.ipynb,python
2136,125,docs/basics/openscope_databook/docs/projects/dendritic_coupling.ipynb,python
2137,125,docs/basics/openscope_databook/docs/projects/glo.ipynb,python
2138,125,docs/basics/openscope_databook/docs/projects/illusion.ipynb,python
2139,125,docs/basics/openscope_databook/docs/projects/loop.ipynb,python
2140,125,docs/basics/openscope_databook/docs/projects/predictive_processing_ephys.ipynb,python
2141,125,docs/basics/openscope_databook/docs/projects/predictive_processing_ophys.ipynb,python
2142,125,docs/basics/openscope_databook/docs/projects/psycode.ipynb,python
2143,125,docs/basics/openscope_databook/docs/projects/sequence_learning.ipynb,python
2144,125,docs/basics/openscope_databook/docs/projects/texture.ipynb,python
2145,125,docs/basics/openscope_databook/docs/projects/texture_get_dandiset_metadata.ipynb,python
2146,125,docs/basics/openscope_databook/docs/projects/vippo.ipynb,python
2147,125,docs/basics/openscope_databook/docs/projects/vismo.ipynb,python
2148,125,docs/basics/openscope_databook/docs/visualization/visualize_2p_VR_behavior.ipynb,python
2149,125,docs/basics/openscope_databook/docs/visualization/visualize_2p_raw.ipynb,python
2150,125,docs/basics/openscope_databook/docs/visualization/visualize_2p_responses.ipynb,python
2151,125,docs/basics/openscope_databook/docs/visualization/visualize_behavior.ipynb,python
2152,125,docs/basics/openscope_databook/docs/visualization/visualize_lfp_responses.ipynb,python
2153,125,docs/basics/openscope_databook/docs/visualization/visualize_neuropixels_probes.ipynb,python
2154,125,docs/basics/openscope_databook/docs/visualization/visualize_templates.ipynb,python
2155,125,docs/basics/openscope_databook/docs/visualization/visualize_unit_metrics.ipynb,python
2156,125,docs/basics/openscope_databook/docs/visualization/visualize_unit_responses.ipynb,python
2157,125,docs/basics/openscope_databook/docs/visualization/visualize_unit_spikes.ipynb,python
2158,125,docs/embargoed/openscope_databook/docs/basics/download_nwb.ipynb,python
2159,125,docs/embargoed/openscope_databook/docs/basics/get_dandiset_metadata.ipynb,python
2160,125,docs/embargoed/openscope_databook/docs/basics/read_nwb.ipynb,python
2161,125,docs/embargoed/openscope_databook/docs/basics/stream_nwb.ipynb,python
2162,125,docs/embargoed/openscope_databook/docs/first-order/cell_matching.ipynb,python
2163,125,docs/embargoed/openscope_databook/docs/first-order/classify_waveforms.ipynb,python
2164,125,docs/embargoed/openscope_databook/docs/first-order/current_source_density.ipynb,python
2165,125,docs/embargoed/openscope_databook/docs/first-order/modality_alignment.ipynb,python
2166,125,docs/embargoed/openscope_databook/docs/first-order/optotagging.ipynb,python
2167,125,docs/embargoed/openscope_databook/docs/first-order/receptive_fields.ipynb,python
2168,125,docs/embargoed/openscope_databook/docs/first-order/suite2p.ipynb,python
2169,125,docs/embargoed/openscope_databook/docs/first-order/test_2p_responses.ipynb,python
2170,125,docs/embargoed/openscope_databook/docs/first-order/test_unit_responses.ipynb,python
2171,125,docs/embargoed/openscope_databook/docs/higher-order/GLM_pynapple_nemos.ipynb,python
2172,125,docs/embargoed/openscope_databook/docs/higher-order/behavioral_state.ipynb,python
2173,125,docs/embargoed/openscope_databook/docs/higher-order/cebra_time.ipynb,python
2174,125,docs/embargoed/openscope_databook/docs/higher-order/glm.ipynb,python
2175,125,docs/embargoed/openscope_databook/docs/higher-order/tca.ipynb,python
2176,125,docs/embargoed/openscope_databook/docs/projects/barcoding.ipynb,python
2177,125,docs/embargoed/openscope_databook/docs/projects/cred_assign_figures.ipynb,python
2178,125,docs/embargoed/openscope_databook/docs/projects/dendritic_coupling.ipynb,python
2179,125,docs/embargoed/openscope_databook/docs/projects/glo.ipynb,python
2180,125,docs/embargoed/openscope_databook/docs/projects/illusion.ipynb,python
2181,125,docs/embargoed/openscope_databook/docs/projects/loop.ipynb,python
2182,125,docs/embargoed/openscope_databook/docs/projects/predictive_processing_ephys.ipynb,python
2183,125,docs/embargoed/openscope_databook/docs/projects/predictive_processing_ophys.ipynb,python
2184,125,docs/embargoed/openscope_databook/docs/projects/psycode.ipynb,python
2185,125,docs/embargoed/openscope_databook/docs/projects/sequence_learning.ipynb,python
2186,125,docs/embargoed/openscope_databook/docs/projects/texture.ipynb,python
2187,125,docs/embargoed/openscope_databook/docs/projects/texture_get_dandiset_metadata.ipynb,python
2188,125,docs/embargoed/openscope_databook/docs/projects/vippo.ipynb,python
2189,125,docs/embargoed/openscope_databook/docs/projects/vismo.ipynb,python
2190,125,docs/embargoed/openscope_databook/docs/visualization/visualize_2p_VR_behavior.ipynb,python
2191,125,docs/embargoed/openscope_databook/docs/visualization/visualize_2p_raw.ipynb,python
2192,125,docs/embargoed/openscope_databook/docs/visualization/visualize_2p_responses.ipynb,python
2193,125,docs/embargoed/openscope_databook/docs/visualization/visualize_behavior.ipynb,python
2194,125,docs/embargoed/openscope_databook/docs/visualization/visualize_lfp_responses.ipynb,python
2195,125,docs/embargoed/openscope_databook/docs/visualization/visualize_neuropixels_probes.ipynb,python
2196,125,docs/embargoed/openscope_databook/docs/visualization/visualize_templates.ipynb,python
2197,125,docs/embargoed/openscope_databook/docs/visualization/visualize_unit_metrics.ipynb,python
2198,125,docs/embargoed/openscope_databook/docs/visualization/visualize_unit_responses.ipynb,python
2199,125,docs/embargoed/openscope_databook/docs/visualization/visualize_unit_spikes.ipynb,python
2200,125,docs/first-order/openscope_databook/docs/basics/download_nwb.ipynb,python
2201,125,docs/first-order/openscope_databook/docs/basics/get_dandiset_metadata.ipynb,python
2202,125,docs/first-order/openscope_databook/docs/basics/read_nwb.ipynb,python
2203,125,docs/first-order/openscope_databook/docs/basics/stream_nwb.ipynb,python
2204,125,docs/first-order/openscope_databook/docs/first-order/cell_matching.ipynb,python
2205,125,docs/first-order/openscope_databook/docs/first-order/classify_waveforms.ipynb,python
2206,125,docs/first-order/openscope_databook/docs/first-order/current_source_density.ipynb,python
2207,125,docs/first-order/openscope_databook/docs/first-order/modality_alignment.ipynb,python
2208,125,docs/first-order/openscope_databook/docs/first-order/optotagging.ipynb,python
2209,125,docs/first-order/openscope_databook/docs/first-order/receptive_fields.ipynb,python
2210,125,docs/first-order/openscope_databook/docs/first-order/suite2p.ipynb,python
2211,125,docs/first-order/openscope_databook/docs/first-order/test_2p_responses.ipynb,python
2212,125,docs/first-order/openscope_databook/docs/first-order/test_unit_responses.ipynb,python
2213,125,docs/first-order/openscope_databook/docs/higher-order/GLM_pynapple_nemos.ipynb,python
2214,125,docs/first-order/openscope_databook/docs/higher-order/behavioral_state.ipynb,python
2215,125,docs/first-order/openscope_databook/docs/higher-order/cebra_time.ipynb,python
2216,125,docs/first-order/openscope_databook/docs/higher-order/glm.ipynb,python
2217,125,docs/first-order/openscope_databook/docs/higher-order/tca.ipynb,python
2218,125,docs/first-order/openscope_databook/docs/projects/barcoding.ipynb,python
2219,125,docs/first-order/openscope_databook/docs/projects/cred_assign_figures.ipynb,python
2220,125,docs/first-order/openscope_databook/docs/projects/dendritic_coupling.ipynb,python
2221,125,docs/first-order/openscope_databook/docs/projects/glo.ipynb,python
2222,125,docs/first-order/openscope_databook/docs/projects/illusion.ipynb,python
2223,125,docs/first-order/openscope_databook/docs/projects/loop.ipynb,python
2224,125,docs/first-order/openscope_databook/docs/projects/predictive_processing_ephys.ipynb,python
2225,125,docs/first-order/openscope_databook/docs/projects/predictive_processing_ophys.ipynb,python
2226,125,docs/first-order/openscope_databook/docs/projects/psycode.ipynb,python
2227,125,docs/first-order/openscope_databook/docs/projects/sequence_learning.ipynb,python
2228,125,docs/first-order/openscope_databook/docs/projects/texture.ipynb,python
2229,125,docs/first-order/openscope_databook/docs/projects/texture_get_dandiset_metadata.ipynb,python
2230,125,docs/first-order/openscope_databook/docs/projects/vippo.ipynb,python
2231,125,docs/first-order/openscope_databook/docs/projects/vismo.ipynb,python
2232,125,docs/first-order/openscope_databook/docs/visualization/visualize_2p_VR_behavior.ipynb,python
2233,125,docs/first-order/openscope_databook/docs/visualization/visualize_2p_raw.ipynb,python
2234,125,docs/first-order/openscope_databook/docs/visualization/visualize_2p_responses.ipynb,python
2235,125,docs/first-order/openscope_databook/docs/visualization/visualize_behavior.ipynb,python
2236,125,docs/first-order/openscope_databook/docs/visualization/visualize_lfp_responses.ipynb,python
2237,125,docs/first-order/openscope_databook/docs/visualization/visualize_neuropixels_probes.ipynb,python
2238,125,docs/first-order/openscope_databook/docs/visualization/visualize_templates.ipynb,python
2239,125,docs/first-order/openscope_databook/docs/visualization/visualize_unit_metrics.ipynb,python
2240,125,docs/first-order/openscope_databook/docs/visualization/visualize_unit_responses.ipynb,python
2241,125,docs/first-order/openscope_databook/docs/visualization/visualize_unit_spikes.ipynb,python
2242,125,docs/higher-order/openscope_databook/docs/basics/download_nwb.ipynb,python
2243,125,docs/higher-order/openscope_databook/docs/basics/get_dandiset_metadata.ipynb,python
2244,125,docs/higher-order/openscope_databook/docs/basics/read_nwb.ipynb,python
2245,125,docs/higher-order/openscope_databook/docs/basics/stream_nwb.ipynb,python
2246,125,docs/higher-order/openscope_databook/docs/first-order/cell_matching.ipynb,python
2247,125,docs/higher-order/openscope_databook/docs/first-order/classify_waveforms.ipynb,python
2248,125,docs/higher-order/openscope_databook/docs/first-order/current_source_density.ipynb,python
2249,125,docs/higher-order/openscope_databook/docs/first-order/modality_alignment.ipynb,python
2250,125,docs/higher-order/openscope_databook/docs/first-order/optotagging.ipynb,python
2251,125,docs/higher-order/openscope_databook/docs/first-order/receptive_fields.ipynb,python
2252,125,docs/higher-order/openscope_databook/docs/first-order/suite2p.ipynb,python
2253,125,docs/higher-order/openscope_databook/docs/first-order/test_2p_responses.ipynb,python
2254,125,docs/higher-order/openscope_databook/docs/first-order/test_unit_responses.ipynb,python
2255,125,docs/higher-order/openscope_databook/docs/higher-order/GLM_pynapple_nemos.ipynb,python
2256,125,docs/higher-order/openscope_databook/docs/higher-order/behavioral_state.ipynb,python
2257,125,docs/higher-order/openscope_databook/docs/higher-order/cebra_time.ipynb,python
2258,125,docs/higher-order/openscope_databook/docs/higher-order/glm.ipynb,python
2259,125,docs/higher-order/openscope_databook/docs/higher-order/tca.ipynb,python
2260,125,docs/higher-order/openscope_databook/docs/projects/barcoding.ipynb,python
2261,125,docs/higher-order/openscope_databook/docs/projects/cred_assign_figures.ipynb,python
2262,125,docs/higher-order/openscope_databook/docs/projects/dendritic_coupling.ipynb,python
2263,125,docs/higher-order/openscope_databook/docs/projects/glo.ipynb,python
2264,125,docs/higher-order/openscope_databook/docs/projects/illusion.ipynb,python
2265,125,docs/higher-order/openscope_databook/docs/projects/loop.ipynb,python
2266,125,docs/higher-order/openscope_databook/docs/projects/predictive_processing_ephys.ipynb,python
2267,125,docs/higher-order/openscope_databook/docs/projects/predictive_processing_ophys.ipynb,python
2268,125,docs/higher-order/openscope_databook/docs/projects/psycode.ipynb,python
2269,125,docs/higher-order/openscope_databook/docs/projects/sequence_learning.ipynb,python
2270,125,docs/higher-order/openscope_databook/docs/projects/texture.ipynb,python
2271,125,docs/higher-order/openscope_databook/docs/projects/texture_get_dandiset_metadata.ipynb,python
2272,125,docs/higher-order/openscope_databook/docs/projects/vippo.ipynb,python
2273,125,docs/higher-order/openscope_databook/docs/projects/vismo.ipynb,python
2274,125,docs/higher-order/openscope_databook/docs/visualization/visualize_2p_VR_behavior.ipynb,python
2275,125,docs/higher-order/openscope_databook/docs/visualization/visualize_2p_raw.ipynb,python
2276,125,docs/higher-order/openscope_databook/docs/visualization/visualize_2p_responses.ipynb,python
2277,125,docs/higher-order/openscope_databook/docs/visualization/visualize_behavior.ipynb,python
2278,125,docs/higher-order/openscope_databook/docs/visualization/visualize_lfp_responses.ipynb,python
2279,125,docs/higher-order/openscope_databook/docs/visualization/visualize_neuropixels_probes.ipynb,python
2280,125,docs/higher-order/openscope_databook/docs/visualization/visualize_templates.ipynb,python
2281,125,docs/higher-order/openscope_databook/docs/visualization/visualize_unit_metrics.ipynb,python
2282,125,docs/higher-order/openscope_databook/docs/visualization/visualize_unit_responses.ipynb,python
2283,125,docs/higher-order/openscope_databook/docs/visualization/visualize_unit_spikes.ipynb,python
2284,125,docs/projects/openscope_databook/docs/basics/download_nwb.ipynb,python
2285,125,docs/projects/openscope_databook/docs/basics/get_dandiset_metadata.ipynb,python
2286,125,docs/projects/openscope_databook/docs/basics/read_nwb.ipynb,python
2287,125,docs/projects/openscope_databook/docs/basics/stream_nwb.ipynb,python
2288,125,docs/projects/openscope_databook/docs/first-order/cell_matching.ipynb,python
2289,125,docs/projects/openscope_databook/docs/first-order/classify_waveforms.ipynb,python
2290,125,docs/projects/openscope_databook/docs/first-order/current_source_density.ipynb,python
2291,125,docs/projects/openscope_databook/docs/first-order/modality_alignment.ipynb,python
2292,125,docs/projects/openscope_databook/docs/first-order/optotagging.ipynb,python
2293,125,docs/projects/openscope_databook/docs/first-order/receptive_fields.ipynb,python
2294,125,docs/projects/openscope_databook/docs/first-order/suite2p.ipynb,python
2295,125,docs/projects/openscope_databook/docs/first-order/test_2p_responses.ipynb,python
2296,125,docs/projects/openscope_databook/docs/first-order/test_unit_responses.ipynb,python
2297,125,docs/projects/openscope_databook/docs/higher-order/GLM_pynapple_nemos.ipynb,python
2298,94,andres-patrignani-pynotes-312b354/notebooks/_nbconvert_export.ipynb,python
2299,94,andres-patrignani-pynotes-312b354/notebooks/air_temperature.ipynb,python
2300,125,docs/projects/openscope_databook/docs/higher-order/behavioral_state.ipynb,python
2301,94,andres-patrignani-pynotes-312b354/notebooks/anonymous_functions.ipynb,python
2302,125,docs/projects/openscope_databook/docs/higher-order/cebra_time.ipynb,python
2303,94,andres-patrignani-pynotes-312b354/notebooks/anscombe_quartet.ipynb,python
2304,125,docs/projects/openscope_databook/docs/higher-order/glm.ipynb,python
2305,94,andres-patrignani-pynotes-312b354/notebooks/antecedent_precipitation_index.ipynb,python
2306,125,docs/projects/openscope_databook/docs/higher-order/tca.ipynb,python
2307,94,andres-patrignani-pynotes-312b354/notebooks/atmospheric_carbon_dioxide.ipynb,python
2308,125,docs/projects/openscope_databook/docs/projects/barcoding.ipynb,python
2309,94,andres-patrignani-pynotes-312b354/notebooks/atmospheric_water_deficit.ipynb,python
2310,125,docs/projects/openscope_databook/docs/projects/cred_assign_figures.ipynb,python
2311,94,andres-patrignani-pynotes-312b354/notebooks/birthday_paradox.ipynb,python
2312,125,docs/projects/openscope_databook/docs/projects/dendritic_coupling.ipynb,python
2313,94,andres-patrignani-pynotes-312b354/notebooks/blackjack.ipynb,python
2314,125,docs/projects/openscope_databook/docs/projects/glo.ipynb,python
2315,94,andres-patrignani-pynotes-312b354/notebooks/calculator_examples.ipynb,python
2316,125,docs/projects/openscope_databook/docs/projects/illusion.ipynb,python
2317,94,andres-patrignani-pynotes-312b354/notebooks/capillarity.ipynb,python
2318,125,docs/projects/openscope_databook/docs/projects/loop.ipynb,python
2319,94,andres-patrignani-pynotes-312b354/notebooks/cdf_matching.ipynb,python
2320,125,docs/projects/openscope_databook/docs/projects/predictive_processing_ephys.ipynb,python
2321,94,andres-patrignani-pynotes-312b354/notebooks/central_dogma_multiple_polypeptides.ipynb,python
2322,125,docs/projects/openscope_databook/docs/projects/predictive_processing_ophys.ipynb,python
2323,94,andres-patrignani-pynotes-312b354/notebooks/central_dogma_single_polypeptide.ipynb,python
2324,125,docs/projects/openscope_databook/docs/projects/psycode.ipynb,python
2325,94,andres-patrignani-pynotes-312b354/notebooks/climate_classification.ipynb,python
2326,125,docs/projects/openscope_databook/docs/projects/sequence_learning.ipynb,python
2327,94,andres-patrignani-pynotes-312b354/notebooks/comparative_anatomy_for_loops.ipynb,python
2328,125,docs/projects/openscope_databook/docs/projects/texture.ipynb,python
2329,94,andres-patrignani-pynotes-312b354/notebooks/comparative_anatomy_functions.ipynb,python
2330,125,docs/projects/openscope_databook/docs/projects/texture_get_dandiset_metadata.ipynb,python
2331,94,andres-patrignani-pynotes-312b354/notebooks/comparative_anatomy_if_statement.ipynb,python
2332,125,docs/projects/openscope_databook/docs/projects/vippo.ipynb,python
2333,94,andres-patrignani-pynotes-312b354/notebooks/coronavirus.ipynb,python
2334,125,docs/projects/openscope_databook/docs/projects/vismo.ipynb,python
2335,94,andres-patrignani-pynotes-312b354/notebooks/cumulative_rainfall.ipynb,python
2336,125,docs/projects/openscope_databook/docs/visualization/visualize_2p_VR_behavior.ipynb,python
2337,94,andres-patrignani-pynotes-312b354/notebooks/data_structures.ipynb,python
2338,125,docs/projects/openscope_databook/docs/visualization/visualize_2p_raw.ipynb,python
2339,94,andres-patrignani-pynotes-312b354/notebooks/data_types.ipynb,python
2340,125,docs/projects/openscope_databook/docs/visualization/visualize_2p_responses.ipynb,python
2341,94,andres-patrignani-pynotes-312b354/notebooks/datetime_module.ipynb,python
2342,125,docs/projects/openscope_databook/docs/visualization/visualize_behavior.ipynb,python
2343,94,andres-patrignani-pynotes-312b354/notebooks/day_of_week.ipynb,python
2344,125,docs/projects/openscope_databook/docs/visualization/visualize_lfp_responses.ipynb,python
2345,94,andres-patrignani-pynotes-312b354/notebooks/day_of_year.ipynb,python
2346,94,andres-patrignani-pynotes-312b354/notebooks/debye.ipynb,python
2347,125,docs/projects/openscope_databook/docs/visualization/visualize_neuropixels_probes.ipynb,python
2348,94,andres-patrignani-pynotes-312b354/notebooks/denoise_passive_neutron_counts.ipynb,python
2349,125,docs/projects/openscope_databook/docs/visualization/visualize_templates.ipynb,python
2350,94,andres-patrignani-pynotes-312b354/notebooks/denoise_yield_monitor.ipynb,python
2351,125,docs/projects/openscope_databook/docs/visualization/visualize_unit_metrics.ipynb,python
2352,94,andres-patrignani-pynotes-312b354/notebooks/disease_spread.ipynb,python
2353,125,docs/projects/openscope_databook/docs/visualization/visualize_unit_responses.ipynb,python
2354,94,andres-patrignani-pynotes-312b354/notebooks/drydowns_from_timeseries.ipynb,python
2355,125,docs/projects/openscope_databook/docs/visualization/visualize_unit_spikes.ipynb,python
2356,94,andres-patrignani-pynotes-312b354/notebooks/error_handling.ipynb,python
2357,94,andres-patrignani-pynotes-312b354/notebooks/error_metrics.ipynb,python
2358,94,andres-patrignani-pynotes-312b354/notebooks/euclidean_distance.ipynb,python
2359,94,andres-patrignani-pynotes-312b354/notebooks/evaporation.ipynb,python
2360,94,andres-patrignani-pynotes-312b354/notebooks/exponential_filter.ipynb,python
2361,94,andres-patrignani-pynotes-312b354/notebooks/fibonacci_sequence.ipynb,python
2362,94,andres-patrignani-pynotes-312b354/notebooks/field_management_zones.ipynb,python
2363,94,andres-patrignani-pynotes-312b354/notebooks/fill_missing_data.ipynb,python
2364,94,andres-patrignani-pynotes-312b354/notebooks/for_loops.ipynb,python
2365,94,andres-patrignani-pynotes-312b354/notebooks/frontier_function.ipynb,python
2366,94,andres-patrignani-pynotes-312b354/notebooks/functions.ipynb,python
2367,94,andres-patrignani-pynotes-312b354/notebooks/game_of_life.ipynb,python
2368,94,andres-patrignani-pynotes-312b354/notebooks/glob_module.ipynb,python
2369,94,andres-patrignani-pynotes-312b354/notebooks/green_ampt.ipynb,python
2370,94,andres-patrignani-pynotes-312b354/notebooks/group_least_variance.ipynb,python
2371,94,andres-patrignani-pynotes-312b354/notebooks/handy_functions.ipynb,python
2372,94,andres-patrignani-pynotes-312b354/notebooks/hangman.ipynb,python
2373,94,andres-patrignani-pynotes-312b354/notebooks/hello_world.ipynb,python
2374,94,andres-patrignani-pynotes-312b354/notebooks/help_resources.ipynb,python
2375,94,andres-patrignani-pynotes-312b354/notebooks/if_statement.ipynb,python
2376,94,andres-patrignani-pynotes-312b354/notebooks/image_analysis_canopeo.ipynb,python
2377,94,andres-patrignani-pynotes-312b354/notebooks/image_analysis_contact_angle.ipynb,python
2378,94,andres-patrignani-pynotes-312b354/notebooks/image_analysis_count_seeds.ipynb,python
2379,94,andres-patrignani-pynotes-312b354/notebooks/import_tabular_data.ipynb,python
2380,94,andres-patrignani-pynotes-312b354/notebooks/importing_modules.ipynb,python
2381,94,andres-patrignani-pynotes-312b354/notebooks/indexing_and_slicing_lists.ipynb,python
2382,94,andres-patrignani-pynotes-312b354/notebooks/inputs.ipynb,python
2383,94,andres-patrignani-pynotes-312b354/notebooks/leaky_bucket.ipynb,python
2384,94,andres-patrignani-pynotes-312b354/notebooks/leap_year.ipynb,python
2385,94,andres-patrignani-pynotes-312b354/notebooks/logistic_growth.ipynb,python
2386,94,andres-patrignani-pynotes-312b354/notebooks/lotka_volterra.ipynb,python
2387,94,andres-patrignani-pynotes-312b354/notebooks/mass_volume_relationships.ipynb,python
2388,94,andres-patrignani-pynotes-312b354/notebooks/matching_dna_strand.ipynb,python
2389,94,andres-patrignani-pynotes-312b354/notebooks/math_module.ipynb,python
2390,94,andres-patrignani-pynotes-312b354/notebooks/matplotlib_module.ipynb,python
2391,94,andres-patrignani-pynotes-312b354/notebooks/mixing_model.ipynb,python
2392,94,andres-patrignani-pynotes-312b354/notebooks/monty_hall.ipynb,python
2393,94,andres-patrignani-pynotes-312b354/notebooks/morse_code_guessing_game.ipynb,python
2394,94,andres-patrignani-pynotes-312b354/notebooks/morse_decoder.ipynb,python
2395,94,andres-patrignani-pynotes-312b354/notebooks/morse_encoder.ipynb,python
2396,94,andres-patrignani-pynotes-312b354/notebooks/nearest_station.ipynb,python
2397,94,andres-patrignani-pynotes-312b354/notebooks/neutron_probe_calibration.ipynb,python
2398,94,andres-patrignani-pynotes-312b354/notebooks/newton_law_cooling.ipynb,python
2399,94,andres-patrignani-pynotes-312b354/notebooks/numpy_module.ipynb,python
2400,94,andres-patrignani-pynotes-312b354/notebooks/objects_and_classes.ipynb,python
2401,94,andres-patrignani-pynotes-312b354/notebooks/optimal_nitrogen_rate.ipynb,python
2402,94,andres-patrignani-pynotes-312b354/notebooks/os_module.ipynb,python
2403,94,andres-patrignani-pynotes-312b354/notebooks/pandas_mesonet_stations.ipynb,python
2404,94,andres-patrignani-pynotes-312b354/notebooks/pandas_module.ipynb,python
2405,94,andres-patrignani-pynotes-312b354/notebooks/pedotransfer_saxton_rawls.ipynb,python
2406,94,andres-patrignani-pynotes-312b354/notebooks/photoperiod_math_module.ipynb,python
2407,94,andres-patrignani-pynotes-312b354/notebooks/photoperiod_numpy_module.ipynb,python
2408,94,andres-patrignani-pynotes-312b354/notebooks/plant_available_water.ipynb,python
2409,94,andres-patrignani-pynotes-312b354/notebooks/plotting_bokeh.ipynb,python
2410,94,andres-patrignani-pynotes-312b354/notebooks/precipitation_metrics.ipynb,python
2411,94,andres-patrignani-pynotes-312b354/notebooks/proctor_test.ipynb,python
2412,94,andres-patrignani-pynotes-312b354/notebooks/radiocarbon_dating.ipynb,python
2413,94,andres-patrignani-pynotes-312b354/notebooks/rainfall_generator.ipynb,python
2414,94,andres-patrignani-pynotes-312b354/notebooks/random_groups_of_people.ipynb,python
2415,94,andres-patrignani-pynotes-312b354/notebooks/random_module.ipynb,python
2416,94,andres-patrignani-pynotes-312b354/notebooks/random_plots.ipynb,python
2417,94,andres-patrignani-pynotes-312b354/notebooks/random_walk.ipynb,python
2418,94,andres-patrignani-pynotes-312b354/notebooks/reaction_diffusion.ipynb,python
2419,94,andres-patrignani-pynotes-312b354/notebooks/regular_expressions.ipynb,python
2420,94,andres-patrignani-pynotes-312b354/notebooks/root_depth.ipynb,python
2421,94,andres-patrignani-pynotes-312b354/notebooks/sample_logger.ipynb,python
2422,94,andres-patrignani-pynotes-312b354/notebooks/seaborn_module.ipynb,python
2423,94,andres-patrignani-pynotes-312b354/notebooks/sedimentation_time.ipynb,python
2424,94,andres-patrignani-pynotes-312b354/notebooks/segmented_lake.ipynb,python
2425,94,andres-patrignani-pynotes-312b354/notebooks/soil_cracks_detection.ipynb,python
2426,94,andres-patrignani-pynotes-312b354/notebooks/soil_moisture_map.ipynb,python
2427,94,andres-patrignani-pynotes-312b354/notebooks/soil_respiration.ipynb,python
2428,94,andres-patrignani-pynotes-312b354/notebooks/soil_temperature.ipynb,python
2429,94,andres-patrignani-pynotes-312b354/notebooks/soil_temperature_model.ipynb,python
2430,94,andres-patrignani-pynotes-312b354/notebooks/soil_textural_class.ipynb,python
2431,94,andres-patrignani-pynotes-312b354/notebooks/soil_water_deficit_classification.ipynb,python
2432,94,andres-patrignani-pynotes-312b354/notebooks/soil_water_retention_curve.ipynb,python
2433,94,andres-patrignani-pynotes-312b354/notebooks/soil_water_storage.ipynb,python
2434,94,andres-patrignani-pynotes-312b354/notebooks/solar_radiation.ipynb,python
2435,94,andres-patrignani-pynotes-312b354/notebooks/sorting_numbers.ipynb,python
2436,94,andres-patrignani-pynotes-312b354/notebooks/stationary_cosmos.ipynb,python
2437,94,andres-patrignani-pynotes-312b354/notebooks/statistics_module.ipynb,python
2438,94,andres-patrignani-pynotes-312b354/notebooks/stats_2d_interpolation.ipynb,python
2439,94,andres-patrignani-pynotes-312b354/notebooks/stats_curve_fitting_exp.ipynb,python
2440,94,andres-patrignani-pynotes-312b354/notebooks/stats_curve_fitting_wave.ipynb,python
2441,94,andres-patrignani-pynotes-312b354/notebooks/stats_linear_fit.ipynb,python
2442,94,andres-patrignani-pynotes-312b354/notebooks/stats_multiple_linear_regression.ipynb,python
2443,94,andres-patrignani-pynotes-312b354/notebooks/strings.ipynb,python
2444,94,andres-patrignani-pynotes-312b354/notebooks/sympy_module.ipynb,python
2445,94,andres-patrignani-pynotes-312b354/notebooks/thermal_time.ipynb,python
2446,94,andres-patrignani-pynotes-312b354/notebooks/time_module.ipynb,python
2447,94,andres-patrignani-pynotes-312b354/notebooks/url_ks_mesonet.ipynb,python
2448,94,andres-patrignani-pynotes-312b354/notebooks/url_nasa_api.ipynb,python
2449,94,andres-patrignani-pynotes-312b354/notebooks/url_ok_mesonet.ipynb,python
2450,94,andres-patrignani-pynotes-312b354/notebooks/url_uscrn.ipynb,python
2451,94,andres-patrignani-pynotes-312b354/notebooks/vapor_pressure_deficit.ipynb,python
2452,94,andres-patrignani-pynotes-312b354/notebooks/venn_diagrams.ipynb,python
2453,94,andres-patrignani-pynotes-312b354/notebooks/wheat_phenology.ipynb,python
2454,94,andres-patrignani-pynotes-312b354/notebooks/wheat_potential_biomass.ipynb,python
2455,94,andres-patrignani-pynotes-312b354/notebooks/while_loops.ipynb,python
2456,120,co2_emissions_by_source/co2_emissions_by_source.ipynb,python
2457,120,daily_sst_north_atlantic/daily_sst_north_atlantic.ipynb,python
2458,120,hlrs-projects/hlrs-projects.ipynb,python
2459,122,anime-names/longer-names.ipynb,python
2460,122,chuck/count-flashes.ipynb,python
2461,122,hotd/collect.ipynb,python
2462,122,hotd/visualize.ipynb,python
2463,122,movies-by-years/scrape.ipynb,python
2464,122,movies-by-years/visualize.ipynb,python
2465,122,obx/you-know.ipynb,python
2466,122,pandr/food-words.ipynb,python
2467,123,LCA_AP.ipynb,python
2468,123,LCA_AP_DBs.ipynb,python
2469,147,Borda Count/Borda Ensemble.ipynb,python
2470,147,Deep MNIST/MNIST-Kaggle-SNN.ipynb,python
2471,147,Explain_Census_Income/Interpret.ipynb,python
2472,147,Finding Successful Projects/successful-project-hackerearth.ipynb,python
2473,147,Football Analysis/Football Analysis - Knowledge Graph.ipynb,python
2474,147,Happy or Sad Webapp/happy_sad.ipynb,python
2475,147,Multi Emotion Detector/Multi Emotion Detector - Keras.ipynb,python
2476,147,Recurrent Neural Network using Tensorflow/rnn-custom.ipynb,python
2477,147,SVR using Scikit-Learn/fuelpred.ipynb,python
2478,147,Text Mining/Feed Parser.ipynb,python
2479,147,WVGLCA Ensemble/WMG with LAE.ipynb,python
2480,148,test_evaluation_analysis.ipynb,python
2481,148,train_dev_analysis.ipynb,python
2482,150,notebooks/Analysis.ipynb,python
2483,150,notebooks/Quickstart.ipynb,python
2484,150,notebooks/plot_ablation_study.ipynb,python
2485,152,scripts/trainSpecBundle.ipynb,python
2486,152,tutorial.ipynb,python
2487,156,00-gradient/backprop.ipynb,python
2488,156,00-gradient/losses.ipynb,python
2489,156,00-gradient/simple.ipynb,python
2490,156,01-mlp/xor-pytorch-ish.ipynb,python
2491,156,01-mlp/xor-vanilla.ipynb,python
2492,156,02-convolutions/convolution-caveman-vs-fft-sidequest.ipynb,python
2493,156,02-convolutions/convolution-caveman-vs-pytorch.ipynb,python
2494,156,02-convolutions/convolution-pytorch.ipynb,python
2495,156,02-convolutions/convolution-vanilla.ipynb,python
2496,156,02-convolutions/pooling-caveman-vs-pytorch.ipynb,python
2497,156,03-transformers/attention-math-trick.ipynb,python
2498,156,03-transformers/attention-types.ipynb,python
2499,156,03-transformers/multihead-attention.ipynb,python
2500,156,sidequests/01-sidequest-sgd-vs-adam.ipynb,python
2501,149,titanic.ipynb,python
2502,153,bnb_branching_strategy_learning.ipynb,python
2503,167,1d-diffiusivity-implicity-vs-analytical/one-dimension-diffusivity.ipynb,python
2504,167,nechelik-pentadiagonal-matrix/kozeny-carmen-relationship.ipynb,python
2505,167,nechelik-pentadiagonal-matrix/pentadiagonal-matrix.ipynb,python
2506,167,pressure-profile-simulation/pressure-profile.ipynb,python
2507,234,Image Classifier Project.ipynb,python
2508,167,pressure-profile-simulation/reservoir-pressure.ipynb,python
2509,167,radial-diffusivity-numerical-derivatives/radial-diffusivity-numerical-derivatives.ipynb,python
2510,204,all_prompt_engineering_techniques/ambiguity-clarity.ipynb,python
2511,204,all_prompt_engineering_techniques/basic-prompt-structures.ipynb,python
2512,204,all_prompt_engineering_techniques/constrained-guided-generation.ipynb,python
2513,204,all_prompt_engineering_techniques/cot-prompting.ipynb,python
2514,204,all_prompt_engineering_techniques/ethical-prompt-engineering.ipynb,python
2515,204,all_prompt_engineering_techniques/evaluating-prompt-effectiveness.ipynb,python
2516,204,all_prompt_engineering_techniques/few-shot-learning.ipynb,python
2517,204,all_prompt_engineering_techniques/instruction-engineering-notebook.ipynb,python
2518,132,01_Introduction/01_How_TensorFlow_Works/01_How_TensorFlow_Works.ipynb,python
2519,204,all_prompt_engineering_techniques/intro-prompt-engineering-lesson.ipynb,python
2520,132,01_Introduction/02_Creating_and_Using_Tensors/02_tensors.ipynb,python
2521,204,all_prompt_engineering_techniques/multilingual-prompting.ipynb,python
2522,132,01_Introduction/03_Using_Variables_and_Placeholders/03_placeholders.ipynb,python
2523,204,all_prompt_engineering_techniques/negative-prompting.ipynb,python
2524,132,01_Introduction/04_Working_with_Matrices/04_matrices.ipynb,python
2525,204,all_prompt_engineering_techniques/prompt-chaining-sequencing.ipynb,python
2526,132,01_Introduction/05_Declaring_Operations/05_operations.ipynb,python
2527,204,all_prompt_engineering_techniques/prompt-formatting-structure.ipynb,python
2528,132,01_Introduction/06_Implementing_Activation_Functions/06_activation_functions.ipynb,python
2529,204,all_prompt_engineering_techniques/prompt-length-complexity-management.ipynb,python
2530,132,01_Introduction/07_Working_with_Data_Sources/07_data_gathering.ipynb,python
2531,204,all_prompt_engineering_techniques/prompt-optimization-techniques.ipynb,python
2532,132,02_TensorFlow_Way/01_Operations_as_a_Computational_Graph/01_operations_on_a_graph.ipynb,python
2533,204,all_prompt_engineering_techniques/prompt-security-and-safety.ipynb,python
2534,132,02_TensorFlow_Way/02_Layering_Nested_Operations/02_layering_nested_operations.ipynb,python
2535,204,all_prompt_engineering_techniques/prompt-templates-variables-jinja2.ipynb,python
2536,204,all_prompt_engineering_techniques/role-prompting.ipynb,python
2537,132,02_TensorFlow_Way/03_Working_with_Multiple_Layers/03_multiple_layers.ipynb,python
2538,132,02_TensorFlow_Way/04_Implementing_Loss_Functions/04_loss_functions.ipynb,python
2539,204,all_prompt_engineering_techniques/self-consistency.ipynb,python
2540,132,02_TensorFlow_Way/05_Implementing_Back_Propagation/05_back_propagation.ipynb,python
2541,204,all_prompt_engineering_techniques/specific-task-prompts.ipynb,python
2542,132,02_TensorFlow_Way/06_Working_with_Batch_and_Stochastic_Training/06_batch_stochastic_training.ipynb,python
2543,204,all_prompt_engineering_techniques/task-decomposition-prompts.ipynb,python
2544,132,02_TensorFlow_Way/07_Combining_Everything_Together/07_combining_everything_together.ipynb,python
2545,204,all_prompt_engineering_techniques/zero-shot-prompting.ipynb,python
2546,132,02_TensorFlow_Way/08_Evaluating_Models/08_evaluating_models.ipynb,python
2547,132,03_Linear_Regression/01_Using_the_Matrix_Inverse_Method/01_lin_reg_inverse.ipynb,python
2548,132,03_Linear_Regression/02_Implementing_a_Decomposition_Method/02_lin_reg_decomposition.ipynb,python
2549,132,03_Linear_Regression/03_TensorFlow_Way_of_Linear_Regression/03_lin_reg_tensorflow_way.ipynb,python
2550,132,03_Linear_Regression/04_Loss_Functions_in_Linear_Regressions/04_lin_reg_l1_vs_l2.ipynb,python
2551,132,03_Linear_Regression/05_Implementing_Deming_Regression/05_deming_regression.ipynb,python
2552,132,03_Linear_Regression/06_Implementing_Lasso_and_Ridge_Regression/06_lasso_and_ridge_regression.ipynb,python
2553,132,03_Linear_Regression/07_Implementing_Elasticnet_Regression/07_elasticnet_regression.ipynb,python
2554,132,03_Linear_Regression/08_Implementing_Logistic_Regression/08_logistic_regression.ipynb,python
2555,132,04_Support_Vector_Machines/02_Working_with_Linear_SVMs/02_linear_svm.ipynb,python
2556,132,04_Support_Vector_Machines/03_Reduction_to_Linear_Regression/03_support_vector_regression.ipynb,python
2557,132,04_Support_Vector_Machines/04_Working_with_Kernels/04_svm_kernels.ipynb,python
2558,132,04_Support_Vector_Machines/05_Implementing_Nonlinear_SVMs/05_nonlinear_svm.ipynb,python
2559,132,04_Support_Vector_Machines/06_Implementing_Multiclass_SVMs/06_multiclass_svm.ipynb,python
2560,132,05_Nearest_Neighbor_Methods/02_Working_with_Nearest_Neighbors/02_nearest_neighbor.ipynb,python
2561,132,05_Nearest_Neighbor_Methods/03_Working_with_Text_Distances/03_text_distances.ipynb,python
2562,132,05_Nearest_Neighbor_Methods/04_Computing_with_Mixed_Distance_Functions/04_mixed_distance_functions_knn.ipynb,python
2563,132,05_Nearest_Neighbor_Methods/05_An_Address_Matching_Example/05_address_matching.ipynb,python
2564,132,05_Nearest_Neighbor_Methods/06_Nearest_Neighbors_for_Image_Recognition/06_image_recognition.ipynb,python
2565,132,06_Neural_Networks/01_Introduction/Introduction_to_Neural_Networks.ipynb,python
2566,132,06_Neural_Networks/02_Implementing_an_Operational_Gate/02_gates.ipynb,python
2567,132,06_Neural_Networks/03_Working_with_Activation_Functions/03_activation_functions.ipynb,python
2568,132,06_Neural_Networks/04_Single_Hidden_Layer_Network/04_single_hidden_layer_network.ipynb,python
2569,132,06_Neural_Networks/05_Implementing_Different_Layers/05_implementing_different_layers.ipynb,python
2570,132,06_Neural_Networks/06_Using_Multiple_Layers/06_using_a_multiple_layer_network.ipynb,python
2571,132,06_Neural_Networks/07_Improving_Linear_Regression/07_improving_linear_regression.ipynb,python
2572,132,07_Natural_Language_Processing/01_Introduction/01_introduction.ipynb,python
2573,132,07_Natural_Language_Processing/02_Working_with_Bag_of_Words/02_bag_of_words.ipynb,python
2574,132,07_Natural_Language_Processing/03_Implementing_tf_idf/03_implementing_tf_idf.ipynb,python
2575,132,07_Natural_Language_Processing/04_Working_With_Skip_Gram_Embeddings/04_working_with_skipgram.ipynb,python
2576,132,07_Natural_Language_Processing/05_Working_With_CBOW_Embeddings/05_Working_With_CBOW.ipynb,python
2577,132,07_Natural_Language_Processing/06_Using_Word2Vec_Embeddings/06_using_word2vec.ipynb,python
2578,132,07_Natural_Language_Processing/07_Sentiment_Analysis_With_Doc2Vec/07_sentiment_with_doc2vec.ipynb,python
2579,132,08_Convolutional_Neural_Networks/02_Intro_to_CNN_MNIST/02_introductory_cnn.ipynb,python
2580,132,08_Convolutional_Neural_Networks/03_CNN_CIFAR10/03_cnn_cifar10.ipynb,python
2581,132,08_Convolutional_Neural_Networks/04_Retraining_Current_Architectures/04_download_cifar10.ipynb,python
2582,132,08_Convolutional_Neural_Networks/05_Stylenet_NeuralStyle/05_stylenet.ipynb,python
2583,132,08_Convolutional_Neural_Networks/06_Deepdream/06_deepdream.ipynb,python
2584,132,09_Recurrent_Neural_Networks/02_Implementing_RNN_for_Spam_Prediction/02_implementing_rnn.ipynb,python
2585,132,09_Recurrent_Neural_Networks/03_Implementing_LSTM/03_implementing_lstm.ipynb,python
2586,132,09_Recurrent_Neural_Networks/04_Stacking_Multiple_LSTM_Layers/04_stacking_multiple_lstm.ipynb,python
2587,132,09_Recurrent_Neural_Networks/05_Creating_A_Sequence_To_Sequence_Model/05_seq2seq_translation.ipynb,python
2588,132,09_Recurrent_Neural_Networks/06_Training_A_Siamese_Similarity_Measure/06_siamese_similarity_driver.ipynb,python
2589,132,11_More_with_TensorFlow/01_Visualizing_Computational_Graphs/01_using_tensorboard.ipynb,python
2590,168,codes/Single_edge_notch_test_at1.ipynb,python
2591,168,codes/Single_edge_notch_test_phasefield.ipynb,python
2592,205,01_machine_learning_intro.ipynb,python
2593,205,02_machine_learning_setup.ipynb,python
2594,205,03_getting_started_with_iris.ipynb,python
2595,205,04_model_training.ipynb,python
2596,205,05_model_evaluation.ipynb,python
2597,205,06_linear_regression.ipynb,python
2598,205,07_cross_validation.ipynb,python
2599,205,08_grid_search.ipynb,python
2600,205,09_classification_metrics.ipynb,python
2601,205,10_categorical_features.ipynb,python
2602,169,notebooks/01_interpolation_lagrange_newton.ipynb,python
2603,169,notebooks/02_numerical_integration_trapezoid_simpson_planck.ipynb,python
2604,169,notebooks/03_ode_solvers.ipynb,python
2605,169,notebooks/04_stochastic_harmonic_oscillator.ipynb,python
2606,206,notebooks/3D-point-pillars/pointpillars.ipynb,python
2607,206,notebooks/3D-pose-estimation-webcam/3D-pose-estimation.ipynb,python
2608,206,notebooks/3D-segmentation-point-clouds/3D-segmentation-point-clouds.ipynb,python
2609,206,notebooks/ace-step-music-generation/ace-step-music-generation.ipynb,python
2610,206,notebooks/action-recognition-webcam/action-recognition-webcam.ipynb,python
2611,206,notebooks/aloha-act/aloha-act.ipynb,python
2612,206,notebooks/animate-anyone/animate-anyone.ipynb,python
2613,206,notebooks/async-api/async-api.ipynb,python
2614,206,notebooks/auto-device/auto-device.ipynb,python
2615,206,notebooks/bark-text-to-audio/bark-text-to-audio.ipynb,python
2616,206,notebooks/bernini-r-image-video/bernini-r-image-video.ipynb,python
2617,206,notebooks/blip-visual-language-processing/blip-visual-language-processing.ipynb,python
2618,206,notebooks/catvton/catvton.ipynb,python
2619,206,notebooks/clip-zero-shot-image-classification/clip-zero-shot-classification.ipynb,python
2620,206,notebooks/controlnet-stable-diffusion/controlnet-stable-diffusion.ipynb,python
2621,206,notebooks/convert-to-openvino/convert-to-openvino.ipynb,python
2622,206,notebooks/cosyvoice3-tts/cosyvoice3-tts.ipynb,python
2623,206,notebooks/ct-segmentation-quantize/ct-segmentation-quantize-nncf.ipynb,python
2624,206,notebooks/darkir-image-restoration/darkir-image-restoration.ipynb,python
2625,206,notebooks/deepseek-ocr/deepseek-ocr.ipynb,python
2626,206,notebooks/deepseek-r1/deepseek-r1.ipynb,python
2627,206,notebooks/deepseek-vl2/deepseek-vl2.ipynb,python
2628,206,notebooks/depth-anything/depth-anything.ipynb,python
2629,206,notebooks/detectron2-to-openvino/detectron2-to-openvino.ipynb,python
2630,206,notebooks/distil-whisper-asr/distil-whisper-asr.ipynb,python
2631,206,notebooks/ernie-image/ernie-image.ipynb,python
2632,206,notebooks/fast-segment-anything/fast-segment-anything.ipynb,python
2633,206,notebooks/fireredtts2/fireredtts2.ipynb,python
2634,206,notebooks/flex.2-image-generation/flex.2-image-generation.ipynb,python
2635,206,notebooks/florence2/florence2.ipynb,python
2636,206,notebooks/flux-fill/flux-fill.ipynb,python
2637,206,notebooks/flux.1-image-generation/flux.1-image-generation.ipynb,python
2638,206,notebooks/flux.1-kontext/flux.1-kontext.ipynb,python
2639,206,notebooks/flux.2-klein/flux.2-klein.ipynb,python
2640,206,notebooks/freevc-voice-conversion/freevc-voice-conversion.ipynb,python
2641,206,notebooks/funasr-nano/funasr-nano.ipynb,python
2642,206,notebooks/gemma3/gemma3.ipynb,python
2643,206,notebooks/gemma4/gemma4.ipynb,python
2644,206,notebooks/glm-ocr/glm-ocr.ipynb,python
2645,206,notebooks/glm4.1-v-thinking/glm4.1-v-thinking.ipynb,python
2646,206,notebooks/gpu-device/gpu-device.ipynb,python
2647,206,notebooks/grounded-segment-anything/grounded-segment-anything.ipynb,python
2648,206,notebooks/handwritten-ocr/handwritten-ocr.ipynb,python
2649,206,notebooks/hello-detection/hello-detection.ipynb,python
2650,206,notebooks/hello-npu/hello-npu.ipynb,python
2651,206,notebooks/hello-segmentation/hello-segmentation.ipynb,python
2652,206,notebooks/hello-world/hello-world.ipynb,python
2653,206,notebooks/hugging-face-hub/hugging-face-hub.ipynb,python
2654,206,notebooks/hunyuan-ocr/hunyuan-ocr.ipynb,python
2655,206,notebooks/hunyuan-translation/hunyuan-translation.ipynb,python
2656,206,notebooks/image-classification-quantization/image-classification-quantization.ipynb,python
2657,206,notebooks/image-to-image-genai/image-to-image-genai.ipynb,python
2658,206,notebooks/inpainting-genai/inpainting-genai.ipynb,python
2659,206,notebooks/instant-id/instant-id.ipynb,python
2660,206,notebooks/internvl2/internvl2.ipynb,python
2661,206,notebooks/jina-clip/jina-clip.ipynb,python
2662,206,notebooks/kokoro/kokoro.ipynb,python
2663,206,notebooks/language-quantize-bert/language-quantize-bert.ipynb,python
2664,206,notebooks/latent-consistency-models-image-generation/latent-consistency-models-image-generation.ipynb,python
2665,206,notebooks/llava-multimodal-chatbot/llava-multimodal-chatbot-genai.ipynb,python
2666,206,notebooks/llava-next-multimodal-chatbot/llava-next-multimodal-chatbot.ipynb,python
2667,206,notebooks/llm-agent-functioncall/llm-agent-functioncall-qwen.ipynb,python
2668,206,notebooks/llm-agent-mcp/llm-agent-mcp.ipynb,python
2669,206,notebooks/llm-agent-rag-llamaindex/llm-agent-rag-llamaindex.ipynb,python
2670,206,notebooks/llm-agent-react-langchain/llm-agent-react-langchain.ipynb,python
2671,206,notebooks/llm-chatbot/llm-chatbot-generate-api.ipynb,python
2672,206,notebooks/llm-chatbot/llm-chatbot.ipynb,python
2673,206,notebooks/llm-code-assistant/llm-code-assistant.ipynb,python
2674,206,notebooks/llm-lora/llm-lora.ipynb,python
2675,206,notebooks/llm-question-answering/llm-question-answering.ipynb,python
2676,206,notebooks/llm-rag-langchain/llm-rag-langchain-eval.ipynb,python
2677,206,notebooks/llm-rag-langchain/llm-rag-langchain-genai.ipynb,python
2678,206,notebooks/llm-rag-langchain/llm-rag-langchain.ipynb,python
2679,206,notebooks/llm-rag-llamaindex/llm-rag-llamaindex.ipynb,python
2680,206,notebooks/ltx-video/ltx-video.ipynb,python
2681,206,notebooks/medasr-medical-asr/medasr-medical-asr.ipynb,python
2682,206,notebooks/meter-reader/meter-reader.ipynb,python
2683,206,notebooks/mineru2.5/mineru2.5.ipynb,python
2684,206,notebooks/minicpm-o-4.5/minicpm-o-4.5.ipynb,python
2685,206,notebooks/minicpm-o-omnimodal-chatbot/minicpm-o-omnimodal-chatbot.ipynb,python
2686,206,notebooks/minicpm-v-4.6/minicpm-v-4.6.ipynb,python
2687,206,notebooks/minicpm-v-multimodal-chatbot/minicpm-v-multimodal-chatbot.ipynb,python
2688,206,notebooks/ministral-3/ministral-3.ipynb,python
2689,206,notebooks/mllama-3.2/mllama-3.2.ipynb,python
2690,206,notebooks/mms-massively-multilingual-speech/mms-massively-multilingual-speech.ipynb,python
2691,206,notebooks/mobileclip-video-search/mobileclip-video-search.ipynb,python
2692,206,notebooks/modelscope-to-openvino/modelscope-to-openvino.ipynb,python
2693,206,notebooks/multilora-image-generation/multilora-image-generation.ipynb,python
2694,206,notebooks/multimodal-rag/multimodal-rag-llamaindex.ipynb,python
2695,206,notebooks/muse-glimmer/muse-glimmer.ipynb,python
2696,206,notebooks/music-generation/music-generation.ipynb,python
2697,206,notebooks/nuextract-structure-extraction/nuextract-structure-extraction.ipynb,python
2698,206,notebooks/object-detection-webcam/object-detection.ipynb,python
2699,206,notebooks/olmocr-pdf-vlm/olmocr-pdf-vlm.ipynb,python
2700,206,notebooks/omniparser/omniparser.ipynb,python
2701,206,notebooks/omnivoice/omnivoice.ipynb,python
2702,206,notebooks/oneformer-segmentation/oneformer-segmentation.ipynb,python
2703,206,notebooks/openvino-api/openvino-api.ipynb,python
2704,206,notebooks/openvino-tokenizers/openvino-tokenizers.ipynb,python
2705,206,notebooks/openvoice/openvoice.ipynb,python
2706,206,notebooks/openvoice2-and-melotts/openvoice2-and-melotts.ipynb,python
2707,206,notebooks/optical-character-recognition/optical-character-recognition.ipynb,python
2708,206,notebooks/optimize-preprocessing/optimize-preprocessing.ipynb,python
2709,206,notebooks/paddle-ocr-webcam/paddle-ocr-webcam.ipynb,python
2710,206,notebooks/paddle-to-openvino/paddle-to-openvino-classification.ipynb,python
2711,206,notebooks/paddleocr_vl/paddleocr_vl.ipynb,python
2712,206,notebooks/parler-tts-text-to-speech/parler-tts-text-to-speech.ipynb,python
2713,206,notebooks/person-counting-webcam/person-counting.ipynb,python
2714,206,notebooks/person-tracking-webcam/person-tracking.ipynb,python
2715,206,notebooks/phi-3-vision/phi-3-vision.ipynb,python
2716,206,notebooks/phi-4-multimodal/phi-4-multimodal.ipynb,python
2717,206,notebooks/physical-ai-robotics/physical-ai-robotics.ipynb,python
2718,206,notebooks/pose-estimation-webcam/pose-estimation.ipynb,python
2719,206,notebooks/pytorch-post-training-quantization-nncf/pytorch-post-training-quantization-nncf.ipynb,python
2720,206,notebooks/pytorch-to-openvino/pytorch-to-openvino.ipynb,python
2721,206,notebooks/qwen-image/qwen-image.ipynb,python
2722,206,notebooks/qwen2-audio/qwen2-audio.ipynb,python
2723,206,notebooks/qwen2-vl/qwen2-vl.ipynb,python
2724,206,notebooks/qwen2.5-omni-chatbot/qwen2.5-omni-chatbot.ipynb,python
2725,206,notebooks/qwen2.5-vl/qwen2.5-vl.ipynb,python
2726,206,notebooks/qwen3-asr/qwen3-asr.ipynb,python
2727,206,notebooks/qwen3-embedding/qwen3-embedding.ipynb,python
2728,206,notebooks/qwen3-embedding/qwen3-reranker.ipynb,python
2729,206,notebooks/qwen3-tts/qwen3-tts.ipynb,python
2730,206,notebooks/qwen3-vl-embedding/qwen3-vl-embedding.ipynb,python
2731,206,notebooks/qwen3-vl-embedding/qwen3-vl-reranker.ipynb,python
2732,206,notebooks/qwen3-vl/qwen3-vl.ipynb,python
2733,206,notebooks/qwen3.8-mtp/qwen3.8-mtp.ipynb,python
2734,206,notebooks/rf-detr-object-detection/rf-detr-object-detection.ipynb,python
2735,206,notebooks/rmbg-background-removal/rmbg-background-removal.ipynb,python
2736,206,notebooks/sam2-image-segmentation/segment-anything-2-image.ipynb,python
2737,206,notebooks/sam2-video-segmentation/segment-anything-2-video.ipynb,python
2738,206,notebooks/sam3/sam3-segmentation.ipynb,python
2739,206,notebooks/siglip-zero-shot-image-classification/siglip-zero-shot-image-classification.ipynb,python
2740,206,notebooks/smoldocling/smoldocling.ipynb,python
2741,206,notebooks/smolvlm2/smolvlm2.ipynb,python
2742,206,notebooks/speculative-sampling/speculative-sampling.ipynb,python
2743,206,notebooks/speech-recognition-quantization/speech-recognition-quantization-wav2vec2.ipynb,python
2744,206,notebooks/stable-diffusion-text-to-image/stable-diffusion-text-to-image.ipynb,python
2745,206,notebooks/stable-diffusion-v3-torch-fx/stable-diffusion-v3-torch-fx.ipynb,python
2746,206,notebooks/stable-diffusion-v3/stable-diffusion-v3.ipynb,python
2747,206,notebooks/stable-diffusion-xl/stable-diffusion-xl.ipynb,python
2748,206,notebooks/stable-video-diffusion/stable-video-diffusion.ipynb,python
2749,206,notebooks/surya-line-level-text-detection/surya-line-level-text-detection.ipynb,python
2750,206,notebooks/tensorflow-classification-to-openvino/tensorflow-classification-to-openvino.ipynb,python
2751,206,notebooks/tensorflow-object-detection-to-openvino/tensorflow-object-detection-api-with-openvino.ipynb,python
2752,206,notebooks/text-to-image-genai/text-to-image-genai.ipynb,python
2753,206,notebooks/text-to-speech-genai/text-to-speech-genai.ipynb,python
2754,206,notebooks/tflite-selfie-segmentation/tflite-selfie-segmentation.ipynb,python
2755,206,notebooks/tflite-to-openvino/tflite-to-openvino.ipynb,python
2756,206,notebooks/torchvision-zoo-to-openvino/convnext-classification.ipynb,python
2757,206,notebooks/unlimited-ocr/unlimited-ocr.ipynb,python
2758,206,notebooks/vehicle-detection-and-recognition/vehicle-detection-and-recognition.ipynb,python
2759,206,notebooks/vision-background-removal/vision-background-removal.ipynb,python
2760,206,notebooks/vision-monodepth/vision-monodepth.ipynb,python
2761,206,notebooks/vlm-chatbot/vlm-chatbot-generate-api.ipynb,python
2762,206,notebooks/voxcpm2-tts/voxcpm2-tts.ipynb,python
2763,206,notebooks/wan2.1-text-to-video/wan2.1-text-to-video.ipynb,python
2764,206,notebooks/wan2.2-text-image-to-video/wan2.2-text-image-to-video.ipynb,python
2765,206,notebooks/wav2lip/wav2lip.ipynb,python
2766,206,notebooks/whisper-asr-genai/whisper-asr-genai.ipynb,python
2767,206,notebooks/whisper-subtitles-generation/whisper-subtitles-generation.ipynb,python
2768,206,notebooks/yolov11-optimization/yolov11-instance-segmentation.ipynb,python
2769,206,notebooks/yolov11-optimization/yolov11-keypoint-detection.ipynb,python
2770,206,notebooks/yolov11-optimization/yolov11-object-detection.ipynb,python
2771,206,notebooks/yolov11-quantization-with-accuracy-control/yolov11-quantization-with-accuracy-control.ipynb,python
2772,206,notebooks/yolov26-optimization/yoloe-26-open-vocabulary.ipynb,python
2773,206,notebooks/yolov26-optimization/yolov26-instance-segmentation.ipynb,python
2774,206,notebooks/yolov26-optimization/yolov26-keypoint-detection.ipynb,python
2775,206,notebooks/yolov26-optimization/yolov26-obb.ipynb,python
2776,206,notebooks/yolov26-optimization/yolov26-object-detection.ipynb,python
2777,206,notebooks/z-image-turbo/z-image-turbo.ipynb,python
2778,206,notebooks/zeroscope-text2video/zeroscope-text2video.ipynb,python
2779,206,supplementary_materials/notebooks/001-whisper-evaluation/001-whisper-evaluation.ipynb,python
2780,206,supplementary_materials/notebooks/fastdraft-deepseek/fastdraft_deepseek.ipynb,python
2781,206,supplementary_materials/notebooks/phi3_chatbot_demo.ipynb,python
2782,206,supplementary_materials/notebooks/phi3_rag_on_client.ipynb,python
2783,206,supplementary_materials/notebooks/qwen-3/qwen3.ipynb,python
2784,206,supplementary_materials/notebooks/qwen-3/smolagents/qwen3_agent.ipynb,python
2785,170,code/proj1/code/Box-Muller.ipynb,python
2786,170,code/proj1/code/Inverse CDF.ipynb,python
2787,170,code/proj1/code/Uniform Random Number Generation .ipynb,python
2788,170,code/proj2/code/OU Process Generation.ipynb,python
2789,170,code/proj3/code/Propagating Front IBVP.ipynb,python
2790,170,code/proj3/code/SDE Solution.ipynb,python
2791,170,code/proj4/code/Direct Integration.ipynb,python
2792,170,code/proj4/code/Monte Carlo.ipynb,python
2793,170,code/proj5/Chang Scheme.ipynb,python
2794,171,Dissipative_dynamics_of_quantum_entanglement_due_to_DLE.ipynb,python
2795,171,Dynamical_Lamb_effect_in_a_superconducting_circuit.ipynb,python
2796,171,Laplace_transform_approach_for_the_dynamics_of_N_qubits.ipynb,python
2797,172,JP10 Cantera.ipynb,python
2798,173,Euler_Cromer_and_Oscillator_Dynamics.ipynb,python
2799,174,Forced_Damped_Oscillator_and_Resonance.ipynb,python
2800,235,Weyl_Lewis_Papapetrou_Metric.ipynb,python
2801,235,ADS_ROBIN_SOLITONS_AND_THEIR_STABILITY_Bizon.ipynb,python
2802,235,Analytic_example_of_critical_behaviour_in_scalar_field_collapse_Brady.ipynb,python
2803,235,Analytic_study_of_the_null_singularity_inside_spherical_charged_black_holes_Burko_Ori.ipynb,python
2804,235,Applications_of_ADM_quantization_of_some_metrics_with_at_least_two_parameter_isometry_groups_Lapedes.ipynb,python
2805,235,Asymmetric_collision_between_plane_gravitational_waves_with_variable_polarisation_Hassan_Feinstein_Manko.ipynb,python
2806,235,Asymptotic_Behavior_In_Polarized_T2_Symmetric_Vacuum_Spacetimes_Isenberg_Kichenassamy.ipynb,python
2807,235,Asymptotic_Behavior_of_the_T3_x_R_Gowdy_Spacetimes_Grubisic_Moncrief.ipynb,python
2808,235,Asymptotic_structure_of_symmetry_reduced_general_relativity_Ashtekar_Bicak_Schmidt.ipynb,python
2809,235,Asymptotics_of_Gravitational_Collapse_of_Scalar_Waves_by_Gomez_Winicour.ipynb,python
2810,235,Behavior_of_Einstein_Rosen_Waves_at_null_infinity_Ashtekar_Bicak_Schmidt.ipynb,python
2811,235,Bell_Szekeres_Solution_and_Related_Solutions_of_the_Einstein_Maxwell_Equations_Barrabes_Hogan.ipynb,python
2812,235,Big_Bang_in_T3_Gowdy_Cosmological_Models_Quevedo.ipynb,python
2813,235,BondiRadiatingMetric.ipynb,python
2814,235,BrinkmanMetricTensors.ipynb,python
2815,235,C_metric_as_a_colliding_plane_wave_space_time_Griffiths_Halburd.ipynb,python
2816,235,Canonical_Quantization_of_Cylindrical_Gravitational_Waves_Karl_Kuchar.ipynb,python
2817,235,Colliding_Abelian_Gauge_Plane_Waves_Gurses_Kalkanli.ipynb,python
2818,235,Colliding_Axisymmetric_PP_Waves_Ivanov.ipynb,python
2819,235,Colliding_Gravitational_Waves_Szekeres_Nature_Article.ipynb,python
2820,235,Colliding_Plane_Gravitational_Waves_JMP_13_286_1972_by_Szekeres.ipynb,python
2821,235,Colliding_Plane_Waves_Metric_Problem_With_Simplification.ipynb,python
2822,235,Colliding_Plane_Waves_With_W_M_Zero_Ivanov.ipynb,python
2823,235,Colliding_electromagnetic_shock_waves_in_general_relativity_Halilsoy.ipynb,python
2824,235,Conformal_two_structure_as_the_gravitational_degrees_of_freedom_in_general_relativity_D'Inverno_Stachel.ipynb,python
2825,235,Construction_application_of_variations_on_the_cylindrical_gravitational_waves_of_Weber_Wheeler_Bonnor.ipynb,python
2826,235,Cross_Polarized_Cylindrical_Gravitational_Waves_of_Einstein_and_Rosen_Halilsoy.ipynb,python
2827,235,Curvature_singularity_free_solutions_for_colliding_plane_gravitational_waves_Feinstein_Ibanez.ipynb,python
2828,235,Cylindrical_Dust_Collapse_in_General_Relativity_Chiba.ipynb,python
2829,235,Cylindrical_Gravitational_News_by_Stachel.ipynb,python
2830,235,Cylindrical_Systems_In General_Relativity_Bronnikov _Santos_Wang_Metric2pt23.ipynb,python
2831,235,Cylindrical_Systems_In_General_Relativity_by_Bronnikov_Santos_Wang_Metric9pt2.ipynb,python
2832,235,Cylindrical_gravitational_waves_with_two_degrees_of_freedom_An exact_solution_Piran_Safier_Katz.ipynb,python
2833,235,Deconstructing_Frame_Dragging_by_Herrera.ipynb,python
2834,235,Diagonalization_of_PP_Waves_Ivanov.ipynb,python
2835,235,Direct_Evidence_of_a_Dual_Cascade_in_Gravitational_Wave_Turbulence_by Galtier_Nazarenko.ipynb,python
2836,235,Distinct_family_of colliding_gravitational_waves_in_general_relativity_by_Halilsoy.ipynb,python
2837,235,Dynamics_of_Cylindrical_Electromagnetic_Universes_MA_Melvin.ipynb,python
2838,235,"Dynamics_of_Rotating_Cylindrical_Shells_in_General_Relativity_by_Wang_et_al,ipynb.ipynb",python
2839,235,Dynamics_of_Rotating_Cylindrical_Shells_in_General_Relativity_by_Wang_et_al.ipynb,python
2840,235,Effective_Energy_of_Gravitational_Solitons_by_Feinstein.ipynb,python
2841,235,Effects_of_Inhomogeneity_on_Cosmological_Models_Tolman.ipynb,python
2842,235,EhlersKundtRosenMetric.ipynb,python
2843,235,EinsteinRosen.ipynb,python
2844,235,Einstein_Rosen_waves_and_the_Geroch_Group_Penna.ipynb,python
2845,235,Einstein_Rosen_waves_and_the_self_similarity_hypothesis_in_cylindrical_symmetry_by_Harada_Nakao_and_Nolan.ipynb,python
2846,235,Emergent_cosmological_constant_from_colliding_electromagnetic_waves_by_Halilsoy_et_al.ipynb,python
2847,235,Energetics_of_the_Einstein_Rosen_Spacetime_Herrera_et_al.ipynb,python
2848,235,Energy_of_Infinitely_Long_Cylindrically_Symmetric_System_by_Thorne.ipynb,python
2849,235,Energy_of_gravitational_radiation_in_plane_symmetric_space_times_Hayward.ipynb,python
2850,235,Ernst_Equation_Derivation_Taken_From_Exact_Spacetimes_by_Griffiths_Page_246_and_Original_Papers.ipynb,python
2851,235,Evolution_of_Szekeres_Cosmological_Models_Bonner_Tomimura.ipynb,python
2852,235,Exact_Faraday_rotation_in_the_cylindrical_Einstein_Maxwell_waves_Arafah_Fakioglu_Halilsoy.ipynb,python
2853,235,Exact_General_Relativistic_Rotating_Disks_Immersed_in_Rotating_Dust_Generated_from_van_Stockum_Solutions_Bogt_Letelier.ipynb,python
2854,235,Exact_General_Relativistic_Rotating_Disks_Immersed_in_Rotating_Dust_Vogt_Letelier.ipynb,python
2855,235,Exact_impulsive_gravitational_waves_in_spacetimes_of_constant_curvature_Podolsky.ipynb,python
2856,235,Example_of_cross_polarized_standing_gravitational_waves_Glod.ipynb,python
2857,235,Exterior_spacetimes_for_rotating_stars_Xanthopoulos.ipynb,python
2858,235,FRLWfriedmanRobertsonLemaitreWalker.ipynb,python
2859,235,Family_of_Inhomogeneous_Cosmological_Einstein_Rosen_Metrics_Oliver_Verdaguer.ipynb,python
2860,235,Frame_dragging_vorticity_and_electromagnetic_fields_in_axially_symmetric_stationary_spacetimes_Herrera.ipynb,python
2861,235,GOWDY_PHENOMENOLOGY_IN_SCALE_INVARIANT_VARIABLES_Andersson_Van_Elst_Uggla.ipynb,python
2862,235,General_Formula_for_the_Momentum_Imparted_to_Test_Particles_in_Arbitrary_Spacetimes_Qadir_Sharif.ipynb,python
2863,235,General_Numerical_Solution_of_Cylindrical_Waves_by_Piran_Safier_Stark.ipynb,python
2864,235,General_Stationary_Gravitational Vacuum_Field_of_Cylindrical_Symmetry_by_Frehland.ipynb,python
2865,235,Generalized_Soliton_Solutions_of_the_Weyl_Class_Carot_Verdaguer.ipynb,python
2866,235,Generating_Gowdy_cosmological_models_Sanchez_Macias_Quevedo.ipynb,python
2867,235,Generating_Gowdy_cosmological_models_Sanchez_et_al_Metric8.ipynb,python
2868,235,Generating_a_Cosmological_Constant_with_Gravitational_Waves_Barrabes_Hogan.ipynb,python
2869,235,Global_Structure_of_the_Bell_Szekeres_Solution_Clarke_Hayward.ipynb,python
2870,235,GowdyMetric.ipynb,python
2871,235,Gowdy_T3_Cosmologies_Revisited_Hern_Stewart.ipynb,python
2872,235,Gowdy_symmetric_cosmological_models_with_Cauchy_horizons_ruled_by_non_closed_null_generators_Hennig.ipynb,python
2873,235,Gravitational_Pulse_Wave_Scattering_and_the_Geroch_group.ipynb,python
2874,235,Gravitational_Solitons_In_Levi_Civita_Spacetime_Igata_Tomizawa.ipynb,python
2875,235,Gravitational_Solitons_and_Spatial_Flatness_Feinstein_Charach.ipynb,python
2876,235,Gravitational_Waves_In_General_Relativity_I_Cylindrical_Waves_by_Marder.ipynb,python
2877,235,Gravitational_Waves_In_General_Relativity_XI_Spherical_Waves_by_Marder.ipynb,python
2878,235,Gravitational_Waves_in General_Relativity_VI_The_Outgoing_Radiation_Condition_by_R_Sachs.ipynb,python
2879,235,Gravitational_Waves_in_Closed_Universes_Metirc1_Gowdy.ipynb,python
2880,235,Gravitational_Waves_in_General_Relativity._IX_Conserved_Quantities_by_MGJ_van_der_Burg.ipynb,python
2881,235,Gravitational_Waves_in_General_Relativity_III_Exact_Plane_Waves_by Bondi_Pirani_Robinson.ipynb,python
2882,235,Gravitational_Waves_in_General_Relativity_II_The Reflexion_of_Cylindrical_Waves_by_Marder.ipynb,python
2883,235,Gravitational_Waves_in_General_Relativity_IV_The_Gravitational_Field_of_a_Fast_Moving_Particle_by_Pirani.ipynb,python
2884,235,Gravitational_Waves_in_General_Relativity_IX_Conserved_Quantities_by_MGJ_van_der_Burg.ipynb,python
2885,235,Gravitational_Waves_in_General_Relativity_VII_Waves_from_Axi-Symmetric_Isolated_Systems_by_Bondi_et_al.ipynb,python
2886,235,Gravitational_Waves_in_General_Relativity_V_An_Exact_Spherical_Wave_by_Marder.ipynb,python
2887,235,Gravitational_Waves_in_General_Relativity_XVI_Standing_Waves_Bondi.ipynb,python
2888,235,Gravitational_analogue_of_Faraday_rotation_by_Piran_Safier_Nature_Paper.ipynb,python
2889,235,Gravitational_collapse_of_an_infinite_cylindrical_dust_shell_Echeverria.ipynb,python
2890,235,Gravitational_waves _in_general_relativity_XII_Correspondence_between_toroidal_and_cylindrical_waves_by_Marder.ipynb,python
2891,235,Gravitational_waves_in_general_relativity_XIII_Caustic_property_of_plane_waves_by_Bondi_Pirani.ipynb,python
2892,235,Gravitational_waves_in_general_relativity_XV_The_loss_free_case_Bondi.ipynb,python
2893,235,Head_on_collision_of_gravitational_plane_waves_with_noncollinear_polarization_Tsoubelis_Wang.ipynb,python
2894,235,High_Velocity_Spikes_In_Gowdy_Spacetimes_Garfinkle_Weaver.ipynb,python
2895,235,Horizon_Instability_in_the_Cross_Polarized_Bell_Szekeres_Spacetime_Halilsoy.ipynb,python
2896,235,Hyperboloidal_Study_of_Tail_Decay_Rates_for_Scalar_and_Yang_Mills_Fields_Zenginoglu.ipynb,python
2897,235,Impossibility_of_the_Cylindrically_Symmetric_Einstein_Straus_Model_Senovilla_Vera.ipynb,python
2898,235,Impulsive_gravitational_waves_generated_by_null_particles_in_de_Sitter_and_anti_de Sitter_backgrounds_Podolsky_Griffiths.ipynb,python
2899,235,Infinite_dimensional_family_of_colliding_wave_solutions_with_variable_polarization_Breton.ipynb,python
2900,235,Infinite_dimensional_family_of_vacuum_cosmological_models_with_Taub_NUT_type_extensions_Moncrief.ipynb,python
2901,235,Influence_of_the_Expansion_of_Space_on_the_Gravitation_Fields_Surrounding_Individual_Stars_Einstein_Strauss.ipynb,python
2902,235,Initial_Conditions_and_the_Structure_of_the_Singularity_in_Pre_Big_Bang_Cosmology_by_Feinstein.ipynb,python
2903,235,Initial_value_problem_for_colliding_gravitational_plane_waves_I_Hauser_Ernst.ipynb,python
2904,235,Inner_Cauchy_horizon_of_axisymmetric_and_stationary_black_holes_with_surrounding_matter_Ansorg_Hennig.ipynb,python
2905,235,Interacting_Gravitational_Shocks_In_Vacuum_Plane_Symmetric_Cosmologies_by_Centrella.ipynb,python
2906,235,Interaction_of_Plane_Asymptotic_Gravitational_Waves_by_Hayward.ipynb,python
2907,235,Isotropic_singularities_in_cosmological_models_by_Goode_Wainwright.ipynb,python
2908,235,Late_time_evolution_of_nonlinear_gravitational_collapse_Burko_Ori.ipynb,python
2909,235,Magnetic_fields_and_the_Weyl_tensor_in_the_early_universe_by_Bittencourt_Salim_Santos.ipynb,python
2910,235,Manufacture_of_Gowdy_spacetimes_with_spikes_Rendall_Weaver.ipynb,python
2911,235,Massless_Noninteracting_Scalar_Field_by_Baumgarte_Shapiro_Page_178.ipynb,python
2912,235,Matching_of_spatially_homogeneous_non_stationary_space_times_to_vacuum_in_cylindrical_symmetry_Tod_Mena.ipynb,python
2913,235,Matching_of_the_Vaidya_and_Robertson_Walker_metric_Fayos.ipynb,python
2914,235,Metaphysics_of_colliding_self_gravitating_plane_waves_Matzner_Tipler.ipynb,python
2915,235,Multi_Soliton_Solutions_of_the_Einstein_Equation_and_the_Tomimatsu_Sato_Metric.ipynb,python
2916,235,New_Approach_to_Space_Time_Singularities_Susan_Scott.ipynb,python
2917,235,New_Approaches_To_Space_Time_Singularities_Susan_Scott.ipynb,python
2918,235,New_Class_of_Bipolar_Vacuum_Gravitational_Fields_Dietz_Hoenselaers.ipynb,python
2919,235,New_Family_of_Exact_Stationary_Axisymmetric_Gravitational_Fields_Cosgrave.ipynb,python
2920,235,New_cylindrical_gravitational_soliton_waves_and_gravitational_Faraday_rotation_Tomizawa_Mishima.ipynb,python
2921,235,New_explicit_spike solution_non_local_component_of_the_generalized_Mixmaster_attractor_Lim.ipynb,python
2922,235,New_family_of_exact_solutions_for_colliding_plane_gravitational_waves_Yurtsever.ipynb,python
2923,235,Non_linear_effects_for_cylindrical_gravitational_two_soliton_Tomizawa_Mishima.ipynb,python
2924,235,Nonlinear_Evolution_of_Cylindrical_Gravitational_Waves_Celestino_et_al.ipynb,python
2925,235,Nonsingular_Fields_In_General_Relativity_Bonner.ipynb,python
2926,235,Null_weak_singularities_in_plane_symmetric_spacetimes_Ori.ipynb,python
2927,235,Numerical_Study_of_the_Gravitational_Shock_Wave_Inside_a_Spherical_Charged_Black_Hole_Ori.ipynb,python
2928,235,On_Gravitational_Mass_and_Angular_Momentum_of_Two_Black_Holes_In_Equilibrium_Tomimatsu.ipynb,python
2929,235,On_The_Interaction_of_Gravitational_Waves_with_Magnetic_and_Electric_Fields_Barrabes_Hogan.ipynb,python
2930,235,On_The_Structure_and_Stability_of_Rapidly_Rotating_Fluid_Bodies_In_General_Relativity_Butterworth_Ipser.ipynb,python
2931,235,On_the_Kerr_and_the_Tomimatsu_Sato_Spinning_Mass_Solutions_Yamazaki.ipynb,python
2932,235,On_the_evolution_of_a_large_class_of_inhomogeneous_scalar_field_cosmologies_Ibanez_Olasagasti.ipynb,python
2933,235,On_the_gravitational_interaction_of_plane_symmetric_clouds_of_null_dust_by_Tsoubelis_Wang.ipynb,python
2934,235,Penrose_Limits_the_Colliding_Plane_Wave_Problem_and_the_Classical_String_Backgrounds_Feinstein.ipynb,python
2935,235,Plane_Symmetric_Cosmologies_Centrella_Matzner.ipynb,python
2936,235,Plane_Symmetric_Self_Gravitating_Fluids_with_Pressure_Equal_to_Energy_Density_Tabensky_Taub.ipynb,python
2937,235,Plane_gravitational_waves_colliding_with_shells_of_null_dust_Tsoubelis.ipynb,python
2938,235,PolarizedGowdySpacetime.ipynb,python
2939,235,Polarized_Electrogowdy_spacetimes_censored_Nungesser.ipynb,python
2940,235,Primordial_Element_Formation_Primordial_Magnetic_Fields_and_the_Isotropy_of_the_Universe_Thorne.ipynb,python
2941,235,Probing_the_Khan_Penrose_colliding_plane_impulsive_gravitational_waves_solution_Abbasi_Qadir.ipynb,python
2942,235,Problem_of_a_Self_Gravitating_Scalar_Field_Christodoulou.ipynb,python
2943,235,Progress_in_relativistic_gravitational_theory_using_the_inverse_scattering_method_Neugebauer_Meinel.ipynb,python
2944,235,Properties_of_Gravitational_Solitons_Boyd_Centrella_Klasky.ipynb,python
2945,235,Quantum_field_theory _in_a_colliding_plane_wave_background_Yurtsever.ipynb,python
2946,235,Radiation_fields_in_the_Schwarzschild_background_Bardeen_Press.ipynb,python
2947,235,Reality_of_the_Cylindrical_Gravitational_Waves_of_Einstein_Rosen_Weber_Wheeler.ipynb,python
2948,235,Refraction_index_analysis_of_light_propagation_in_a_colliding_gravitational_wave_spacetime_Bini.ipynb,python
2949,235,Regularity_of_Cauchy_horizons_in_S2_cross_S1_Gowdy_spacetimes_Ansorg_Hennig.ipynb,python
2950,235,Relativistic_Gravitational_Collapse_of_a_Cylindrical_Shell_of_Dust_Nakao.ipynb,python
2951,235,Remarks_On_The_Double_Kerr_Solution_Hoenselaers.ipynb,python
2952,235,Rotating_Body_Problem_Levy_Robinson.ipynb,python
2953,235,Rotating_cylinders_and_the_possibility_of_global_causality_violation_Tipler.ipynb,python
2954,235,Rotation_Halts_Cylindrical_Relativistic_Gravitational_Collapse_Apostolatos_Thorne.ipynb,python
2955,235,SHOCK_WAVES_AND_GRAVITATIONAL_WAVES_IN_MATTER_SPACETIMES_WITH_GOWDY_SYMMETRY_LeFloch_Stewart.ipynb,python
2956,235,SM_Kerr.ipynb,python
2957,235,Scalar_plane_waves_in_general_relativity_Halilsoy.ipynb,python
2958,235,Scattering_of_Two_Impulsive_Gravitational_Plane_Waves_Khan_Penrose_Nature_Paper.ipynb,python
2959,235,Shearfree_Cylindrical_Gravitational_Collapse_by_Prisco_Herrera_MacCallum_Santos.ipynb,python
2960,235,Shock_wave_geometry_with_nonvanishing_cosmological_constant_Hotta_Tanaka.ipynb,python
2961,235,Simplified_Mathematical_Model_for_the_Formation_of_Null_Singularities _Inside_Black_Holes_Ori_Gorbonos.ipynb,python
2962,235,Singularities_and_Horizons_in_the_Collisions_of_Gravitational_Waves_Yurtsever.ipynb,python
2963,235,Singularities_formed_by_the_focusing_of_cylindrical_null_fluids_Letelier_Wang.ipynb,python
2964,235,Singularities_in_colliding_gravitational_plane_wave_spacetimes_Konkowski_Helliwell.ipynb,python
2965,235,Smooth_Gowdy_symmetric_generalized_Taub_NUT_solutions_Beyer_Henig.ipynb,python
2966,235,Some_Solutions_of_Einstein's_Gravitational_Equations_For_Systems_With_Axial_Symmetry_Andress.ipynb,python
2967,235,Space_Time_Metric_Inside_a_Rotating_Cylinder_Davies_Caplan.ipynb,python
2968,235,Space_times_with_distribution_valued_curvature_tensors_Taub.ipynb,python
2969,235,Static_Axially_Symmetric_Gravitational_Fields_Voorheers.ipynb,python
2970,235,Static_Magnetic_Fields_In_General_Relativity_Bonner.ipynb,python
2971,235,Stationary_Cylindrical_Anisotropic_Fluid_Debbasch.ipynb,python
2972,235,Structure_of_the_singularities_produced_by_colliding_plane_waves_Yurtsever.ipynb,python
2973,235,Studies_In_Spacetimes_Admitting_Two_Spacelike_Killing_Vectors_Halilsoy_Metric1.ipynb,python
2974,235,Studies_In_Spacetimes_Admitting_Two_Spacelike_Killing_Vectors_Halilsoy_Metric_50.ipynb,python
2975,235,Superenergy_flux_of Einstein_Rosen_waves_Dominguez_Gallegos.ipynb,python
2976,235,TURBULENT_INSTABILITY_OF ANTI_DE SITTER_SPACETIME_Maliborski_Rostworowski.ipynb,python
2977,235,Testing_a_stability_conjecture_with_plane_wave_Cauchy_horizons_Helliwell_Konkowski.ipynb,python
2978,235,Time_functions_in_numerical_relativity_Marginally_bound_dust_collapse_Eardley_Smarr.ipynb,python
2979,235,Tomimatsu_Sato_solutions_describe_cosmic_strings_interacting_with_gravitational_waves_Xanthopoulos.ipynb,python
2980,235,Towards_a_Piecewise_Homogeneous_Metamaterial_Model_of_the_Collision_of_Two_Linearly_Polarized_Gravitational_Plane_Waves_Mackay_Lakhtakia.ipynb,python
2981,235,Transmutation_of_matter_via_colliding_waves_by_Hayward.ipynb,python
2982,235,Unpolarized_radiative_cylindrical_spacetimes_Trapped_surfaces_and_quasilocal_energy_Gonclaves.ipynb,python
2983,235,Unpolarized_radiative_cylindrical_spacetimes_Trapped_surfaces_quasilocal_energy_Gonclaves_JEKK Metric.ipynb,python
2984,235,Vacuum_spacetimes_with_toroidal_null_infinities_Schmidt.ipynb,python
2985,235,Velocity_Dominated_Singularities_in_Irrotational_Dust_Cosmologies_Eardley_Liang_Sachs.ipynb,python
2986,235,Wavy_Way _To_the_Kerr_Metric_Gurtug_Halilsoy.ipynb,python
2987,175,beam_steering.ipynb,python
2988,175,gaussian_beam_simulation-1.ipynb,python
2989,175,towards_optimal_beam_radius.ipynb,python
2990,175,wgs_algorithm.ipynb,python
2991,176,QM 3.0 - Genetic Optimisation Algorithm - ORCA + Rydberg.ipynb,python
2992,176,QM 3.0 - Particle Swarm Optimisation Algorithm - ORCA + Rydberg.ipynb,python
2993,176,QM 3.0 - Rydberg.ipynb,python
2994,177,Coupled_Oscillators_and_Nonlinear_Pendulum.ipynb,python
2995,178,Rosalind-problems-main/Rosalind.ipynb,python
2996,178,Uppgifter-skolan/Uppgifter skolan/Untitled Folder/Untitled.ipynb,python
2997,178,Uppgifter-skolan/Uppgifter skolan/Untitled1.ipynb,python
2998,178,advent-of-code-2021/day#1/day01.ipynb,python
2999,178,advent-of-code-2021/day#17/main.ipynb,python
3000,178,advent-of-code-2021/day#3/Untitled.ipynb,python
3001,178,email_scanner/email_analys/Untitled.ipynb,python
3002,178,python-builtin-func-main/Built in functions/Filter function.ipynb,python
3003,178,python-builtin-func-main/Built in functions/Map function (2).ipynb,python
3004,178,python-challenges/Challenges/Invert-binary-tree.ipynb,python
3005,178,python-learning/Learning/Built in functions/Filter function.ipynb,python
3006,178,python-learning/Learning/Built in functions/Map function (2).ipynb,python
3007,178,python-learning/Learning/Rosalind.ipynb,python
3008,178,python-learning/Learning/Type_Conversion.ipynb,python
3009,178,python-learning/Learning/Untitled.ipynb,python
3010,178,python-learning/Rosalind.ipynb,python
3011,178,python-learning/Untitled.ipynb,python
3012,178,python-learning/Untitled1.ipynb,python
3013,178,python-learning/Untitled2.ipynb,python
3014,178,python-learning/errorhandllib.ipynb,python
3015,179,FlightTime DataGen.ipynb,python
3016,179,Multiple FlightTime Plot.ipynb,python
3017,179,Tau ParamFeasibility Study.ipynb,python
3018,179,WESTParabolic.ipynb,python
3019,179,WESTmtanh.ipynb,python
3020,179,WESTresults.ipynb,python
3021,179,WavesPlasma.ipynb,python
3022,179,Xmode Propagation Study.ipynb,python
3023,180,laboratorio_01/jupyter_notebook_LSN01.ipynb,python
3024,180,laboratorio_02/jupyter_notebook_LSN02.ipynb,python
3025,180,laboratorio_03/jupyter_notebook_LSN03.ipynb,python
3026,180,laboratorio_04/jupyter_notebook_LSN04.ipynb,python
3027,180,laboratorio_05/jupyter_notebook_LSN05.ipynb,python
3028,180,laboratorio_06/jupyter_notebook_LSN06.ipynb,python
3029,180,laboratorio_07/jupyter_notebook_LSN07.ipynb,python
3030,180,laboratorio_08/jupyter_notebook_LSN08.ipynb,python
3031,180,laboratorio_09/jupyter_notebook_LSN09.ipynb,python
3032,180,laboratorio_10/jupyter_notebook_LSN10.ipynb,python
3033,180,laboratorio_11/jupyter_notebook_LSN11.ipynb,python
3034,180,laboratorio_12/jupyter_notebook_LSN12.ipynb,python
3035,133,nbs/001_export.ipynb,python
3036,133,nbs/002_utils.ipynb,python
3037,133,nbs/003_data.validation.ipynb,python
3038,133,nbs/004_data.preparation.ipynb,python
3039,133,nbs/005_data.external.ipynb,python
3040,133,nbs/006_data.core.ipynb,python
3041,133,nbs/007_data.unwindowed.ipynb,python
3042,133,nbs/008_data.metadatasets.ipynb,python
3043,133,nbs/009_data.preprocessing.ipynb,python
3044,133,nbs/010_data.transforms.ipynb,python
3045,133,nbs/011_data.mixed_augmentation.ipynb,python
3046,133,nbs/012_data.image.ipynb,python
3047,133,nbs/013_data.features.ipynb,python
3048,133,nbs/014_data.tabular.ipynb,python
3049,133,nbs/015_data.mixed.ipynb,python
3050,133,nbs/016_losses.ipynb,python
3051,133,nbs/017_metrics.ipynb,python
3052,133,nbs/018_learner.ipynb,python
3053,133,nbs/019_inference.ipynb,python
3054,133,nbs/020_analysis.ipynb,python
3055,133,nbs/021_calibration.ipynb,python
3056,133,nbs/022_tslearner.ipynb,python
3057,133,nbs/023_optimizer.ipynb,python
3058,133,nbs/024_callback.core.ipynb,python
3059,133,nbs/025_callback.experimental.ipynb,python
3060,133,nbs/026_callback.noisy_student.ipynb,python
3061,133,nbs/027_callback.MVP.ipynb,python
3062,133,nbs/028_callback.PredictionDynamics.ipynb,python
3063,133,nbs/029_models.layers.ipynb,python
3064,133,nbs/030_models.utils.ipynb,python
3065,133,nbs/031_models.positional_encoders.ipynb,python
3066,133,nbs/032_models.explainability.ipynb,python
3067,133,nbs/033_models.ResNet.ipynb,python
3068,133,nbs/034_models.ResNetPlus.ipynb,python
3069,133,nbs/035_models.InceptionTime.ipynb,python
3070,133,nbs/036_models.InceptionTimePlus.ipynb,python
3071,133,nbs/037_models.MLP.ipynb,python
3072,133,nbs/038_models.FCN.ipynb,python
3073,133,nbs/039_models.FCNPlus.ipynb,python
3074,133,nbs/040_models.gMLP.ipynb,python
3075,133,nbs/041_models.ResCNN.ipynb,python
3076,133,nbs/042_models.RNN.ipynb,python
3077,133,nbs/043_models.RNNPlus.ipynb,python
3078,133,nbs/044_models.XceptionTime.ipynb,python
3079,133,nbs/045_models.XceptionTimePlus.ipynb,python
3080,133,nbs/046_models.RNN_FCN.ipynb,python
3081,133,nbs/047_models.RNN_FCNPlus.ipynb,python
3082,133,nbs/048_models.TransformerModel.ipynb,python
3083,133,nbs/049_models.TST.ipynb,python
3084,133,nbs/050_models.TSTPlus.ipynb,python
3085,133,nbs/050b_models.PatchTST.ipynb,python
3086,133,nbs/051_models.OmniScaleCNN.ipynb,python
3087,133,nbs/052_models.mWDN.ipynb,python
3088,133,nbs/053_models.ROCKET.ipynb,python
3089,133,nbs/054_models.ROCKET_Pytorch.ipynb,python
3090,133,nbs/055_models.MINIROCKET.ipynb,python
3091,133,nbs/056_models.MINIROCKET_Pytorch.ipynb,python
3092,133,nbs/057_models.MINIROCKETPlus_Pytorch.ipynb,python
3093,133,nbs/058_models.XResNet1d.ipynb,python
3094,133,nbs/059_models.XResNet1dPlus.ipynb,python
3095,133,nbs/060_models.TCN.ipynb,python
3096,133,nbs/061_models.XCM.ipynb,python
3097,133,nbs/062_models.XCMPlus.ipynb,python
3098,133,nbs/063_models.TabModel.ipynb,python
3099,133,nbs/064_models.TabTransformer.ipynb,python
3100,133,nbs/065_models.GatedTabTransformer.ipynb,python
3101,133,nbs/066_models.TabFusionTransformer.ipynb,python
3102,133,nbs/067_models.TSPerceiver.ipynb,python
3103,133,nbs/068_models.TSiTPlus.ipynb,python
3104,133,nbs/069_models.TSSequencerPlus.ipynb,python
3105,133,nbs/070_models.MultiInputNet.ipynb,python
3106,133,nbs/071_models.misc.ipynb,python
3107,133,nbs/072_optuna.ipynb,python
3108,133,nbs/073_wandb.ipynb,python
3109,133,nbs/074_tutorials.ipynb,python
3110,133,nbs/075_models.RNNAttention.ipynb,python
3111,133,nbs/075b_models.RNNAttentionPlus.ipynb,python
3112,133,nbs/076_models.MultiRocketPlus.ipynb,python
3113,133,nbs/077_models.multimodal.ipynb,python
3114,133,nbs/078_models.TransformerRNNPlus.ipynb,python
3115,133,nbs/079_models.HydraPlus.ipynb,python
3116,133,nbs/080_models.HydraMultiRocketPlus.ipynb,python
3117,133,nbs/081_models.ConvTranPlus.ipynb,python
3118,133,nbs/index.ipynb,python
3119,133,tutorial_nbs/00_How_to_efficiently_work_with_very_large_numpy_arrays.ipynb,python
3120,133,tutorial_nbs/00b_How_to_use_numpy_arrays_in_fastai.ipynb,python
3121,133,tutorial_nbs/00c_Time_Series_data_preparation.ipynb,python
3122,133,tutorial_nbs/01_Intro_to_Time_Series_Classification.ipynb,python
3123,133,tutorial_nbs/01a_MultiClass_MultiLabel_TSClassification.ipynb,python
3124,133,tutorial_nbs/02_ROCKET_a_new_SOTA_classifier.ipynb,python
3125,133,tutorial_nbs/03_Time_Series_Transforms.ipynb,python
3126,133,tutorial_nbs/04_Intro_to_Time_Series_Regression.ipynb,python
3127,133,tutorial_nbs/05_TS_archs_comparison.ipynb,python
3128,133,tutorial_nbs/06_TS_to_image_classification.ipynb,python
3129,133,tutorial_nbs/07_Time_Series_Classification_with_Transformers.ipynb,python
3130,133,tutorial_nbs/08_Self_Supervised_TSBERT.ipynb,python
3131,133,tutorial_nbs/09_PredictionDynamics.ipynb,python
3132,133,tutorial_nbs/10_Time_Series_Classification_and_Regression_with_MiniRocket.ipynb,python
3133,133,tutorial_nbs/11_How_to_train_big_arrays_faster_with_tsai.ipynb,python
3134,133,tutorial_nbs/12_Experiment_tracking_with_W&B.ipynb,python
3135,133,tutorial_nbs/13_Hyperparameter_optimization_with_Optuna.ipynb,python
3136,133,tutorial_nbs/14_Inference_Partial_Fit_and_Fine_Tune.ipynb,python
3137,133,tutorial_nbs/15_PatchTST_a_new_transformer_for_LTSF.ipynb,python
3138,195,protein_water/gro_commands.ipynb,python
3139,182,notebooks/InstabilityTesting.ipynb,python
3140,182,notebooks/lennard_jones.ipynb,python
3141,218,Sketchingpy in Jupyter.ipynb,python
3142,229,Exploring_Medical_History_of_British_India-csvfile.ipynb,python
3143,229,Exploring_Medical_History_of_British_India-freq-v2.ipynb,python
3144,229,Exploring_Medical_History_of_British_India-freq.ipynb,python
3145,229,Exploring_Medical_History_of_British_India-search.ipynb,python
3146,219,notebook.ipynb,python
3147,220,book/expert-guide/advanced-phys/general-relativity-4.ipynb,python
3148,220,book/specifics/research-guide/numerical-simulations-1.ipynb,python
3149,196,Notebook_1_Selection_Function_and_Survey_Footprint.ipynb,python
3150,196,Notebook_2_Empirical_Luminosity_Function.ipynb,python
3151,183,notebooks/archived/aperture-attenuation-calc.ipynb,python
3152,183,notebooks/archived/helmholz-fdm-updated-8-31-2024.ipynb,python
3153,183,notebooks/atmospheric-attenuation.ipynb,python
3154,183,notebooks/gaussian-beam-calculations.ipynb,python
3155,183,notebooks/magnetic-lens-calculations.ipynb,python
3156,183,notebooks/orbital-trajectory-planning.ipynb,python
3157,183,notebooks/tensors-sympy.ipynb,python
3158,183,visualizations/quantum-electrodynamics/Photon field quantum state.ipynb,python
3159,230,01_using_jupyter_notebooks.ipynb,python
3160,230,02_SEM_EDS_data_processing_with_HyperSpy.ipynb,python
3161,221,llm.ipynb,python
3162,197,ModelicaIdentification.ipynb,python
3163,197,ModelicaIdentificationResolution.ipynb,python
3164,231,tutorial/1-Setting Up FLASH.ipynb,python
3165,231,tutorial/10-Tips and Tricks.ipynb,python
3166,231,tutorial/2-Creating Your Own Initial Conditions.ipynb,python
3167,231,tutorial/3-Lane Emden Numerical Solution.ipynb,python
3168,231,tutorial/4-Physics of an Isothermal Sphere.ipynb,python
3169,231,tutorial/5-Running the Simulation.ipynb,python
3170,231,tutorial/6-Data Analysis and visualization with yt.ipynb,python
3171,231,tutorial/7-Sink Particles.ipynb,python
3172,231,tutorial/8-Rotation and Discs.ipynb,python
3173,231,tutorial/9-Magnetohydrodynamics.ipynb,python
3174,199,Wyrtki_CSLIM_cookbook.ipynb,python
3175,249,guix-kernel-demo.ipynb,python
3176,160,uc1_maintainability_prediction.ipynb,python
3177,160,uc2_liability_prediction.ipynb,python
3178,255,Intramorphic Testing.ipynb,python
3179,222,week1_intro_to_python_and_functions.ipynb,python
3180,222,week2_limits_sequences.ipynb,python
3181,222,week3_limits_series.ipynb,python
3182,222,week4_riemann_sum_definite_integral.ipynb,python
3183,222,week5_5_more_integrals_and_other_applications.ipynb,python
3184,222,week5_application_of_riemann_sum_integration.ipynb,python
3185,222,week6_volume_of_revolution.ipynb,python
3186,222,week7_rise_over_run.ipynb,python
3187,222,week8_instantaneous_rate_of_change.ipynb,python
3188,222,week9_applications_of_derivatives.ipynb,python
3189,184,gallery/resources/ISSAC-2025/software-demo.ipynb,python
3190,184,gallery/resources/Odelix-2025/The_DenefLipshitz_Algorithm_Supplementary_Material.ipynb,python
3191,232,docs/.jupyter_cache/executed/094b342fcc88b5268f4ced9b129b2a4c/base.ipynb,python
3192,232,docs/.jupyter_cache/executed/0a58ebec9d8c7d8f100e6da96be6521e/base.ipynb,python
3193,232,docs/.jupyter_cache/executed/20413a42b29f9ae20f728237bbf734e6/base.ipynb,python
3194,232,docs/.jupyter_cache/executed/29dda43c6d07c5c685deba9b4ebce96d/base.ipynb,python
3195,232,docs/.jupyter_cache/executed/3746062e023425b3a2604a05cba191c3/base.ipynb,python
3196,232,docs/.jupyter_cache/executed/42b41a4305625801e7d4be023eaaed8a/base.ipynb,python
3197,232,docs/.jupyter_cache/executed/4835e4a931af85927fe34feb7886b316/base.ipynb,python
3198,232,docs/.jupyter_cache/executed/51a297188a2898da7aa39ded64a8eb04/base.ipynb,python
3199,232,docs/.jupyter_cache/executed/9c2a2c8be23c3a6bbc21926395539662/base.ipynb,python
3200,232,docs/.jupyter_cache/executed/a32a341a9381db6550694e2c94868446/base.ipynb,python
3201,232,docs/.jupyter_cache/executed/ca484b75c9e681c89cc70bdfd6b7cfb6/base.ipynb,python
3202,232,docs/.jupyter_cache/executed/d553d75ca64181379b5029a84d35cbdb/base.ipynb,python
3203,232,docs/.jupyter_cache/executed/d84444b1e724ce9dda50641f47630e52/base.ipynb,python
3204,232,docs/.jupyter_cache/executed/e74094dee6e782b35e0d2240817a7d99/base.ipynb,python
3205,232,docs/.jupyter_cache/executed/f9d7d0ef451f7107ec51f481061978eb/base.ipynb,python
3206,232,docs/.jupyter_cache/executed/fda47ec0f96fc6e323957fc5e246b69e/base.ipynb,python
3207,232,docs/module-01-00_Jupyter-Notebooks-Colab.ipynb,python
3208,232,docs/module-01-00_Jupyter-Notebooks.ipynb,python
3209,232,docs/module-01-01_Intro-to-Python.ipynb,python
3210,232,docs/module-01-02_Working-with-Data.ipynb,python
3211,232,docs/module-01-03_Python-Exercises.ipynb,python
3212,232,docs/module-02-00_Linear-Modeling.ipynb,python
3213,232,docs/module-02-01_Nonlinear-Modeling.ipynb,python
3214,232,docs/module-02-02_Modeling-Exercises.ipynb,python
3215,232,docs/module-03-00_Two-Armed-Bandit.ipynb,python
3216,232,docs/module-03-01_Models-of-Learning.ipynb,python
3217,232,docs/module-03-02_RL-Exercises.ipynb,python
3218,232,docs/module-04-00_Social-Learning.ipynb,python
3219,232,docs/module-04-01_Prosocial-RL-Exercises.ipynb,python
3220,232,docs/solutions/module-01-03_Python-Exercises-Solutions.ipynb,python
3221,232,docs/solutions/module-02-02_Modeling-Exercises-Solutions.ipynb,python
3222,232,docs/solutions/module-03-02_RL-Exercises-Solutions.ipynb,python
3223,232,docs/solutions/module-04-01_Prosocial-RL-Exercises-Solutions.ipynb,python
3224,185,Reference.ipynb,python
3225,223,NumpyNetwork.ipynb,python
3226,200,export_datasets.ipynb,python
3227,200,figures.ipynb,python
3228,233,Tutorial1.ipynb,python
3229,233,Tutorial2.ipynb,python
3230,224,01_Foundations/01.1_Output.ipynb,python
3231,224,01_Foundations/01.2_Variables.ipynb,python
3232,224,01_Foundations/01.3_Input.ipynb,python
3233,224,01_Foundations/01_Challenge.ipynb,python
3234,224,02_Conditionals/02.1_Operators.ipynb,python
3235,224,02_Conditionals/02.2_Conditionals.ipynb,python
3236,224,02_Conditionals/02_Challenge.ipynb,python
3237,224,03_Iterations/03.1_Whiles.ipynb,python
3238,224,03_Iterations/03.2_Fors.ipynb,python
3239,224,03_Iterations/03.3_Controls.ipynb,python
3240,224,03_Iterations/03_Challenge.ipynb,python
3241,224,04_Collections/04.1_Lists.ipynb,python
3242,224,04_Collections/04.2_Tuples.ipynb,python
3243,224,04_Collections/04.3_Sets.ipynb,python
3244,224,04_Collections/04.4_Dictionaries.ipynb,python
3245,224,04_Collections/04_Challenge.ipynb,python
3246,224,05_Modularity/05.1_Functions.ipynb,python
3247,224,05_Modularity/05.2_Imports.ipynb,python
3248,224,05_Modularity/05_Challenge.ipynb,python
3249,224,06_Extras/06.2_Error_Handling.ipynb,python
3250,256,diffusive_distinguishability/ndim_diffusion_analysis_tutorial.ipynb,python
3251,256,diffusive_distinguishability/test_overestimation.ipynb,python
3252,250,tutorial.ipynb,python
3253,186,ps/ps-lab-1-exerciții.ipynb,python
3254,186,ps/ps-lab-10-exerciții.ipynb,python
3255,186,ps/ps-lab-2-exerciții.ipynb,python
3256,186,ps/ps-lab-3-exerciții.ipynb,python
3257,186,ps/ps-lab-4-exerciții.ipynb,python
3258,186,ps/ps-lab-5-exerciții.ipynb,python
3259,186,ps/ps-lab-6-exerciții.ipynb,python
3260,186,ps/ps-lab-7-exerciții.ipynb,python
3261,186,ps/ps-lab-8-exerciții.ipynb,python
3262,186,ps/ps-lab-9-exerciții.ipynb,python
3263,186,ps/ps-tema-1.ipynb,python
3264,186,ps/ps-tema-2.ipynb,python
3265,186,ps/ps-tema-3.ipynb,python
3266,251,integral-generator.ipynb,python
3267,161,Jupyter Notebook for training machine learning models.ipynb,python
3268,161,Partial Dependence Plots with SHAP.ipynb,python
3269,161,SHAP analysis.ipynb,python
3270,283,session1/session1-jupyter-intro.ipynb,python
3271,283,session2/session2-assignment-answers.ipynb,python
3272,283,session2/session2-assignment.ipynb,python
3273,283,session2/session2-remote-and-local-hazards.ipynb,python
3274,283,session3/session3-bldg-dmg-recv.ipynb,python
3275,283,session4/session4-building-dmg-recovery-local-data.ipynb,python
3276,257,docs/source/notebooks/getting_started/getting_started.ipynb,python
3277,257,docs/source/notebooks/plugin_system/plugin_howto_write_a_io_plugin.ipynb,python
3278,202,monte-carlo-simulations-and-zscore-calculation.ipynb,python
3279,252,api/lib/model/nn.ipynb,python
3280,252,api/lib/model/script.ipynb,python
3281,203,examples/beam_convergence/beam_convergence.ipynb,python
3282,203,examples/simple_truss/simple_truss.ipynb,python
3283,162,00. Python Tutorial.ipynb,python
3284,162,01. Introduction.ipynb,python
3285,162,02. Linear regression.ipynb,python
3286,162,03. Linear classification.ipynb,python
3287,162,04. Artificial neural networks.ipynb,python
3288,162,05. Programming Neural Networks.ipynb,python
3289,162,06. Deep Learning.ipynb,python
3290,162,07. Unsupervised learning and clustering.ipynb,python
3291,258,notebooks/01-query-building/LOD-BNE-Federated-Query.ipynb,python
3292,258,notebooks/01-query-building/LOD-BNF-Federated-Query.ipynb,python
3293,258,notebooks/01-query-building/LOD-BVMC-Federated-Query.ipynb,python
3294,258,notebooks/02-single-author/LOD-JorgeJuan-Federated-CAD.ipynb,python
3295,258,notebooks/02-single-author/LOD-MariaZayas-Federated-CAD.ipynb,python
3296,258,notebooks/03-movement-multiple-authors/LOD-SpanishGoldenAge-Federated-CAD.ipynb,python
3297,278,Fig1.ipynb,python
3298,278,Fig2.ipynb,python
3299,278,Fig3.ipynb,python
3300,278,Fig4.ipynb,python
3301,278,SI_Figs.ipynb,python
3302,278,Simulation.ipynb,python
3303,187,practice/UchicagoX - QUAN1200/1/1.ipynb,python
3304,288,0_Process_loops.ipynb,python
3305,288,1_Make_Loop_Supp_Figures.ipynb,python
3306,288,"Make Figures S2, S3.ipynb",python
3307,288,Make Figures S8.ipynb,python
3308,288,loop_DESEQ2/COUNT/Make_DESeq2_Counts.ipynb,python
3309,285,docs/dashboards/appmode/app-example.ipynb,python
3310,285,docs/dashboards/jupyter-dashboards/matplotlib-example.ipynb,python
3311,285,docs/dashboards/panel/deploy.ipynb,python
3312,285,docs/dashboards/panel/interact.ipynb,python
3313,285,docs/dashboards/panel/overview.ipynb,python
3314,285,docs/dashboards/panel/params.ipynb,python
3315,285,docs/dashboards/panel/pipelines.ipynb,python
3316,285,docs/dashboards/panel/style.ipynb,python
3317,285,docs/dashboards/panel/templates.ipynb,python
3318,285,docs/dashboards/panel/widgets.ipynb,python
3319,285,docs/dashboards/voila/bqplot_vuetify_example.ipynb,python
3320,285,docs/dashboards/voila/debug.ipynb,python
3321,285,docs/hub/ipyparallel/asyncresult.ipynb,python
3322,285,docs/hub/ipyparallel/check.ipynb,python
3323,285,docs/hub/ipyparallel/direct.ipynb,python
3324,285,docs/hub/ipyparallel/magics.ipynb,python
3325,285,docs/hub/ipyparallel/mpi.ipynb,python
3326,285,docs/hub/ipyparallel/task.ipynb,python
3327,285,docs/ipywidgets/custom-widget.ipynb,python
3328,285,docs/ipywidgets/examples.ipynb,python
3329,285,docs/ipywidgets/libs/ipycanvas.ipynb,python
3330,285,docs/ipywidgets/libs/ipympl.ipynb,python
3331,285,docs/ipywidgets/libs/ipysheet.ipynb,python
3332,285,docs/ipywidgets/libs/ipyvuetify.ipynb,python
3333,285,docs/ipywidgets/libs/ipywebrtc.ipynb,python
3334,285,docs/ipywidgets/widget-events.ipynb,python
3335,285,docs/ipywidgets/widget-list.ipynb,python
3336,285,docs/kernels/python310.ipynb,python
3337,285,docs/kernels/python38.ipynb,python
3338,285,docs/kernels/python39.ipynb,python
3339,285,docs/nbextensions/ipylayout.ipynb,python
3340,285,docs/nbextensions/setup.ipynb,python
3341,285,docs/notebook/example.ipynb,python
3342,285,docs/notebook/parameterise/input.ipynb,python
3343,285,docs/notebook/parameterise/output.ipynb,python
3344,285,docs/notebook/parameterise/output_2023-06-26_15:57:33.ipynb,python
3345,285,docs/notebook/testing/doctest.ipynb,python
3346,285,docs/notebook/testing/hypothesis.ipynb,python
3347,285,docs/notebook/testing/ipytest.ipynb,python
3348,285,docs/notebook/testing/mock.ipynb,python
3349,285,docs/notebook/testing/unittest.ipynb,python
3350,188,analysis_msci.ipynb,python
3351,189,Budworm.ipynb,python
3352,189,Ciclo límite cuadrado.ipynb,python
3353,189,Eigen-complejos.ipynb,python
3354,189,Euler.ipynb,python
3355,189,Fibonacci.ipynb,python
3356,189,Glass_Pasternack.ipynb,python
3357,189,InsectPop.ipynb,python
3358,189,Leslie Model.ipynb,python
3359,189,Lorenz Numerical.ipynb,python
3360,189,PuntosFijos.ipynb,python
3361,189,Rosenzweig-MacArthur.ipynb,python
3362,189,SVG demo.ipynb,python
3363,189,bifurcaciones2.ipynb,python
3364,189,dinamica_amor.ipynb,python
3365,189,estabilidad.ipynb,python
3366,189,human_immune.ipynb,python
3367,189,jacobian.ipynb,python
3368,189,linearizar sistemas no lineales en torno a puntos de equilibrio.ipynb,python
3369,189,lorenz.ipynb,python
3370,189,polking.ipynb,python
3371,225,Tzolk’in Calendar.ipynb,python
3372,225,Tzolk’in Calender Python Module.ipynb,python
3373,225,Tzolk’in Command Line.ipynb,python
3374,289,nbooks/00-Overview.ipynb,python
3375,289,nbooks/01-Heating_Profiles-4Pub.ipynb,python
3376,289,nbooks/02-Cloud_Cover_Reduction_and_Time_Series-4Pub.ipynb,python
3377,289,nbooks/03-LWP-Distribution_and_Contribution.ipynb,python
3378,289,nbooks/04-Size_Resolved_LWP-Changes.ipynb,python
3379,289,nbooks/05-Average-TD-profiles.ipynb,python
3380,289,nbooks/06-Albedo-vs-CloudCover-Plot.ipynb,python
3381,289,nbooks/07-Precip-vs-Evaporation-at-Surface.ipynb,python
3382,289,nbooks/08-Plot_LTS_Relationships.ipynb,python
3383,289,nbooks/09-Profiles_for_East_and_West.ipynb,python
3384,280,CoLoMoTo_Tutorial_Sizek_2025.ipynb,python
3385,281,SAM_analysis.ipynb,python
3386,163,notebooks/1_getting_started.ipynb,python
3387,163,notebooks/2_getting_started_vector.ipynb,python
3388,163,notebooks/3_advanced_function_fitting.ipynb,python
3389,163,notebooks/4_sdes_from_simulated_timeseries.ipynb,python
3390,163,notebooks/5_exporting_data.ipynb,python
3391,163,notebooks/6_non_poly_function_fitting.ipynb,python
3392,163,notebooks/7_example_fish_school.ipynb,python
3393,163,notebooks/8_example_cell_migration.ipynb,python
3394,163,notebooks/9_higher_dimensions.ipynb,python
3395,226,notebooks/0_intro.ipynb,python
3396,226,notebooks/1_escribir_programas.ipynb,python
3397,226,notebooks/2_entrada_process_salida.ipynb,python
3398,290,Beginners_guide/01_Jupyter_notebooks.ipynb,python
3399,290,Beginners_guide/02_DEA.ipynb,python
3400,290,Beginners_guide/03_Products_and_measurements.ipynb,python
3401,290,Beginners_guide/04_Loading_data.ipynb,python
3402,290,Beginners_guide/05_Plotting.ipynb,python
3403,290,Beginners_guide/06_Basic_analysis.ipynb,python
3404,290,Beginners_guide/07_Intro_to_numpy.ipynb,python
3405,290,Beginners_guide/08_Intro_to_xarray.ipynb,python
3406,290,Beginners_guide/09_Parallel_processing_with_Dask.ipynb,python
3407,290,Beginners_guide/Guided_tutorial.ipynb,python
3408,290,DEA_Sandbox.ipynb,python
3409,290,DEA_notebooks_template.ipynb,python
3410,290,DEA_products/DEA_Coastlines.ipynb,python
3411,290,DEA_products/DEA_Fractional_Cover.ipynb,python
3412,290,DEA_products/DEA_GeoMAD.ipynb,python
3413,290,DEA_products/DEA_Intertidal.ipynb,python
3414,290,DEA_products/DEA_Land_Cover.ipynb,python
3415,290,DEA_products/DEA_Landsat_Surface_Reflectance.ipynb,python
3416,290,DEA_products/DEA_Mangroves.ipynb,python
3417,290,DEA_products/DEA_Sentinel2_Surface_Reflectance.ipynb,python
3418,290,DEA_products/DEA_Water_Observations.ipynb,python
3419,290,DEA_products/DEA_Waterbodies.ipynb,python
3420,290,DEA_products/DEA_Wetlands_Insight_Tool.ipynb,python
3421,290,How_to_guides/ARD_overpass_predictor.ipynb,python
3422,290,How_to_guides/Analyse_multiple_polygons.ipynb,python
3423,290,How_to_guides/Animated_timeseries.ipynb,python
3424,290,How_to_guides/Calculating_band_indices.ipynb,python
3425,290,How_to_guides/Continental_scale_animations.ipynb,python
3426,290,How_to_guides/Contour_extraction.ipynb,python
3427,290,How_to_guides/Detecting_seasonality.ipynb,python
3428,290,How_to_guides/Downloading_data_with_STAC.ipynb,python
3429,290,How_to_guides/Exporting_GeoTIFFs.ipynb,python
3430,290,How_to_guides/Exporting_NetCDFs.ipynb,python
3431,290,How_to_guides/External_data_CSVs.ipynb,python
3432,290,How_to_guides/External_data_Climate.ipynb,python
3433,290,How_to_guides/Generating_composites.ipynb,python
3434,290,How_to_guides/Generating_geomedian_composites.ipynb,python
3435,290,How_to_guides/Image_segmentation.ipynb,python
3436,290,How_to_guides/Imagery_on_web_map.ipynb,python
3437,290,How_to_guides/Interpolation.ipynb,python
3438,290,How_to_guides/Land_cover_animated_plots.ipynb,python
3439,290,How_to_guides/Land_cover_change_mapping.ipynb,python
3440,290,How_to_guides/Land_cover_pixel_drill.ipynb,python
3441,290,How_to_guides/Land_cover_summary_statistics.ipynb,python
3442,290,How_to_guides/Machine_learning_with_ODC.ipynb,python
3443,290,How_to_guides/Masking_data.ipynb,python
3444,290,How_to_guides/Opening_GeoTIFFs_NetCDFs.ipynb,python
3445,290,How_to_guides/Pansharpening.ipynb,python
3446,290,How_to_guides/Planetary_computer.ipynb,python
3447,290,How_to_guides/Polygon_drill.ipynb,python
3448,290,How_to_guides/Polygonise_pixel_edges.ipynb,python
3449,290,How_to_guides/Principal_component_analysis.ipynb,python
3450,290,How_to_guides/Rasterize_vectorize.ipynb,python
3451,290,How_to_guides/Reprojecting_data.ipynb,python
3452,290,How_to_guides/Sunglint_masking.ipynb,python
3453,290,How_to_guides/Tidal_modelling.ipynb,python
3454,290,How_to_guides/Using_load_ard.ipynb,python
3455,290,How_to_guides/Virtual_products.ipynb,python
3456,290,How_to_guides/Working_with_time.ipynb,python
3457,290,Interactive_apps/Change_filmstrips.ipynb,python
3458,290,Interactive_apps/Coastal_transects.ipynb,python
3459,290,Interactive_apps/Crop_health.ipynb,python
3460,290,Interactive_apps/Exporting_satellite_images.ipynb,python
3461,290,Interactive_apps/Generating_satellite_animations.ipynb,python
3462,290,Interactive_apps/Mining_rehabilitation.ipynb,python
3463,290,Interactive_apps/WIT_stacked_plot.ipynb,python
3464,290,Real_world_examples/Burnt_area_mapping.ipynb,python
3465,290,Real_world_examples/Burnt_area_mapping_near_realtime.ipynb,python
3466,290,Real_world_examples/Change_detection.ipynb,python
3467,290,Real_world_examples/Chlorophyll_monitoring.ipynb,python
3468,290,Real_world_examples/Coastal_erosion.ipynb,python
3469,290,Real_world_examples/Estimate_climate_driver_influence_on_rainfall.ipynb,python
3470,290,Real_world_examples/Intertidal_elevation.ipynb,python
3471,290,Real_world_examples/Intertidal_exposure.ipynb,python
3472,290,Real_world_examples/Mapping_inundation_using_stream_gauges.ipynb,python
3473,290,Real_world_examples/Radar_water_detection.ipynb,python
3474,290,Real_world_examples/Scalable_machine_learning/0_README.ipynb,python
3475,290,Real_world_examples/Scalable_machine_learning/1_Extract_training_data.ipynb,python
3476,290,Real_world_examples/Scalable_machine_learning/2_Inspect_training_data.ipynb,python
3477,290,Real_world_examples/Scalable_machine_learning/3_Evaluate_optimize_fit_classifier.ipynb,python
3478,290,Real_world_examples/Scalable_machine_learning/4_Classify_satellite_data.ipynb,python
3479,290,Real_world_examples/Scalable_machine_learning/5_Object-based_filtering.ipynb,python
3480,290,Real_world_examples/Seasonal_water_extents.ipynb,python
3481,290,Real_world_examples/Shipping_lane_identification.ipynb,python
3482,290,Real_world_examples/Surface_area_duration.ipynb,python
3483,290,Real_world_examples/Turbidity_animated_timeseries.ipynb,python
3484,290,Real_world_examples/Urban_change_detection.ipynb,python
3485,290,Real_world_examples/Vegetation_phenology.ipynb,python
3486,290,Real_world_examples/Water_quality_suspended_matter.ipynb,python
3487,290,Real_world_examples/Wetland_turbidity.ipynb,python
3488,290,Real_world_examples/Wetness_stream_gauge_correlations.ipynb,python
3489,227,empty_jupyter_notebook_for_binder.ipynb,python
3490,227,python/2025-09-23_Python_Basics_EN.ipynb,python
3491,227,python/API/2025-02-03_request_api_using_frl_data.ipynb,python
3492,227,python/API/DOI_to_PMID_and_vice-versa.ipynb,python
3493,227,python/API/ISBN_Meta_Data_from_OpenLibrary.ipynb,python
3494,227,python/API/Metadata_from_Econbiz.ipynb,python
3495,227,python/API/Metadata_via_DOI_from_Crossref.ipynb,python
3496,227,python/API/Metadata_via_DOI_from_DataCite.ipynb,python
3497,227,python/API/Metadata_via_PMID.ipynb,python
3498,227,python/An_empty_Jupyter_notebook.ipynb,python
3499,227,python/Python_Basics_de.ipynb,python
3500,227,python/Python_pandas/2025-02-03_pandas_intro_using_frl_data.ipynb,python
3501,227,python/Python_pandas/2025-10-15_Intro_to_Pandas.ipynb,python
3502,227,python/Python_pandas/Analyse_Seattle_Library_data.ipynb,python
3503,227,python/Python_pandas/Anscombes_quartet.ipynb,python
3504,227,python/Python_pandas/Basic_stats_01-given_names.ipynb,python
3505,227,python/Python_pandas/Basic_stats_02-house_hold_size_calc_colums.ipynb,python
3506,227,python/Python_pandas/Basic_stats_03-seaborn_plottings_IMDb.ipynb,python
3507,227,python/Python_pandas/Basic_stats_04-hyphothesis_testing_Titanic.ipynb,python
3508,227,python/Python_pandas/Basic_stats_05_Correlation_and_Linear_Regression.ipynb,python
3509,227,python/Python_pandas/Exercise_GFF_gene_lengths.ipynb,python
3510,227,python/Python_pandas/Filter_gene_expression_table.ipynb,python
3511,227,python/Python_pandas/GFF_gene_length_analysis_with_Python.ipynb,python
3512,227,python/Python_pandas/Heatmap_of_a_gene_expression_analysis.ipynb,python
3513,227,python/Python_pandas/Intro_to_pandas_with_OpenAPC_data.ipynb,python
3514,227,python/Python_pandas/Introduction_into_seaborn_with_penguin_data_set.ipynb,python
3515,227,python/Python_pandas/Pandas_merging_apply_groupby-en.ipynb,python
3516,227,python/Python_pandas/Pandas_merging_apply_groupby.ipynb,python
3517,227,python/Python_pandas/Python_Introduction_download_and_iterate_tsv_file.ipynb,python
3518,227,python/class_examples/Class_example.ipynb,python
3519,227,python/class_examples/Class_example_book.ipynb,python
3520,227,python/html_examples/Create_a_simple_HTML_file.ipynb,python
3521,227,python/machine_learning/PCA.ipynb,python
3522,227,python/machine_learning/PCA_and_t-SNE_with_breast_cancer_data_set.ipynb,python
3523,227,python/machine_learning/Supervised_Machine_Learning_Beispiel-Klassifikation_von_Ziffern-Bildern.ipynb,python
3524,227,python/machine_learning/Supervised_Machine_Learning_Beispiel-Regression.ipynb,python
3525,227,python/machine_learning/Text-Klassifikation.ipynb,python
3526,227,python/machine_learning/Unsupervised_Machine_Learning_Beispiel-PCA_und_t-SNE_mit_Ziffern-Bilder.ipynb,python
3527,227,python/misc/PubMed_search.ipynb,python
3528,227,python/object_orientated_programming/OOP-Gene.ipynb,python
3529,227,python/object_orientated_programming/Object-Oriented-Programming_deutsch.ipynb,python
3530,227,python/object_orientated_programming/Object-Oriented-Programming_english.ipynb,python
3531,227,python/object_orientated_programming/Object_oriented_programming_books_example.ipynb,python
3532,227,python/python_functions/ISBN_cleaning_function.ipynb,python
3533,227,python/python_functions/ISBN_cleaning_function_english.ipynb,python
3534,227,python/python_functions/ISBN_validity_checker_function.ipynb,python
3535,227,python/regular_expressions/Extract_data_from_XML_files_using_regular_expressions.ipynb,python
3536,227,python/web_scraping/Web_scraping_with_beautiful_soup.ipynb,python
3537,227,python/web_scraping/Web_scraping_with_beautiful_soup_books.ipynb,python
3538,190,Honestos Encubiertos.ipynb,python
3539,190,Neural.ipynb,python
3540,190,neural/neuro.ipynb,python
3541,190,redes/Crecimiento igualitario.ipynb,python
3542,190,redes/barabasi-albert.ipynb,python
3543,190,redes/network SIR.ipynb,python
3544,164,ConvolutionalNeuralNetworks/CNN_Volcanic_deformation.ipynb,python
3545,164,GaussianProcesses/Gaussian_Processes.ipynb,python
3546,164,Physics_Informed_Neural_Networks/PINNs_1DHeatEquationExample.ipynb,python
3547,164,Physics_Informed_Neural_Networks/PINNs_1DHeatEquation_nonML.ipynb,python
3548,164,Physics_Informed_Neural_Networks/PINNs_NavierStokes_HFM.ipynb,python
3549,164,Physics_Informed_Neural_Networks/PINNs_NavierStokes_example.ipynb,python
3550,164,RandomForests/RandomForests.ipynb,python
3551,191,paper/demo.ipynb,python
3552,192,heat1d/ftcs.ipynb,python
3553,193,fenics/step-09/test_adapt.ipynb,python
3554,193,python/1d/hermite_fem_1d.ipynb,python
3555,194,notebooks/Estrategia_tortuga_coja_V1.ipynb,python
3556,194,notebooks/Estrategia_tortuga_coja_bg.ipynb,python
3557,273,part_1.ipynb,python
3558,273,part_2.ipynb,python
3559,273,part_3.ipynb,python
3560,273,part_4.ipynb,python
3561,273,part_5.ipynb,python
3562,286,create_dataset.ipynb,python
3563,287,class-10_mapping in python.ipynb,python
3564,287,class-1_arithmetic_operators.ipynb,python
3565,287,class-2_comparison_or_relational _operators.ipynb,python
3566,287,class-2_logical_operators.ipynb,python
3567,287,class-3_Assignment_and_Special_operators.ipynb,python
3568,287,class-3_Bitwise operators.ipynb,python
3569,287,class-4_input_range_string_index_operator_slicing_operator_concatenation_delete.ipynb,python
3570,287,class-5_dictionary.ipynb,python
3571,287,class-5_lists.ipynb,python
3572,287,class-5_set.ipynb,python
3573,287,class-5_tuple.ipynb,python
3574,287,class-6_loop_conditional_statement.ipynb,python
3575,287,class-7_function_in_Python.ipynb,python
3576,287,class-8_data_analysis_with_Pandas.ipynb,python
3577,287,class-9_temporal_plot.ipynb,python
3578,274,DL_TiO2_analysis.ipynb,python
3579,274,GaN_analysis.ipynb,python
3580,274,SrTiO3_AL.ipynb,python
3581,274,SrTiO3_analysis.ipynb,python
3582,275,10fold-inference-final.ipynb,python
3583,276,ParkerNetVersion01/ParkerNet_ApJS_Figures/ParkerNet_Version1_1_ApJS_Appendix_B_Figures.ipynb,python
3584,276,ParkerNetVersion01/ParkerNet_ApJS_Figures/ParkerNet_Version1_1_DataViz_Figures_ApJS_Notebook3of3.ipynb,python
3585,276,ParkerNetVersion01/ParkerNet_Ensemble_Prediction/ParkerNet_Version1_1_Ensemble_Prediction_ApJS_Notebook2of3_SPC_SPANI.ipynb,python
3586,276,ParkerNetVersion01/ParkerNet_Training/ParkerNet_Version1_1_Training_ApJS_Notebook1of3.ipynb,python
3587,277,GEN_PINN_cVAE_DeepONet_Open.ipynb,python
3588,124,pydarn_examples_Frontiers_final.ipynb,python
3589,199,uhsealevelcenter-Wyrtki-CSLIM-0c37587/Wyrtki_CSLIM_cookbook.ipynb,python
3590,62,adult_preprocessing.ipynb,python
3591,166,docs/examples/custom.ipynb,python
3592,166,docs/examples/ecg_delineate.ipynb,python
3593,166,docs/examples/eda.ipynb,python
3594,166,docs/examples/edr.ipynb,python
3595,166,docs/examples/eeg_power.ipynb,python
3596,166,docs/examples/eog.ipynb,python
3597,166,docs/examples/epochs_create.ipynb,python
3598,166,docs/examples/eventrelated.ipynb,python
3599,166,docs/examples/fit_function.ipynb,python
3600,166,docs/examples/heartbeats.ipynb,python
3601,166,docs/examples/hrv.ipynb,python
3602,166,docs/examples/intervalrelated.ipynb,python
3603,166,docs/examples/rrv.ipynb,python
3604,166,docs/examples/simulation.ipynb,python
3605,166,scripts/EMG_segmentation.ipynb,python
3606,166,studies/resampling/resampling.ipynb,python
3607,125,AllenInstitute-openscope_databook-88b5fcc/docs/basics/openscope_databook/docs/basics/download_nwb.ipynb,python
3608,125,AllenInstitute-openscope_databook-88b5fcc/docs/basics/openscope_databook/docs/basics/get_dandiset_metadata.ipynb,python
3609,125,AllenInstitute-openscope_databook-88b5fcc/docs/basics/openscope_databook/docs/basics/read_nwb.ipynb,python
3610,125,AllenInstitute-openscope_databook-88b5fcc/docs/basics/openscope_databook/docs/basics/stream_nwb.ipynb,python
3611,125,AllenInstitute-openscope_databook-88b5fcc/docs/basics/openscope_databook/docs/first-order/cell_matching.ipynb,python
3612,125,AllenInstitute-openscope_databook-88b5fcc/docs/basics/openscope_databook/docs/first-order/classify_waveforms.ipynb,python
3613,125,AllenInstitute-openscope_databook-88b5fcc/docs/basics/openscope_databook/docs/first-order/current_source_density.ipynb,python
3614,125,AllenInstitute-openscope_databook-88b5fcc/docs/basics/openscope_databook/docs/first-order/modality_alignment.ipynb,python
3615,125,AllenInstitute-openscope_databook-88b5fcc/docs/basics/openscope_databook/docs/first-order/optotagging.ipynb,python
3616,125,AllenInstitute-openscope_databook-88b5fcc/docs/basics/openscope_databook/docs/first-order/receptive_fields.ipynb,python
3617,125,AllenInstitute-openscope_databook-88b5fcc/docs/basics/openscope_databook/docs/first-order/suite2p.ipynb,python
3618,125,AllenInstitute-openscope_databook-88b5fcc/docs/basics/openscope_databook/docs/first-order/test_2p_responses.ipynb,python
3619,125,AllenInstitute-openscope_databook-88b5fcc/docs/basics/openscope_databook/docs/first-order/test_unit_responses.ipynb,python
3620,125,AllenInstitute-openscope_databook-88b5fcc/docs/basics/openscope_databook/docs/higher-order/GLM_pynapple_nemos.ipynb,python
3621,125,AllenInstitute-openscope_databook-88b5fcc/docs/basics/openscope_databook/docs/higher-order/behavioral_state.ipynb,python
3622,125,AllenInstitute-openscope_databook-88b5fcc/docs/basics/openscope_databook/docs/higher-order/cebra_time.ipynb,python
3623,125,AllenInstitute-openscope_databook-88b5fcc/docs/basics/openscope_databook/docs/higher-order/glm.ipynb,python
3624,125,AllenInstitute-openscope_databook-88b5fcc/docs/basics/openscope_databook/docs/higher-order/tca.ipynb,python
3625,125,AllenInstitute-openscope_databook-88b5fcc/docs/basics/openscope_databook/docs/projects/barcoding.ipynb,python
3626,125,AllenInstitute-openscope_databook-88b5fcc/docs/basics/openscope_databook/docs/projects/cred_assign_figures.ipynb,python
3627,125,AllenInstitute-openscope_databook-88b5fcc/docs/basics/openscope_databook/docs/projects/dendritic_coupling.ipynb,python
3628,125,AllenInstitute-openscope_databook-88b5fcc/docs/basics/openscope_databook/docs/projects/glo.ipynb,python
3629,125,AllenInstitute-openscope_databook-88b5fcc/docs/basics/openscope_databook/docs/projects/illusion.ipynb,python
3630,125,AllenInstitute-openscope_databook-88b5fcc/docs/basics/openscope_databook/docs/projects/loop.ipynb,python
3631,125,AllenInstitute-openscope_databook-88b5fcc/docs/basics/openscope_databook/docs/projects/predictive_processing_ephys.ipynb,python
3632,125,AllenInstitute-openscope_databook-88b5fcc/docs/basics/openscope_databook/docs/projects/predictive_processing_ophys.ipynb,python
3633,125,AllenInstitute-openscope_databook-88b5fcc/docs/basics/openscope_databook/docs/projects/psycode.ipynb,python
3634,125,AllenInstitute-openscope_databook-88b5fcc/docs/basics/openscope_databook/docs/projects/sequence_learning.ipynb,python
3635,125,AllenInstitute-openscope_databook-88b5fcc/docs/basics/openscope_databook/docs/projects/texture.ipynb,python
3636,125,AllenInstitute-openscope_databook-88b5fcc/docs/basics/openscope_databook/docs/projects/texture_get_dandiset_metadata.ipynb,python
3637,125,AllenInstitute-openscope_databook-88b5fcc/docs/basics/openscope_databook/docs/projects/vippo.ipynb,python
3638,125,AllenInstitute-openscope_databook-88b5fcc/docs/basics/openscope_databook/docs/projects/vismo.ipynb,python
3639,125,AllenInstitute-openscope_databook-88b5fcc/docs/basics/openscope_databook/docs/visualization/visualize_2p_VR_behavior.ipynb,python
3640,125,AllenInstitute-openscope_databook-88b5fcc/docs/basics/openscope_databook/docs/visualization/visualize_2p_raw.ipynb,python
3641,125,AllenInstitute-openscope_databook-88b5fcc/docs/basics/openscope_databook/docs/visualization/visualize_2p_responses.ipynb,python
3642,125,AllenInstitute-openscope_databook-88b5fcc/docs/basics/openscope_databook/docs/visualization/visualize_behavior.ipynb,python
3643,125,AllenInstitute-openscope_databook-88b5fcc/docs/basics/openscope_databook/docs/visualization/visualize_lfp_responses.ipynb,python
3644,125,AllenInstitute-openscope_databook-88b5fcc/docs/basics/openscope_databook/docs/visualization/visualize_neuropixels_probes.ipynb,python
3645,125,AllenInstitute-openscope_databook-88b5fcc/docs/basics/openscope_databook/docs/visualization/visualize_templates.ipynb,python
3646,125,AllenInstitute-openscope_databook-88b5fcc/docs/basics/openscope_databook/docs/visualization/visualize_unit_metrics.ipynb,python
3647,125,AllenInstitute-openscope_databook-88b5fcc/docs/basics/openscope_databook/docs/visualization/visualize_unit_responses.ipynb,python
3648,125,AllenInstitute-openscope_databook-88b5fcc/docs/basics/openscope_databook/docs/visualization/visualize_unit_spikes.ipynb,python
3649,125,AllenInstitute-openscope_databook-88b5fcc/docs/embargoed/openscope_databook/docs/basics/download_nwb.ipynb,python
3650,125,AllenInstitute-openscope_databook-88b5fcc/docs/embargoed/openscope_databook/docs/basics/get_dandiset_metadata.ipynb,python
3651,125,AllenInstitute-openscope_databook-88b5fcc/docs/embargoed/openscope_databook/docs/basics/read_nwb.ipynb,python
3652,125,AllenInstitute-openscope_databook-88b5fcc/docs/embargoed/openscope_databook/docs/basics/stream_nwb.ipynb,python
3653,125,AllenInstitute-openscope_databook-88b5fcc/docs/embargoed/openscope_databook/docs/first-order/cell_matching.ipynb,python
3654,125,AllenInstitute-openscope_databook-88b5fcc/docs/embargoed/openscope_databook/docs/first-order/classify_waveforms.ipynb,python
3655,125,AllenInstitute-openscope_databook-88b5fcc/docs/embargoed/openscope_databook/docs/first-order/current_source_density.ipynb,python
3656,125,AllenInstitute-openscope_databook-88b5fcc/docs/embargoed/openscope_databook/docs/first-order/modality_alignment.ipynb,python
3657,125,AllenInstitute-openscope_databook-88b5fcc/docs/embargoed/openscope_databook/docs/first-order/optotagging.ipynb,python
3658,125,AllenInstitute-openscope_databook-88b5fcc/docs/embargoed/openscope_databook/docs/first-order/receptive_fields.ipynb,python
3659,125,AllenInstitute-openscope_databook-88b5fcc/docs/embargoed/openscope_databook/docs/first-order/suite2p.ipynb,python
3660,125,AllenInstitute-openscope_databook-88b5fcc/docs/embargoed/openscope_databook/docs/first-order/test_2p_responses.ipynb,python
3661,125,AllenInstitute-openscope_databook-88b5fcc/docs/embargoed/openscope_databook/docs/first-order/test_unit_responses.ipynb,python
3662,125,AllenInstitute-openscope_databook-88b5fcc/docs/embargoed/openscope_databook/docs/higher-order/GLM_pynapple_nemos.ipynb,python
3663,125,AllenInstitute-openscope_databook-88b5fcc/docs/embargoed/openscope_databook/docs/higher-order/behavioral_state.ipynb,python
3664,125,AllenInstitute-openscope_databook-88b5fcc/docs/embargoed/openscope_databook/docs/higher-order/cebra_time.ipynb,python
3665,125,AllenInstitute-openscope_databook-88b5fcc/docs/embargoed/openscope_databook/docs/higher-order/glm.ipynb,python
3666,125,AllenInstitute-openscope_databook-88b5fcc/docs/embargoed/openscope_databook/docs/higher-order/tca.ipynb,python
3667,125,AllenInstitute-openscope_databook-88b5fcc/docs/embargoed/openscope_databook/docs/projects/barcoding.ipynb,python
3668,125,AllenInstitute-openscope_databook-88b5fcc/docs/embargoed/openscope_databook/docs/projects/cred_assign_figures.ipynb,python
3669,125,AllenInstitute-openscope_databook-88b5fcc/docs/embargoed/openscope_databook/docs/projects/dendritic_coupling.ipynb,python
3670,125,AllenInstitute-openscope_databook-88b5fcc/docs/embargoed/openscope_databook/docs/projects/glo.ipynb,python
3671,125,AllenInstitute-openscope_databook-88b5fcc/docs/embargoed/openscope_databook/docs/projects/illusion.ipynb,python
3672,125,AllenInstitute-openscope_databook-88b5fcc/docs/embargoed/openscope_databook/docs/projects/loop.ipynb,python
3673,125,AllenInstitute-openscope_databook-88b5fcc/docs/embargoed/openscope_databook/docs/projects/predictive_processing_ephys.ipynb,python
3674,125,AllenInstitute-openscope_databook-88b5fcc/docs/embargoed/openscope_databook/docs/projects/predictive_processing_ophys.ipynb,python
3675,125,AllenInstitute-openscope_databook-88b5fcc/docs/embargoed/openscope_databook/docs/projects/psycode.ipynb,python
3676,125,AllenInstitute-openscope_databook-88b5fcc/docs/embargoed/openscope_databook/docs/projects/sequence_learning.ipynb,python
3677,125,AllenInstitute-openscope_databook-88b5fcc/docs/embargoed/openscope_databook/docs/projects/texture.ipynb,python
3678,125,AllenInstitute-openscope_databook-88b5fcc/docs/embargoed/openscope_databook/docs/projects/texture_get_dandiset_metadata.ipynb,python
3679,125,AllenInstitute-openscope_databook-88b5fcc/docs/embargoed/openscope_databook/docs/projects/vippo.ipynb,python
3680,125,AllenInstitute-openscope_databook-88b5fcc/docs/embargoed/openscope_databook/docs/projects/vismo.ipynb,python
3681,125,AllenInstitute-openscope_databook-88b5fcc/docs/embargoed/openscope_databook/docs/visualization/visualize_2p_VR_behavior.ipynb,python
3682,125,AllenInstitute-openscope_databook-88b5fcc/docs/embargoed/openscope_databook/docs/visualization/visualize_2p_raw.ipynb,python
3683,125,AllenInstitute-openscope_databook-88b5fcc/docs/embargoed/openscope_databook/docs/visualization/visualize_2p_responses.ipynb,python
3684,125,AllenInstitute-openscope_databook-88b5fcc/docs/embargoed/openscope_databook/docs/visualization/visualize_behavior.ipynb,python
3685,125,AllenInstitute-openscope_databook-88b5fcc/docs/embargoed/openscope_databook/docs/visualization/visualize_lfp_responses.ipynb,python
3686,125,AllenInstitute-openscope_databook-88b5fcc/docs/embargoed/openscope_databook/docs/visualization/visualize_neuropixels_probes.ipynb,python
3687,125,AllenInstitute-openscope_databook-88b5fcc/docs/embargoed/openscope_databook/docs/visualization/visualize_templates.ipynb,python
3688,125,AllenInstitute-openscope_databook-88b5fcc/docs/embargoed/openscope_databook/docs/visualization/visualize_unit_metrics.ipynb,python
3689,125,AllenInstitute-openscope_databook-88b5fcc/docs/embargoed/openscope_databook/docs/visualization/visualize_unit_responses.ipynb,python
3690,125,AllenInstitute-openscope_databook-88b5fcc/docs/embargoed/openscope_databook/docs/visualization/visualize_unit_spikes.ipynb,python
3691,125,AllenInstitute-openscope_databook-88b5fcc/docs/first-order/openscope_databook/docs/basics/download_nwb.ipynb,python
3692,125,AllenInstitute-openscope_databook-88b5fcc/docs/first-order/openscope_databook/docs/basics/get_dandiset_metadata.ipynb,python
3693,125,AllenInstitute-openscope_databook-88b5fcc/docs/first-order/openscope_databook/docs/basics/read_nwb.ipynb,python
3694,125,AllenInstitute-openscope_databook-88b5fcc/docs/first-order/openscope_databook/docs/basics/stream_nwb.ipynb,python
3695,125,AllenInstitute-openscope_databook-88b5fcc/docs/first-order/openscope_databook/docs/first-order/cell_matching.ipynb,python
3696,125,AllenInstitute-openscope_databook-88b5fcc/docs/first-order/openscope_databook/docs/first-order/classify_waveforms.ipynb,python
3697,125,AllenInstitute-openscope_databook-88b5fcc/docs/first-order/openscope_databook/docs/first-order/current_source_density.ipynb,python
3698,125,AllenInstitute-openscope_databook-88b5fcc/docs/first-order/openscope_databook/docs/first-order/modality_alignment.ipynb,python
3699,125,AllenInstitute-openscope_databook-88b5fcc/docs/first-order/openscope_databook/docs/first-order/optotagging.ipynb,python
3700,125,AllenInstitute-openscope_databook-88b5fcc/docs/first-order/openscope_databook/docs/first-order/receptive_fields.ipynb,python
3701,125,AllenInstitute-openscope_databook-88b5fcc/docs/first-order/openscope_databook/docs/first-order/suite2p.ipynb,python
3702,125,AllenInstitute-openscope_databook-88b5fcc/docs/first-order/openscope_databook/docs/first-order/test_2p_responses.ipynb,python
3703,125,AllenInstitute-openscope_databook-88b5fcc/docs/first-order/openscope_databook/docs/first-order/test_unit_responses.ipynb,python
3704,125,AllenInstitute-openscope_databook-88b5fcc/docs/first-order/openscope_databook/docs/higher-order/GLM_pynapple_nemos.ipynb,python
3705,125,AllenInstitute-openscope_databook-88b5fcc/docs/first-order/openscope_databook/docs/higher-order/behavioral_state.ipynb,python
3706,125,AllenInstitute-openscope_databook-88b5fcc/docs/first-order/openscope_databook/docs/higher-order/cebra_time.ipynb,python
3707,125,AllenInstitute-openscope_databook-88b5fcc/docs/first-order/openscope_databook/docs/higher-order/glm.ipynb,python
3708,125,AllenInstitute-openscope_databook-88b5fcc/docs/first-order/openscope_databook/docs/higher-order/tca.ipynb,python
3709,125,AllenInstitute-openscope_databook-88b5fcc/docs/first-order/openscope_databook/docs/projects/barcoding.ipynb,python
3710,125,AllenInstitute-openscope_databook-88b5fcc/docs/first-order/openscope_databook/docs/projects/cred_assign_figures.ipynb,python
3711,125,AllenInstitute-openscope_databook-88b5fcc/docs/first-order/openscope_databook/docs/projects/dendritic_coupling.ipynb,python
3712,125,AllenInstitute-openscope_databook-88b5fcc/docs/first-order/openscope_databook/docs/projects/glo.ipynb,python
3713,125,AllenInstitute-openscope_databook-88b5fcc/docs/first-order/openscope_databook/docs/projects/illusion.ipynb,python
3714,125,AllenInstitute-openscope_databook-88b5fcc/docs/first-order/openscope_databook/docs/projects/loop.ipynb,python
3715,125,AllenInstitute-openscope_databook-88b5fcc/docs/first-order/openscope_databook/docs/projects/predictive_processing_ephys.ipynb,python
3716,125,AllenInstitute-openscope_databook-88b5fcc/docs/first-order/openscope_databook/docs/projects/predictive_processing_ophys.ipynb,python
3717,125,AllenInstitute-openscope_databook-88b5fcc/docs/first-order/openscope_databook/docs/projects/psycode.ipynb,python
3718,125,AllenInstitute-openscope_databook-88b5fcc/docs/first-order/openscope_databook/docs/projects/sequence_learning.ipynb,python
3719,125,AllenInstitute-openscope_databook-88b5fcc/docs/first-order/openscope_databook/docs/projects/texture.ipynb,python
3720,125,AllenInstitute-openscope_databook-88b5fcc/docs/first-order/openscope_databook/docs/projects/texture_get_dandiset_metadata.ipynb,python
3721,125,AllenInstitute-openscope_databook-88b5fcc/docs/first-order/openscope_databook/docs/projects/vippo.ipynb,python
3722,125,AllenInstitute-openscope_databook-88b5fcc/docs/first-order/openscope_databook/docs/projects/vismo.ipynb,python
3723,125,AllenInstitute-openscope_databook-88b5fcc/docs/first-order/openscope_databook/docs/visualization/visualize_2p_VR_behavior.ipynb,python
3724,125,AllenInstitute-openscope_databook-88b5fcc/docs/first-order/openscope_databook/docs/visualization/visualize_2p_raw.ipynb,python
3725,125,AllenInstitute-openscope_databook-88b5fcc/docs/first-order/openscope_databook/docs/visualization/visualize_2p_responses.ipynb,python
3726,125,AllenInstitute-openscope_databook-88b5fcc/docs/first-order/openscope_databook/docs/visualization/visualize_behavior.ipynb,python
3727,125,AllenInstitute-openscope_databook-88b5fcc/docs/first-order/openscope_databook/docs/visualization/visualize_lfp_responses.ipynb,python
3728,125,AllenInstitute-openscope_databook-88b5fcc/docs/first-order/openscope_databook/docs/visualization/visualize_neuropixels_probes.ipynb,python
3729,125,AllenInstitute-openscope_databook-88b5fcc/docs/first-order/openscope_databook/docs/visualization/visualize_templates.ipynb,python
3730,125,AllenInstitute-openscope_databook-88b5fcc/docs/first-order/openscope_databook/docs/visualization/visualize_unit_metrics.ipynb,python
3731,125,AllenInstitute-openscope_databook-88b5fcc/docs/first-order/openscope_databook/docs/visualization/visualize_unit_responses.ipynb,python
3732,125,AllenInstitute-openscope_databook-88b5fcc/docs/first-order/openscope_databook/docs/visualization/visualize_unit_spikes.ipynb,python
3733,125,AllenInstitute-openscope_databook-88b5fcc/docs/higher-order/openscope_databook/docs/basics/download_nwb.ipynb,python
3734,125,AllenInstitute-openscope_databook-88b5fcc/docs/higher-order/openscope_databook/docs/basics/get_dandiset_metadata.ipynb,python
3735,125,AllenInstitute-openscope_databook-88b5fcc/docs/higher-order/openscope_databook/docs/basics/read_nwb.ipynb,python
3736,125,AllenInstitute-openscope_databook-88b5fcc/docs/higher-order/openscope_databook/docs/basics/stream_nwb.ipynb,python
3737,125,AllenInstitute-openscope_databook-88b5fcc/docs/higher-order/openscope_databook/docs/first-order/cell_matching.ipynb,python
3738,125,AllenInstitute-openscope_databook-88b5fcc/docs/higher-order/openscope_databook/docs/first-order/classify_waveforms.ipynb,python
3739,125,AllenInstitute-openscope_databook-88b5fcc/docs/higher-order/openscope_databook/docs/first-order/current_source_density.ipynb,python
3740,125,AllenInstitute-openscope_databook-88b5fcc/docs/higher-order/openscope_databook/docs/first-order/modality_alignment.ipynb,python
3741,125,AllenInstitute-openscope_databook-88b5fcc/docs/higher-order/openscope_databook/docs/first-order/optotagging.ipynb,python
3742,125,AllenInstitute-openscope_databook-88b5fcc/docs/higher-order/openscope_databook/docs/first-order/receptive_fields.ipynb,python
3743,125,AllenInstitute-openscope_databook-88b5fcc/docs/higher-order/openscope_databook/docs/first-order/suite2p.ipynb,python
3744,125,AllenInstitute-openscope_databook-88b5fcc/docs/higher-order/openscope_databook/docs/first-order/test_2p_responses.ipynb,python
3745,125,AllenInstitute-openscope_databook-88b5fcc/docs/higher-order/openscope_databook/docs/first-order/test_unit_responses.ipynb,python
3746,125,AllenInstitute-openscope_databook-88b5fcc/docs/higher-order/openscope_databook/docs/higher-order/GLM_pynapple_nemos.ipynb,python
3747,125,AllenInstitute-openscope_databook-88b5fcc/docs/higher-order/openscope_databook/docs/higher-order/behavioral_state.ipynb,python
3748,125,AllenInstitute-openscope_databook-88b5fcc/docs/higher-order/openscope_databook/docs/higher-order/cebra_time.ipynb,python
3749,125,AllenInstitute-openscope_databook-88b5fcc/docs/higher-order/openscope_databook/docs/higher-order/glm.ipynb,python
3750,125,AllenInstitute-openscope_databook-88b5fcc/docs/higher-order/openscope_databook/docs/higher-order/tca.ipynb,python
3751,125,AllenInstitute-openscope_databook-88b5fcc/docs/higher-order/openscope_databook/docs/projects/barcoding.ipynb,python
3752,125,AllenInstitute-openscope_databook-88b5fcc/docs/higher-order/openscope_databook/docs/projects/cred_assign_figures.ipynb,python
3753,125,AllenInstitute-openscope_databook-88b5fcc/docs/higher-order/openscope_databook/docs/projects/dendritic_coupling.ipynb,python
3754,125,AllenInstitute-openscope_databook-88b5fcc/docs/higher-order/openscope_databook/docs/projects/glo.ipynb,python
3755,125,AllenInstitute-openscope_databook-88b5fcc/docs/higher-order/openscope_databook/docs/projects/illusion.ipynb,python
3756,125,AllenInstitute-openscope_databook-88b5fcc/docs/higher-order/openscope_databook/docs/projects/loop.ipynb,python
3757,125,AllenInstitute-openscope_databook-88b5fcc/docs/higher-order/openscope_databook/docs/projects/predictive_processing_ephys.ipynb,python
3758,125,AllenInstitute-openscope_databook-88b5fcc/docs/higher-order/openscope_databook/docs/projects/predictive_processing_ophys.ipynb,python
3759,125,AllenInstitute-openscope_databook-88b5fcc/docs/higher-order/openscope_databook/docs/projects/psycode.ipynb,python
3760,125,AllenInstitute-openscope_databook-88b5fcc/docs/higher-order/openscope_databook/docs/projects/sequence_learning.ipynb,python
3761,125,AllenInstitute-openscope_databook-88b5fcc/docs/higher-order/openscope_databook/docs/projects/texture.ipynb,python
3762,125,AllenInstitute-openscope_databook-88b5fcc/docs/higher-order/openscope_databook/docs/projects/texture_get_dandiset_metadata.ipynb,python
3763,125,AllenInstitute-openscope_databook-88b5fcc/docs/higher-order/openscope_databook/docs/projects/vippo.ipynb,python
3764,125,AllenInstitute-openscope_databook-88b5fcc/docs/higher-order/openscope_databook/docs/projects/vismo.ipynb,python
3765,125,AllenInstitute-openscope_databook-88b5fcc/docs/higher-order/openscope_databook/docs/visualization/visualize_2p_VR_behavior.ipynb,python
3766,125,AllenInstitute-openscope_databook-88b5fcc/docs/higher-order/openscope_databook/docs/visualization/visualize_2p_raw.ipynb,python
3767,125,AllenInstitute-openscope_databook-88b5fcc/docs/higher-order/openscope_databook/docs/visualization/visualize_2p_responses.ipynb,python
3768,125,AllenInstitute-openscope_databook-88b5fcc/docs/higher-order/openscope_databook/docs/visualization/visualize_behavior.ipynb,python
3769,125,AllenInstitute-openscope_databook-88b5fcc/docs/higher-order/openscope_databook/docs/visualization/visualize_lfp_responses.ipynb,python
3770,125,AllenInstitute-openscope_databook-88b5fcc/docs/higher-order/openscope_databook/docs/visualization/visualize_neuropixels_probes.ipynb,python
3771,125,AllenInstitute-openscope_databook-88b5fcc/docs/higher-order/openscope_databook/docs/visualization/visualize_templates.ipynb,python
3772,125,AllenInstitute-openscope_databook-88b5fcc/docs/higher-order/openscope_databook/docs/visualization/visualize_unit_metrics.ipynb,python
3773,125,AllenInstitute-openscope_databook-88b5fcc/docs/higher-order/openscope_databook/docs/visualization/visualize_unit_responses.ipynb,python
3774,125,AllenInstitute-openscope_databook-88b5fcc/docs/higher-order/openscope_databook/docs/visualization/visualize_unit_spikes.ipynb,python
3775,125,AllenInstitute-openscope_databook-88b5fcc/docs/projects/openscope_databook/docs/basics/download_nwb.ipynb,python
3776,125,AllenInstitute-openscope_databook-88b5fcc/docs/projects/openscope_databook/docs/basics/get_dandiset_metadata.ipynb,python
3777,125,AllenInstitute-openscope_databook-88b5fcc/docs/projects/openscope_databook/docs/basics/read_nwb.ipynb,python
3778,125,AllenInstitute-openscope_databook-88b5fcc/docs/projects/openscope_databook/docs/basics/stream_nwb.ipynb,python
3779,125,AllenInstitute-openscope_databook-88b5fcc/docs/projects/openscope_databook/docs/first-order/cell_matching.ipynb,python
3780,125,AllenInstitute-openscope_databook-88b5fcc/docs/projects/openscope_databook/docs/first-order/classify_waveforms.ipynb,python
3781,125,AllenInstitute-openscope_databook-88b5fcc/docs/projects/openscope_databook/docs/first-order/current_source_density.ipynb,python
3782,125,AllenInstitute-openscope_databook-88b5fcc/docs/projects/openscope_databook/docs/first-order/modality_alignment.ipynb,python
3783,125,AllenInstitute-openscope_databook-88b5fcc/docs/projects/openscope_databook/docs/first-order/optotagging.ipynb,python
3784,125,AllenInstitute-openscope_databook-88b5fcc/docs/projects/openscope_databook/docs/first-order/receptive_fields.ipynb,python
3785,125,AllenInstitute-openscope_databook-88b5fcc/docs/projects/openscope_databook/docs/first-order/suite2p.ipynb,python
3786,125,AllenInstitute-openscope_databook-88b5fcc/docs/projects/openscope_databook/docs/first-order/test_2p_responses.ipynb,python
3787,125,AllenInstitute-openscope_databook-88b5fcc/docs/projects/openscope_databook/docs/first-order/test_unit_responses.ipynb,python
3788,125,AllenInstitute-openscope_databook-88b5fcc/docs/projects/openscope_databook/docs/higher-order/GLM_pynapple_nemos.ipynb,python
3789,125,AllenInstitute-openscope_databook-88b5fcc/docs/projects/openscope_databook/docs/higher-order/behavioral_state.ipynb,python
3790,125,AllenInstitute-openscope_databook-88b5fcc/docs/projects/openscope_databook/docs/higher-order/cebra_time.ipynb,python
3791,125,AllenInstitute-openscope_databook-88b5fcc/docs/projects/openscope_databook/docs/higher-order/glm.ipynb,python
3792,125,AllenInstitute-openscope_databook-88b5fcc/docs/projects/openscope_databook/docs/higher-order/tca.ipynb,python
3793,125,AllenInstitute-openscope_databook-88b5fcc/docs/projects/openscope_databook/docs/projects/barcoding.ipynb,python
3794,125,AllenInstitute-openscope_databook-88b5fcc/docs/projects/openscope_databook/docs/projects/cred_assign_figures.ipynb,python
3795,125,AllenInstitute-openscope_databook-88b5fcc/docs/projects/openscope_databook/docs/projects/dendritic_coupling.ipynb,python
3796,125,AllenInstitute-openscope_databook-88b5fcc/docs/projects/openscope_databook/docs/projects/glo.ipynb,python
3797,125,AllenInstitute-openscope_databook-88b5fcc/docs/projects/openscope_databook/docs/projects/illusion.ipynb,python
3798,125,AllenInstitute-openscope_databook-88b5fcc/docs/projects/openscope_databook/docs/projects/loop.ipynb,python
3799,125,AllenInstitute-openscope_databook-88b5fcc/docs/projects/openscope_databook/docs/projects/predictive_processing_ephys.ipynb,python
3800,125,AllenInstitute-openscope_databook-88b5fcc/docs/projects/openscope_databook/docs/projects/predictive_processing_ophys.ipynb,python
3801,125,AllenInstitute-openscope_databook-88b5fcc/docs/projects/openscope_databook/docs/projects/psycode.ipynb,python
3802,125,AllenInstitute-openscope_databook-88b5fcc/docs/projects/openscope_databook/docs/projects/sequence_learning.ipynb,python
3803,125,AllenInstitute-openscope_databook-88b5fcc/docs/projects/openscope_databook/docs/projects/texture.ipynb,python
3804,125,AllenInstitute-openscope_databook-88b5fcc/docs/projects/openscope_databook/docs/projects/texture_get_dandiset_metadata.ipynb,python
3805,125,AllenInstitute-openscope_databook-88b5fcc/docs/projects/openscope_databook/docs/projects/vippo.ipynb,python
3806,125,AllenInstitute-openscope_databook-88b5fcc/docs/projects/openscope_databook/docs/projects/vismo.ipynb,python
3807,125,AllenInstitute-openscope_databook-88b5fcc/docs/projects/openscope_databook/docs/visualization/visualize_2p_VR_behavior.ipynb,python
3808,125,AllenInstitute-openscope_databook-88b5fcc/docs/projects/openscope_databook/docs/visualization/visualize_2p_raw.ipynb,python
3809,125,AllenInstitute-openscope_databook-88b5fcc/docs/projects/openscope_databook/docs/visualization/visualize_2p_responses.ipynb,python
3810,125,AllenInstitute-openscope_databook-88b5fcc/docs/projects/openscope_databook/docs/visualization/visualize_behavior.ipynb,python
3811,125,AllenInstitute-openscope_databook-88b5fcc/docs/projects/openscope_databook/docs/visualization/visualize_lfp_responses.ipynb,python
3812,125,AllenInstitute-openscope_databook-88b5fcc/docs/projects/openscope_databook/docs/visualization/visualize_neuropixels_probes.ipynb,python
3813,125,AllenInstitute-openscope_databook-88b5fcc/docs/projects/openscope_databook/docs/visualization/visualize_templates.ipynb,python
3814,125,AllenInstitute-openscope_databook-88b5fcc/docs/projects/openscope_databook/docs/visualization/visualize_unit_metrics.ipynb,python
3815,125,AllenInstitute-openscope_databook-88b5fcc/docs/projects/openscope_databook/docs/visualization/visualize_unit_responses.ipynb,python
3816,125,AllenInstitute-openscope_databook-88b5fcc/docs/projects/openscope_databook/docs/visualization/visualize_unit_spikes.ipynb,python
3817,125,docs/basics/openscope_databook/docs/basics/openscope_databook/docs/basics/download_nwb.ipynb,python
3818,125,docs/basics/openscope_databook/docs/basics/openscope_databook/docs/basics/get_dandiset_metadata.ipynb,python
3819,125,docs/basics/openscope_databook/docs/basics/openscope_databook/docs/basics/read_nwb.ipynb,python
3820,125,docs/basics/openscope_databook/docs/basics/openscope_databook/docs/basics/stream_nwb.ipynb,python
3821,125,docs/basics/openscope_databook/docs/basics/openscope_databook/docs/first-order/cell_matching.ipynb,python
3822,125,docs/basics/openscope_databook/docs/basics/openscope_databook/docs/first-order/classify_waveforms.ipynb,python
3823,125,docs/basics/openscope_databook/docs/basics/openscope_databook/docs/first-order/current_source_density.ipynb,python
3824,125,docs/basics/openscope_databook/docs/basics/openscope_databook/docs/first-order/modality_alignment.ipynb,python
3825,125,docs/basics/openscope_databook/docs/basics/openscope_databook/docs/first-order/optotagging.ipynb,python
3826,125,docs/basics/openscope_databook/docs/basics/openscope_databook/docs/first-order/receptive_fields.ipynb,python
3827,125,docs/basics/openscope_databook/docs/basics/openscope_databook/docs/first-order/suite2p.ipynb,python
3828,125,docs/basics/openscope_databook/docs/basics/openscope_databook/docs/first-order/test_2p_responses.ipynb,python
3829,125,docs/basics/openscope_databook/docs/basics/openscope_databook/docs/first-order/test_unit_responses.ipynb,python
3830,125,docs/basics/openscope_databook/docs/basics/openscope_databook/docs/higher-order/GLM_pynapple_nemos.ipynb,python
3831,125,docs/basics/openscope_databook/docs/basics/openscope_databook/docs/higher-order/behavioral_state.ipynb,python
3832,125,docs/basics/openscope_databook/docs/basics/openscope_databook/docs/higher-order/cebra_time.ipynb,python
3833,125,docs/basics/openscope_databook/docs/basics/openscope_databook/docs/higher-order/glm.ipynb,python
3834,125,docs/basics/openscope_databook/docs/basics/openscope_databook/docs/higher-order/tca.ipynb,python
3835,125,docs/basics/openscope_databook/docs/basics/openscope_databook/docs/projects/barcoding.ipynb,python
3836,125,docs/basics/openscope_databook/docs/basics/openscope_databook/docs/projects/cred_assign_figures.ipynb,python
3837,125,docs/basics/openscope_databook/docs/basics/openscope_databook/docs/projects/dendritic_coupling.ipynb,python
3838,125,docs/basics/openscope_databook/docs/basics/openscope_databook/docs/projects/glo.ipynb,python
3839,125,docs/basics/openscope_databook/docs/basics/openscope_databook/docs/projects/illusion.ipynb,python
3840,125,docs/basics/openscope_databook/docs/basics/openscope_databook/docs/projects/loop.ipynb,python
3841,125,docs/basics/openscope_databook/docs/basics/openscope_databook/docs/projects/predictive_processing_ephys.ipynb,python
3842,125,docs/basics/openscope_databook/docs/basics/openscope_databook/docs/projects/predictive_processing_ophys.ipynb,python
3843,125,docs/basics/openscope_databook/docs/basics/openscope_databook/docs/projects/psycode.ipynb,python
3844,125,docs/basics/openscope_databook/docs/basics/openscope_databook/docs/projects/sequence_learning.ipynb,python
3845,125,docs/basics/openscope_databook/docs/basics/openscope_databook/docs/projects/texture.ipynb,python
3846,125,docs/basics/openscope_databook/docs/basics/openscope_databook/docs/projects/texture_get_dandiset_metadata.ipynb,python
3847,125,docs/basics/openscope_databook/docs/basics/openscope_databook/docs/projects/vippo.ipynb,python
3848,125,docs/basics/openscope_databook/docs/basics/openscope_databook/docs/projects/vismo.ipynb,python
3849,125,docs/basics/openscope_databook/docs/basics/openscope_databook/docs/visualization/visualize_2p_VR_behavior.ipynb,python
3850,125,docs/basics/openscope_databook/docs/basics/openscope_databook/docs/visualization/visualize_2p_raw.ipynb,python
3851,125,docs/basics/openscope_databook/docs/basics/openscope_databook/docs/visualization/visualize_2p_responses.ipynb,python
3852,125,docs/basics/openscope_databook/docs/basics/openscope_databook/docs/visualization/visualize_behavior.ipynb,python
3853,125,docs/basics/openscope_databook/docs/basics/openscope_databook/docs/visualization/visualize_lfp_responses.ipynb,python
3854,125,docs/basics/openscope_databook/docs/basics/openscope_databook/docs/visualization/visualize_neuropixels_probes.ipynb,python
3855,125,docs/basics/openscope_databook/docs/basics/openscope_databook/docs/visualization/visualize_templates.ipynb,python
3856,125,docs/basics/openscope_databook/docs/basics/openscope_databook/docs/visualization/visualize_unit_metrics.ipynb,python
3857,125,docs/basics/openscope_databook/docs/basics/openscope_databook/docs/visualization/visualize_unit_responses.ipynb,python
3858,125,docs/basics/openscope_databook/docs/basics/openscope_databook/docs/visualization/visualize_unit_spikes.ipynb,python
3859,125,docs/basics/openscope_databook/docs/first-order/openscope_databook/docs/basics/download_nwb.ipynb,python
3860,125,docs/basics/openscope_databook/docs/first-order/openscope_databook/docs/basics/get_dandiset_metadata.ipynb,python
3861,125,docs/basics/openscope_databook/docs/first-order/openscope_databook/docs/basics/read_nwb.ipynb,python
3862,125,docs/basics/openscope_databook/docs/first-order/openscope_databook/docs/basics/stream_nwb.ipynb,python
3863,125,docs/basics/openscope_databook/docs/first-order/openscope_databook/docs/first-order/cell_matching.ipynb,python
3864,125,docs/basics/openscope_databook/docs/first-order/openscope_databook/docs/first-order/classify_waveforms.ipynb,python
3865,125,docs/basics/openscope_databook/docs/first-order/openscope_databook/docs/first-order/current_source_density.ipynb,python
3866,125,docs/basics/openscope_databook/docs/first-order/openscope_databook/docs/first-order/modality_alignment.ipynb,python
3867,125,docs/basics/openscope_databook/docs/first-order/openscope_databook/docs/first-order/optotagging.ipynb,python
3868,125,docs/basics/openscope_databook/docs/first-order/openscope_databook/docs/first-order/receptive_fields.ipynb,python
3869,125,docs/basics/openscope_databook/docs/first-order/openscope_databook/docs/first-order/suite2p.ipynb,python
3870,125,docs/basics/openscope_databook/docs/first-order/openscope_databook/docs/first-order/test_2p_responses.ipynb,python
3871,125,docs/basics/openscope_databook/docs/first-order/openscope_databook/docs/first-order/test_unit_responses.ipynb,python
3872,125,docs/basics/openscope_databook/docs/first-order/openscope_databook/docs/higher-order/GLM_pynapple_nemos.ipynb,python
3873,125,docs/basics/openscope_databook/docs/first-order/openscope_databook/docs/higher-order/behavioral_state.ipynb,python
3874,125,docs/basics/openscope_databook/docs/first-order/openscope_databook/docs/higher-order/cebra_time.ipynb,python
3875,125,docs/basics/openscope_databook/docs/first-order/openscope_databook/docs/higher-order/glm.ipynb,python
3876,125,docs/basics/openscope_databook/docs/first-order/openscope_databook/docs/higher-order/tca.ipynb,python
3877,125,docs/basics/openscope_databook/docs/first-order/openscope_databook/docs/projects/barcoding.ipynb,python
3878,125,docs/basics/openscope_databook/docs/first-order/openscope_databook/docs/projects/cred_assign_figures.ipynb,python
3879,125,docs/basics/openscope_databook/docs/first-order/openscope_databook/docs/projects/dendritic_coupling.ipynb,python
3880,125,docs/basics/openscope_databook/docs/first-order/openscope_databook/docs/projects/glo.ipynb,python
3881,125,docs/basics/openscope_databook/docs/first-order/openscope_databook/docs/projects/illusion.ipynb,python
3882,125,docs/basics/openscope_databook/docs/first-order/openscope_databook/docs/projects/loop.ipynb,python
3883,125,docs/basics/openscope_databook/docs/first-order/openscope_databook/docs/projects/predictive_processing_ephys.ipynb,python
3884,125,docs/basics/openscope_databook/docs/first-order/openscope_databook/docs/projects/predictive_processing_ophys.ipynb,python
3885,125,docs/basics/openscope_databook/docs/first-order/openscope_databook/docs/projects/psycode.ipynb,python
3886,125,docs/basics/openscope_databook/docs/first-order/openscope_databook/docs/projects/sequence_learning.ipynb,python
3887,125,docs/basics/openscope_databook/docs/first-order/openscope_databook/docs/projects/texture.ipynb,python
3888,125,docs/basics/openscope_databook/docs/first-order/openscope_databook/docs/projects/texture_get_dandiset_metadata.ipynb,python
3889,125,docs/basics/openscope_databook/docs/first-order/openscope_databook/docs/projects/vippo.ipynb,python
3890,125,docs/basics/openscope_databook/docs/first-order/openscope_databook/docs/projects/vismo.ipynb,python
3891,125,docs/basics/openscope_databook/docs/first-order/openscope_databook/docs/visualization/visualize_2p_VR_behavior.ipynb,python
3892,125,docs/basics/openscope_databook/docs/first-order/openscope_databook/docs/visualization/visualize_2p_raw.ipynb,python
3893,125,docs/basics/openscope_databook/docs/first-order/openscope_databook/docs/visualization/visualize_2p_responses.ipynb,python
3894,125,docs/basics/openscope_databook/docs/first-order/openscope_databook/docs/visualization/visualize_behavior.ipynb,python
3895,125,docs/basics/openscope_databook/docs/first-order/openscope_databook/docs/visualization/visualize_lfp_responses.ipynb,python
3896,125,docs/basics/openscope_databook/docs/first-order/openscope_databook/docs/visualization/visualize_neuropixels_probes.ipynb,python
3897,125,docs/basics/openscope_databook/docs/first-order/openscope_databook/docs/visualization/visualize_templates.ipynb,python
3898,125,docs/basics/openscope_databook/docs/first-order/openscope_databook/docs/visualization/visualize_unit_metrics.ipynb,python
3899,125,docs/basics/openscope_databook/docs/first-order/openscope_databook/docs/visualization/visualize_unit_responses.ipynb,python
3900,125,docs/basics/openscope_databook/docs/first-order/openscope_databook/docs/visualization/visualize_unit_spikes.ipynb,python
3901,125,docs/basics/openscope_databook/docs/higher-order/openscope_databook/docs/basics/download_nwb.ipynb,python
3902,125,docs/basics/openscope_databook/docs/higher-order/openscope_databook/docs/basics/get_dandiset_metadata.ipynb,python
3903,125,docs/basics/openscope_databook/docs/higher-order/openscope_databook/docs/basics/read_nwb.ipynb,python
3904,125,docs/basics/openscope_databook/docs/higher-order/openscope_databook/docs/basics/stream_nwb.ipynb,python
3905,125,docs/basics/openscope_databook/docs/higher-order/openscope_databook/docs/first-order/cell_matching.ipynb,python
3906,125,docs/basics/openscope_databook/docs/higher-order/openscope_databook/docs/first-order/classify_waveforms.ipynb,python
3907,125,docs/basics/openscope_databook/docs/higher-order/openscope_databook/docs/first-order/current_source_density.ipynb,python
3908,125,docs/basics/openscope_databook/docs/higher-order/openscope_databook/docs/first-order/modality_alignment.ipynb,python
3909,125,docs/basics/openscope_databook/docs/higher-order/openscope_databook/docs/first-order/optotagging.ipynb,python
3910,125,docs/basics/openscope_databook/docs/higher-order/openscope_databook/docs/first-order/receptive_fields.ipynb,python
3911,125,docs/basics/openscope_databook/docs/higher-order/openscope_databook/docs/first-order/suite2p.ipynb,python
3912,125,docs/basics/openscope_databook/docs/higher-order/openscope_databook/docs/first-order/test_2p_responses.ipynb,python
3913,125,docs/basics/openscope_databook/docs/higher-order/openscope_databook/docs/first-order/test_unit_responses.ipynb,python
3914,125,docs/basics/openscope_databook/docs/higher-order/openscope_databook/docs/higher-order/GLM_pynapple_nemos.ipynb,python
3915,125,docs/basics/openscope_databook/docs/higher-order/openscope_databook/docs/higher-order/behavioral_state.ipynb,python
3916,125,docs/basics/openscope_databook/docs/higher-order/openscope_databook/docs/higher-order/cebra_time.ipynb,python
3917,125,docs/basics/openscope_databook/docs/higher-order/openscope_databook/docs/higher-order/glm.ipynb,python
3918,125,docs/basics/openscope_databook/docs/higher-order/openscope_databook/docs/higher-order/tca.ipynb,python
3919,125,docs/basics/openscope_databook/docs/higher-order/openscope_databook/docs/projects/barcoding.ipynb,python
3920,125,docs/basics/openscope_databook/docs/higher-order/openscope_databook/docs/projects/cred_assign_figures.ipynb,python
3921,125,docs/basics/openscope_databook/docs/higher-order/openscope_databook/docs/projects/dendritic_coupling.ipynb,python
3922,125,docs/basics/openscope_databook/docs/higher-order/openscope_databook/docs/projects/glo.ipynb,python
3923,125,docs/basics/openscope_databook/docs/higher-order/openscope_databook/docs/projects/illusion.ipynb,python
3924,125,docs/basics/openscope_databook/docs/higher-order/openscope_databook/docs/projects/loop.ipynb,python
3925,125,docs/basics/openscope_databook/docs/higher-order/openscope_databook/docs/projects/predictive_processing_ephys.ipynb,python
3926,125,docs/basics/openscope_databook/docs/higher-order/openscope_databook/docs/projects/predictive_processing_ophys.ipynb,python
3927,125,docs/basics/openscope_databook/docs/higher-order/openscope_databook/docs/projects/psycode.ipynb,python
3928,125,docs/basics/openscope_databook/docs/higher-order/openscope_databook/docs/projects/sequence_learning.ipynb,python
3929,125,docs/basics/openscope_databook/docs/higher-order/openscope_databook/docs/projects/texture.ipynb,python
3930,125,docs/basics/openscope_databook/docs/higher-order/openscope_databook/docs/projects/texture_get_dandiset_metadata.ipynb,python
3931,125,docs/basics/openscope_databook/docs/higher-order/openscope_databook/docs/projects/vippo.ipynb,python
3932,125,docs/basics/openscope_databook/docs/higher-order/openscope_databook/docs/projects/vismo.ipynb,python
3933,125,docs/basics/openscope_databook/docs/higher-order/openscope_databook/docs/visualization/visualize_2p_VR_behavior.ipynb,python
3934,125,docs/basics/openscope_databook/docs/higher-order/openscope_databook/docs/visualization/visualize_2p_raw.ipynb,python
3935,125,docs/basics/openscope_databook/docs/higher-order/openscope_databook/docs/visualization/visualize_2p_responses.ipynb,python
3936,125,docs/basics/openscope_databook/docs/higher-order/openscope_databook/docs/visualization/visualize_behavior.ipynb,python
3937,125,docs/basics/openscope_databook/docs/higher-order/openscope_databook/docs/visualization/visualize_lfp_responses.ipynb,python
3938,125,docs/basics/openscope_databook/docs/higher-order/openscope_databook/docs/visualization/visualize_neuropixels_probes.ipynb,python
3939,125,docs/basics/openscope_databook/docs/higher-order/openscope_databook/docs/visualization/visualize_templates.ipynb,python
3940,125,docs/basics/openscope_databook/docs/higher-order/openscope_databook/docs/visualization/visualize_unit_metrics.ipynb,python
3941,125,docs/basics/openscope_databook/docs/higher-order/openscope_databook/docs/visualization/visualize_unit_responses.ipynb,python
3942,125,docs/basics/openscope_databook/docs/higher-order/openscope_databook/docs/visualization/visualize_unit_spikes.ipynb,python
3943,125,docs/basics/openscope_databook/docs/projects/openscope_databook/docs/basics/download_nwb.ipynb,python
3944,125,docs/basics/openscope_databook/docs/projects/openscope_databook/docs/basics/get_dandiset_metadata.ipynb,python
3945,125,docs/basics/openscope_databook/docs/projects/openscope_databook/docs/basics/read_nwb.ipynb,python
3946,125,docs/basics/openscope_databook/docs/projects/openscope_databook/docs/basics/stream_nwb.ipynb,python
3947,125,docs/basics/openscope_databook/docs/projects/openscope_databook/docs/first-order/cell_matching.ipynb,python
3948,125,docs/basics/openscope_databook/docs/projects/openscope_databook/docs/first-order/classify_waveforms.ipynb,python
3949,125,docs/basics/openscope_databook/docs/projects/openscope_databook/docs/first-order/current_source_density.ipynb,python
3950,125,docs/basics/openscope_databook/docs/projects/openscope_databook/docs/first-order/modality_alignment.ipynb,python
3951,125,docs/basics/openscope_databook/docs/projects/openscope_databook/docs/first-order/optotagging.ipynb,python
3952,125,docs/basics/openscope_databook/docs/projects/openscope_databook/docs/first-order/receptive_fields.ipynb,python
3953,125,docs/basics/openscope_databook/docs/projects/openscope_databook/docs/first-order/suite2p.ipynb,python
3954,125,docs/basics/openscope_databook/docs/projects/openscope_databook/docs/first-order/test_2p_responses.ipynb,python
3955,125,docs/basics/openscope_databook/docs/projects/openscope_databook/docs/first-order/test_unit_responses.ipynb,python
3956,125,docs/basics/openscope_databook/docs/projects/openscope_databook/docs/higher-order/GLM_pynapple_nemos.ipynb,python
3957,125,docs/basics/openscope_databook/docs/projects/openscope_databook/docs/higher-order/behavioral_state.ipynb,python
3958,125,docs/basics/openscope_databook/docs/projects/openscope_databook/docs/higher-order/cebra_time.ipynb,python
3959,125,docs/basics/openscope_databook/docs/projects/openscope_databook/docs/higher-order/glm.ipynb,python
3960,125,docs/basics/openscope_databook/docs/projects/openscope_databook/docs/higher-order/tca.ipynb,python
3961,125,docs/basics/openscope_databook/docs/projects/openscope_databook/docs/projects/barcoding.ipynb,python
3962,125,docs/basics/openscope_databook/docs/projects/openscope_databook/docs/projects/cred_assign_figures.ipynb,python
3963,125,docs/basics/openscope_databook/docs/projects/openscope_databook/docs/projects/dendritic_coupling.ipynb,python
3964,125,docs/basics/openscope_databook/docs/projects/openscope_databook/docs/projects/glo.ipynb,python
3965,125,docs/basics/openscope_databook/docs/projects/openscope_databook/docs/projects/illusion.ipynb,python
3966,125,docs/basics/openscope_databook/docs/projects/openscope_databook/docs/projects/loop.ipynb,python
3967,125,docs/basics/openscope_databook/docs/projects/openscope_databook/docs/projects/predictive_processing_ephys.ipynb,python
3968,125,docs/basics/openscope_databook/docs/projects/openscope_databook/docs/projects/predictive_processing_ophys.ipynb,python
3969,125,docs/basics/openscope_databook/docs/projects/openscope_databook/docs/projects/psycode.ipynb,python
3970,125,docs/basics/openscope_databook/docs/projects/openscope_databook/docs/projects/sequence_learning.ipynb,python
3971,125,docs/basics/openscope_databook/docs/projects/openscope_databook/docs/projects/texture.ipynb,python
3972,125,docs/basics/openscope_databook/docs/projects/openscope_databook/docs/projects/texture_get_dandiset_metadata.ipynb,python
3973,125,docs/basics/openscope_databook/docs/projects/openscope_databook/docs/projects/vippo.ipynb,python
3974,125,docs/basics/openscope_databook/docs/projects/openscope_databook/docs/projects/vismo.ipynb,python
3975,125,docs/basics/openscope_databook/docs/projects/openscope_databook/docs/visualization/visualize_2p_VR_behavior.ipynb,python
3976,125,docs/basics/openscope_databook/docs/projects/openscope_databook/docs/visualization/visualize_2p_raw.ipynb,python
3977,125,docs/basics/openscope_databook/docs/projects/openscope_databook/docs/visualization/visualize_2p_responses.ipynb,python
3978,125,docs/basics/openscope_databook/docs/projects/openscope_databook/docs/visualization/visualize_behavior.ipynb,python
3979,125,docs/basics/openscope_databook/docs/projects/openscope_databook/docs/visualization/visualize_lfp_responses.ipynb,python
3980,125,docs/basics/openscope_databook/docs/projects/openscope_databook/docs/visualization/visualize_neuropixels_probes.ipynb,python
3981,125,docs/basics/openscope_databook/docs/projects/openscope_databook/docs/visualization/visualize_templates.ipynb,python
3982,125,docs/basics/openscope_databook/docs/projects/openscope_databook/docs/visualization/visualize_unit_metrics.ipynb,python
3983,125,docs/basics/openscope_databook/docs/projects/openscope_databook/docs/visualization/visualize_unit_responses.ipynb,python
3984,125,docs/basics/openscope_databook/docs/projects/openscope_databook/docs/visualization/visualize_unit_spikes.ipynb,python
3985,125,docs/basics/openscope_databook/docs/visualization/openscope_databook/docs/basics/download_nwb.ipynb,python
3986,125,docs/basics/openscope_databook/docs/visualization/openscope_databook/docs/basics/get_dandiset_metadata.ipynb,python
3987,125,docs/basics/openscope_databook/docs/visualization/openscope_databook/docs/basics/read_nwb.ipynb,python
3988,125,docs/basics/openscope_databook/docs/visualization/openscope_databook/docs/basics/stream_nwb.ipynb,python
3989,125,docs/basics/openscope_databook/docs/visualization/openscope_databook/docs/first-order/cell_matching.ipynb,python
3990,125,docs/basics/openscope_databook/docs/visualization/openscope_databook/docs/first-order/classify_waveforms.ipynb,python
3991,125,docs/basics/openscope_databook/docs/visualization/openscope_databook/docs/first-order/current_source_density.ipynb,python
3992,125,docs/basics/openscope_databook/docs/visualization/openscope_databook/docs/first-order/modality_alignment.ipynb,python
3993,125,docs/basics/openscope_databook/docs/visualization/openscope_databook/docs/first-order/optotagging.ipynb,python
3994,125,docs/basics/openscope_databook/docs/visualization/openscope_databook/docs/first-order/receptive_fields.ipynb,python
3995,125,docs/basics/openscope_databook/docs/visualization/openscope_databook/docs/first-order/suite2p.ipynb,python
3996,125,docs/basics/openscope_databook/docs/visualization/openscope_databook/docs/first-order/test_2p_responses.ipynb,python
3997,125,docs/basics/openscope_databook/docs/visualization/openscope_databook/docs/first-order/test_unit_responses.ipynb,python
3998,125,docs/basics/openscope_databook/docs/visualization/openscope_databook/docs/higher-order/GLM_pynapple_nemos.ipynb,python
3999,125,docs/basics/openscope_databook/docs/visualization/openscope_databook/docs/higher-order/behavioral_state.ipynb,python
4000,125,docs/basics/openscope_databook/docs/visualization/openscope_databook/docs/higher-order/cebra_time.ipynb,python
4001,125,docs/basics/openscope_databook/docs/visualization/openscope_databook/docs/higher-order/glm.ipynb,python
4002,125,docs/basics/openscope_databook/docs/visualization/openscope_databook/docs/higher-order/tca.ipynb,python
4003,125,docs/basics/openscope_databook/docs/visualization/openscope_databook/docs/projects/barcoding.ipynb,python
4004,125,docs/basics/openscope_databook/docs/visualization/openscope_databook/docs/projects/cred_assign_figures.ipynb,python
4005,125,docs/basics/openscope_databook/docs/visualization/openscope_databook/docs/projects/dendritic_coupling.ipynb,python
4006,125,docs/basics/openscope_databook/docs/visualization/openscope_databook/docs/projects/glo.ipynb,python
4007,125,docs/basics/openscope_databook/docs/visualization/openscope_databook/docs/projects/illusion.ipynb,python
4008,125,docs/basics/openscope_databook/docs/visualization/openscope_databook/docs/projects/loop.ipynb,python
4009,125,docs/basics/openscope_databook/docs/visualization/openscope_databook/docs/projects/predictive_processing_ephys.ipynb,python
4010,125,docs/basics/openscope_databook/docs/visualization/openscope_databook/docs/projects/predictive_processing_ophys.ipynb,python
4011,125,docs/basics/openscope_databook/docs/visualization/openscope_databook/docs/projects/psycode.ipynb,python
4012,125,docs/basics/openscope_databook/docs/visualization/openscope_databook/docs/projects/sequence_learning.ipynb,python
4013,125,docs/basics/openscope_databook/docs/visualization/openscope_databook/docs/projects/texture.ipynb,python
4014,125,docs/basics/openscope_databook/docs/visualization/openscope_databook/docs/projects/texture_get_dandiset_metadata.ipynb,python
4015,125,docs/basics/openscope_databook/docs/visualization/openscope_databook/docs/projects/vippo.ipynb,python
4016,125,docs/basics/openscope_databook/docs/visualization/openscope_databook/docs/projects/vismo.ipynb,python
4017,125,docs/basics/openscope_databook/docs/visualization/openscope_databook/docs/visualization/visualize_2p_VR_behavior.ipynb,python
4018,125,docs/basics/openscope_databook/docs/visualization/openscope_databook/docs/visualization/visualize_2p_raw.ipynb,python
4019,125,docs/basics/openscope_databook/docs/visualization/openscope_databook/docs/visualization/visualize_2p_responses.ipynb,python
4020,125,docs/basics/openscope_databook/docs/visualization/openscope_databook/docs/visualization/visualize_behavior.ipynb,python
4021,125,docs/basics/openscope_databook/docs/visualization/openscope_databook/docs/visualization/visualize_lfp_responses.ipynb,python
4022,125,docs/basics/openscope_databook/docs/visualization/openscope_databook/docs/visualization/visualize_neuropixels_probes.ipynb,python
4023,125,docs/basics/openscope_databook/docs/visualization/openscope_databook/docs/visualization/visualize_templates.ipynb,python
4024,125,docs/basics/openscope_databook/docs/visualization/openscope_databook/docs/visualization/visualize_unit_metrics.ipynb,python
4025,125,docs/basics/openscope_databook/docs/visualization/openscope_databook/docs/visualization/visualize_unit_responses.ipynb,python
4026,125,docs/basics/openscope_databook/docs/visualization/openscope_databook/docs/visualization/visualize_unit_spikes.ipynb,python
4027,125,docs/embargoed/openscope_databook/docs/basics/openscope_databook/docs/basics/download_nwb.ipynb,python
4028,125,docs/embargoed/openscope_databook/docs/basics/openscope_databook/docs/basics/get_dandiset_metadata.ipynb,python
4029,125,docs/embargoed/openscope_databook/docs/basics/openscope_databook/docs/basics/read_nwb.ipynb,python
4030,125,docs/embargoed/openscope_databook/docs/basics/openscope_databook/docs/basics/stream_nwb.ipynb,python
4031,125,docs/embargoed/openscope_databook/docs/basics/openscope_databook/docs/first-order/cell_matching.ipynb,python
4032,125,docs/embargoed/openscope_databook/docs/basics/openscope_databook/docs/first-order/classify_waveforms.ipynb,python
4033,125,docs/embargoed/openscope_databook/docs/basics/openscope_databook/docs/first-order/current_source_density.ipynb,python
4034,125,docs/embargoed/openscope_databook/docs/basics/openscope_databook/docs/first-order/modality_alignment.ipynb,python
4035,125,docs/embargoed/openscope_databook/docs/basics/openscope_databook/docs/first-order/optotagging.ipynb,python
4036,125,docs/embargoed/openscope_databook/docs/basics/openscope_databook/docs/first-order/receptive_fields.ipynb,python
4037,125,docs/embargoed/openscope_databook/docs/basics/openscope_databook/docs/first-order/suite2p.ipynb,python
4038,125,docs/embargoed/openscope_databook/docs/basics/openscope_databook/docs/first-order/test_2p_responses.ipynb,python
4039,125,docs/embargoed/openscope_databook/docs/basics/openscope_databook/docs/first-order/test_unit_responses.ipynb,python
4040,125,docs/embargoed/openscope_databook/docs/basics/openscope_databook/docs/higher-order/GLM_pynapple_nemos.ipynb,python
4041,125,docs/embargoed/openscope_databook/docs/basics/openscope_databook/docs/higher-order/behavioral_state.ipynb,python
4042,125,docs/embargoed/openscope_databook/docs/basics/openscope_databook/docs/higher-order/cebra_time.ipynb,python
4043,125,docs/embargoed/openscope_databook/docs/basics/openscope_databook/docs/higher-order/glm.ipynb,python
4044,125,docs/embargoed/openscope_databook/docs/basics/openscope_databook/docs/higher-order/tca.ipynb,python
4045,125,docs/embargoed/openscope_databook/docs/basics/openscope_databook/docs/projects/barcoding.ipynb,python
4046,125,docs/embargoed/openscope_databook/docs/basics/openscope_databook/docs/projects/cred_assign_figures.ipynb,python
4047,125,docs/embargoed/openscope_databook/docs/basics/openscope_databook/docs/projects/dendritic_coupling.ipynb,python
4048,125,docs/embargoed/openscope_databook/docs/basics/openscope_databook/docs/projects/glo.ipynb,python
4049,125,docs/embargoed/openscope_databook/docs/basics/openscope_databook/docs/projects/illusion.ipynb,python
4050,125,docs/embargoed/openscope_databook/docs/basics/openscope_databook/docs/projects/loop.ipynb,python
4051,125,docs/embargoed/openscope_databook/docs/basics/openscope_databook/docs/projects/predictive_processing_ephys.ipynb,python
4052,125,docs/embargoed/openscope_databook/docs/basics/openscope_databook/docs/projects/predictive_processing_ophys.ipynb,python
4053,125,docs/embargoed/openscope_databook/docs/basics/openscope_databook/docs/projects/psycode.ipynb,python
4054,125,docs/embargoed/openscope_databook/docs/basics/openscope_databook/docs/projects/sequence_learning.ipynb,python
4055,125,docs/embargoed/openscope_databook/docs/basics/openscope_databook/docs/projects/texture.ipynb,python
4056,125,docs/embargoed/openscope_databook/docs/basics/openscope_databook/docs/projects/texture_get_dandiset_metadata.ipynb,python
4057,125,docs/embargoed/openscope_databook/docs/basics/openscope_databook/docs/projects/vippo.ipynb,python
4058,125,docs/embargoed/openscope_databook/docs/basics/openscope_databook/docs/projects/vismo.ipynb,python
4059,125,docs/embargoed/openscope_databook/docs/basics/openscope_databook/docs/visualization/visualize_2p_VR_behavior.ipynb,python
4060,125,docs/embargoed/openscope_databook/docs/basics/openscope_databook/docs/visualization/visualize_2p_raw.ipynb,python
4061,125,docs/embargoed/openscope_databook/docs/basics/openscope_databook/docs/visualization/visualize_2p_responses.ipynb,python
4062,125,docs/embargoed/openscope_databook/docs/basics/openscope_databook/docs/visualization/visualize_behavior.ipynb,python
4063,125,docs/embargoed/openscope_databook/docs/basics/openscope_databook/docs/visualization/visualize_lfp_responses.ipynb,python
4064,125,docs/embargoed/openscope_databook/docs/basics/openscope_databook/docs/visualization/visualize_neuropixels_probes.ipynb,python
4065,125,docs/embargoed/openscope_databook/docs/basics/openscope_databook/docs/visualization/visualize_templates.ipynb,python
4066,125,docs/embargoed/openscope_databook/docs/basics/openscope_databook/docs/visualization/visualize_unit_metrics.ipynb,python
4067,125,docs/embargoed/openscope_databook/docs/basics/openscope_databook/docs/visualization/visualize_unit_responses.ipynb,python
4068,125,docs/embargoed/openscope_databook/docs/basics/openscope_databook/docs/visualization/visualize_unit_spikes.ipynb,python
4069,125,docs/embargoed/openscope_databook/docs/first-order/openscope_databook/docs/basics/download_nwb.ipynb,python
4070,125,docs/embargoed/openscope_databook/docs/first-order/openscope_databook/docs/basics/get_dandiset_metadata.ipynb,python
4071,125,docs/embargoed/openscope_databook/docs/first-order/openscope_databook/docs/basics/read_nwb.ipynb,python
4072,125,docs/embargoed/openscope_databook/docs/first-order/openscope_databook/docs/basics/stream_nwb.ipynb,python
4073,125,docs/embargoed/openscope_databook/docs/first-order/openscope_databook/docs/first-order/cell_matching.ipynb,python
4074,125,docs/embargoed/openscope_databook/docs/first-order/openscope_databook/docs/first-order/classify_waveforms.ipynb,python
4075,125,docs/embargoed/openscope_databook/docs/first-order/openscope_databook/docs/first-order/current_source_density.ipynb,python
4076,125,docs/embargoed/openscope_databook/docs/first-order/openscope_databook/docs/first-order/modality_alignment.ipynb,python
4077,125,docs/embargoed/openscope_databook/docs/first-order/openscope_databook/docs/first-order/optotagging.ipynb,python
4078,125,docs/embargoed/openscope_databook/docs/first-order/openscope_databook/docs/first-order/receptive_fields.ipynb,python
4079,125,docs/embargoed/openscope_databook/docs/first-order/openscope_databook/docs/first-order/suite2p.ipynb,python
4080,125,docs/embargoed/openscope_databook/docs/first-order/openscope_databook/docs/first-order/test_2p_responses.ipynb,python
4081,125,docs/embargoed/openscope_databook/docs/first-order/openscope_databook/docs/first-order/test_unit_responses.ipynb,python
4082,125,docs/embargoed/openscope_databook/docs/first-order/openscope_databook/docs/higher-order/GLM_pynapple_nemos.ipynb,python
4083,125,docs/embargoed/openscope_databook/docs/first-order/openscope_databook/docs/higher-order/behavioral_state.ipynb,python
4084,125,docs/embargoed/openscope_databook/docs/first-order/openscope_databook/docs/higher-order/cebra_time.ipynb,python
4085,125,docs/embargoed/openscope_databook/docs/first-order/openscope_databook/docs/higher-order/glm.ipynb,python
4086,125,docs/embargoed/openscope_databook/docs/first-order/openscope_databook/docs/higher-order/tca.ipynb,python
4087,125,docs/embargoed/openscope_databook/docs/first-order/openscope_databook/docs/projects/barcoding.ipynb,python
4088,125,docs/embargoed/openscope_databook/docs/first-order/openscope_databook/docs/projects/cred_assign_figures.ipynb,python
4089,125,docs/embargoed/openscope_databook/docs/first-order/openscope_databook/docs/projects/dendritic_coupling.ipynb,python
4090,125,docs/embargoed/openscope_databook/docs/first-order/openscope_databook/docs/projects/glo.ipynb,python
4091,125,docs/embargoed/openscope_databook/docs/first-order/openscope_databook/docs/projects/illusion.ipynb,python
4092,125,docs/embargoed/openscope_databook/docs/first-order/openscope_databook/docs/projects/loop.ipynb,python
4093,125,docs/embargoed/openscope_databook/docs/first-order/openscope_databook/docs/projects/predictive_processing_ephys.ipynb,python
4094,125,docs/embargoed/openscope_databook/docs/first-order/openscope_databook/docs/projects/predictive_processing_ophys.ipynb,python
4095,125,docs/embargoed/openscope_databook/docs/first-order/openscope_databook/docs/projects/psycode.ipynb,python
4096,125,docs/embargoed/openscope_databook/docs/first-order/openscope_databook/docs/projects/sequence_learning.ipynb,python
4097,125,docs/embargoed/openscope_databook/docs/first-order/openscope_databook/docs/projects/texture.ipynb,python
4098,125,docs/embargoed/openscope_databook/docs/first-order/openscope_databook/docs/projects/texture_get_dandiset_metadata.ipynb,python
4099,125,docs/embargoed/openscope_databook/docs/first-order/openscope_databook/docs/projects/vippo.ipynb,python
4100,125,docs/embargoed/openscope_databook/docs/first-order/openscope_databook/docs/projects/vismo.ipynb,python
4101,125,docs/embargoed/openscope_databook/docs/first-order/openscope_databook/docs/visualization/visualize_2p_VR_behavior.ipynb,python
4102,125,docs/embargoed/openscope_databook/docs/first-order/openscope_databook/docs/visualization/visualize_2p_raw.ipynb,python
4103,125,docs/embargoed/openscope_databook/docs/first-order/openscope_databook/docs/visualization/visualize_2p_responses.ipynb,python
4104,125,docs/embargoed/openscope_databook/docs/first-order/openscope_databook/docs/visualization/visualize_behavior.ipynb,python
4105,125,docs/embargoed/openscope_databook/docs/first-order/openscope_databook/docs/visualization/visualize_lfp_responses.ipynb,python
4106,125,docs/embargoed/openscope_databook/docs/first-order/openscope_databook/docs/visualization/visualize_neuropixels_probes.ipynb,python
4107,125,docs/embargoed/openscope_databook/docs/first-order/openscope_databook/docs/visualization/visualize_templates.ipynb,python
4108,125,docs/embargoed/openscope_databook/docs/first-order/openscope_databook/docs/visualization/visualize_unit_metrics.ipynb,python
4109,125,docs/embargoed/openscope_databook/docs/first-order/openscope_databook/docs/visualization/visualize_unit_responses.ipynb,python
4110,125,docs/embargoed/openscope_databook/docs/first-order/openscope_databook/docs/visualization/visualize_unit_spikes.ipynb,python
4111,125,docs/embargoed/openscope_databook/docs/higher-order/openscope_databook/docs/basics/download_nwb.ipynb,python
4112,125,docs/embargoed/openscope_databook/docs/higher-order/openscope_databook/docs/basics/get_dandiset_metadata.ipynb,python
4113,125,docs/embargoed/openscope_databook/docs/higher-order/openscope_databook/docs/basics/read_nwb.ipynb,python
4114,125,docs/embargoed/openscope_databook/docs/higher-order/openscope_databook/docs/basics/stream_nwb.ipynb,python
4115,125,docs/embargoed/openscope_databook/docs/higher-order/openscope_databook/docs/first-order/cell_matching.ipynb,python
4116,125,docs/embargoed/openscope_databook/docs/higher-order/openscope_databook/docs/first-order/classify_waveforms.ipynb,python
4117,125,docs/embargoed/openscope_databook/docs/higher-order/openscope_databook/docs/first-order/current_source_density.ipynb,python
4118,125,docs/embargoed/openscope_databook/docs/higher-order/openscope_databook/docs/first-order/modality_alignment.ipynb,python
4119,125,docs/embargoed/openscope_databook/docs/higher-order/openscope_databook/docs/first-order/optotagging.ipynb,python
4120,125,docs/embargoed/openscope_databook/docs/higher-order/openscope_databook/docs/first-order/receptive_fields.ipynb,python
4121,125,docs/embargoed/openscope_databook/docs/higher-order/openscope_databook/docs/first-order/suite2p.ipynb,python
4122,125,docs/embargoed/openscope_databook/docs/higher-order/openscope_databook/docs/first-order/test_2p_responses.ipynb,python
4123,125,docs/embargoed/openscope_databook/docs/higher-order/openscope_databook/docs/first-order/test_unit_responses.ipynb,python
4124,125,docs/embargoed/openscope_databook/docs/higher-order/openscope_databook/docs/higher-order/GLM_pynapple_nemos.ipynb,python
4125,125,docs/embargoed/openscope_databook/docs/higher-order/openscope_databook/docs/higher-order/behavioral_state.ipynb,python
4126,125,docs/embargoed/openscope_databook/docs/higher-order/openscope_databook/docs/higher-order/cebra_time.ipynb,python
4127,125,docs/embargoed/openscope_databook/docs/higher-order/openscope_databook/docs/higher-order/glm.ipynb,python
4128,125,docs/embargoed/openscope_databook/docs/higher-order/openscope_databook/docs/higher-order/tca.ipynb,python
4129,125,docs/embargoed/openscope_databook/docs/higher-order/openscope_databook/docs/projects/barcoding.ipynb,python
4130,125,docs/embargoed/openscope_databook/docs/higher-order/openscope_databook/docs/projects/cred_assign_figures.ipynb,python
4131,125,docs/embargoed/openscope_databook/docs/higher-order/openscope_databook/docs/projects/dendritic_coupling.ipynb,python
4132,125,docs/embargoed/openscope_databook/docs/higher-order/openscope_databook/docs/projects/glo.ipynb,python
4133,125,docs/embargoed/openscope_databook/docs/higher-order/openscope_databook/docs/projects/illusion.ipynb,python
4134,125,docs/embargoed/openscope_databook/docs/higher-order/openscope_databook/docs/projects/loop.ipynb,python
4135,125,docs/embargoed/openscope_databook/docs/higher-order/openscope_databook/docs/projects/predictive_processing_ephys.ipynb,python
4136,125,docs/embargoed/openscope_databook/docs/higher-order/openscope_databook/docs/projects/predictive_processing_ophys.ipynb,python
4137,125,docs/embargoed/openscope_databook/docs/higher-order/openscope_databook/docs/projects/psycode.ipynb,python
4138,125,docs/embargoed/openscope_databook/docs/higher-order/openscope_databook/docs/projects/sequence_learning.ipynb,python
4139,125,docs/embargoed/openscope_databook/docs/higher-order/openscope_databook/docs/projects/texture.ipynb,python
4140,125,docs/embargoed/openscope_databook/docs/higher-order/openscope_databook/docs/projects/texture_get_dandiset_metadata.ipynb,python
4141,125,docs/embargoed/openscope_databook/docs/higher-order/openscope_databook/docs/projects/vippo.ipynb,python
4142,125,docs/embargoed/openscope_databook/docs/higher-order/openscope_databook/docs/projects/vismo.ipynb,python
4143,125,docs/embargoed/openscope_databook/docs/higher-order/openscope_databook/docs/visualization/visualize_2p_VR_behavior.ipynb,python
4144,125,docs/embargoed/openscope_databook/docs/higher-order/openscope_databook/docs/visualization/visualize_2p_raw.ipynb,python
4145,125,docs/embargoed/openscope_databook/docs/higher-order/openscope_databook/docs/visualization/visualize_2p_responses.ipynb,python
4146,125,docs/embargoed/openscope_databook/docs/higher-order/openscope_databook/docs/visualization/visualize_behavior.ipynb,python
4147,125,docs/embargoed/openscope_databook/docs/higher-order/openscope_databook/docs/visualization/visualize_lfp_responses.ipynb,python
4148,125,docs/embargoed/openscope_databook/docs/higher-order/openscope_databook/docs/visualization/visualize_neuropixels_probes.ipynb,python
4149,125,docs/embargoed/openscope_databook/docs/higher-order/openscope_databook/docs/visualization/visualize_templates.ipynb,python
4150,125,docs/embargoed/openscope_databook/docs/higher-order/openscope_databook/docs/visualization/visualize_unit_metrics.ipynb,python
4151,125,docs/embargoed/openscope_databook/docs/higher-order/openscope_databook/docs/visualization/visualize_unit_responses.ipynb,python
4152,125,docs/embargoed/openscope_databook/docs/higher-order/openscope_databook/docs/visualization/visualize_unit_spikes.ipynb,python
4153,125,docs/embargoed/openscope_databook/docs/projects/openscope_databook/docs/basics/download_nwb.ipynb,python
4154,125,docs/embargoed/openscope_databook/docs/projects/openscope_databook/docs/basics/get_dandiset_metadata.ipynb,python
4155,125,docs/embargoed/openscope_databook/docs/projects/openscope_databook/docs/basics/read_nwb.ipynb,python
4156,125,docs/embargoed/openscope_databook/docs/projects/openscope_databook/docs/basics/stream_nwb.ipynb,python
4157,125,docs/embargoed/openscope_databook/docs/projects/openscope_databook/docs/first-order/cell_matching.ipynb,python
4158,125,docs/embargoed/openscope_databook/docs/projects/openscope_databook/docs/first-order/classify_waveforms.ipynb,python
4159,125,docs/embargoed/openscope_databook/docs/projects/openscope_databook/docs/first-order/current_source_density.ipynb,python
4160,125,docs/embargoed/openscope_databook/docs/projects/openscope_databook/docs/first-order/modality_alignment.ipynb,python
4161,125,docs/embargoed/openscope_databook/docs/projects/openscope_databook/docs/first-order/optotagging.ipynb,python
4162,125,docs/embargoed/openscope_databook/docs/projects/openscope_databook/docs/first-order/receptive_fields.ipynb,python
4163,125,docs/embargoed/openscope_databook/docs/projects/openscope_databook/docs/first-order/suite2p.ipynb,python
4164,125,docs/embargoed/openscope_databook/docs/projects/openscope_databook/docs/first-order/test_2p_responses.ipynb,python
4165,125,docs/embargoed/openscope_databook/docs/projects/openscope_databook/docs/first-order/test_unit_responses.ipynb,python
4166,125,docs/embargoed/openscope_databook/docs/projects/openscope_databook/docs/higher-order/GLM_pynapple_nemos.ipynb,python
4167,125,docs/embargoed/openscope_databook/docs/projects/openscope_databook/docs/higher-order/behavioral_state.ipynb,python
4168,125,docs/embargoed/openscope_databook/docs/projects/openscope_databook/docs/higher-order/cebra_time.ipynb,python
4169,125,docs/embargoed/openscope_databook/docs/projects/openscope_databook/docs/higher-order/glm.ipynb,python
4170,125,docs/embargoed/openscope_databook/docs/projects/openscope_databook/docs/higher-order/tca.ipynb,python
4171,125,docs/embargoed/openscope_databook/docs/projects/openscope_databook/docs/projects/barcoding.ipynb,python
4172,125,docs/embargoed/openscope_databook/docs/projects/openscope_databook/docs/projects/cred_assign_figures.ipynb,python
4173,125,docs/embargoed/openscope_databook/docs/projects/openscope_databook/docs/projects/dendritic_coupling.ipynb,python
4174,125,docs/embargoed/openscope_databook/docs/projects/openscope_databook/docs/projects/glo.ipynb,python
4175,125,docs/embargoed/openscope_databook/docs/projects/openscope_databook/docs/projects/illusion.ipynb,python
4176,125,docs/embargoed/openscope_databook/docs/projects/openscope_databook/docs/projects/loop.ipynb,python
4177,125,docs/embargoed/openscope_databook/docs/projects/openscope_databook/docs/projects/predictive_processing_ephys.ipynb,python
4178,125,docs/embargoed/openscope_databook/docs/projects/openscope_databook/docs/projects/predictive_processing_ophys.ipynb,python
4179,125,docs/embargoed/openscope_databook/docs/projects/openscope_databook/docs/projects/psycode.ipynb,python
4180,125,docs/embargoed/openscope_databook/docs/projects/openscope_databook/docs/projects/sequence_learning.ipynb,python
4181,125,docs/embargoed/openscope_databook/docs/projects/openscope_databook/docs/projects/texture.ipynb,python
4182,125,docs/embargoed/openscope_databook/docs/projects/openscope_databook/docs/projects/texture_get_dandiset_metadata.ipynb,python
4183,125,docs/embargoed/openscope_databook/docs/projects/openscope_databook/docs/projects/vippo.ipynb,python
4184,125,docs/embargoed/openscope_databook/docs/projects/openscope_databook/docs/projects/vismo.ipynb,python
4185,125,docs/embargoed/openscope_databook/docs/projects/openscope_databook/docs/visualization/visualize_2p_VR_behavior.ipynb,python
4186,125,docs/embargoed/openscope_databook/docs/projects/openscope_databook/docs/visualization/visualize_2p_raw.ipynb,python
4187,125,docs/embargoed/openscope_databook/docs/projects/openscope_databook/docs/visualization/visualize_2p_responses.ipynb,python
4188,125,docs/embargoed/openscope_databook/docs/projects/openscope_databook/docs/visualization/visualize_behavior.ipynb,python
4189,125,docs/embargoed/openscope_databook/docs/projects/openscope_databook/docs/visualization/visualize_lfp_responses.ipynb,python
4190,125,docs/embargoed/openscope_databook/docs/projects/openscope_databook/docs/visualization/visualize_neuropixels_probes.ipynb,python
4191,125,docs/embargoed/openscope_databook/docs/projects/openscope_databook/docs/visualization/visualize_templates.ipynb,python
4192,125,docs/embargoed/openscope_databook/docs/projects/openscope_databook/docs/visualization/visualize_unit_metrics.ipynb,python
4193,125,docs/embargoed/openscope_databook/docs/projects/openscope_databook/docs/visualization/visualize_unit_responses.ipynb,python
4194,125,docs/embargoed/openscope_databook/docs/projects/openscope_databook/docs/visualization/visualize_unit_spikes.ipynb,python
4195,125,docs/embargoed/openscope_databook/docs/visualization/openscope_databook/docs/basics/download_nwb.ipynb,python
4196,125,docs/embargoed/openscope_databook/docs/visualization/openscope_databook/docs/basics/get_dandiset_metadata.ipynb,python
4197,125,docs/embargoed/openscope_databook/docs/visualization/openscope_databook/docs/basics/read_nwb.ipynb,python
4198,125,docs/embargoed/openscope_databook/docs/visualization/openscope_databook/docs/basics/stream_nwb.ipynb,python
4199,125,docs/embargoed/openscope_databook/docs/visualization/openscope_databook/docs/first-order/cell_matching.ipynb,python
4200,125,docs/embargoed/openscope_databook/docs/visualization/openscope_databook/docs/first-order/classify_waveforms.ipynb,python
4201,125,docs/embargoed/openscope_databook/docs/visualization/openscope_databook/docs/first-order/current_source_density.ipynb,python
4202,125,docs/embargoed/openscope_databook/docs/visualization/openscope_databook/docs/first-order/modality_alignment.ipynb,python
4203,125,docs/embargoed/openscope_databook/docs/visualization/openscope_databook/docs/first-order/optotagging.ipynb,python
4204,125,docs/embargoed/openscope_databook/docs/visualization/openscope_databook/docs/first-order/receptive_fields.ipynb,python
4205,125,docs/embargoed/openscope_databook/docs/visualization/openscope_databook/docs/first-order/suite2p.ipynb,python
4206,125,docs/embargoed/openscope_databook/docs/visualization/openscope_databook/docs/first-order/test_2p_responses.ipynb,python
4207,125,docs/embargoed/openscope_databook/docs/visualization/openscope_databook/docs/first-order/test_unit_responses.ipynb,python
4208,125,docs/embargoed/openscope_databook/docs/visualization/openscope_databook/docs/higher-order/GLM_pynapple_nemos.ipynb,python
4209,125,docs/embargoed/openscope_databook/docs/visualization/openscope_databook/docs/higher-order/behavioral_state.ipynb,python
4210,125,docs/embargoed/openscope_databook/docs/visualization/openscope_databook/docs/higher-order/cebra_time.ipynb,python
4211,125,docs/embargoed/openscope_databook/docs/visualization/openscope_databook/docs/higher-order/glm.ipynb,python
4212,125,docs/embargoed/openscope_databook/docs/visualization/openscope_databook/docs/higher-order/tca.ipynb,python
4213,125,docs/embargoed/openscope_databook/docs/visualization/openscope_databook/docs/projects/barcoding.ipynb,python
4214,125,docs/embargoed/openscope_databook/docs/visualization/openscope_databook/docs/projects/cred_assign_figures.ipynb,python
4215,125,docs/embargoed/openscope_databook/docs/visualization/openscope_databook/docs/projects/dendritic_coupling.ipynb,python
4216,125,docs/embargoed/openscope_databook/docs/visualization/openscope_databook/docs/projects/glo.ipynb,python
4217,125,docs/embargoed/openscope_databook/docs/visualization/openscope_databook/docs/projects/illusion.ipynb,python
4218,125,docs/embargoed/openscope_databook/docs/visualization/openscope_databook/docs/projects/loop.ipynb,python
4219,125,docs/embargoed/openscope_databook/docs/visualization/openscope_databook/docs/projects/predictive_processing_ephys.ipynb,python
4220,125,docs/embargoed/openscope_databook/docs/visualization/openscope_databook/docs/projects/predictive_processing_ophys.ipynb,python
4221,125,docs/embargoed/openscope_databook/docs/visualization/openscope_databook/docs/projects/psycode.ipynb,python
4222,125,docs/embargoed/openscope_databook/docs/visualization/openscope_databook/docs/projects/sequence_learning.ipynb,python
4223,125,docs/embargoed/openscope_databook/docs/visualization/openscope_databook/docs/projects/texture.ipynb,python
4224,125,docs/embargoed/openscope_databook/docs/visualization/openscope_databook/docs/projects/texture_get_dandiset_metadata.ipynb,python
4225,125,docs/embargoed/openscope_databook/docs/visualization/openscope_databook/docs/projects/vippo.ipynb,python
4226,125,docs/embargoed/openscope_databook/docs/visualization/openscope_databook/docs/projects/vismo.ipynb,python
4227,125,docs/embargoed/openscope_databook/docs/visualization/openscope_databook/docs/visualization/visualize_2p_VR_behavior.ipynb,python
4228,125,docs/embargoed/openscope_databook/docs/visualization/openscope_databook/docs/visualization/visualize_2p_raw.ipynb,python
4229,125,docs/embargoed/openscope_databook/docs/visualization/openscope_databook/docs/visualization/visualize_2p_responses.ipynb,python
4230,125,docs/embargoed/openscope_databook/docs/visualization/openscope_databook/docs/visualization/visualize_behavior.ipynb,python
4231,125,docs/embargoed/openscope_databook/docs/visualization/openscope_databook/docs/visualization/visualize_lfp_responses.ipynb,python
4232,125,docs/embargoed/openscope_databook/docs/visualization/openscope_databook/docs/visualization/visualize_neuropixels_probes.ipynb,python
4233,125,docs/embargoed/openscope_databook/docs/visualization/openscope_databook/docs/visualization/visualize_templates.ipynb,python
4234,125,docs/embargoed/openscope_databook/docs/visualization/openscope_databook/docs/visualization/visualize_unit_metrics.ipynb,python
4235,125,docs/embargoed/openscope_databook/docs/visualization/openscope_databook/docs/visualization/visualize_unit_responses.ipynb,python
4236,125,docs/embargoed/openscope_databook/docs/visualization/openscope_databook/docs/visualization/visualize_unit_spikes.ipynb,python
4237,125,docs/first-order/openscope_databook/docs/basics/openscope_databook/docs/basics/download_nwb.ipynb,python
4238,125,docs/first-order/openscope_databook/docs/basics/openscope_databook/docs/basics/get_dandiset_metadata.ipynb,python
4239,125,docs/first-order/openscope_databook/docs/basics/openscope_databook/docs/basics/read_nwb.ipynb,python
4240,125,docs/first-order/openscope_databook/docs/basics/openscope_databook/docs/basics/stream_nwb.ipynb,python
4241,125,docs/first-order/openscope_databook/docs/basics/openscope_databook/docs/first-order/cell_matching.ipynb,python
4242,125,docs/first-order/openscope_databook/docs/basics/openscope_databook/docs/first-order/classify_waveforms.ipynb,python
4243,125,docs/first-order/openscope_databook/docs/basics/openscope_databook/docs/first-order/current_source_density.ipynb,python
4244,125,docs/first-order/openscope_databook/docs/basics/openscope_databook/docs/first-order/modality_alignment.ipynb,python
4245,125,docs/first-order/openscope_databook/docs/basics/openscope_databook/docs/first-order/optotagging.ipynb,python
4246,125,docs/first-order/openscope_databook/docs/basics/openscope_databook/docs/first-order/receptive_fields.ipynb,python
4247,125,docs/first-order/openscope_databook/docs/basics/openscope_databook/docs/first-order/suite2p.ipynb,python
4248,125,docs/first-order/openscope_databook/docs/basics/openscope_databook/docs/first-order/test_2p_responses.ipynb,python
4249,125,docs/first-order/openscope_databook/docs/basics/openscope_databook/docs/first-order/test_unit_responses.ipynb,python
4250,125,docs/first-order/openscope_databook/docs/basics/openscope_databook/docs/higher-order/GLM_pynapple_nemos.ipynb,python
4251,125,docs/first-order/openscope_databook/docs/basics/openscope_databook/docs/higher-order/behavioral_state.ipynb,python
4252,125,docs/first-order/openscope_databook/docs/basics/openscope_databook/docs/higher-order/cebra_time.ipynb,python
4253,125,docs/first-order/openscope_databook/docs/basics/openscope_databook/docs/higher-order/glm.ipynb,python
4254,125,docs/first-order/openscope_databook/docs/basics/openscope_databook/docs/higher-order/tca.ipynb,python
4255,125,docs/first-order/openscope_databook/docs/basics/openscope_databook/docs/projects/barcoding.ipynb,python
4256,125,docs/first-order/openscope_databook/docs/basics/openscope_databook/docs/projects/cred_assign_figures.ipynb,python
4257,125,docs/first-order/openscope_databook/docs/basics/openscope_databook/docs/projects/dendritic_coupling.ipynb,python
4258,125,docs/first-order/openscope_databook/docs/basics/openscope_databook/docs/projects/glo.ipynb,python
4259,125,docs/first-order/openscope_databook/docs/basics/openscope_databook/docs/projects/illusion.ipynb,python
4260,125,docs/first-order/openscope_databook/docs/basics/openscope_databook/docs/projects/loop.ipynb,python
4261,125,docs/first-order/openscope_databook/docs/basics/openscope_databook/docs/projects/predictive_processing_ephys.ipynb,python
4262,125,docs/first-order/openscope_databook/docs/basics/openscope_databook/docs/projects/predictive_processing_ophys.ipynb,python
4263,125,docs/first-order/openscope_databook/docs/basics/openscope_databook/docs/projects/psycode.ipynb,python
4264,125,docs/first-order/openscope_databook/docs/basics/openscope_databook/docs/projects/sequence_learning.ipynb,python
4265,125,docs/first-order/openscope_databook/docs/basics/openscope_databook/docs/projects/texture.ipynb,python
4266,125,docs/first-order/openscope_databook/docs/basics/openscope_databook/docs/projects/texture_get_dandiset_metadata.ipynb,python
4267,125,docs/first-order/openscope_databook/docs/basics/openscope_databook/docs/projects/vippo.ipynb,python
4268,125,docs/first-order/openscope_databook/docs/basics/openscope_databook/docs/projects/vismo.ipynb,python
4269,125,docs/first-order/openscope_databook/docs/basics/openscope_databook/docs/visualization/visualize_2p_VR_behavior.ipynb,python
4270,125,docs/first-order/openscope_databook/docs/basics/openscope_databook/docs/visualization/visualize_2p_raw.ipynb,python
4271,125,docs/first-order/openscope_databook/docs/basics/openscope_databook/docs/visualization/visualize_2p_responses.ipynb,python
4272,125,docs/first-order/openscope_databook/docs/basics/openscope_databook/docs/visualization/visualize_behavior.ipynb,python
4273,125,docs/first-order/openscope_databook/docs/basics/openscope_databook/docs/visualization/visualize_lfp_responses.ipynb,python
4274,125,docs/first-order/openscope_databook/docs/basics/openscope_databook/docs/visualization/visualize_neuropixels_probes.ipynb,python
4275,125,docs/first-order/openscope_databook/docs/basics/openscope_databook/docs/visualization/visualize_templates.ipynb,python
4276,125,docs/first-order/openscope_databook/docs/basics/openscope_databook/docs/visualization/visualize_unit_metrics.ipynb,python
4277,125,docs/first-order/openscope_databook/docs/basics/openscope_databook/docs/visualization/visualize_unit_responses.ipynb,python
4278,125,docs/first-order/openscope_databook/docs/basics/openscope_databook/docs/visualization/visualize_unit_spikes.ipynb,python
4279,125,docs/first-order/openscope_databook/docs/first-order/openscope_databook/docs/basics/download_nwb.ipynb,python
4280,125,docs/first-order/openscope_databook/docs/first-order/openscope_databook/docs/basics/get_dandiset_metadata.ipynb,python
4281,125,docs/first-order/openscope_databook/docs/first-order/openscope_databook/docs/basics/read_nwb.ipynb,python
4282,125,docs/first-order/openscope_databook/docs/first-order/openscope_databook/docs/basics/stream_nwb.ipynb,python
4283,125,docs/first-order/openscope_databook/docs/first-order/openscope_databook/docs/first-order/cell_matching.ipynb,python
4284,125,docs/first-order/openscope_databook/docs/first-order/openscope_databook/docs/first-order/classify_waveforms.ipynb,python
4285,125,docs/first-order/openscope_databook/docs/first-order/openscope_databook/docs/first-order/current_source_density.ipynb,python
4286,125,docs/first-order/openscope_databook/docs/first-order/openscope_databook/docs/first-order/modality_alignment.ipynb,python
4287,125,docs/first-order/openscope_databook/docs/first-order/openscope_databook/docs/first-order/optotagging.ipynb,python
4288,125,docs/first-order/openscope_databook/docs/first-order/openscope_databook/docs/first-order/receptive_fields.ipynb,python
4289,125,docs/first-order/openscope_databook/docs/first-order/openscope_databook/docs/first-order/suite2p.ipynb,python
4290,125,docs/first-order/openscope_databook/docs/first-order/openscope_databook/docs/first-order/test_2p_responses.ipynb,python
4291,125,docs/first-order/openscope_databook/docs/first-order/openscope_databook/docs/first-order/test_unit_responses.ipynb,python
4292,125,docs/first-order/openscope_databook/docs/first-order/openscope_databook/docs/higher-order/GLM_pynapple_nemos.ipynb,python
4293,125,docs/first-order/openscope_databook/docs/first-order/openscope_databook/docs/higher-order/behavioral_state.ipynb,python
4294,125,docs/first-order/openscope_databook/docs/first-order/openscope_databook/docs/higher-order/cebra_time.ipynb,python
4295,125,docs/first-order/openscope_databook/docs/first-order/openscope_databook/docs/higher-order/glm.ipynb,python
4296,125,docs/first-order/openscope_databook/docs/first-order/openscope_databook/docs/higher-order/tca.ipynb,python
4297,125,docs/first-order/openscope_databook/docs/first-order/openscope_databook/docs/projects/barcoding.ipynb,python
4298,125,docs/first-order/openscope_databook/docs/first-order/openscope_databook/docs/projects/cred_assign_figures.ipynb,python
4299,125,docs/first-order/openscope_databook/docs/first-order/openscope_databook/docs/projects/dendritic_coupling.ipynb,python
4300,125,docs/first-order/openscope_databook/docs/first-order/openscope_databook/docs/projects/glo.ipynb,python
4301,125,docs/first-order/openscope_databook/docs/first-order/openscope_databook/docs/projects/illusion.ipynb,python
4302,125,docs/first-order/openscope_databook/docs/first-order/openscope_databook/docs/projects/loop.ipynb,python
4303,125,docs/first-order/openscope_databook/docs/first-order/openscope_databook/docs/projects/predictive_processing_ephys.ipynb,python
4304,125,docs/first-order/openscope_databook/docs/first-order/openscope_databook/docs/projects/predictive_processing_ophys.ipynb,python
4305,125,docs/first-order/openscope_databook/docs/first-order/openscope_databook/docs/projects/psycode.ipynb,python
4306,125,docs/first-order/openscope_databook/docs/first-order/openscope_databook/docs/projects/sequence_learning.ipynb,python
4307,125,docs/first-order/openscope_databook/docs/first-order/openscope_databook/docs/projects/texture.ipynb,python
4308,125,docs/first-order/openscope_databook/docs/first-order/openscope_databook/docs/projects/texture_get_dandiset_metadata.ipynb,python
4309,125,docs/first-order/openscope_databook/docs/first-order/openscope_databook/docs/projects/vippo.ipynb,python
4310,125,docs/first-order/openscope_databook/docs/first-order/openscope_databook/docs/projects/vismo.ipynb,python
4311,125,docs/first-order/openscope_databook/docs/first-order/openscope_databook/docs/visualization/visualize_2p_VR_behavior.ipynb,python
4312,125,docs/first-order/openscope_databook/docs/first-order/openscope_databook/docs/visualization/visualize_2p_raw.ipynb,python
4313,125,docs/first-order/openscope_databook/docs/first-order/openscope_databook/docs/visualization/visualize_2p_responses.ipynb,python
4314,125,docs/first-order/openscope_databook/docs/first-order/openscope_databook/docs/visualization/visualize_behavior.ipynb,python
4315,125,docs/first-order/openscope_databook/docs/first-order/openscope_databook/docs/visualization/visualize_lfp_responses.ipynb,python
4316,125,docs/first-order/openscope_databook/docs/first-order/openscope_databook/docs/visualization/visualize_neuropixels_probes.ipynb,python
4317,125,docs/first-order/openscope_databook/docs/first-order/openscope_databook/docs/visualization/visualize_templates.ipynb,python
4318,125,docs/first-order/openscope_databook/docs/first-order/openscope_databook/docs/visualization/visualize_unit_metrics.ipynb,python
4319,125,docs/first-order/openscope_databook/docs/first-order/openscope_databook/docs/visualization/visualize_unit_responses.ipynb,python
4320,125,docs/first-order/openscope_databook/docs/first-order/openscope_databook/docs/visualization/visualize_unit_spikes.ipynb,python
4321,125,docs/first-order/openscope_databook/docs/higher-order/openscope_databook/docs/basics/download_nwb.ipynb,python
4322,125,docs/first-order/openscope_databook/docs/higher-order/openscope_databook/docs/basics/get_dandiset_metadata.ipynb,python
4323,125,docs/first-order/openscope_databook/docs/higher-order/openscope_databook/docs/basics/read_nwb.ipynb,python
4324,125,docs/first-order/openscope_databook/docs/higher-order/openscope_databook/docs/basics/stream_nwb.ipynb,python
4325,125,docs/first-order/openscope_databook/docs/higher-order/openscope_databook/docs/first-order/cell_matching.ipynb,python
4326,125,docs/first-order/openscope_databook/docs/higher-order/openscope_databook/docs/first-order/classify_waveforms.ipynb,python
4327,125,docs/first-order/openscope_databook/docs/higher-order/openscope_databook/docs/first-order/current_source_density.ipynb,python
4328,125,docs/first-order/openscope_databook/docs/higher-order/openscope_databook/docs/first-order/modality_alignment.ipynb,python
4329,125,docs/first-order/openscope_databook/docs/higher-order/openscope_databook/docs/first-order/optotagging.ipynb,python
4330,125,docs/first-order/openscope_databook/docs/higher-order/openscope_databook/docs/first-order/receptive_fields.ipynb,python
4331,125,docs/first-order/openscope_databook/docs/higher-order/openscope_databook/docs/first-order/suite2p.ipynb,python
4332,125,docs/first-order/openscope_databook/docs/higher-order/openscope_databook/docs/first-order/test_2p_responses.ipynb,python
4333,125,docs/first-order/openscope_databook/docs/higher-order/openscope_databook/docs/first-order/test_unit_responses.ipynb,python
4334,125,docs/first-order/openscope_databook/docs/higher-order/openscope_databook/docs/higher-order/GLM_pynapple_nemos.ipynb,python
4335,125,docs/first-order/openscope_databook/docs/higher-order/openscope_databook/docs/higher-order/behavioral_state.ipynb,python
4336,125,docs/first-order/openscope_databook/docs/higher-order/openscope_databook/docs/higher-order/cebra_time.ipynb,python
4337,125,docs/first-order/openscope_databook/docs/higher-order/openscope_databook/docs/higher-order/glm.ipynb,python
4338,125,docs/first-order/openscope_databook/docs/higher-order/openscope_databook/docs/higher-order/tca.ipynb,python
4339,125,docs/first-order/openscope_databook/docs/higher-order/openscope_databook/docs/projects/barcoding.ipynb,python
4340,125,docs/first-order/openscope_databook/docs/higher-order/openscope_databook/docs/projects/cred_assign_figures.ipynb,python
4341,125,docs/first-order/openscope_databook/docs/higher-order/openscope_databook/docs/projects/dendritic_coupling.ipynb,python
4342,125,docs/first-order/openscope_databook/docs/higher-order/openscope_databook/docs/projects/glo.ipynb,python
4343,125,docs/first-order/openscope_databook/docs/higher-order/openscope_databook/docs/projects/illusion.ipynb,python
4344,125,docs/first-order/openscope_databook/docs/higher-order/openscope_databook/docs/projects/loop.ipynb,python
4345,125,docs/first-order/openscope_databook/docs/higher-order/openscope_databook/docs/projects/predictive_processing_ephys.ipynb,python
4346,125,docs/first-order/openscope_databook/docs/higher-order/openscope_databook/docs/projects/predictive_processing_ophys.ipynb,python
4347,125,docs/first-order/openscope_databook/docs/higher-order/openscope_databook/docs/projects/psycode.ipynb,python
4348,125,docs/first-order/openscope_databook/docs/higher-order/openscope_databook/docs/projects/sequence_learning.ipynb,python
4349,125,docs/first-order/openscope_databook/docs/higher-order/openscope_databook/docs/projects/texture.ipynb,python
4350,125,docs/first-order/openscope_databook/docs/higher-order/openscope_databook/docs/projects/texture_get_dandiset_metadata.ipynb,python
4351,125,docs/first-order/openscope_databook/docs/higher-order/openscope_databook/docs/projects/vippo.ipynb,python
4352,125,docs/first-order/openscope_databook/docs/higher-order/openscope_databook/docs/projects/vismo.ipynb,python
4353,125,docs/first-order/openscope_databook/docs/higher-order/openscope_databook/docs/visualization/visualize_2p_VR_behavior.ipynb,python
4354,125,docs/first-order/openscope_databook/docs/higher-order/openscope_databook/docs/visualization/visualize_2p_raw.ipynb,python
4355,125,docs/first-order/openscope_databook/docs/higher-order/openscope_databook/docs/visualization/visualize_2p_responses.ipynb,python
4356,125,docs/first-order/openscope_databook/docs/higher-order/openscope_databook/docs/visualization/visualize_behavior.ipynb,python
4357,125,docs/first-order/openscope_databook/docs/higher-order/openscope_databook/docs/visualization/visualize_lfp_responses.ipynb,python
4358,125,docs/first-order/openscope_databook/docs/higher-order/openscope_databook/docs/visualization/visualize_neuropixels_probes.ipynb,python
4359,125,docs/first-order/openscope_databook/docs/higher-order/openscope_databook/docs/visualization/visualize_templates.ipynb,python
4360,125,docs/first-order/openscope_databook/docs/higher-order/openscope_databook/docs/visualization/visualize_unit_metrics.ipynb,python
4361,125,docs/first-order/openscope_databook/docs/higher-order/openscope_databook/docs/visualization/visualize_unit_responses.ipynb,python
4362,125,docs/first-order/openscope_databook/docs/higher-order/openscope_databook/docs/visualization/visualize_unit_spikes.ipynb,python
4363,125,docs/first-order/openscope_databook/docs/projects/openscope_databook/docs/basics/download_nwb.ipynb,python
4364,125,docs/first-order/openscope_databook/docs/projects/openscope_databook/docs/basics/get_dandiset_metadata.ipynb,python
4365,125,docs/first-order/openscope_databook/docs/projects/openscope_databook/docs/basics/read_nwb.ipynb,python
4366,125,docs/first-order/openscope_databook/docs/projects/openscope_databook/docs/basics/stream_nwb.ipynb,python
4367,125,docs/first-order/openscope_databook/docs/projects/openscope_databook/docs/first-order/cell_matching.ipynb,python
4368,125,docs/first-order/openscope_databook/docs/projects/openscope_databook/docs/first-order/classify_waveforms.ipynb,python
4369,125,docs/first-order/openscope_databook/docs/projects/openscope_databook/docs/first-order/current_source_density.ipynb,python
4370,125,docs/first-order/openscope_databook/docs/projects/openscope_databook/docs/first-order/modality_alignment.ipynb,python
4371,125,docs/first-order/openscope_databook/docs/projects/openscope_databook/docs/first-order/optotagging.ipynb,python
4372,125,docs/first-order/openscope_databook/docs/projects/openscope_databook/docs/first-order/receptive_fields.ipynb,python
4373,125,docs/first-order/openscope_databook/docs/projects/openscope_databook/docs/first-order/suite2p.ipynb,python
4374,125,docs/first-order/openscope_databook/docs/projects/openscope_databook/docs/first-order/test_2p_responses.ipynb,python
4375,125,docs/first-order/openscope_databook/docs/projects/openscope_databook/docs/first-order/test_unit_responses.ipynb,python
4376,125,docs/first-order/openscope_databook/docs/projects/openscope_databook/docs/higher-order/GLM_pynapple_nemos.ipynb,python
4377,125,docs/first-order/openscope_databook/docs/projects/openscope_databook/docs/higher-order/behavioral_state.ipynb,python
4378,125,docs/first-order/openscope_databook/docs/projects/openscope_databook/docs/higher-order/cebra_time.ipynb,python
4379,125,docs/first-order/openscope_databook/docs/projects/openscope_databook/docs/higher-order/glm.ipynb,python
4380,125,docs/first-order/openscope_databook/docs/projects/openscope_databook/docs/higher-order/tca.ipynb,python
4381,125,docs/first-order/openscope_databook/docs/projects/openscope_databook/docs/projects/barcoding.ipynb,python
4382,125,docs/first-order/openscope_databook/docs/projects/openscope_databook/docs/projects/cred_assign_figures.ipynb,python
4383,125,docs/first-order/openscope_databook/docs/projects/openscope_databook/docs/projects/dendritic_coupling.ipynb,python
4384,125,docs/first-order/openscope_databook/docs/projects/openscope_databook/docs/projects/glo.ipynb,python
4385,125,docs/first-order/openscope_databook/docs/projects/openscope_databook/docs/projects/illusion.ipynb,python
4386,125,docs/first-order/openscope_databook/docs/projects/openscope_databook/docs/projects/loop.ipynb,python
4387,125,docs/first-order/openscope_databook/docs/projects/openscope_databook/docs/projects/predictive_processing_ephys.ipynb,python
4388,125,docs/first-order/openscope_databook/docs/projects/openscope_databook/docs/projects/predictive_processing_ophys.ipynb,python
4389,125,docs/first-order/openscope_databook/docs/projects/openscope_databook/docs/projects/psycode.ipynb,python
4390,125,docs/first-order/openscope_databook/docs/projects/openscope_databook/docs/projects/sequence_learning.ipynb,python
4391,125,docs/first-order/openscope_databook/docs/projects/openscope_databook/docs/projects/texture.ipynb,python
4392,125,docs/first-order/openscope_databook/docs/projects/openscope_databook/docs/projects/texture_get_dandiset_metadata.ipynb,python
4393,125,docs/first-order/openscope_databook/docs/projects/openscope_databook/docs/projects/vippo.ipynb,python
4394,125,docs/first-order/openscope_databook/docs/projects/openscope_databook/docs/projects/vismo.ipynb,python
4395,125,docs/first-order/openscope_databook/docs/projects/openscope_databook/docs/visualization/visualize_2p_VR_behavior.ipynb,python
4396,125,docs/first-order/openscope_databook/docs/projects/openscope_databook/docs/visualization/visualize_2p_raw.ipynb,python
4397,125,docs/first-order/openscope_databook/docs/projects/openscope_databook/docs/visualization/visualize_2p_responses.ipynb,python
4398,125,docs/first-order/openscope_databook/docs/projects/openscope_databook/docs/visualization/visualize_behavior.ipynb,python
4399,125,docs/first-order/openscope_databook/docs/projects/openscope_databook/docs/visualization/visualize_lfp_responses.ipynb,python
4400,125,docs/first-order/openscope_databook/docs/projects/openscope_databook/docs/visualization/visualize_neuropixels_probes.ipynb,python
4401,125,docs/first-order/openscope_databook/docs/projects/openscope_databook/docs/visualization/visualize_templates.ipynb,python
4402,125,docs/first-order/openscope_databook/docs/projects/openscope_databook/docs/visualization/visualize_unit_metrics.ipynb,python
4403,125,docs/first-order/openscope_databook/docs/projects/openscope_databook/docs/visualization/visualize_unit_responses.ipynb,python
4404,125,docs/first-order/openscope_databook/docs/projects/openscope_databook/docs/visualization/visualize_unit_spikes.ipynb,python
4405,125,docs/first-order/openscope_databook/docs/visualization/openscope_databook/docs/basics/download_nwb.ipynb,python
4406,125,docs/first-order/openscope_databook/docs/visualization/openscope_databook/docs/basics/get_dandiset_metadata.ipynb,python
4407,125,docs/first-order/openscope_databook/docs/visualization/openscope_databook/docs/basics/read_nwb.ipynb,python
4408,125,docs/first-order/openscope_databook/docs/visualization/openscope_databook/docs/basics/stream_nwb.ipynb,python
4409,125,docs/first-order/openscope_databook/docs/visualization/openscope_databook/docs/first-order/cell_matching.ipynb,python
4410,125,docs/first-order/openscope_databook/docs/visualization/openscope_databook/docs/first-order/classify_waveforms.ipynb,python
4411,125,docs/first-order/openscope_databook/docs/visualization/openscope_databook/docs/first-order/current_source_density.ipynb,python
4412,125,docs/first-order/openscope_databook/docs/visualization/openscope_databook/docs/first-order/modality_alignment.ipynb,python
4413,125,docs/first-order/openscope_databook/docs/visualization/openscope_databook/docs/first-order/optotagging.ipynb,python
4414,125,docs/first-order/openscope_databook/docs/visualization/openscope_databook/docs/first-order/receptive_fields.ipynb,python
4415,125,docs/first-order/openscope_databook/docs/visualization/openscope_databook/docs/first-order/suite2p.ipynb,python
4416,125,docs/first-order/openscope_databook/docs/visualization/openscope_databook/docs/first-order/test_2p_responses.ipynb,python
4417,125,docs/first-order/openscope_databook/docs/visualization/openscope_databook/docs/first-order/test_unit_responses.ipynb,python
4418,125,docs/first-order/openscope_databook/docs/visualization/openscope_databook/docs/higher-order/GLM_pynapple_nemos.ipynb,python
4419,125,docs/first-order/openscope_databook/docs/visualization/openscope_databook/docs/higher-order/behavioral_state.ipynb,python
4420,125,docs/first-order/openscope_databook/docs/visualization/openscope_databook/docs/higher-order/cebra_time.ipynb,python
4421,125,docs/first-order/openscope_databook/docs/visualization/openscope_databook/docs/higher-order/glm.ipynb,python
4422,125,docs/first-order/openscope_databook/docs/visualization/openscope_databook/docs/higher-order/tca.ipynb,python
4423,125,docs/first-order/openscope_databook/docs/visualization/openscope_databook/docs/projects/barcoding.ipynb,python
4424,125,docs/first-order/openscope_databook/docs/visualization/openscope_databook/docs/projects/cred_assign_figures.ipynb,python
4425,125,docs/first-order/openscope_databook/docs/visualization/openscope_databook/docs/projects/dendritic_coupling.ipynb,python
4426,125,docs/first-order/openscope_databook/docs/visualization/openscope_databook/docs/projects/glo.ipynb,python
4427,125,docs/first-order/openscope_databook/docs/visualization/openscope_databook/docs/projects/illusion.ipynb,python
4428,125,docs/first-order/openscope_databook/docs/visualization/openscope_databook/docs/projects/loop.ipynb,python
4429,125,docs/first-order/openscope_databook/docs/visualization/openscope_databook/docs/projects/predictive_processing_ephys.ipynb,python
4430,125,docs/first-order/openscope_databook/docs/visualization/openscope_databook/docs/projects/predictive_processing_ophys.ipynb,python
4431,125,docs/first-order/openscope_databook/docs/visualization/openscope_databook/docs/projects/psycode.ipynb,python
4432,125,docs/first-order/openscope_databook/docs/visualization/openscope_databook/docs/projects/sequence_learning.ipynb,python
4433,125,docs/first-order/openscope_databook/docs/visualization/openscope_databook/docs/projects/texture.ipynb,python
4434,125,docs/first-order/openscope_databook/docs/visualization/openscope_databook/docs/projects/texture_get_dandiset_metadata.ipynb,python
4435,125,docs/first-order/openscope_databook/docs/visualization/openscope_databook/docs/projects/vippo.ipynb,python
4436,125,docs/first-order/openscope_databook/docs/visualization/openscope_databook/docs/projects/vismo.ipynb,python
4437,125,docs/first-order/openscope_databook/docs/visualization/openscope_databook/docs/visualization/visualize_2p_VR_behavior.ipynb,python
4438,125,docs/first-order/openscope_databook/docs/visualization/openscope_databook/docs/visualization/visualize_2p_raw.ipynb,python
4439,125,docs/first-order/openscope_databook/docs/visualization/openscope_databook/docs/visualization/visualize_2p_responses.ipynb,python
4440,125,docs/first-order/openscope_databook/docs/visualization/openscope_databook/docs/visualization/visualize_behavior.ipynb,python
4441,125,docs/first-order/openscope_databook/docs/visualization/openscope_databook/docs/visualization/visualize_lfp_responses.ipynb,python
4442,125,docs/first-order/openscope_databook/docs/visualization/openscope_databook/docs/visualization/visualize_neuropixels_probes.ipynb,python
4443,125,docs/first-order/openscope_databook/docs/visualization/openscope_databook/docs/visualization/visualize_templates.ipynb,python
4444,125,docs/first-order/openscope_databook/docs/visualization/openscope_databook/docs/visualization/visualize_unit_metrics.ipynb,python
4445,125,docs/first-order/openscope_databook/docs/visualization/openscope_databook/docs/visualization/visualize_unit_responses.ipynb,python
4446,125,docs/first-order/openscope_databook/docs/visualization/openscope_databook/docs/visualization/visualize_unit_spikes.ipynb,python
4447,155,analysis.ipynb,python
4448,260,assignment_notebook.ipynb,python
4449,260,notebook.ipynb,python
4450,260,split-raw-data.ipynb,python
4451,261,text_cleaner.ipynb,python
4452,272,nn_binary_classification.ipynb,python
4453,157,notebooks/01_setup_and_environment.ipynb,python
4454,157,notebooks/02_data_collection.ipynb,python
4455,157,notebooks/03_preprocessing.ipynb,python
4456,157,notebooks/04_model_building.ipynb,python
4457,157,notebooks/05_training.ipynb,python
4458,157,notebooks/06_evaluation.ipynb,python
4459,157,notebooks/07_inference.ipynb,python
4460,157,notebooks/08_improvement.ipynb,python
4461,158,MNIST-Conv2d-bn.ipynb,python
4462,158,MNIST-Conv2d.ipynb,python
4463,158,MNIST-DCGAN.ipynb,python
4464,158,MNIST-GAN.ipynb,python
4465,158,MNIST-Simple-Workbook.ipynb,python
4466,158,MNIST-Simple.ipynb,python
4467,159,Roop_Floyd_deprecated.ipynb,python
4468,159,roop-floyd-colab.ipynb,python
4469,262,Emergence_of_statistical_financial_factors_by_a_diffusion_process_Final.ipynb,python
4470,232,shawnrhoads-gu-psyc-347-7eecb55/docs/.jupyter_cache/executed/094b342fcc88b5268f4ced9b129b2a4c/base.ipynb,python
4471,232,shawnrhoads-gu-psyc-347-7eecb55/docs/.jupyter_cache/executed/0a58ebec9d8c7d8f100e6da96be6521e/base.ipynb,python
4472,232,shawnrhoads-gu-psyc-347-7eecb55/docs/.jupyter_cache/executed/20413a42b29f9ae20f728237bbf734e6/base.ipynb,python
4473,232,shawnrhoads-gu-psyc-347-7eecb55/docs/.jupyter_cache/executed/29dda43c6d07c5c685deba9b4ebce96d/base.ipynb,python
4474,232,shawnrhoads-gu-psyc-347-7eecb55/docs/.jupyter_cache/executed/3746062e023425b3a2604a05cba191c3/base.ipynb,python
4475,232,shawnrhoads-gu-psyc-347-7eecb55/docs/.jupyter_cache/executed/42b41a4305625801e7d4be023eaaed8a/base.ipynb,python
4476,232,shawnrhoads-gu-psyc-347-7eecb55/docs/.jupyter_cache/executed/4835e4a931af85927fe34feb7886b316/base.ipynb,python
4477,232,shawnrhoads-gu-psyc-347-7eecb55/docs/.jupyter_cache/executed/51a297188a2898da7aa39ded64a8eb04/base.ipynb,python
4478,232,shawnrhoads-gu-psyc-347-7eecb55/docs/.jupyter_cache/executed/9c2a2c8be23c3a6bbc21926395539662/base.ipynb,python
4479,232,shawnrhoads-gu-psyc-347-7eecb55/docs/.jupyter_cache/executed/a32a341a9381db6550694e2c94868446/base.ipynb,python
4480,232,shawnrhoads-gu-psyc-347-7eecb55/docs/.jupyter_cache/executed/ca484b75c9e681c89cc70bdfd6b7cfb6/base.ipynb,python
4481,232,shawnrhoads-gu-psyc-347-7eecb55/docs/.jupyter_cache/executed/d553d75ca64181379b5029a84d35cbdb/base.ipynb,python
4482,232,shawnrhoads-gu-psyc-347-7eecb55/docs/.jupyter_cache/executed/d84444b1e724ce9dda50641f47630e52/base.ipynb,python
4483,232,shawnrhoads-gu-psyc-347-7eecb55/docs/.jupyter_cache/executed/e74094dee6e782b35e0d2240817a7d99/base.ipynb,python
4484,232,shawnrhoads-gu-psyc-347-7eecb55/docs/.jupyter_cache/executed/f9d7d0ef451f7107ec51f481061978eb/base.ipynb,python
4485,232,shawnrhoads-gu-psyc-347-7eecb55/docs/.jupyter_cache/executed/fda47ec0f96fc6e323957fc5e246b69e/base.ipynb,python
4486,232,shawnrhoads-gu-psyc-347-7eecb55/docs/module-01-00_Jupyter-Notebooks-Colab.ipynb,python
4487,232,shawnrhoads-gu-psyc-347-7eecb55/docs/module-01-00_Jupyter-Notebooks.ipynb,python
4488,232,shawnrhoads-gu-psyc-347-7eecb55/docs/module-01-01_Intro-to-Python.ipynb,python
4489,232,shawnrhoads-gu-psyc-347-7eecb55/docs/module-01-02_Working-with-Data.ipynb,python
4490,232,shawnrhoads-gu-psyc-347-7eecb55/docs/module-01-03_Python-Exercises.ipynb,python
4491,232,shawnrhoads-gu-psyc-347-7eecb55/docs/module-02-00_Linear-Modeling.ipynb,python
4492,232,shawnrhoads-gu-psyc-347-7eecb55/docs/module-02-01_Nonlinear-Modeling.ipynb,python
4493,232,shawnrhoads-gu-psyc-347-7eecb55/docs/module-02-02_Modeling-Exercises.ipynb,python
4494,232,shawnrhoads-gu-psyc-347-7eecb55/docs/module-03-00_Two-Armed-Bandit.ipynb,python
4495,232,shawnrhoads-gu-psyc-347-7eecb55/docs/module-03-01_Models-of-Learning.ipynb,python
4496,232,shawnrhoads-gu-psyc-347-7eecb55/docs/module-03-02_RL-Exercises.ipynb,python
4497,232,shawnrhoads-gu-psyc-347-7eecb55/docs/module-04-00_Social-Learning.ipynb,python
4498,232,shawnrhoads-gu-psyc-347-7eecb55/docs/module-04-01_Prosocial-RL-Exercises.ipynb,python
4499,232,shawnrhoads-gu-psyc-347-7eecb55/docs/solutions/module-01-03_Python-Exercises-Solutions.ipynb,python
4500,232,shawnrhoads-gu-psyc-347-7eecb55/docs/solutions/module-02-02_Modeling-Exercises-Solutions.ipynb,python
4501,232,shawnrhoads-gu-psyc-347-7eecb55/docs/solutions/module-03-02_RL-Exercises-Solutions.ipynb,python
4502,232,shawnrhoads-gu-psyc-347-7eecb55/docs/solutions/module-04-01_Prosocial-RL-Exercises-Solutions.ipynb,python
4503,263,Nairetal_2026_ACP.ipynb,python
4504,264,notebooks/01_descriptive_statistics.ipynb,python
4505,264,notebooks/02_eda_linear_regression.ipynb,python
4506,264,notebooks/03_time_series_analysis.ipynb,python
4507,264,notebooks/03b_time_series_causal_analysis.ipynb,python
4508,264,notebooks/04_correspondence_analysis.ipynb,python
4509,264,notebooks/05_directed_network_analysis.ipynb,python
4510,265,CSC_CSCrate_vs_time.ipynb,python
4511,265,CSC_rate_MFD_characterization.ipynb,python
4512,265,CSC_rate_vs_random_CenterAbove5.ipynb,python
4513,265,CSC_rate_vs_random_ETS.ipynb,python
4514,265,Groningen_GR.ipynb,python
4515,265,bval_bpositive_comparisons.ipynb,python
4516,265,bval_taper_comparison.ipynb,python
4517,265,bval_vs_CSC_CenterAbove5.ipynb,python
4518,265,bval_vs_CSC_ETS.ipynb,python
4519,265,bval_vs_CSC_rate_CenterAbove5.ipynb,python
4520,265,bval_vs_CSC_rate_DifferentModels.ipynb,python
4521,265,bval_vs_CSC_rate_location_uncertainties.ipynb,python
4522,265,bval_vs_reservoir_thickness.ipynb,python
4523,265,bval_vs_space.ipynb,python
4524,265,bval_vs_time.ipynb,python
4525,265,mc_evolution_plot.ipynb,python
4526,265,plot_extraction_seismicity.ipynb,python
4527,265,plot_seismicity_rate.ipynb,python
4528,265,spatial_distribution_and_CSC.ipynb,python
4529,265,test_b_absolute_constMc.ipynb,python
4530,265,test_b_absolute_varyMc.ipynb,python
4531,266,__MACOSX/figures/._Fig7_Intensifying_Declining_Frontal_Areas.ipynb,python
4532,266,__MACOSX/figures/._FigS2_NT_pCO2.ipynb,python
4533,266,figures/Fig1_Global_Frontal_Detection_example.ipynb,python
4534,266,figures/Fig2_Frontal_Areas.ipynb,python
4535,266,figures/Fig3_bar_plots_frontal_metrics.ipynb,python
4536,266,figures/Fig4_Chla_in_Frontal_Areas.ipynb,python
4537,266,figures/Fig5_CO2_in_Frontal_Areas-new.ipynb,python
4538,266,figures/Fig6_Key_Frontal_Areas.ipynb,python
4539,266,figures/Fig7_Intensifying_Declining_Frontal_Areas.ipynb,python
4540,266,figures/FigS1_Research_Area.ipynb,python
4541,266,figures/FigS2_NT_pCO2.ipynb,python
4542,266,figures/FigS3_Time_Series_Frontal_Areas.ipynb,python
4543,267,Main_Advection_p_monthly_base.ipynb,python
4544,267,Main_Advection_uv_monthly_base.ipynb,python
4545,267,Main_Buoyancy_Steady_monthly_base.ipynb,python
4546,267,Main_DivF_Cmn_monthly_base.ipynb,python
4547,267,Main_Stratification_Variable_monthly.ipynb,python
4548,267,Main_filtering_correction.ipynb,python
4549,267,Main_horizontal_shear_monthly_base.ipynb,python
4550,267,Main_vertical_shear_monthly_base.ipynb,python
4551,267,Modal_matrix.ipynb,python
4552,267,Plot_articles.ipynb,python
4553,267,Plot_articles_cartopy.ipynb,python
4554,267,Vertical_velocity.ipynb,python
1000001,211,nb10-sql-dataframes/nb10-sql-dataframes.ipynb,python
1000002,211,nb1-rdd-creation/nb1-rdd-creation.ipynb,python
1000003,211,nb2-rdd-basics/nb2-rdd-basics.ipynb,python
1000004,211,nb3-rdd-sampling/nb3-rdd-sampling.ipynb,python
1000005,211,nb4-rdd-set/nb4-rdd-set.ipynb,python
1000006,211,nb5-rdd-aggregations/nb5-rdd-aggregations.ipynb,python
1000007,211,nb6-rdd-key-value/nb6-rdd-key-value.ipynb,python
1000008,211,nb7-mllib-statistics/nb7-mllib-statistics.ipynb,python
1000009,211,nb8-mllib-logit/nb8-mllib-logit.ipynb,python
1000010,211,nb9-mllib-trees/nb9-mllib-trees.ipynb,python
1000011,115,Stock_Market_Data_Analysis_DataVisualization.ipynb,python
1000012,115,Stock_Market_Data_Analysis_DataVisualization_Working.ipynb,python
1000013,115,Stock_Market_Data_Analysis.ipynb,python
1000015,115,Working/Untitled.ipynb,python
1000016,239,notebooks/01_BasicActivity.ipynb,python
1000017,239,notebooks/02_MoveActivity.ipynb,python
1000018,239,notebooks/03_ShiftAmountActivity.ipynb,python
1000019,239,notebooks/04_SequenceActivity.ipynb,python
1000020,239,notebooks/05_WhileActivity.ipynb,python
1000021,239,notebooks/06_RepeatActivity.ipynb,python
1000022,239,notebooks/07_WhileActivity_with_ShiftAmount.ipynb,python
1000023,239,notebooks/08_ParallelActivity.ipynb,python
1000024,239,notebooks/09_wrapped_single_run_process.ipynb,python
1000025,239,notebooks/10_MultiContainer.ipynb,python
1000026,239,notebooks/11_Process_synchronization.ipynb,python
1000027,239,notebooks/12_Complex_synchronization.ipynb,python
1000028,239,notebooks/13_Resource_synchronization.ipynb,python
1000029,239,notebooks/14_SingleRun.ipynb,python
1000030,239,notebooks/15_Subcycle.ipynb,python
1000031,239,notebooks/16_Feeder.ipynb,python
1000032,239,notebooks/17_SingleRun_with_WeatherCriterion.ipynb,python
1000033,239,notebooks/18_SingleRun_with_HasDelayPlugin.ipynb,python
1000034,239,notebooks/19_Triggers_in_SequenceActivity.ipynb,python
1000035,239,notebooks/20_Triggers_in_RepeatActivity.ipynb,python
1000036,239,notebooks/21_Triggers_in_ParallelActivity.ipynb,python
1000037,239,notebooks/22_Helper_process.ipynb,python
1000038,239,notebooks/23_Simple_feeder_process_MC.ipynb,python
1000039,144,"Text+Classification+using+python,+scikit+and+nltk.ipynb",python
1000040,142,12_GraphNeuralNetwork/GNN.ipynb,python
1000041,142,3_Regression/Decision_Tree_Regression/Python/decision _tree_writeup.ipynb,python
1000042,142,3_Regression/Polynomial_Regression/Python/Polynomial regression wrietup.ipynb,python
1000043,142,4_Classification/Random_Forest_Classification/RandomForest.ipynb,python
1000044,142,5_Clustering/Hierarchical_Clustering/hc_writeup.ipynb,python
1000045,142,5_Clustering/Hierarchical_Clustering/HierarchicalClustering.ipynb,python
1000046,142,8_Natural_Language_Processing/Application of NLP/glove-lstm-sentiment-analysis-for-beginners.ipynb,python
1000048,142,8_Natural_Language_Processing/Application of NLP/sentiment-analysis-countvectorizer-tf-idf.ipynb,python
1000049,142,8_Natural_Language_Processing/Application of NLP/sentiment-analysis-using-bert.ipynb,python
1000050,142,9_Deep_Learning/Artificial_Neural_Networks/Use cases for ANN/Handwritten Digit Recognition.ipynb,python
1000051,142,9_Deep_Learning/Artificial_Neural_Networks/Use cases for ANN/MNIST_Digits_Classifer_with_Only_5_digits.ipynb,python
1000052,142,9_Deep_Learning/Convolutional_Neural_Networks/Cats Vs Dogs Classifaction/Cats Vs Dogs.ipynb,python
1000053,142,9_Deep_Learning/Convolutional_Neural_Networks/Conv2D Appling Filters.ipynb,python
1000054,142,9_Deep_Learning/Convolutional_Neural_Networks/How To use Call Backs in model_compile.ipynb,python
1000055,142,9_Deep_Learning/Convolutional_Neural_Networks/Improved MNIST Using Con2D Layers.ipynb,python
1000056,142,9_Deep_Learning/Convolutional_Neural_Networks/Planar_data_classification_with_onehidden_layer_v6c.ipynb,python
1000058,142,9_Deep_Learning/Convolutional_Neural_Networks/Recipe Recognition/recipe_test.ipynb,python
1000059,142,9_Deep_Learning/Convolutional_Neural_Networks/Recipe Recognition/recipe_train.ipynb,python
1000061,154,03_2_data_collection.ipynb,python
1000062,154,03_3_traffic_generation/extract_from_pcaps.ipynb,python
1000063,154,03_3_traffic_generation.ipynb,python
1000064,154,03_3_traffic_generation/simulate_padding_and_random_iv.ipynb,python
1000065,154,04_data_corpus_overview.ipynb,python
1000067,154,06_evaluation.ipynb,python
1000068,154,xx_generate_svgs_from_tikz.ipynb,python
1000069,139,Data Science Workbook - Census Income Dataset.ipynb,python
1000070,114,notebooks/data_prep_nb.ipynb,python
1000071,114,notebooks/part_1_main_nb.ipynb,python
1000072,114,notebooks/part_2_main_nb.ipynb,python
1000073,114,notebooks/part_3_main_nb.ipynb,python
1000074,114,notebooks/part_4_main_nb.ipynb,python
1000075,114,notebooks/participant_hw_nb.ipynb,python
1000076,137,bonus content/effective data visualization/Bonus - Effective Multi-dimensional Data Visualization.ipynb,python
1000077,137,bonus content/feature engineering text data/Feature Engineering Text Data - Advanced Deep Learning Strategies.ipynb,python
1000078,137,bonus content/feature engineering text data/Feature Engineering Text Data - Traditional Strategies.ipynb,python
1000079,137,bonus content/model interpretation with skater/Model Interpretation with Skater.ipynb,python
1000080,137,bonus content/nlp proven approach/NLP Strategy I - Processing and Understanding Text.ipynb,python
1000081,137,"notebooks/Ch01_Machine_Learning_Basics/NLP, Math & Stats Examples.ipynb",python
1000082,137,notebooks/Ch01_Machine_Learning_Basics/Predicting Student Recommendation Machine Learning Pipeline.ipynb,python
1000083,137,notebooks/Ch02_The_Python_ML_Ecosystem/The Python Machine Learning Ecosystem.ipynb,python
1000084,137,notebooks/Ch03_Processing_Wrangling_and_Visualizing_Data/notebook_matplotlib_visualizations.ipynb,python
1000085,137,notebooks/Ch03_Processing_Wrangling_and_Visualizing_Data/notebook_read_csv.ipynb,python
1000086,137,notebooks/Ch03_Processing_Wrangling_and_Visualizing_Data/notebook_read_json.ipynb,python
1000087,137,notebooks/Ch03_Processing_Wrangling_and_Visualizing_Data/notebook_read_xml.ipynb,python
1000088,137,notebooks/Ch03_Processing_Wrangling_and_Visualizing_Data/notebook_visualize_dataset.ipynb,python
1000089,137,notebooks/Ch03_Processing_Wrangling_and_Visualizing_Data/notebook_website_crawler_beautifulsoup.ipynb,python
1000090,137,notebooks/Ch03_Processing_Wrangling_and_Visualizing_Data/notebook_website_crawler.ipynb,python
1000091,137,notebooks/Ch03_Processing_Wrangling_and_Visualizing_Data/notebook_wrangle_data.ipynb,python
1000092,137,notebooks/Ch04_Feature_Engineering_and_Selection/Bonus - Classifying handwritten digits using Deep CNNs.ipynb,python
1000093,137,notebooks/Ch04_Feature_Engineering_and_Selection/Feature Engineering on Categorical Data.ipynb,python
1000094,137,notebooks/Ch04_Feature_Engineering_and_Selection/Feature Engineering on Image Data.ipynb,python
1000095,137,notebooks/Ch04_Feature_Engineering_and_Selection/Feature Engineering on Numeric Data.ipynb,python
1000096,137,notebooks/Ch04_Feature_Engineering_and_Selection/Feature Engineering on Temporal Data.ipynb,python
1000097,137,notebooks/Ch04_Feature_Engineering_and_Selection/Feature Engineering on Text Data.ipynb,python
1000098,137,notebooks/Ch04_Feature_Engineering_and_Selection/Feature Scaling.ipynb,python
1000099,137,notebooks/Ch04_Feature_Engineering_and_Selection/Feature Selection.ipynb,python
1000100,137,"notebooks/Ch05_Building_Tuning_and_Deploying_Models/Building, Tuning and Deploying Models.ipynb",python
1000101,137,notebooks/Ch06_Analyzing_Bike_Sharing_Trends/bike_sharing_eda.ipynb,python
1000102,137,notebooks/Ch06_Analyzing_Bike_Sharing_Trends/decision_tree_regression.ipynb,python
1000103,137,notebooks/Ch06_Analyzing_Bike_Sharing_Trends/linear_regression.ipynb,python
1000104,137,notebooks/Ch07_Analyzing_Movie_Reviews_Sentiment/Sentiment Analysis - Advanced Deep Learning.ipynb,python
1000105,137,notebooks/Ch07_Analyzing_Movie_Reviews_Sentiment/Sentiment Analysis - Supervised.ipynb,python
1000106,137,notebooks/Ch07_Analyzing_Movie_Reviews_Sentiment/Sentiment Analysis - Unsupervised Lexical.ipynb,python
1000107,137,notebooks/Ch07_Analyzing_Movie_Reviews_Sentiment/Sentiment Causal Analysis - Model Interpretation.ipynb,python
1000108,137,notebooks/Ch07_Analyzing_Movie_Reviews_Sentiment/Sentiment Causal Analysis - Topic Models.ipynb,python
1000109,137,notebooks/Ch07_Analyzing_Movie_Reviews_Sentiment/Text Normalization Demo.ipynb,python
1000110,137,notebooks/Ch08_Customer_Segmentation_and_Effective_Cross_Selling/Cross Selling.ipynb,python
1000111,137,notebooks/Ch08_Customer_Segmentation_and_Effective_Cross_Selling/Customer Segmentation.ipynb,python
1000112,137,notebooks/Ch09_Analyzing_Wine_Types_and_Quality/Exploratory Data Analysis.ipynb,python
1000113,137,notebooks/Ch09_Analyzing_Wine_Types_and_Quality/Predictive Analytics.ipynb,python
1000114,137,notebooks/Ch10_Analyzing_Music_Trends_and_Recommendations/Recommendation Engines.ipynb,python
1000115,137,notebooks/Ch11_Forecasting_Stock_and_Commodity_Prices/notebook_getting_stated_time_series.ipynb,python
1000116,137,notebooks/Ch11_Forecasting_Stock_and_Commodity_Prices/notebook_gold_forecast_arima.ipynb,python
1000117,137,notebooks/Ch11_Forecasting_Stock_and_Commodity_Prices/notebook_stock_prediction_fbprophet.ipynb,python
1000118,137,notebooks/Ch11_Forecasting_Stock_and_Commodity_Prices/notebook_stock_prediction_regression_modeling_lstm.ipynb,python
1000119,137,notebooks/Ch11_Forecasting_Stock_and_Commodity_Prices/notebook_stock_prediction_sequence_modeling_lstm.ipynb,python
1000120,137,notebooks/Ch12_Deep_Learning_for_Computer_Vision/Neural Style Transfer.ipynb,python
1000121,137,notebooks/Ch12_Deep_Learning_for_Computer_Vision/Neural Style Transfer Results - High Resolution.ipynb,python
1000123,137,notebooks/Ch12_Deep_Learning_for_Computer_Vision/notebook_cnn_mnist_classifier.ipynb,python
1000124,137,notebooks/Ch12_Deep_Learning_for_Computer_Vision/notebook_pretrained_cnn_cifar10_classifier.ipynb,python
1000125,243,Faculty Alma Maters.ipynb,python
1000126,243,NBMPercentiles.ipynb,python
1000127,243,"Text Data with pandas, numpy, and matplotlib.ipynb",python
1000128,243,Working with GRIB2 Data.ipynb,python
1000158,237,IbridgePy.ipynb,python
2000001,208,01.getting-started-with-pytorch.ipynb,python
2000002,208,02.face-detection-with-detectron2.ipynb,python
2000004,208,04.first-neural-network.ipynb,python
2000005,208,05.time-series-forecasting-covid-19.ipynb,python
2000006,208,06.time-series-anomaly-detection-ecg.ipynb,python
2000007,208,07.create-dataset-for-sentiment-analysis.ipynb,python
2000008,208,08.sentiment-analysis-with-bert.ipynb,python
2000009,208,09.deploy-BERT-with-FastAPI.ipynb,python
2000010,208,10.object-detection-with-YOLO-v5.ipynb,python
2000011,208,11.multi-label-text-classification-with-bert.ipynb,python
2000013,108,002_Python_Matplotlib_Exercise_1.ipynb,python
2000014,108,003_Python_Matplotlib_Exercise_2.ipynb,python
2000015,236,training/extra/potato-disease-training.ipynb,python
2000016,236,training/potato-disease-classification-model.ipynb,python
2000017,236,training/potato-disease-classification-model-using-image-data-generator.ipynb,python
2000018,236,training/tf-lite-conversion-post-training.ipynb,python
2000019,236,training/tf-lite-conversion-quantized-aware-training.ipynb,python
2000020,236,training/tf-lite-converter.ipynb,python
2000547,145,Classification/Land_Cover_Classification_in_Satellite_Imagery_using_Python.ipynb,python
2000548,145,Clustering/Ground_Truth_Labeling_of_Satellite_Imagery_using_K_Means_Clustering_with Python.ipynb,python
2000549,145,code/Flood_Detection_and_Monitoring_using_Satellite_Imagery_with Python.ipynb,python
2000550,145,code/Satellite_Imagery_Analysis_101_Handling_TIFF_Files.ipynb,python
2000551,145,code/Sundarbans_Satellite_Imagery_Analysis_using_Python.ipynb,python
2000552,145,code/Unsupervised_Learning_in_Satellite_Imagery_using_Python.ipynb,python
2000553,145,Dimensionality_Reduction/Dimensionality_Reduction_Techniques_for_satellite_Imagery.ipynb,python
2000554,212,Apis/Fitbit/Fitbit_API.ipynb,python
2000555,212,Bootcamp/Week0_PythonBasics/BooleanConditionalLogic.ipynb,python
2000556,212,Bootcamp/Week0_PythonBasics/Dictionaries.ipynb,python
2000557,212,Bootcamp/Week0_PythonBasics/Exercises_Python.ipynb,python
2000558,212,Bootcamp/Week0_PythonBasics/Exercises_Python_Solutions.ipynb,python
2000559,212,Bootcamp/Week0_PythonBasics/ForLoop.ipynb,python
2000560,212,Bootcamp/Week0_PythonBasics/Lists.ipynb,python
2000561,212,Bootcamp/Week0_PythonBasics/PrintFunctionStringsVariables.ipynb,python
2000562,212,Bootcamp/Week0_PythonBasics/Tuples.ipynb,python
2000563,212,Bootcamp/Week0_UnixBasics/Unix_Exercises.ipynb,python
2000564,212,Bootcamp/Week0_UnixBasics/Unix_Sys_And_OS.ipynb,python
2000565,212,Bootcamp/Week1_DataManipulationWithPandas/AggregateFunctions.ipynb,python
2000566,212,Bootcamp/Week1_DataManipulationWithPandas/BasicOperations.ipynb,python
2000567,212,Bootcamp/Week1_DataManipulationWithPandas/ConvertNumPyArrayDict.ipynb,python
2000568,212,Bootcamp/Week1_DataManipulationWithPandas/CreateData.ipynb,python
2000569,212,Bootcamp/Week1_DataManipulationWithPandas/ExportCSVExcel.ipynb,python
2000570,212,Bootcamp/Week1_DataManipulationWithPandas/Filtering.ipynb,python
2000571,212,Bootcamp/Week1_DataManipulationWithPandas/IdentifyingMissingData.ipynb,python
2000572,212,Bootcamp/Week1_DataManipulationWithPandas/IntroPandas.ipynb,python
2000573,212,Bootcamp/Week1_DataManipulationWithPandas/LoadData.ipynb,python
2000574,212,Bootcamp/Week1_DataManipulationWithPandas/RemoveFillMissingData.ipynb,python
2000575,212,Bootcamp/Week1_DataManipulationWithPandas/RenamingDeletingColumns.ipynb,python
2000576,212,Bootcamp/Week1_DataManipulationWithPandas/Slicing.ipynb,python
2000577,212,Bootcamp/Week1_DataVisualizationWithPython/BasicsMatplotlib.ipynb,python
2000578,212,Bootcamp/Week1_DataVisualizationWithPython/Grids.ipynb,python
2000579,212,Bootcamp/Week1_DataVisualizationWithPython/Heatmaps.ipynb,python
2000580,212,Bootcamp/Week1_DataVisualizationWithPython/Histograms.ipynb,python
2000581,212,Bootcamp/Week1_DataVisualizationWithPython/Legends.ipynb,python
2000582,212,Bootcamp/Week1_DataVisualizationWithPython/MarkerTypeColor.ipynb,python
2000583,212,Bootcamp/Week1_DataVisualizationWithPython/MATLABvsObjectSyntax.ipynb,python
2000584,212,Bootcamp/Week1_DataVisualizationWithPython/MatplotlibWrappersPandasSeaborn.ipynb,python
2000585,212,Bootcamp/Week1_DataVisualizationWithPython/SavePlotsFile.ipynb,python
2000586,212,Bootcamp/Week1_DataVisualizationWithPython/Subplots.ipynb,python
2000587,212,Bootcamp/Week1_DataVisualizationWithPython/TitlesLabelsLimits.ipynb,python
2000588,212,Finance/car_loans.ipynb,python
2000589,212,Geocoding/Geocoding.ipynb,python
2000590,212,Kaggle/BreastCancerWisconsin/centralTendency.ipynb,python
2000591,212,Kaggle/BreastCancerWisconsin/Instructor_Task.ipynb,python
2000592,212,Kaggle/Facebook/Facebook_ROI.ipynb,python
2000593,212,Kaggle/Facebook/Untitled.ipynb,python
2000594,212,Kaggle/Titanic/Titanic_DecisionTree.ipynb,python
2000595,212,Machine_Learning_Scratch/PCA/PCA Analysis from Scratch.ipynb,python
2000596,212,Machine_Learning_Scratch/PCA/PCA Analysis in sklearn behind the scenes.ipynb,python
2000597,212,Machine_Learning_Scratch/PCA/principal_component_analysis.ipynb,python
2000598,212,NLP/Fine_Tuning/01_text_to_sql/llm-fine-tune-tutorial.ipynb,python
2000599,212,NLP/Fine_Tuning/02_fomc_roberta/fomc_roberta_finetune.ipynb,python
2000600,212,NLP/Fine_Tuning/03_llm_8b/llm_8b_finetune.ipynb,python
2000601,212,Pandas/AggregateFunctions.ipynb,python
2000602,212,Pandas/BasicOperations.ipynb,python
2000603,212,Pandas/ConvertNumPyArrayDict.ipynb,python
2000604,212,Pandas/CreateData.ipynb,python
2000605,212,Pandas/ExportCSVExcel.ipynb,python
2000606,212,Pandas/Filtering.ipynb,python
2000607,212,Pandas/IdentifyingMissingData.ipynb,python
2000608,212,Pandas/IntroPandas.ipynb,python
2000609,212,Pandas/LoadData.ipynb,python
2000610,212,Pandas/RemoveFillMissingData.ipynb,python
2000611,212,Pandas/RenamingDeletingColumns.ipynb,python
2000612,212,Pandas/Slicing.ipynb,python
2000613,212,PyQt/Playing_with_PyQt.ipynb,python
2000614,212,PyQt/temp.ipynb,python
2000615,212,PySpark_Basics/PySpark_Part1_Word_Count_Removing_Punctuation_Pride_Prejudice.ipynb,python
2000616,212,Python_Basics/Anagram/AnagramsPython.ipynb,python
2000617,212,Python_Basics/Intro/Python3Basics_Part1.ipynb,python
2000618,212,Python_Basics/Intro/Python3Basics_Video1_Blog_Companion.ipynb,python
2000619,212,Python_Basics/Intro/Python3Basics_Video2_Blog_Companion.ipynb,python
2000620,212,Python_Basics/Intro/Python3Basics_Video3_Blog_Companion.ipynb,python
2000621,212,Python_Basics/Intro/Python3Basics_Video3_Blog_Note.ipynb,python
2000622,212,Python_Basics/Intro/Python3Basics_Video4_Blog_Companion.ipynb,python
2000623,212,Python_Basics/Intro/Python3Basics_Video5_Blog_Companion.ipynb,python
2000624,212,Python_Basics/Intro/Python3Basics_Video5_Blog_Note.ipynb,python
2000625,212,Python_Basics/Intro/Python3Basics_Video6_Blog_Companion.ipynb,python
2000626,212,Python_Basics/Intro/PythonBasicsDictionaries.ipynb,python
2000627,212,Python_Basics/Intro/PythonBasicsFizzBuzz.ipynb,python
2000628,212,Python_Basics/Intro/PythonBasicsForLoops.ipynb,python
2000629,212,Python_Basics/Intro/PythonBasicsFunctions.ipynb,python
2000630,212,Python_Basics/Intro/PythonBasicsPrimeNumbers.ipynb,python
2000631,212,Python_Basics/Intro/PythonBasicsTuples.ipynb,python
2000632,212,Python_Basics/Intro/PythonBasicsWhileLoop.ipynb,python
2000633,212,Python_Basics/Intro/PythonBasicsWordCount.ipynb,python
2000634,212,Python_Basics/Intro/PythonBasicsWordCountReadingInTextFile.ipynb,python
2000635,212,Python_Basics/Linear_Regression/Linear_Regression_Python_clean.ipynb,python
2000636,212,Python_Basics/Linear_Regression/Linear_Regression_Python.ipynb,python
2000637,212,Python_Basics/Prime_Numbers/PrimeNumbersPython.ipynb,python
2000638,212,Python_Basics/Prime_Numbers/PrimeNumbers-TimeComparison.ipynb,python
2000639,212,Python_Basics/Solving_Systems_Equations/Solving System of Linear Equations using Python.ipynb,python
2000640,212,Python_Informatics/1_Mean_mGalarnyk.ipynb,python
2000641,212,RAG/rag_comparison.ipynb,python
2000642,212,Request/heat_maps-Copy1.ipynb,python
2000643,212,Request/Heat Maps using Matplotlib and Seaborn.ipynb,python
2000644,212,"Request/Heat Maps using Pandas groupby, and Matplotlib part 1.ipynb",python
2000645,212,Sklearn/CART/DecisionTreesClassification.ipynb,python
2000646,212,Sklearn/CART/Dt_Classification/ClassificationTreeAnatomy.ipynb,python
2000647,212,Sklearn/CART/Dt_Classification/ClassificationTreesUsingPython.ipynb,python
2000648,212,Sklearn/CART/Dt_Classification/EntropyGiniCalculations.ipynb,python
2000649,212,Sklearn/CART/ExerciseDecisionTree.ipynb,python
2000650,212,Sklearn/CART/ExerciseDecisionTreeSolution.ipynb,python
2000651,212,Sklearn/CART/Random_Forest/RandomForestUsingPython.ipynb,python
2000652,212,Sklearn/CART/TrainTestSplit.ipynb,python
2000653,212,Sklearn/CART/Visualization/02_09_Bagged_Trees.ipynb,python
2000654,212,Sklearn/CART/Visualization/DecisionTreesVisualization.ipynb,python
2000655,212,Sklearn/HierarchicalClustering/HierarchicalClustering.ipynb,python
2000656,212,Sklearn/KMeans/KMeans.ipynb,python
2000657,212,Sklearn/KNN/KNN.ipynb,python
2000658,212,Sklearn/Logistic_Regression/ExerciseLogisticRegression.ipynb,python
2000659,212,Sklearn/Logistic_Regression/ExerciseLogisticRegressionSolution.ipynb,python
2000660,212,Sklearn/Logistic_Regression/LogisticRegression.ipynb,python
2000661,212,Sklearn/Logistic_Regression/LogisticRegression_MNIST_Codementor.ipynb,python
2000662,212,Sklearn/Logistic_Regression/LogisticRegression_MNIST-Easier_Loading.ipynb,python
2000663,212,Sklearn/Logistic_Regression/LogisticRegression_MNIST.ipynb,python
2000664,212,Sklearn/Logistic_Regression/LogisticRegression_toy_digits_Codementor.ipynb,python
2000665,212,Sklearn/Logistic_Regression/LogisticRegression_toy_digits.ipynb,python
2000666,212,Sklearn/PCA/CHECK_LATER_PCA_to_Speed-up_Machine_Learning_Algorithms.ipynb,python
2000667,212,Sklearn/PCA/PCA_Data_Visualization_Iris_Dataset_Blog.ipynb,python
2000668,212,Sklearn/PCA/PCA_Image_Reconstruction_and_such.ipynb,python
2000669,212,Sklearn/PCA/PCA_MNIST_Logistic_Regression_EasierDataLoading.ipynb,python
2000670,212,Sklearn/PCA/PCA_MNIST_Logistic_Regression_for_Blog.ipynb,python
2000671,212,Sklearn/PCA/PCA_MNIST_PCA_MachineLearningNoPipeline.ipynb,python
2000672,212,Sklearn/PCA/PCA_MNIST_PCA_MachineLearningPipeline.ipynb,python
2000673,212,Sklearn/PCA/PCA_to_Speed-up_Machine_Learning_Algorithms.ipynb,python
2000674,212,Sklearn/Train_Test_Split/02_04_Train_Test_Split.ipynb,python
2000675,212,Sklearn/Train_Test_Split/ArrangeDataKingCountySplit.ipynb,python
2000676,212,Sklearn/Train_Test_Split/TrainTestSplitScikitLearn.ipynb,python
2000677,212,Statistics/boxplot/Box_plot_interpretation.ipynb,python
2000678,212,Statistics/boxplot/box_plot.ipynb,python
2000679,212,Statistics/boxplot/Questions.ipynb,python
2000680,212,Statistics/normal_Distribution_Area_Under_Curve.ipynb,python
2000681,212,Statistics/Sample_With_Replacement/SampleWithReplacement.ipynb,python
2000682,212,Statistics/standard_normal_table/standard_normal_table.ipynb,python
2000683,212,TensorFlow/LinearRegression_TensorFlow.ipynb,python
2000684,212,TensorFlow/Udacity/1_logistic_regression.ipynb,python
2000685,212,TensorFlow/Udacity/1_notmnist.ipynb,python
2000686,212,TensorFlow/Udacity/1_notmnist-Michael-Copy1.ipynb,python
2000687,212,TensorFlow/Udacity/1_notmnist-Michael.ipynb,python
2000688,212,TensorFlow/Udacity/1_ref_notmnist.ipynb,python
2000689,212,TensorFlow/Udacity/2_fullyconnected-Michael.ipynb,python
2000690,212,TensorFlow/Udacity/2_ref_fullyconnected.ipynb,python
2000691,212,TensorFlow/Udacity/2_resource.ipynb,python
2000692,212,TensorFlow/Udacity/3_ref_regularization.ipynb,python
2000693,212,TensorFlow/Udacity/3_regularization.ipynb,python
2000694,212,TensorFlow/Udacity/3_regularization-Michael.ipynb,python
2000695,212,TensorFlow/Udacity/4_convolutions.ipynb,python
2000696,212,TensorFlow/Udacity/4_ref_convolutions.ipynb,python
2000697,212,TensorFlow/Udacity/5_ref_word2vec.ipynb,python
2000698,212,TensorFlow/Udacity/5_word2vec.ipynb,python
2000699,212,TensorFlow/Udacity/6_lstm.ipynb,python
2000700,212,TensorFlow/Udacity/6_ref_lstm.ipynb,python
2000701,212,TensorFlow/Udacity/Clean_Notebooks/1_notmnist.ipynb,python
2000702,212,TensorFlow/Udacity/Clean_Notebooks/2_fullyconnected.ipynb,python
2000703,212,TensorFlow/Udacity/Clean_Notebooks/3_regularization.ipynb,python
2000704,212,TensorFlow/Udacity/Clean_Notebooks/4_convolutions.ipynb,python
2000705,212,TensorFlow/Udacity/Clean_Notebooks/5_word2vec.ipynb,python
2000706,212,TensorFlow/Udacity/Clean_Notebooks/6_lstm.ipynb,python
2000707,212,TensorFlow/Udacity/MNIST_TensorFlow.ipynb,python
2000708,212,Time_Series/Part1_Time_Series_Data_BasicPlotting.ipynb,python
2000709,212,Time_Series/Part2_Time_Series_Data_Price_Variation_ShiftingGroupBy.ipynb,python
2000710,212,Time_Series/Part3_Time_Series_Data_Pivot_Tables_Interaction.ipynb,python
2000711,212,Twitter/twitterPython.ipynb,python
2000712,212,Visualization/BasicsMatplotlib.ipynb,python
2000713,212,Visualization/Grids.ipynb,python
2000714,212,Visualization/Heatmaps.ipynb,python
2000715,212,Visualization/Histograms.ipynb,python
2000716,212,Visualization/Legends.ipynb,python
2000717,212,Visualization/MarkerTypeColor.ipynb,python
2000718,212,Visualization/MATLABvsObjectSyntax.ipynb,python
2000719,212,Visualization/MatplotlibWrappersPandasSeaborn.ipynb,python
2000720,212,Visualization/SavePlotsFile.ipynb,python
2000721,212,Visualization/Subplots.ipynb,python
2000722,212,Visualization/TitlesLabelsLimits.ipynb,python
2000723,131,backend/geolibre_server/notebook_examples/Welcome.ipynb,python
2000724,131,python/examples/getting-started.ipynb,python
3000066,138,Data Scientist's Salary Prediction/Data Scientist's Salary Prediction.ipynb,python
3000067,138,Diabetes Classification/Diabetes Classification.ipynb,python
3000068,138,First Innings Score Prediction - IPL/First Innings Score Prediction - IPL.ipynb,python
3000069,138,Heart Disease Prediction/Heart Disease Prediction.ipynb,python
3000070,138,Mall Customer Segmentation/Mall Customer Segmentation.ipynb,python
3000071,138,Predicting Admission into UCLA/Predicting Admission into UCLA.ipynb,python
3000072,138,Predicting House Prices in Bengaluru/Bengaluru house price prediction.ipynb,python
3000073,126,Sepulchre_et_al_2019_GMD-notebook.ipynb,python
3000074,143,02_Data_Preprocessing/DataPreprocessing.ipynb,python
3000075,143,03_Data_Visualization/03_DataVisualization.ipynb,python
3000076,143,04_Simple _Linear_Regression/04_SimpleLinearRegression.ipynb,python
3000077,143,05 Multiple Linear Regression/05_MultipleLinearRegression.ipynb,python
3000078,143,06_Polynomial_Regression/06_Polynomial_Regression (1).ipynb,python
3000079,143,06_Polynomial_Regression/06_Polynomial_Regression.ipynb,python
3000080,143,07_Support_Vector_Regression/07_Support_Vector_Regression.ipynb,python
3000081,143,08_Decision_Tree&_Random_Forest/08_Decision_Trees.ipynb,python
3000082,143,08_Decision_Tree&_Random_Forest/08_Random_Forests.ipynb,python
3000083,143,09_Logistic_Regression/09_Logistic_Regression.ipynb,python
3000084,143,10_K_Nearest_Neighbors/10_K_Nearest_Neighbors.ipynb,python
3000085,143,11_Support_Vector_Machine/11_SupportVectorMachine.ipynb,python
3000086,143,12_Naive_Bayes/12_Naive_Bayes.ipynb,python
3000087,143,13_Decision_Trees/13_Decision_Tree_Classifier.ipynb,python
3000088,143,14_Random_Forest_Classification/14_Random_Forest_Classification.ipynb,python
3000089,143,15_K_Means_Clustering/15_K_Means_Clustering.ipynb,python
3000090,143,16_DBSCAN_Clustering/16_DBSCAN_Clustering.ipynb,python
3000091,143,17_Hierarchical_Clustering/17_Hierarchical_Clustering.ipynb,python
3000092,143,18_Customer_Segmentation/18_Customer_Segmentation.ipynb,python
3000093,143,20_Into_to_Neural_Networks/20_Say_Hello_to_Neural_Networks.ipynb,python
3000094,143,23_Getting_Started_with_TensorFlow/Regression_with_Tensorflow.ipynb,python
3000095,143,24_Neural_Networks_from_Scratch/24_Neural_Networks_from_Scratch.ipynb,python
3000096,143,25_Basic_Image_Classification/25_Basic_Image_Classification.ipynb,python
3000097,143,26_Basic_Text_Classification/Basic_Text_Classification.ipynb,python
3000098,143,27_Basic_Facial_Recognition/27_Basic_Face_Recognition.ipynb,python
3000099,143,28_Explore_Detectron_2/28_ExploreDetectron2.ipynb,python
3000100,143,29_Hybrid_Recommendation_Systems/Hybrid_recommendation.ipynb,python
3000101,151,full-pipeline.ipynb,python
3000102,151,minimal-pipeline.ipynb,python
3000103,151,tensorflow-boggle.ipynb,python
3000104,181,0_coding_intro.ipynb,python
3000105,181,1_ball.ipynb,python
3000106,181,2_wave_on_river.ipynb,python
3000107,181,3_air_pipe.ipynb,python
3000108,181,4_airfoil_flow.ipynb,python
3000109,181,solutions/1_ball.ipynb,python
3000110,181,solutions/2_wave_on_river.ipynb,python
3000111,181,solutions/3_air_pipe.ipynb,python
3000112,129,dashboard/dashboard.ipynb,python
3000113,270,nbooks/00-Overview.ipynb,python
3000114,270,nbooks/01-Calibration_of_estimated_clearsky.ipynb,python
3000115,270,nbooks/02-Scaling_of_the_upwarding_clearsky_SWF.ipynb,python
3000116,270,nbooks/03-Radiation_flux_budgets.ipynb,python
3000117,270,nbooks/05-plot_CRE-vs-CC.ipynb,python
3000118,270,nbooks/06-average_cc-per-ct_plots.ipynb,python
3000119,270,nbooks/07-overcast_CRE-per-ct_plots.ipynb,python
3000120,270,nbooks/08-allsky_CRE-per-ct_plots.ipynb,python
3000121,270,nbooks/09-overcast_CRE-per-ct_plots_only_set2.ipynb,python
3000122,270,nbooks/10-allsky_CRE-per-ct_plots-only_set2.ipynb,python
3000123,270,nbooks/12-Overview_table_plots.ipynb,python
3000124,270,nbooks/13-NWCSAF-CT-plot.ipynb,python
3000125,270,nbooks/14-Radflux-bias_decomposition.ipynb,python
3000126,270,nbooks/15-CRE-bias_decomposition.ipynb,python
3000127,270,nbooks/16-Plot-CTH-vs-Albedo.ipynb,python
3000128,270,nbooks/17-NWCSAF-CT-plot-for-different-resolutions.ipynb,python
3000129,270,nbooks/21-Improvement_of_Radfluxes_with_Resolution-Set2.ipynb,python
3000130,248,NumPy Arrays.ipynb,python
3000131,248,Numpy Exercise - Solutions.ipynb,python
4000001,241,Hands_on_01.ipynb,python
4000002,241,Hands_on_02.ipynb,python
4000003,241,Hands_on_03.ipynb,python
4000004,241,Tutorial 03.ipynb,python
4000005,146,Twitter_Sentiment.ipynb,python
4000006,210,Bayesian_stats/Lesson 0 - Coin Toss.ipynb,python
4000007,210,Bayesian_stats/Lesson 1 - Gaussian Random Walks.ipynb,python
4000008,210,Bayesian_stats/Lesson 2 - Multiple Stocks Example.ipynb,python
4000009,210,data_science/Pandas Tutorial.ipynb,python
4000010,210,data_science/plotting.ipynb,python
4000011,210,DL-Keras_Tensorflow/Lesson 01 - PenalisedRegression.ipynb,python
4000012,210,DL-Keras_Tensorflow/Lesson 01 - PenalisedRegression - Solutions.ipynb,python
4000013,210,DL-Keras_Tensorflow/Lesson 02 - GradientDescent.ipynb,python
4000014,210,DL-Keras_Tensorflow/Lesson 03 - TF_intro.ipynb,python
4000015,210,DL-Keras_Tensorflow/Lesson 04 - NeuralNets.ipynb,python
4000016,210,DL-Keras_Tensorflow/Lesson 04 - Part 2 - Keras Neural Nets.ipynb,python
4000017,210,DL-Keras_Tensorflow/Lesson 05 - Keras Sentiment Analysis.ipynb,python
4000018,210,DL-Keras_Tensorflow/Lesson 05 - Keras Sentiment Analysis - Solutions.ipynb,python
4000019,210,DL-Keras_Tensorflow/Lesson 06 - contraception.ipynb,python
4000020,210,DL-Keras_Tensorflow/Lesson 07 - Word2vec.ipynb,python
4000021,210,DL-Keras_Tensorflow/Lesson 08 - Bike Sharing.ipynb,python
4000022,210,DL-Keras_Tensorflow/Lesson 08 - Bike Sharing - Solutions.ipynb,python
4000023,210,DL-Keras_Tensorflow/Lesson 09 - Hyperparameters.ipynb,python
4000024,210,DL-Keras_Tensorflow/Lesson 09 - Hyperparameters - Solutions.ipynb,python
4000025,210,DL-Keras_Tensorflow/Lesson 0 - LinRegression.ipynb,python
4000026,210,DL-Keras_Tensorflow/Lesson 10 - XGBoost + Scikit learn.ipynb,python
4000027,210,DL-Keras_Tensorflow/Lesson 10 - XGBoost + Scikit learn - Solutions.ipynb,python
4000028,210,DL-Keras_Tensorflow/Lesson 11 - Convolutional Neural Nets.ipynb,python
4000029,210,DL-Keras_Tensorflow/Lesson 11 - Convolutional Neural Nets - Solutions.ipynb,python
4000030,210,DL-Keras_Tensorflow/Lesson 12 - CIFAR10 CNN.ipynb,python
4000031,210,DL-Keras_Tensorflow/Lesson 12 - CIFAR10 CNN - Solutions.ipynb,python
4000032,210,DL-Keras_Tensorflow/Lesson 13 - Transfer Learning.ipynb,python
4000033,210,DL-Keras_Tensorflow/Lesson 13 - Transfer Learning - Solutions.ipynb,python
4000034,210,DL-Keras_Tensorflow/Lesson 14 - Sentiment Analysis - RNNs.ipynb,python
4000035,210,DL-Keras_Tensorflow/Lesson 14 - Sentiment Analysis - RNNs - Solutions.ipynb,python
4000036,210,DL-Keras_Tensorflow/Lesson 15 - LSTM Shakespeare generator.ipynb,python
4000037,210,DL-Keras_Tensorflow/Lesson 15 - LSTM Shakespeare generator - Solutions.ipynb,python
4000038,210,DL-Keras_Tensorflow/Lesson 16 - LSTM Trump Tweets.ipynb,python
4000039,210,DL-Keras_Tensorflow/Lesson 16 - LSTM Trump Tweets - Solutions.ipynb,python
4000040,210,DL-Keras_Tensorflow/Lesson 17 - LSTM part 2 Trump Tweets.ipynb,python
4000041,210,DL-Keras_Tensorflow/Lesson 17 - LSTM part 2 Trump Tweets - Solutions.ipynb,python
4000042,210,DL-Keras_Tensorflow/Lesson 18 - Fake News Classification.ipynb,python
4000043,210,DL-Keras_Tensorflow/Lesson 18 - Fake News Classification - Solutions.ipynb,python
4000044,210,DL-Keras_Tensorflow/Lesson 19 - Seq2Seq - Date translator.ipynb,python
4000045,210,DL-Keras_Tensorflow/Lesson 19 - Seq2Seq - Date translator - Solutions - bLSTM.ipynb,python
4000046,210,DL-Keras_Tensorflow/Lesson 19 - Seq2Seq - Date translator - Solutions.ipynb,python
4000047,210,DL-Keras_Tensorflow/Lesson 20 - Deep Q Learning.ipynb,python
4000048,210,DL-Keras_Tensorflow/Lesson 20 - Deep Q Learning - Solutions.ipynb,python
4000049,210,DL-Keras_Tensorflow/Lesson 21 - Generative Adversarial Networks.ipynb,python
4000050,210,DL-Keras_Tensorflow/Lesson 22 - Final Thoughts.ipynb,python
4000051,210,DL-Keras_Tensorflow/Reinforcement Learning - Policy Gradients.ipynb,python
4000052,210,ReinforcementLearning/Lesson 20 - Deep Q Learning.ipynb,python
4000053,210,ReinforcementLearning/Lesson 20 - Deep Q Learning - Solutions.ipynb,python
4000054,210,ReinforcementLearning/Reinforcement Learning - Policy Gradients-Cartpole.ipynb,python
4000055,210,ReinforcementLearning/Reinforcement Learning - Policy Gradients.ipynb,python
4000056,210,ReinforcementLearning/Reinforcement Learning - Policy Gradients-TF.ipynb,python
4000057,244,example.ipynb,python
4000126,238,gdp-india-2014-15-analysis.ipynb,python
4000127,135,clustering/hierarchical/clust_complete_linkage.ipynb,python
4000128,135,data_collecting/parse_dreamteamfc_data.ipynb,python
4000129,135,data_collecting/reading_mnist.ipynb,python
4000130,135,data_collecting/twitter_wordcloud.ipynb,python
4000131,135,data_fitting/regression/linregr_least_squares_fit.ipynb,python
4000132,135,data_viz/ai_publication_chloropleth/ai_publication_chloropleth.ipynb,python
4000133,135,data_viz/matplotlib_viz_gallery.ipynb,python
4000134,135,data_viz/model-evaluation-articles/iris-random-dist.ipynb,python
4000137,135,data_viz/swapi_viz.ipynb,python
4000138,135,dimensionality_reduction/feature_selection/sequential_selection_algorithms.ipynb,python
4000139,135,dimensionality_reduction/projection/kernel_pca.ipynb,python
4000140,135,dimensionality_reduction/projection/kern_pca_centering.ipynb,python
4000141,135,dimensionality_reduction/projection/linear_discriminant_analysis.ipynb,python
4000142,135,dimensionality_reduction/projection/pca_cov_cor.ipynb,python
4000143,135,dimensionality_reduction/projection/principal_component_analysis.ipynb,python
4000144,135,dimensionality_reduction/projection/principal_component_analysis_old.ipynb,python
4000145,135,evaluation/cross-validation.ipynb,python
4000146,135,evaluation/performance_metrics/plot/roc_example.ipynb,python
4000148,135,machine_learning/decision_trees/decision-tree-cheatsheet.ipynb,python
4000149,135,machine_learning/logistic_regression/logistic_regression.ipynb,python
4000150,135,machine_learning/neural_networks/ipynb/activation_functions.ipynb,python
4000151,135,machine_learning/scikit-learn/ensemble_classifier.ipynb,python
4000152,135,machine_learning/scikit-learn/outofcore_modelpersistence.ipynb,python
4000153,135,machine_learning/scikit-learn/python_data_entry_point.ipynb,python
4000154,135,machine_learning/scikit-learn/scikit_linear_classification.ipynb,python
4000155,135,machine_learning/scikit-learn/scikit-pipeline.ipynb,python
4000156,135,machine_learning/scikit-learn/tfidf_scikit-learn.ipynb,python
4000157,135,machine_learning/singlelayer_neural_networks/singlelayer_neural_networks.ipynb,python
4000158,135,machine_learning/webapp/webapp.ipynb,python
4000159,135,parameter_estimation_techniques/maximum_likelihood_estimate.ipynb,python
4000160,135,parameter_estimation_techniques/max_likelihood_est_distributions.ipynb,python
4000161,135,parameter_estimation_techniques/parzen_window_technique.ipynb,python
4000162,135,preprocessing/about_standardization_normalization.ipynb,python
4000163,135,preprocessing/feature_encoding.ipynb,python
4000164,135,README.ipynb,python
4000165,135,stat_pattern_class/proj/proj_2014.ipynb,python
4000166,135,stat_pattern_class/supervised/parametric/1_stat_superv_parametric.ipynb,python
4000167,135,stat_pattern_class/supervised/parametric/2_stat_superv_parametric.ipynb,python
4000168,135,stat_pattern_class/supervised/parametric/3_stat_superv_parametric.ipynb,python
4000169,135,stat_pattern_class/supervised/parametric/4_stat_superv_parametric.ipynb,python
4000170,135,stat_pattern_class/supervised/parametric/5_stat_superv_parametric.ipynb,python
4000171,135,stat_pattern_class/supervised/parametric/6_stat_superv_parametric.ipynb,python
4000172,135,stat_pattern_class/supervised/parametric/7_stat_superv_parametric.ipynb,python
4000173,111,1. Matplotlib.ipynb,python
4000174,111,2. Style sheets.ipynb,python
4000175,111,3. Mapping.ipynb,python
4000176,111,4. Seaborn.ipynb,python
4000179,242,notebooks/Example 00 - Basic simulation.ipynb,python
4000180,242,notebooks/Example 00 - Lock.ipynb,python
4000181,242,notebooks/Example 01 - Defining a basic graph.ipynb,python
4000182,242,notebooks/Example 02 - Defining a basic vessel.ipynb,python
4000183,242,notebooks/Example 03 - Defining a basic simulation.ipynb,python
4000184,242,notebooks/Example 04 - Create a graph from shapefile.ipynb,python
4000185,242,notebooks/Example 05 - Defining a basic simulation on a real graph.ipynb,python
4000186,242,notebooks/Example 06 - Visualizing the sailed path.ipynb,python
4000187,242,notebooks/Example 07 - Using actual graphs and graph_module.py.ipynb,python
4000188,242,notebooks/Example 08 - Multiple vessels.ipynb,python
4000189,242,notebooks/Example 09 - Multiple vessels - edge constraints.ipynb,python
4000190,242,notebooks/Example 10 - Lock.ipynb,python
4000191,242,notebooks/Example 11 - Multiple vessels - from database.ipynb,python
4000192,242,notebooks/Example 12 - Use model simulation.ipynb,python
4000193,242,notebooks/Example 13 - Path selection by vessel limits.ipynb,python
5000001,247,notebooks/viz_pipeline_clean.ipynb,python
5000002,247,notebooks/viz_pipeline_error1.ipynb,python
5000003,247,notebooks/viz_pipeline_error2.ipynb,python
5000278,201,data/Fig 3/CNN_plotting_script.ipynb,python
5000279,201,Data labelling notebook.ipynb,python
5000280,201,Zenodo Paper Figures.ipynb,python
5000281,140,1 Supervised Machine Learning Regression and Classification/Week 1/Lab Files/C1_W1_Lab01_Python_Jupyter_Soln.ipynb,python
5000282,140,1 Supervised Machine Learning Regression and Classification/Week 1/Lab Files/C1_W1_Lab02_Course_Preview_Soln.ipynb,python
5000283,140,1 Supervised Machine Learning Regression and Classification/Week 1/Lab Files/C1_W1_Lab03_Model_Representation_Soln.ipynb,python
5000284,140,1 Supervised Machine Learning Regression and Classification/Week 1/Lab Files/C1_W1_Lab04_Cost_function_Soln.ipynb,python
5000285,140,1 Supervised Machine Learning Regression and Classification/Week 1/Lab Files/C1_W1_Lab05_Gradient_Descent_Soln.ipynb,python
5000286,140,1 Supervised Machine Learning Regression and Classification/Week 2/Graded Code Project 1/C1_W2_Linear_Regression.ipynb,python
5000287,140,1 Supervised Machine Learning Regression and Classification/Week 2/Lab/archive/C1_W2_Lab01_Python_Numpy_Vectorization_Soln-Copy1.ipynb,python
5000288,140,1 Supervised Machine Learning Regression and Classification/Week 2/Lab/C1_W2_Lab01_Python_Numpy_Vectorization_Soln.ipynb,python
5000289,140,1 Supervised Machine Learning Regression and Classification/Week 2/Lab/C1_W2_Lab02_Multiple_Variable_Soln.ipynb,python
5000290,140,1 Supervised Machine Learning Regression and Classification/Week 2/Lab/C1_W2_Lab03_Feature_Scaling_and_Learning_Rate_Soln.ipynb,python
5000291,140,1 Supervised Machine Learning Regression and Classification/Week 2/Lab/C1_W2_Lab04_FeatEng_PolyReg_Soln.ipynb,python
5000292,140,1 Supervised Machine Learning Regression and Classification/Week 2/Lab/C1_W2_Lab05_Sklearn_GD_Soln.ipynb,python
5000293,140,1 Supervised Machine Learning Regression and Classification/Week 2/Lab/C1_W2_Lab06_Sklearn_Normal_Soln.ipynb,python
5000294,140,1 Supervised Machine Learning Regression and Classification/Week 3/Code Assignment/C1_W3_Logistic_Regression.ipynb,python
5000295,140,1 Supervised Machine Learning Regression and Classification/Week 3/Lab/archive/C1_W3_Lab05_Cost_Function_Soln-Copy1.ipynb,python
5000296,140,1 Supervised Machine Learning Regression and Classification/Week 3/Lab/archive/C1_W3_Lab05_Cost_Function_Soln-Copy2.ipynb,python
5000297,140,1 Supervised Machine Learning Regression and Classification/Week 3/Lab/archive/C1_W3_Lab09_Regularization_Soln-Copy1.ipynb,python
5000298,140,1 Supervised Machine Learning Regression and Classification/Week 3/Lab/C1_W3_Lab01_Classification_Soln.ipynb,python
5000299,140,1 Supervised Machine Learning Regression and Classification/Week 3/Lab/C1_W3_Lab02_Sigmoid_function_Soln.ipynb,python
5000300,140,1 Supervised Machine Learning Regression and Classification/Week 3/Lab/C1_W3_Lab03_Decision_Boundary_Soln.ipynb,python
5000301,140,1 Supervised Machine Learning Regression and Classification/Week 3/Lab/C1_W3_Lab04_LogisticLoss_Soln.ipynb,python
5000302,140,1 Supervised Machine Learning Regression and Classification/Week 3/Lab/C1_W3_Lab05_Cost_Function_Soln.ipynb,python
5000303,140,1 Supervised Machine Learning Regression and Classification/Week 3/Lab/C1_W3_Lab06_Gradient_Descent_Soln.ipynb,python
5000304,140,1 Supervised Machine Learning Regression and Classification/Week 3/Lab/C1_W3_Lab07_Scikit_Learn_Soln.ipynb,python
5000305,140,1 Supervised Machine Learning Regression and Classification/Week 3/Lab/C1_W3_Lab08_Overfitting_Soln.ipynb,python
5000306,140,1 Supervised Machine Learning Regression and Classification/Week 3/Lab/C1_W3_Lab09_Regularization_Soln.ipynb,python
5000307,140,1 Supervised Machine Learning Regression and Classification/Week 3/Lab/pre_414/C1_W3_Lab01_Sigmoid_function.ipynb,python
5000308,140,1 Supervised Machine Learning Regression and Classification/Week 3/Lab/pre_414/C1_W3_Lab02_Decision_Boundary.ipynb,python
5000309,140,1 Supervised Machine Learning Regression and Classification/Week 3/Lab/pre_414/C1_W3_Lab03_Cost_Function.ipynb,python
5000310,140,1 Supervised Machine Learning Regression and Classification/Week 3/Lab/pre_414/C1_W3_Lab04_Gradient_Descent.ipynb,python
5000311,140,1 Supervised Machine Learning Regression and Classification/Week 3/Lab/pre_414/C1_W3_Lab05_One_Vs_All.ipynb,python
5000312,140,1 Supervised Machine Learning Regression and Classification/Week 3/Lab/pre_414/C1_W3_Lab06_Regularized_Cost.ipynb,python
5000313,140,1 Supervised Machine Learning Regression and Classification/Week 3/Lab/pre_414/C1_W3_Lab07_Regularized_Gradient_Descent.ipynb,python
5000314,140,1 Supervised Machine Learning Regression and Classification/Week 3/Lab/pre_414/C1_W3_Lab08_Scikit_Learn.ipynb,python
5000315,140,2 Advanced Learning Algorithms/Week 1/Lab/C2_W1_Lab01_Neurons_and_Layers.ipynb,python
5000316,140,2 Advanced Learning Algorithms/Week 1/Lab/C2_W1_Lab02_CoffeeRoasting_TF.ipynb,python
5000317,140,2 Advanced Learning Algorithms/Week 1/Lab/C2_W1_Lab03_CoffeeRoasting_Numpy.ipynb,python
5000318,140,2 Advanced Learning Algorithms/Week 1/Programming Assignment - Neural Networks for Binary Classification/C2_W1_Assignment.ipynb,python
5000319,140,2 Advanced Learning Algorithms/Week 2/Coding Assignment/C2_W2_Assignment.ipynb,python
5000320,140,2 Advanced Learning Algorithms/Week 2/Lab/archive/C2_W2_SoftMax-Copy1.ipynb,python
5000321,140,2 Advanced Learning Algorithms/Week 2/Lab/archive/C2_W2_SoftMax-Copy2.ipynb,python
5000322,140,2 Advanced Learning Algorithms/Week 2/Lab/betaversion/C2_W2_Multiclass_TF.ipynb,python
5000323,140,2 Advanced Learning Algorithms/Week 2/Lab/betaversion/C2_W2_Relu.ipynb,python
5000324,140,2 Advanced Learning Algorithms/Week 2/Lab/betaversion/C2_W2_SoftMax-Copy1.ipynb,python
5000325,140,2 Advanced Learning Algorithms/Week 2/Lab/betaversion/C2_W2_SoftMax.ipynb,python
5000326,140,2 Advanced Learning Algorithms/Week 2/Lab/C2_W2_Multiclass_TF.ipynb,python
5000327,140,2 Advanced Learning Algorithms/Week 2/Lab/C2_W2_Relu.ipynb,python
5000328,140,2 Advanced Learning Algorithms/Week 2/Lab/C2_W2_SoftMax.ipynb,python
5000329,140,2 Advanced Learning Algorithms/Week 3/C2_W3_Assignment.ipynb,python
5000330,140,2 Advanced Learning Algorithms/Week 3/Lab/C2_W3_Assignment.ipynb,python
5000331,140,2 Advanced Learning Algorithms/Week 4/C2_W4_Decision_Tree_with_Markdown.ipynb,python
5000332,140,2 Advanced Learning Algorithms/Week 4/Files/Files/home/jovyan/work/C2_W4_Decision_Tree_with_Markdown.ipynb,python
5000333,140,"3 Unsupervised Learning, Recommenders, Reinforcement Learning/W1/Lab/C3_W1_KMeans_Assignment.ipynb",python
5000334,140,"3 Unsupervised Learning, Recommenders, Reinforcement Learning/W2/C3_W2_Collaborative_RecSys_Assignment/C3_W2_Collaborative_RecSys_Assignment.ipynb",python
5000335,140,"3 Unsupervised Learning, Recommenders, Reinforcement Learning/W2/C3_W2_RecSysNN_Assignment.ipynb",python
5000336,140,"3 Unsupervised Learning, Recommenders, Reinforcement Learning/W3/C3_W3_A1_Assignment.ipynb",python
5000337,140,"3 Unsupervised Learning, Recommenders, Reinforcement Learning/W3/Lab/C3_W3_A1_Assignment.ipynb",python
5000338,215,NumPy Tutorial.ipynb,python
5000339,245,notebooks/loan-risk-prediction-model.ipynb,python
5000340,106,Matplotlib Tutorial.ipynb,python
5000341,116,Intro_to_fMRI_Data_Part_I_Data_Structure.ipynb,python
5000342,116,Intro_to_fMRI_Data_Part_II_Correlation_Maps.ipynb,python
5000343,116,Intro_to_fMRI_Data_Part_III_The_General_Linear_Model.ipynb,python
5000344,246,scrapy-spoty.ipynb,python
5000345,110,02 - First Steps/0203 - Simple EDA with matplotlib.ipynb,python
5000346,110,02 - First Steps/0204 - Using matplotlib Within a Jupyter Notebook.ipynb,python
5000347,110,02 - First Steps/0205 - The Interfaces of matplotlib.ipynb,python
5000348,110,02 - First Steps/EDA With Real World Data (bonus).ipynb,python
5000349,110,03 - pyplot/0301 - Introduction to pyplot.ipynb,python
5000350,110,03 - pyplot/0302 - The plot Function.ipynb,python
5000351,110,03 - pyplot/0303 - More Plotting.ipynb,python
5000352,110,03 - pyplot/0304 - Custom Plotting - Parallel Coordinates.ipynb,python
5000353,110,03 - pyplot/0305 - Subplots.ipynb,python
5000354,110,03 - pyplot/0306 - Adjusting Subplot Parameters.ipynb,python
5000355,110,03 - pyplot/0307 - Custom Plotting - Scatterplot Matrix.ipynb,python
5000356,110,03 - pyplot/0308 - Complex Suplots.ipynb,python
5000357,110,03 - pyplot/0309 - GridSpec (bonus).ipynb,python
5000358,110,04 - Under the Hood/0401 - The matplotlib Architecture.ipynb,python
5000359,110,04 - Under the Hood/0403 - How pyplot Works.ipynb,python
5000360,110,04 - Under the Hood/0404 - Troubleshooting pyplot Issues.ipynb,python
5000361,110,05 - Configuring matplotlib/0501 - rcParams.ipynb,python
5000362,110,05 - Configuring matplotlib/0502 - Style Sheets.ipynb,python
5000363,110,05 - Configuring matplotlib/0503 - Custom Style Sheets.ipynb,python
5000364,110,05 - Configuring matplotlib/0504 - Searching for Inspiration (bonus).ipynb,python
5000365,110,06 - Interactivity/0601 - Event Handling.ipynb,python
5000366,110,06 - Interactivity/0602 - Creating an Interface With ipywidgets.ipynb,python
5000367,110,06 - Interactivity/0603 - Refining the Interface.ipynb,python
5000368,110,07 - Mapping in matplotlib/0701 - What is a Map Projection?.ipynb,python
5000369,110,07 - Mapping in matplotlib/0702 - Working With Maps.ipynb,python
5000370,110,07 - Mapping in matplotlib/0703 - Creating a Choropleth.ipynb,python
5000371,110,07 - Mapping in matplotlib/0703 - Interlude - Color Maps.ipynb,python
5000372,110,07 - Mapping in matplotlib/0704 - Creating a Dot Density Map.ipynb,python
5000373,110,08 - The matplotlib Ecosystem/0801 - Seaborn.ipynb,python
5000374,110,08 - The matplotlib Ecosystem/0802 - Pandas.ipynb,python
5000375,110,08 - The matplotlib Ecosystem/0803 - Matplotlib for the Web.ipynb,python
5000376,110,drafts/Animation.ipynb,python
5000377,110,drafts/Bokeh.ipynb,python
5000378,110,drafts/Experimenting With matplotlib Configuration.ipynb,python
5000379,110,drafts/Flowing Data Heatmap Example.ipynb,python
5000380,110,drafts/Introduction to NumPy.ipynb,python
5000381,110,drafts/mpld3.ipynb,python
5000382,110,drafts/plotly.ipynb,python
6000001,107,data/collection/earthquakes.ipynb,python
6000002,107,data/collection/stackoverflow.ipynb,python
6000003,107,data/collection/subway.ipynb,python
6000004,107,data/collection/weather.ipynb,python
6000005,107,notebooks/0-check_your_env.ipynb,python
6000006,107,notebooks/1-getting_started_with_matplotlib.ipynb,python
6000007,107,notebooks/2-animations.ipynb,python
6000008,107,notebooks/3-interactivity.ipynb,python
6000009,107,notebooks/workbook.ipynb,python
6000010,107,slides/0-introduction.ipynb,python
6000011,107,slides/1-getting_started_with_matplotlib.ipynb,python
6000012,107,slides/2-animations.ipynb,python
6000013,107,slides/3-interactivity.ipynb,python
6000014,107,slides/4-outro.ipynb,python
6000015,240,notebooks/Hyperactive Machine Learning Tutorial.ipynb,python
6000016,240,notebooks/hyperactive_tutorial.ipynb,python
6000017,240,notebooks/Optimization Strategies for Deep Learning.ipynb,python
6000018,127,Paper.ipynb,python
6000019,209,21_more_pandas_tricks.ipynb,python
6000020,209,pandas_changes.ipynb,python
6000021,209,pandas.ipynb,python
6000022,209,pandas_merge.ipynb,python
6000023,209,pandas_multiindex.ipynb,python
6000024,209,pandas_tricks.ipynb,python
6000025,209,top_25_pandas_tricks.ipynb,python
6000026,216,Tutorial_1_JAX_Zero2Hero_Colab.ipynb,python
6000027,216,Tutorial_2_JAX_HeroPro+_Colab.ipynb,python
6000028,216,Tutorial_3_JAX_Neural_Network_from_Scratch_Colab.ipynb,python
6000029,216,Tutorial_4_Flax_Zero2Hero_Colab.ipynb,python
6000040,134,ch03_regression/Concept01_linear_regression.ipynb,python
6000041,134,ch03_regression/Concept02_poly_regression.ipynb,python
6000042,134,ch03_regression/Concept03_regularization.ipynb,python
6000043,134,ch04_classification/Concept01_linear_regression_classification.ipynb,python
6000044,134,ch04_classification/Concept02_logistic.ipynb,python
6000045,134,ch04_classification/Concept03_logistic2d.ipynb,python
6000046,134,ch04_classification/Concept04_softmax.ipynb,python
6000047,134,ch05_clustering/Concept01_clustering.ipynb,python
6000048,134,ch05_clustering/Concept02_segmentation.ipynb,python
6000049,134,ch05_clustering/Concept03_som.ipynb,python
6000050,134,ch06_hmm/Concept01_forward.ipynb,python
6000051,134,ch06_hmm/Concept02_hmm.ipynb,python
6000052,134,ch07_autoencoder/Concept01_autoencoder.ipynb,python
6000053,134,ch07_autoencoder/Concept02_autoencoder_with_imgs.ipynb,python
6000054,134,ch07_autoencoder/Concept03_denoising.ipynb,python
6000055,134,ch08_rl/Concept01_rl.ipynb,python
6000056,134,ch09_cnn/Concept01_cifar.ipynb,python
6000057,134,ch09_cnn/Concept02_convolution.ipynb,python
6000058,134,ch09_cnn/Concept03_cnn.ipynb,python
6000059,134,ch10_rnn/Concept01_timeseries_data.ipynb,python
6000060,134,ch10_rnn/Concept02_rnn.ipynb,python
6000061,134,ch10_rnn/Concept03_rnn_real_world.ipynb,python
6000062,134,ch11_seq2seq/Concept01_multi_rnn.ipynb,python
6000063,134,ch11_seq2seq/Concept02_embedding_lookup.ipynb,python
6000064,134,ch11_seq2seq/Concept03_seq2seq.ipynb,python
6000065,134,ch12_rank/Concept01_ranknet.ipynb,python
6000066,134,ch12_rank/Concept02_embedding.ipynb,python
6000067,134,ch12_rank/Concept03_image_ranking.ipynb,python
6000068,141,mmcc/asm-flow-control-graph.ipynb,python
6000069,141,mmcc/classifier-comparison.ipynb,python
6000070,141,mmcc/feature-extraction.ipynb,python
6000071,141,mmcc/feature-reduction-call-graphs.ipynb,python
6000072,141,mmcc/feature-reduction.ipynb,python
6000073,141,mmcc/feature-selection-final.ipynb,python
6000074,141,mmcc/feature-statistics.ipynb,python
6000075,141,mmcc/feature-transform-10percent.ipynb,python
6000076,141,mmcc/feature-transform-20percent.ipynb,python
6000077,141,mmcc/feature-transform-30percent.ipynb,python
6000078,141,mmcc/feature-transform-40percent.ipynb,python
6000079,141,mmcc/feature-transform-50percent.ipynb,python
6000080,141,mmcc/model-selection.ipynb,python
6000081,141,mmcc/xgboost-classifier.ipynb,python
6000082,141,vs/data-analysis-html.ipynb,python
6000083,141,vs/data-analysis-pdf.ipynb,python
6000084,141,vs/data-analysis-pe-coff.ipynb,python
6000085,141,vs/feature-extraction.ipynb,python
6000086,141,vs/feature-extraction-validation.ipynb,python
6000087,141,vs/feature-selection.ipynb,python
6000088,141,vs/generate_call_graphs.ipynb,python
6000089,141,vs/generate-function-counts.ipynb,python
6000090,141,vs/memory-test-runs.ipynb,python
6000091,141,vs/merge-html-feature-sets.ipynb,python
6000092,141,vs/merge-pe-coff-feature-sets.ipynb,python
6000093,141,vs/model-selection.ipynb,python
6000094,141,vs/model-selection-pe-coff.ipynb,python
6000095,141,vs/model-stacking-pe-coff.ipynb,python
6000096,141,vs/neural-net-analysis.ipynb,python
6000097,141,vs/training-label-generation.ipynb,python
6000098,141,vs/unpacker.ipynb,python
6000099,269,figures/annual_fish_catch_Ex_Fig_1.ipynb,python
6000100,269,figures/Boundary_Current_hotspots_integrated_trends_Fig_5.ipynb,python
6000101,269,figures/Equatorial_Gyre_hotspots_integrated_trends_Fig_3.ipynb,python
6000102,269,figures/fisheries_landings_global_population_Fig_6.ipynb,python
6000103,269,figures/High_Latitude_hotspots_integrated_trends_Fig_4.ipynb,python
6000104,269,figures/Research_Area_Fig_1.ipynb,python
6000105,269,figures/Southern_California_Baja_hotspot_trend_snapshot_Fig_2.ipynb,python
7000001,7000003,UCLDW_2022_zenodo_lesson.ipynb,python
7000002,7000002,Week_01/DG1AID_Lab_Week1_Colab_Python_II_Notebook.ipynb,python
7000003,7000002,Week_01/DG1AID_Lab_Week1_Colab_Python_I_Notebook.ipynb,python
7000004,7000002,Week_03/DG1AID_Lab_Week3.ipynb,python
7000005,7000002,Week_04/DG1AID_Lab_Week4.ipynb,python
7000006,7000002,Week_07/DG1AID_Lab_Week7.ipynb,python
7000008,7000001,DATS 6103 - Project 3 Analysis.ipynb,python
7000009,7000001,DATS 6103 - Project 3 Streaming.ipynb,python
7000010,7000004,Data Analysis.ipynb,python
7000011,7000005,UCLDW_2026_DataCleaningWithPythonAndPandas.ipynb,python
7000012,7000006,g1_rq1.ipynb,python
7000013,7000006,g1_rq2.ipynb,python
7000014,7000006,g1_rq3.ipynb,python
7000015,7000006,g2_rq1.ipynb,python
7000016,7000006,g2_rq2_1.ipynb,python
7000017,7000006,g2_rq2_2.ipynb,python
7000018,7000006,g2_rq2_3.ipynb,python
7000019,7000006,g2_rq2.ipynb,python
7000020,7000006,g2_rq3.ipynb,python
7000021,7000006,g2_rq4.ipynb,python
7000022,7000007,car_price_predictor_eda.ipynb,python
7000023,7000008,plot_export.ipynb,python
7000024,7000009,Georoc_Notebook.ipynb,python
7000025,7000010,ipympl.ipynb,python
7000026,7000010,lollipop.ipynb,python
7000027,7000010,MatplotDemo.ipynb,python
7000028,7000010,zero_power.ipynb,python
7000029,7000011,stackoverflow-survey.ipynb,python
7000030,7000012,hcs-basic-track_dominik-hezel_learning-python_day-2_solutions.ipynb,python
7000031,7000013,Compute-signal-separation_n-local_and_c-scale_01.ipynb,python
7000032,7000013,Diff-series_to_runningmeanseries_01.ipynb,python
7000033,7000013,LAMACLIMA_CESM2_lc-file_compilation_01.ipynb,python
7000034,7000013,LUMIP_analysis_Fig9-10-S6-S7-S8.ipynb,python
7000035,7000013,Raw-data_to_raw_diff_series_01.ipynb,python
7000036,7000013,SH-sigsep_illustration-FigS2-S3.ipynb,python
7000037,7000013,Signal-sep-comp_analysis_Fig1-S1.ipynb,python
7000038,7000013,Signal-sep-comp_mon_time-analysis_Fig6-7-8-S4-S5-S9-S10-S11-S12-S13-S14.ipynb,python
7000039,7000013,Spec-analysis_diffsignal_Fig4.ipynb,python
7000040,7000014,notebooks/01_mdp_dynamic_programming.ipynb,python
7000041,7000014,notebooks/02_mc_vs_td.ipynb,python
7000042,7000014,notebooks/03_q_learning.ipynb,python
7000043,7000014,notebooks/04_dqn.ipynb,python
7000044,7000014,notebooks/05_policy_gradient.ipynb,python
7000045,7000014,notebooks/06_ppo.ipynb,python
7000046,7000014,notebooks/07_preference_and_grpo.ipynb,python
7000047,7000014,notebooks/08_one_problem_many_algorithms.ipynb,python
7000048,7000014,notebooks/09_small_model_sft_dpo.ipynb,python
7000049,7000014,notebooks/10_verifiable_reasoning_grpo.ipynb,python
7000050,7000014,notebooks/11_tool_agent_lab.ipynb,python
7000051,7000014,notebooks/12_sampling_and_selection.ipynb,python
7000052,7000014,notebooks/13_budgeted_reasoning_search.ipynb,python
7000053,7000014,notebooks/14_learning_from_search.ipynb,python
7000054,7000014,projects/goallab/apply-theory/01_mdp_dynamic_programming.ipynb,python
7000055,7000014,projects/goallab/apply-theory/02_mc_vs_td.ipynb,python
7000056,7000014,projects/goallab/apply-theory/03_q_learning.ipynb,python
7000057,7000014,projects/goallab/apply-theory/04_dqn.ipynb,python
7000058,7000014,projects/goallab/apply-theory/05_policy_gradient.ipynb,python
7000059,7000014,projects/goallab/apply-theory/06_ppo.ipynb,python
7000060,7000014,projects/goallab/apply-theory/07_preference_and_grpo.ipynb,python
7000061,7000014,projects/goallab/apply-theory/08_one_problem_many_algorithms.ipynb,python
7000062,7000014,projects/goallab/apply-theory/09_small_model_sft_dpo.ipynb,python
7000063,7000014,projects/goallab/apply-theory/10_verifiable_reasoning_grpo.ipynb,python
7000064,7000014,projects/goallab/apply-theory/11_tool_gateway_integration.ipynb,python
7000065,7000014,projects/goallab/apply-theory/12_sampling_and_selection.ipynb,python
7000066,7000014,projects/goallab/apply-theory/13_budgeted_reasoning_search.ipynb,python
7000067,7000014,projects/goallab/apply-theory/14_learning_from_search.ipynb,python
7000068,7000014,projects/goallab/build-goallab/notebooks/01_generate_cases.ipynb,python
7000069,7000014,projects/goallab/build-goallab/notebooks/02_baselines_and_dqn.ipynb,python
7000070,7000014,projects/goallab/build-goallab/notebooks/03_ppo_and_verifier.ipynb,python
7000071,7000014,projects/goallab/build-goallab/notebooks/04_evaluation_and_search.ipynb,python
7000072,7000014,projects/goallab/build-goallab/notebooks/05_investigation_demo.ipynb,python
7000073,7000015,pandas_archive_joins.ipynb,python
7000074,7000015,pandas_science_joins_and_filter.ipynb,python
7000075,7000016,DataPlotting.ipynb,python
7000076,7000017,content/1-linear-regression/1-1-simple-linear-regression.ipynb,python
7000077,7000017,content/1-linear-regression/1-2-multivariate-linear-regression.ipynb,python
7000078,7000017,content/1-linear-regression/1-3-multioutput-linear-regression.ipynb,python
7000079,7000017,content/1-linear-regression/1-4-l2-regularization.ipynb,python
7000080,7000017,content/2-classification/2-1-multiclass-classification.ipynb,python
7000081,7000017,content/2-classification/softmax-function-and-its-derivative.ipynb,python
7000082,7000017,content/3-multilayer-perceptron/3-1-mlp.ipynb,python
7000083,7000017,content/3-multilayer-perceptron/gradients-and-activation-functions.ipynb,python
7000084,7000017,content/3-multilayer-perceptron/mlp-for-classification.ipynb,python
7000085,7000017,content/3-multilayer-perceptron/mlp-like-pytorch.ipynb,python
8000001,8000001,WoundSwab_AMR_Analysis.ipynb,python
8000002,8000003,Animations.ipynb,python
8000003,8000002,wine-categorizer.ipynb,python
8000004,8000003,Events.ipynb,python
8000005,8000003,Exploring_pyplot.ipynb,python
8000006,8000003,mpl_interactions.ipynb,python
8000007,8000003,native_widgets.ipynb,python
8000008,8000003,paths_lines_collections.ipynb,python
8000009,8000003,README.ipynb,python
8000010,8000003,transformations.ipynb,python
8000011,8000004,hcs-basic-track_dominik-hezel_learning-python_day-1_solutions.ipynb,python
8000012,8000005,lasi17/Notebook_01-GettingStarted.ipynb,python
8000013,8000005,lasi17/Notebook_02-TextWrangling.ipynb,python
8000014,8000005,lasi17/Notebook_03-BasicMetrics.ipynb,python
8000015,8000005,lasi17/Notebook_04-RepresentingAnalytics.ipynb,python
8000016,8000005,lasi17/Notebook_05-SelectingAlgorithms.ipynb,python
8000017,8000005,lasi17/Notebook_06-GrammaticalParsing.ipynb,python
8000018,8000005,lasi17/Notebook_07-EmbracingComplexity.ipynb,python
8000019,8000005,lasi17/Notebook_08-DocumentCollections.ipynb,python
8000020,8000005,lasi17/Notebook_09-TopicModelling.ipynb,python
8000021,8000005,lasi17/Notebook_10-WordEmbedding.ipynb,python
8000022,8000005,Tests/File Tests (Scala).ipynb,python
8000024,8000005,Tests/TAP Basic Tests (Python 3).ipynb,python
8000025,8000005,Tests/TAP Basic Tests (Scala).ipynb,python
8000026,8000006,model/one/model.ipynb,python
8000027,8000006,model/two/model.ipynb,python
8000028,8000007,PracticalWorkshops/ASL-Interpreter/asl-interpreter-advanced.ipynb,python
8000029,8000007,PracticalWorkshops/ASL-Interpreter/asl-interpreter-beginner.ipynb,python
8000030,8000007,PracticalWorkshops/ASL-Interpreter/asl-interpreter-intermediate.ipynb,python
8000031,8000007,PracticalWorkshops/ASL-Interpreter/asl-interpreter-solutions.ipynb,python
8000032,8000007,PracticalWorkshops/Flappy-Bird/flappybird-all-the-one-level.ipynb,python
8000033,8000007,PracticalWorkshops/Flappy-Bird/flappybird-solutions.ipynb,python
8000034,8000007,PracticalWorkshops/Instagram-Reels-Recommendation/BEGINNER-ediai-reels-workshop.ipynb,python
8000035,8000007,PracticalWorkshops/Instagram-Reels-Recommendation/SOLVED-advanced-edi-reels-workshop.ipynb,python
8000036,8000007,PracticalWorkshops/Instagram-Reels-Recommendation/UNSOLVED-advanced-ediai-reels-workshop.ipynb,python
8000037,8000007,PracticalWorkshops/Notes-To-Podcast/notes-to-podcast-all-levels.ipynb,python
8000038,8000007,PracticalWorkshops/Notes-To-Podcast/notes-to-podcast-solutions.ipynb,python
8000039,8000007,TheoreticalWorkshops/Sem1Workshop1/IntroToML/IntroToML-Beginner.ipynb,python
8000040,8000007,TheoreticalWorkshops/Sem1Workshop1/IntroToML/IntroToML-Expert.ipynb,python
8000041,8000007,TheoreticalWorkshops/Sem1Workshop1/IntroToML/IntroToML-Intermediate.ipynb,python
8000042,8000007,TheoreticalWorkshops/Sem1Workshop1/IntroToML/IntroToML-Solved.ipynb,python
8000043,8000007,TheoreticalWorkshops/Sem1Workshop2/NeuralNetworks-Beginner.ipynb,python
8000044,8000007,TheoreticalWorkshops/Sem1Workshop2/NeuralNetworks-Expert.ipynb,python
8000045,8000007,TheoreticalWorkshops/Sem1Workshop2/NeuralNetworks-Intermediate.ipynb,python
8000046,8000007,TheoreticalWorkshops/Sem1Workshop2/NeuralNetworks-Solved.ipynb,python
8000047,8000007,TheoreticalWorkshops/Sem1Workshop3/CNNs.ipynb,python
8000048,8000007,TheoreticalWorkshops/Sem1Workshop3/CNNs-Solved.ipynb,python
8000049,8000007,TheoreticalWorkshops/Sem1Workshop4/LanguageModels.ipynb,python
8000050,8000007,TheoreticalWorkshops/Sem1Workshop4/LanguageModels-Solved.ipynb,python
8000051,8000007,TheoreticalWorkshops/Sem2Workshop1/workshop-notebooks/ediai-single-obj-detection-solved-beta.ipynb,python
8000052,8000007,TheoreticalWorkshops/Sem2Workshop1/workshop-notebooks/solved-ediai-single-obj-detection-final.ipynb,python
8000053,8000007,TheoreticalWorkshops/Sem2Workshop1/workshop-notebooks/unsolved-ediai-single-obj-detection.ipynb,python
8000054,8000007,TheoreticalWorkshops/Sem2Workshop2/LSTM.ipynb,python
8000055,8000007,TheoreticalWorkshops/Sem2Workshop2/LSTM-Solved.ipynb,python
8000056,8000008,charts-to-html.ipynb,python
8000057,8000008,co2-charts.ipynb,python
8000058,8000008,Install-notes.ipynb,python
8000059,8000008,Introduction.ipynb,python
8000060,8000009,MAGE_Tutorial.ipynb,python
8000061,8000010,NBA_Analysis.ipynb,python
8000062,8000011,securityTopics.ipynb,python
8000063,8000012,eda-car-accident.ipynb,python
8000064,8000012,eda-my-strava-activities.ipynb,python
8000065,8000013,Data analysis.ipynb,python
8000066,8000014,data/update_dataset.ipynb,python
8000067,8000014,notebook_replace_query_with_parameter.ipynb,python
8000068,8000015,day1_1_instant_gratification.ipynb,python
8000069,8000015,day1_2_python_basics_operations_variables.ipynb,python
8000070,8000015,day1_3_pixels_numbers_LUT.ipynb,python
8000071,8000015,day1_4_functions_and_packages.ipynb,python
8000072,8000015,day1_5_image_processing_segmentation_quantification.ipynb,python
8000073,8000015,day2_1_segmentation_with_DeepLearning_based_tools.ipynb,python
8000074,8000015,day2_2_best_practices_notebook.ipynb,python
8000075,8000015,day2_3_loops_python.ipynb,python
8000076,8000015,day2_4_automation_segmentation_image_to_numbers-Copy1.ipynb,python
8000077,8000015,day2_5_superplots_tutorial_complete.ipynb,python
8000078,8000015,day2_5_superplots-tutorial.ipynb,python
8000079,8000015,day3_1_run_your_own_cellpose_model.ipynb,python
8000080,8000015,day3_2_BiaBob_AI_assistant_for_bioimage_analysis.ipynb,python
8000081,8000015,day_3_3_final_assigment_solution_.ipynb,python
8000082,8000016,Bootstrap.ipynb,python
8000083,8000016,MONTECARLO.ipynb,python
8000084,8000016,SURVEY.ipynb,python
8000085,8000017,data_cleaning.ipynb,python
9000001,9000001,olympic_analysis.ipynb,python
9000002,9000002,3.Data_Visualization.ipynb,python
9000003,9000003,big_data_analysis_of_NASA's_5_Millenium_Solar_Eclipse_codes2.ipynb,python
9000004,9000004,ch_01/checking_your_setup.ipynb,python
9000005,9000004,ch_01/exercises.ipynb,python
9000006,9000004,ch_01/introduction_to_data_analysis.ipynb,python
9000007,9000004,ch_01/python_101.ipynb,python
9000008,9000004,ch_02/1-pandas_data_structures.ipynb,python
9000009,9000004,ch_02/2-creating_dataframes.ipynb,python
9000010,9000004,ch_02/3-making_dataframes_from_api_requests.ipynb,python
9000011,9000004,ch_02/4-inspecting_dataframes.ipynb,python
9000012,9000004,ch_02/5-subsetting_data.ipynb,python
9000013,9000004,ch_02/6-adding_and_removing_data.ipynb,python
9000014,9000004,ch_03/1-wide_vs_long.ipynb,python
9000015,9000004,ch_03/2-using_the_weather_api.ipynb,python
9000016,9000004,ch_03/3-cleaning_data.ipynb,python
9000017,9000004,ch_03/4-reshaping_data.ipynb,python
9000018,9000004,ch_03/5-handling_data_issues.ipynb,python
9000019,9000004,ch_04/0-weather_data_collection.ipynb,python
9000020,9000004,ch_04/1-querying_and_merging.ipynb,python
9000021,9000004,ch_04/2-dataframe_operations.ipynb,python
9000022,9000004,ch_04/3-aggregations.ipynb,python
9000023,9000004,ch_04/4-time_series.ipynb,python
9000024,9000004,ch_04/understanding_window_calculations.ipynb,python
9000025,9000004,ch_05/1-introducing_matplotlib.ipynb,python
9000026,9000004,ch_05/2-plotting_with_pandas.ipynb,python
9000027,9000004,ch_05/3-pandas_plotting_module.ipynb,python
9000028,9000004,ch_06/1-introduction_to_seaborn.ipynb,python
9000029,9000004,ch_06/2-formatting_plots.ipynb,python
9000030,9000004,ch_06/3-customizing_visualizations.ipynb,python
9000031,9000004,ch_06/covid19_cases_map.ipynb,python
9000032,9000004,ch_07/financial_analysis.ipynb,python
9000033,9000004,ch_08/anomaly_detection.ipynb,python
9000034,9000004,ch_09/planet_data_collection.ipynb,python
9000035,9000004,ch_09/planets_ml.ipynb,python
9000036,9000004,ch_09/preprocessing.ipynb,python
9000037,9000004,ch_09/red_wine.ipynb,python
9000038,9000004,ch_09/wine.ipynb,python
9000039,9000004,ch_10/planets_ml.ipynb,python
9000040,9000004,ch_10/red_wine.ipynb,python
9000041,9000004,ch_10/wine.ipynb,python
9000042,9000004,ch_11/0-simulating_the_data.ipynb,python
9000043,9000004,ch_11/1-EDA_unlabeled_data.ipynb,python
9000044,9000004,ch_11/2-unsupervised_anomaly_detection.ipynb,python
9000045,9000004,ch_11/3-EDA_labeled_data.ipynb,python
9000046,9000004,ch_11/4-supervised_anomaly_detection.ipynb,python
9000047,9000004,ch_11/5-online_learning.ipynb,python
9000048,9000004,solutions/ch_01/solutions.ipynb,python
9000049,9000004,solutions/ch_02/solutions.ipynb,python
9000050,9000004,solutions/ch_03/solutions.ipynb,python
9000051,9000004,solutions/ch_04/solutions.ipynb,python
9000052,9000004,solutions/ch_05/solutions.ipynb,python
9000053,9000004,solutions/ch_06/solutions.ipynb,python
9000054,9000004,solutions/ch_07/solutions.ipynb,python
9000055,9000004,solutions/ch_08/solutions.ipynb,python
9000056,9000004,solutions/ch_09/exercise_1.ipynb,python
9000057,9000004,solutions/ch_09/exercise_2.ipynb,python
9000058,9000004,solutions/ch_09/exercise_3.ipynb,python
9000059,9000004,solutions/ch_09/exercise_4.ipynb,python
9000060,9000004,solutions/ch_09/exercise_5.ipynb,python
9000061,9000004,solutions/ch_10/exercise_1.ipynb,python
9000062,9000004,solutions/ch_10/exercise_2.ipynb,python
9000063,9000004,solutions/ch_10/exercise_3.ipynb,python
9000064,9000004,solutions/ch_10/exercise_4.ipynb,python
9000065,9000004,solutions/ch_10/exercise_5.ipynb,python
9000066,9000004,solutions/ch_11/exercise_1.ipynb,python
9000067,9000004,solutions/ch_11/exercise_2.ipynb,python
9000068,9000004,solutions/ch_11/exercise_3.ipynb,python
9000069,9000004,solutions/ch_11/exercise_4.ipynb,python
9000070,9000005,categorical.ipynb,python
9000071,9000005,mixed.ipynb,python
9000072,9000005,numerical.ipynb,python
9000073,9000006,VF.ipynb,python
9000074,9000007,1.ipynb,python
9000075,9000008,advanced_example/1.1_plt_多边形.ipynb,python
9000076,9000008,advanced_example/1.2-1.6_fill_几何图形填充颜色.ipynb,python
9000077,9000008,advanced_example/2.3-2.4_add_patch自定义图形绘制.ipynb,python
9000078,9000008,advanced_example/bezier曲线.ipynb,python
9000079,9000008,base_example/boxplot_箱线图.ipynb,python
9000080,9000008,base_example/hist_直方图.ipynb,python
9000081,9000008,base_example/scatter_多组气泡图.ipynb,python
9000082,9000008,base_example/scatter_气泡图.ipynb,python
9000083,9000008,base_example/stem_棉棒图.ipynb,python
9000084,9000008,matplotlib_base_1.ipynb,python
9000085,9000008,matplotlib_ref_1.ipynb,python
9000086,9000009,notebook_20260820.ipynb,python
9000087,9000010,analytic_example.ipynb,python
9000088,9000011,collaboration_metrics_correlations.ipynb,python
9000089,9000012,Area charts/Area chart.ipynb,python
9000090,9000012,Bar charts/animated_bar_charts.ipynb,python
9000091,9000012,Bar charts/Bar chart small multiples.ipynb,python
9000092,9000012,Bar charts/bar chart with text.ipynb,python
9000093,9000012,Bar charts/Single bar charts.ipynb,python
9000094,9000012,Bar charts/Stacked bar chart.ipynb,python
9000095,9000012,Dot plot/Dot plot small multiples.ipynb,python
9000096,9000012,Dumbbell/Dumbbell.ipynb,python
9000097,9000012,Heatmaps/heatmap.ipynb,python
9000098,9000012,Images/Images.ipynb,python
9000099,9000012,Line charts/101 Line charts.ipynb,python
9000100,9000012,Line charts/Line chart-area filled.ipynb,python
9000101,9000012,Line charts/Line chart Highlight.ipynb,python
9000102,9000012,Line charts/line chart small multiples.ipynb,python
9000103,9000012,Line charts/Line charts with gradient fill.ipynb,python
9000104,9000012,Line charts/Line charts with zoom.ipynb,python
9000105,9000012,Maps/Grid map.ipynb,python
9000106,9000012,Pie charts/Pie charts.ipynb,python
9000107,9000012,Polar charts/Polar bar chart.ipynb,python
9000108,9000012,Proportion plot/Proportion plot.ipynb,python
9000109,9000012,Radar chart/Radar chart.ipynb,python
9000110,9000012,Scatter chart/Scatter with jitter .ipynb,python
9000111,9000012,Slope chart/Slope.ipynb,python
9000112,9000012,Sunburst chart/sunburst.ipynb,python
9000113,9000012,Tables/Tables with conditional formatting.ipynb,python
9000114,9000012,Timeline - Gantt/Gantt chart.ipynb,python
9000115,9000012,Timeline - Gantt/Gantt -one column.ipynb,python
9000116,9000012,Tornado charts/Tornado chart.ipynb,python
9000117,9000012,Waffle chart (square pie)/waffle chart.ipynb,python
9000118,9000012,Waffle chart (square pie)/waffle chart_small multiples.ipynb,python
9000119,9000013,master@0.0_check-setup.ipynb,python
9000120,9000013,master@1.0_llms_openai-api.ipynb,python
9000121,9000013,master@1.1_llms_langchain.ipynb,python
9000122,9000013,master@1.2_pdf-extraction.ipynb,python
9000123,9000013,master@2.0_vdb_weaviate-setup.ipynb,python
9000124,9000013,master@2.1_vdb_weaviate-CRUD.ipynb,python
9000125,9000013,master@2.2_rag-basic.ipynb,python
9000126,9000013,master@3.0_tool-calling_chain..ipynb,python
9000127,9000014,05_Data_Visualization.ipynb,python
9000128,9000015,data_cleaning.ipynb,python
9000129,9000015,income_analysis.ipynb,python
9000130,9000016,replication_notebook.ipynb,python
9000131,9000017,trainer.ipynb,python
10000001,10000001,POO_EN.ipynb,python
10000002,10000001,POO_ptbr.ipynb,python
10000003,10000003,tratamento_de_valores_ausentes.ipynb,python
10000004,10000002,notebookApp.ipynb,python
10000005,10000004,thesis/avs.ipynb,python
10000006,10000005,quickstart.ipynb,python
10000007,10000006,add_watermark_to_pdfs.ipynb,python
10000008,10000007,notebooks/01_inventario.ipynb,python
10000009,10000007,notebooks/02_clases.ipynb,python
10000010,10000007,notebooks/03_calidad_senal.ipynb,python
10000011,10000007,notebooks/04_muestras_por_clase.ipynb,python
10000012,10000008,notebook.ipynb,python
10000013,10000009,src/eda/EDA.ipynb,python
10000020,10000011,pandas/Lesson_01.ipynb,python
10000021,10000011,pandas/Lesson_02.ipynb,python
10000022,10000011,pandas/Lesson_03.ipynb,python
10000023,10000011,pandas/Tutorial.ipynb,python
10000024,10000011,polars/Lesson_01_pl.ipynb,python
10000025,10000011,polars/Lesson_02_pl.ipynb,python
10000026,10000011,polars/Lesson_03_pl.ipynb,python
10000027,10000011,polars/Tutorial_pl.ipynb,python
10000028,10000012,notebooks/odl.ipynb,python
10000029,10000012,notebooks/symptoms_corpus.ipynb,python
10000030,10000013,01-Py-POF-CPU.ipynb,python
10000031,10000013,02-Py-POF-GPU.ipynb,python
10000032,10000013,03-results.ipynb,python
10000033,10000013,04-misc.ipynb,python
10000034,10000014,01_Basics.ipynb,python
10000035,10000014,02_Primitive_Data_Types.ipynb,python
10000036,10000014,03_Lists_and_Tuples.ipynb,python
10000037,10000014,04_Sets_and_Maps.ipynb,python
10000038,10000014,05_Control_Logics.ipynb,python
10000039,10000014,06_Functions_and_External_Libraries.ipynb,python
10000040,10000014,07_Comprehensions_and_Functional_Programming.ipynb,python
10000041,10000014,08_Classes_and_Inheritance.ipynb,python
10000042,10000014,09_Unittests.ipynb,python
10000043,10000014,OOP_Grundlagen_Python.ipynb,python
10000044,10000015,1-10_classes/1-10_classes.ipynb,python
10000045,10000015,1-11_modules/1-11_modules.ipynb,python
10000046,10000015,1-1_cells/1_1-cells.ipynb,python
10000047,10000015,1-2_numbers/1_2-numbers.ipynb,python
10000048,10000015,1-3_booleans/1-3_booleans.ipynb,python
10000049,10000015,1-4_strings/1-4_strings.ipynb,python
10000050,10000015,1-5_lists-tuples/1-5_lists-tuples.ipynb,python
10000051,10000015,1-6_dictionaries/1-6_dictionaries.ipynb,python
10000052,10000015,1-7_conditionals/1-7_conditionals.ipynb,python
10000053,10000015,1-8_loops/1-8_loops.ipynb,python
10000054,10000015,1-9_functions/1-9_functions.ipynb,python
10000055,10000016,Notebook.ipynb,python
11000001,10000010,docs/source/tutorials/activity_cliffs.ipynb,python
11000002,10000010,docs/source/tutorials/pharmacophore_tutorial.ipynb,python
11000003,10000010,docs/source/tutorials/similarity_maps.ipynb,python
11000004,10000010,tutorials/01-pharmacophore_tutorial.ipynb,python
11000005,10000010,tutorials/02-similarity_maps.ipynb,python
11000006,10000010,tutorials/03-activity_cliffs.ipynb,python
11000008,112,LSTM_model.ipynb,python
