id,repository_run_id,repository_id,notebook_id,notebook_name,url,execution_status,execution_duration,total_code_cells,executed_cells,error_type,error_category,error_message,error_cell_index,error_count,created_at
1,1,3,1,elastic-blast-rdrp.ipynb,https://github.com/ncbi/elastic-blast-demos,SUCCESS_WITH_ERRORS,35.0,22,22,SyntaxError,CODE_ERROR,"invalid syntax (1725006338.py, line 1)",4,8,2026-02-15 23:52:57
2,3,8,3,scripts/apply_normative_models_sa.ipynb,https://github.com/predictive-clinical-neuroscience/braincharts,SUCCESS_WITH_ERRORS,358.0,23,23,FileNotFoundError,FILE_ERROR,[Errno 2] No such file or directory: '/content/braincharts/scripts/',3,16,2026-02-16 00:02:01
3,3,8,4,scripts/fit_normative_models_ct.ipynb,https://github.com/predictive-clinical-neuroscience/braincharts,SUCCESS_WITH_ERRORS,10.0,10,10,PermissionError,FILE_ERROR,[Errno 13] Permission denied: '/tmp/.cache/arviz',3,5,2026-02-16 00:02:03
4,3,8,5,scripts/apply_normative_models_yeo17.ipynb,https://github.com/predictive-clinical-neuroscience/braincharts,SUCCESS_WITH_ERRORS,11.0,25,25,FileNotFoundError,FILE_ERROR,[Errno 2] No such file or directory: '/content/braincharts/scripts/',3,17,2026-02-16 00:02:05
5,3,8,6,scripts/fit_normative_models_yeo17.ipynb,https://github.com/predictive-clinical-neuroscience/braincharts,SUCCESS_WITH_ERRORS,9.0,9,9,PermissionError,FILE_ERROR,[Errno 13] Permission denied: '/tmp/.cache/arviz',3,5,2026-02-16 00:02:06
6,3,8,7,scripts/apply_normative_models_ct.ipynb,https://github.com/predictive-clinical-neuroscience/braincharts,SUCCESS_WITH_ERRORS,12.0,26,26,FileNotFoundError,FILE_ERROR,[Errno 2] No such file or directory: '/path/to/my/braincharts/',3,16,2026-02-16 00:02:08
7,5,10,13,PREDICATE.ipynb,https://github.com/draeger-lab/pymCADRE,SUCCESS_WITH_ERRORS,6.0,11,11,PermissionError,FILE_ERROR,[Errno 13] Permission denied: '/tmp/.cache/cobrapy',1,8,2026-02-16 00:03:48
8,7,14,27,Analysis/Similarity Processes/mesure_similarity.ipynb,https://github.com/mdjaffardjy/AnalyseDonneesNextflow,SUCCESS_WITH_ERRORS,5.0,39,39,ModuleNotFoundError,DEPENDENCY_ERROR,No module named 'sklearn',5,1,2026-02-16 00:30:23
9,7,14,28,Analysis/Form DSL1 Database/form_database.ipynb,https://github.com/mdjaffardjy/AnalyseDonneesNextflow,SUCCESS,1496.0,9,9,,,,,0,2026-02-16 00:30:25
10,7,14,29,Analysis/Distribution DSL1 DSL2/distribution.ipynb,https://github.com/mdjaffardjy/AnalyseDonneesNextflow,SUCCESS_WITH_ERRORS,6.0,18,18,ImportError,DEPENDENCY_ERROR,"matplotlib is required for plotting when the default backend ""matplotlib"" is selected.",13,5,2026-02-16 00:30:27
11,8,15,30,notebook/group_patterns_proc.ipynb,https://github.com/mdjaffardjy/Reuse_in_processes,SUCCESS,8.0,20,20,,,,,0,2026-02-16 00:31:52
12,8,15,31,notebook/Figures_reuse_processes_simil_wf.ipynb,https://github.com/mdjaffardjy/Reuse_in_processes,SUCCESS_WITH_ERRORS,10.0,12,12,FileNotFoundError,FILE_ERROR,[Errno 2] No such file or directory: '../figures/hist_reuse_wf_nf_snk.pdf',9,2,2026-02-16 00:31:54
13,9,16,32,examples/gpax_GPBO.ipynb,https://github.com/ziatdinovmax/gpax,SUCCESS,89.0,10,10,,,,,0,2026-02-16 01:21:18
14,9,16,34,examples/GP_sGP.ipynb,https://github.com/ziatdinovmax/gpax,SUCCESS,1244.0,21,21,,,,,0,2026-02-16 01:21:48
15,9,16,35,examples/gpax_viDKL_plasmons.ipynb,https://github.com/ziatdinovmax/gpax,SUCCESS_WITH_ERRORS,9.0,27,27,ImportError,DEPENDENCY_ERROR,libxcb.so.1: cannot open shared object file: No such file or directory,8,20,2026-02-16 01:21:49
16,9,16,36,examples/gpax_hypo.ipynb,https://github.com/ziatdinovmax/gpax,SUCCESS,1151.0,17,17,,,,,0,2026-02-16 01:21:55
17,9,16,37,examples/simpleGP.ipynb,https://github.com/ziatdinovmax/gpax,SUCCESS_WITH_ERRORS,40.0,10,10,ImportError,DEPENDENCY_ERROR,You need to install `seaborn` to be able to use this feature. It can be installed with `pip install seaborn`.,22,1,2026-02-16 01:21:57
18,10,17,38,tutorials/getting-started.ipynb,https://github.com/ai4up/eubucco,SUCCESS_WITH_ERRORS,4.0,8,8,TypeError,CODE_ERROR,StringMethods.rsplit() takes from 1 to 2 positional arguments but 3 were given,11,1,2026-02-16 01:23:21
19,10,17,39,tutorials/downloading-openstreetmap.ipynb,https://github.com/ai4up/eubucco,SUCCESS_WITH_ERRORS,3.0,5,5,ModuleNotFoundError,DEPENDENCY_ERROR,No module named 'pyrosm',0,2,2026-02-16 01:23:21
20,10,17,40,tutorials/downloading-spain-cadaster.ipynb,https://github.com/ai4up/eubucco,SUCCESS_WITH_ERRORS,4.0,18,18,ConnectionError,NETWORK_ERROR,"HTTPConnectionPool(host='www.catastro.minhap.es', port=80): Max retries exceeded with url: /INSPIRE/buildings/ES.SDGC.BU.atom.xml (Caused by NameResolutionError(""HTTPConnection(host='www.catastro.minhap.es', port=80): Failed to resolve 'www.catastro.minhap.es' ([Errno -5] No address associated with hostname)""))",3,14,2026-02-16 01:23:22
21,10,17,41,tutorials/downloading-parsing-osm.ipynb,https://github.com/ai4up/eubucco,SUCCESS_WITH_ERRORS,3.0,24,24,ModuleNotFoundError,DEPENDENCY_ERROR,No module named 'pyrosm',1,22,2026-02-16 01:23:23
22,10,17,42,tutorials/website/getting-started-website.ipynb,https://github.com/ai4up/eubucco,SUCCESS_WITH_ERRORS,12.0,12,12,HTTPError,NETWORK_ERROR,HTTP Error 404: Not Found,6,9,2026-02-16 01:23:24
23,10,17,43,database/preprocessing/0-downloading/downloading-poland.ipynb,https://github.com/ai4up/eubucco,SUCCESS_WITH_ERRORS,3.0,6,6,FileNotFoundError,FILE_ERROR,[Errno 2] No such file or directory: '.../teryt_list.csv',3,2,2026-02-16 01:23:25
24,10,17,45,database/preprocessing/1-parsing/duplicate-removal/remove_duplicates_abruzzo.ipynb,https://github.com/ai4up/eubucco,SUCCESS_WITH_ERRORS,4.0,21,21,ModuleNotFoundError,DEPENDENCY_ERROR,No module named 'ufo_map',0,19,2026-02-16 01:23:26
25,10,17,46,database/preprocessing/1-parsing/duplicate-removal/remove_duplicates_piemonte.ipynb,https://github.com/ai4up/eubucco,SUCCESS_WITH_ERRORS,3.0,23,23,ModuleNotFoundError,DEPENDENCY_ERROR,No module named 'ufo_map',0,21,2026-02-16 01:23:27
26,12,22,53,examples/output-viz.ipynb,https://github.com/IGGoncalves/PhysiCOOL,SUCCESS_WITH_ERRORS,4.0,4,4,ModuleNotFoundError,DEPENDENCY_ERROR,No module named 'physicool',1,3,2026-02-16 01:25:16
27,12,22,54,examples/interactive-toy-model.ipynb,https://github.com/IGGoncalves/PhysiCOOL,SUCCESS_WITH_ERRORS,5.0,9,9,RuntimeError,OTHER_ERROR,A legend label cannot be assigned to an Axis. Did you mean to set the axis label via set_label_text()?,11,2,2026-02-16 01:25:16
28,12,22,55,examples/growth/PhysiCOOL_growth_example.ipynb,https://github.com/IGGoncalves/PhysiCOOL,SUCCESS_WITH_ERRORS,4.0,7,7,ValueError,DATA_ERROR,cannot convert float NaN to integer,2,5,2026-02-16 01:25:18
29,12,22,56,examples/third_party/third_party.ipynb,https://github.com/IGGoncalves/PhysiCOOL,SUCCESS_WITH_ERRORS,3.0,2,2,ModuleNotFoundError,DEPENDENCY_ERROR,No module named 'physicool',1,2,2026-02-16 01:25:18
30,12,22,57,examples/motility/sweeper.ipynb,https://github.com/IGGoncalves/PhysiCOOL,SUCCESS_WITH_ERRORS,3.0,3,3,ModuleNotFoundError,DEPENDENCY_ERROR,No module named 'physicool',2,3,2026-02-16 01:25:19
31,12,22,58,examples/motility/black_box.ipynb,https://github.com/IGGoncalves/PhysiCOOL,SUCCESS_WITH_ERRORS,4.0,7,7,ModuleNotFoundError,DEPENDENCY_ERROR,No module named 'physicool',4,6,2026-02-16 01:25:20
32,12,22,59,docs/xml_update.ipynb,https://github.com/IGGoncalves/PhysiCOOL,SUCCESS_WITH_ERRORS,3.0,5,5,ModuleNotFoundError,DEPENDENCY_ERROR,No module named 'physicool',1,5,2026-02-16 01:25:21
33,13,24,60,HiCAT_example_py_v03.ipynb,https://github.com/combio-dku/HiCAT,SUCCESS_WITH_ERRORS,5.0,11,11,FileNotFoundError,FILE_ERROR,"[Errno 2] Unable to synchronously open file (unable to open file: name = 'Melanoma_5K_rev.h5ad', errno = 2, error message = 'No such file or directory', flags = 0, o_flags = 0)",5,8,2026-02-16 01:26:07
34,16,27,82,notebooks/training_pbmc10k.ipynb,https://github.com/bioFAM/mofax,SUCCESS_WITH_ERRORS,5.0,9,9,FileNotFoundError,FILE_ERROR,"[Errno 2] Unable to synchronously open file (unable to open file: name = 'data/pbmc10k.h5ad', errno = 2, error message = 'No such file or directory', flags = 0, o_flags = 0)",5,6,2026-02-16 01:36:47
35,16,27,83,notebooks/getting_started_pbmc10k.ipynb,https://github.com/bioFAM/mofax,SUCCESS,108.0,39,39,,,,,0,2026-02-16 01:36:49
36,17,30,84,scripts/verify_and_modify_dataset.ipynb,https://github.com/ieee8023/covid-chestxray-dataset,SUCCESS_WITH_ERRORS,5.0,18,18,KeyError,DATA_ERROR,'getpwuid(): uid not found: 1000',0,7,2026-02-16 01:43:29
37,17,30,85,scripts/radiopedia.ipynb,https://github.com/ieee8023/covid-chestxray-dataset,SUCCESS_WITH_ERRORS,4.0,38,38,FileNotFoundError,FILE_ERROR,[Errno 2] No such file or directory: 'stacks-86625.json',10,6,2026-02-16 01:43:30
38,17,30,86,scripts/metadata_visualization.ipynb,https://github.com/ieee8023/covid-chestxray-dataset,SUCCESS,5.0,10,10,,,,,0,2026-02-16 01:43:31
39,18,31,87,Monkeypox_08_15_22.ipynb,https://github.com/mahsan2/Monkeypox-dataset-2022,SUCCESS_WITH_ERRORS,18.0,25,25,ModuleNotFoundError,DEPENDENCY_ERROR,No module named 'sklearn',1,13,2026-02-16 01:45:13
40,19,32,88,monkeypox-study-one.ipynb,https://github.com/carlosvega/DebunkMonkeypoxML,SUCCESS_WITH_ERRORS,7.0,14,14,KeyError,DATA_ERROR,'getpwuid(): uid not found: 1000',0,8,2026-02-16 01:51:05
41,19,32,89,monkeypox-study-two.ipynb,https://github.com/carlosvega/DebunkMonkeypoxML,SUCCESS_WITH_ERRORS,6.0,14,14,KeyError,DATA_ERROR,'getpwuid(): uid not found: 1000',1,8,2026-02-16 01:51:06
42,20,33,90,Saliva_dataset_analysis.ipynb,https://github.com/Bristol-UNCOVER/Saliva_data_ML_analysis,SUCCESS_WITH_ERRORS,5.0,32,32,FileNotFoundError,FILE_ERROR,[Errno 2] No such file or directory: 'ThresholdValidation_All_Data_NormThresholds.csv',3,26,2026-02-16 01:51:45
43,22,35,98,examples/notebooks/ds003_sample_analysis.ipynb,https://github.com/poldracklab/fitlins,SUCCESS_WITH_ERRORS,37.0,17,17,ModuleNotFoundError,DEPENDENCY_ERROR,No module named 'pkg_resources',23,5,2026-02-16 01:53:44
44,23,36,99,Channel_Capacity.ipynb,https://github.com/imaginationdykim/2022.CC,SUCCESS,6.0,8,8,,,,,0,2026-02-16 01:54:14
45,24,37,100,rotation_analysis/MSE_vs_adjacency_dist.ipynb,https://github.com/csabaiBio/RBD-AlphaFold2-structures-and-phenotypic-information,SUCCESS_WITH_ERRORS,3.0,5,5,ModuleNotFoundError,DEPENDENCY_ERROR,No module named 'prody',0,3,2026-02-16 01:58:12
46,24,37,101,wuhan_generalization_experiments/RF_generalization_plot.ipynb,https://github.com/csabaiBio/RBD-AlphaFold2-structures-and-phenotypic-information,SUCCESS,5.0,3,3,,,,,0,2026-02-16 01:58:13
47,24,37,102,wuhan_generalization_experiments/test_embeddings.ipynb,https://github.com/csabaiBio/RBD-AlphaFold2-structures-and-phenotypic-information,SUCCESS_WITH_ERRORS,3.0,3,3,FileNotFoundError,FILE_ERROR,[Errno 2] No such file or directory: '/mnt/ncshare/ozkilim/covid/data_release_paper/wuhan_generalization_experements/embeddings/omicron_ba2_adj_mat_encoding.npy',1,1,2026-02-16 01:58:14
48,24,37,103,APBS_and_PQR/PQR-APBS.ipynb,https://github.com/csabaiBio/RBD-AlphaFold2-structures-and-phenotypic-information,SUCCESS,3.0,7,7,,,,,0,2026-02-16 01:58:15
49,24,37,104,interface_exploration/interface_importance.ipynb,https://github.com/csabaiBio/RBD-AlphaFold2-structures-and-phenotypic-information,SUCCESS_WITH_ERRORS,5.0,3,3,ModuleNotFoundError,DEPENDENCY_ERROR,No module named 'sklearn',0,3,2026-02-16 01:58:16
50,24,37,105,SARS-CoV-2-RBD_DMS_Omicron/count_variants.ipynb,https://github.com/csabaiBio/RBD-AlphaFold2-structures-and-phenotypic-information,SUCCESS_WITH_ERRORS,4.0,23,23,ModuleNotFoundError,DEPENDENCY_ERROR,No module named 'dms_variants',2,21,2026-02-16 01:58:17
51,24,37,106,SARS-CoV-2-RBD_DMS_Omicron/Epistatic-Shifts-Interactive-Visualization.ipynb,https://github.com/csabaiBio/RBD-AlphaFold2-structures-and-phenotypic-information,SUCCESS_WITH_ERRORS,5.0,12,12,NameError,CODE_ERROR,name 'snakemake' is not defined,4,9,2026-02-16 01:58:18
52,24,37,107,SARS-CoV-2-RBD_DMS_Omicron/process_ccs_Wuhan_Hu_1.ipynb,https://github.com/csabaiBio/RBD-AlphaFold2-structures-and-phenotypic-information,SUCCESS_WITH_ERRORS,5.0,56,56,ModuleNotFoundError,DEPENDENCY_ERROR,No module named 'dms_variants',6,54,2026-02-16 01:58:19
53,24,37,108,SARS-CoV-2-RBD_DMS_Omicron/RBD-Heatmaps-Interactive-Visualization.ipynb,https://github.com/csabaiBio/RBD-AlphaFold2-structures-and-phenotypic-information,SUCCESS_WITH_ERRORS,6.0,12,12,NameError,CODE_ERROR,name 'snakemake' is not defined,4,7,2026-02-16 01:58:20
54,24,37,109,SARS-CoV-2-RBD_DMS_Omicron/process_ccs_BA1.ipynb,https://github.com/csabaiBio/RBD-AlphaFold2-structures-and-phenotypic-information,SUCCESS_WITH_ERRORS,4.0,56,56,ModuleNotFoundError,DEPENDENCY_ERROR,No module named 'dms_variants',6,54,2026-02-16 01:58:21
55,24,37,110,SARS-CoV-2-RBD_DMS_Omicron/process_ccs_BA2.ipynb,https://github.com/csabaiBio/RBD-AlphaFold2-structures-and-phenotypic-information,SUCCESS_WITH_ERRORS,5.0,56,56,ModuleNotFoundError,DEPENDENCY_ERROR,No module named 'dms_variants',6,54,2026-02-16 01:58:22
56,24,37,111,SARS-CoV-2-RBD_DMS_Omicron/SRA_upload_PacBio/upload_to_SRA_BA2.ipynb,https://github.com/csabaiBio/RBD-AlphaFold2-structures-and-phenotypic-information,SUCCESS_WITH_ERRORS,5.0,13,13,AssertionError,OTHER_ERROR,biosample_accession                     library_ID  \ 0        SAMN30603816  Omicron_BA2_pool1_PacBio_CCSs    1        SAMN30603816  Omicron_BA2_pool2_PacBio_CCSs                                                    title     library_strategy  \ 0  PacBio CCSs linking variants to barcodes for S...  Synthetic-Long-Read    1  PacBio CCSs linking variants to barcodes for S...  Synthetic-Long-Read       library_source   library_selection library_layout     platform  \ 0      SYNTHETIC  Restriction Dig,11,5,2026-02-16 01:58:23
57,24,37,112,SARS-CoV-2-RBD_DMS_Omicron/SRA_upload_PacBio/upload_to_SRA_BA1.ipynb,https://github.com/csabaiBio/RBD-AlphaFold2-structures-and-phenotypic-information,SUCCESS_WITH_ERRORS,7.0,13,13,AssertionError,OTHER_ERROR,biosample_accession                     library_ID  \ 0        SAMN30603816  Omicron_BA1_pool1_PacBio_CCSs    1        SAMN30603816  Omicron_BA1_pool2_PacBio_CCSs                                                    title     library_strategy  \ 0  PacBio CCSs linking variants to barcodes for S...  Synthetic-Long-Read    1  PacBio CCSs linking variants to barcodes for S...  Synthetic-Long-Read       library_source   library_selection library_layout     platform  \ 0      SYNTHETIC  Restriction Dig,11,5,2026-02-16 01:58:24
58,24,37,113,SARS-CoV-2-RBD_DMS_Omicron/SRA_upload_Illumina/make_and_upload_tar.ipynb,https://github.com/csabaiBio/RBD-AlphaFold2-structures-and-phenotypic-information,SUCCESS_WITH_ERRORS,4.0,7,7,FileNotFoundError,FILE_ERROR,[Errno 2] No such file or directory: '/shared/ngs/illumina/tstarr/220415_VH00699_102_AAAYMVFM5/Unaligned/Project_tstarr/220325_s01-b1_S1_R1_001.fastq.gz',5,4,2026-02-16 01:58:25
59,24,37,114,SARS-CoV-2-RBD_DMS_Omicron/SRA_upload_Illumina/create_submission_sheet.ipynb,https://github.com/csabaiBio/RBD-AlphaFold2-structures-and-phenotypic-information,SUCCESS_WITH_ERRORS,4.0,10,10,TypeError,CODE_ERROR,"expected str, bytes or os.PathLike object, not float",9,5,2026-02-16 01:58:26
60,24,37,115,projections/TSNE_all_vars_structs.ipynb,https://github.com/csabaiBio/RBD-AlphaFold2-structures-and-phenotypic-information,SUCCESS_WITH_ERRORS,5.0,6,6,ModuleNotFoundError,DEPENDENCY_ERROR,No module named 'MulticoreTSNE',0,5,2026-02-16 01:58:26
61,24,37,116,projections/UMAP_all_vars_structs.ipynb,https://github.com/csabaiBio/RBD-AlphaFold2-structures-and-phenotypic-information,SUCCESS_WITH_ERRORS,4.0,6,6,ModuleNotFoundError,DEPENDENCY_ERROR,No module named 'umap',0,6,2026-02-16 01:58:27
62,24,37,117,disorder_analysis/iupred_notebook-Analyses_mod.ipynb,https://github.com/csabaiBio/RBD-AlphaFold2-structures-and-phenotypic-information,SUCCESS_WITH_ERRORS,5.0,31,31,ModuleNotFoundError,DEPENDENCY_ERROR,No module named 'sklearn',2,30,2026-02-16 01:58:28
63,24,37,118,foldX_stability/expression_foldx_analysis.ipynb,https://github.com/csabaiBio/RBD-AlphaFold2-structures-and-phenotypic-information,SUCCESS_WITH_ERRORS,4.0,5,5,FileNotFoundError,FILE_ERROR,[Errno 2] No such file or directory: './foldX_stability/stability_predictions_Wuhan-Hu-1_v2.csv',2,1,2026-02-16 01:58:29
64,24,37,119,CNN_training/generate_adj_files.ipynb,https://github.com/csabaiBio/RBD-AlphaFold2-structures-and-phenotypic-information,SUCCESS_WITH_ERRORS,3.0,4,4,ModuleNotFoundError,DEPENDENCY_ERROR,No module named 'prody',0,3,2026-02-16 01:58:30
65,24,37,120,CNN_training/5_fold_split.ipynb,https://github.com/csabaiBio/RBD-AlphaFold2-structures-and-phenotypic-information,SUCCESS_WITH_ERRORS,6.0,3,3,ModuleNotFoundError,DEPENDENCY_ERROR,No module named 'sklearn',0,2,2026-02-16 01:58:31
66,24,37,121,antibody_escape/antibody_escape_vs_structuraldistortion.ipynb,https://github.com/csabaiBio/RBD-AlphaFold2-structures-and-phenotypic-information,SUCCESS_WITH_ERRORS,6.0,7,7,ModuleNotFoundError,DEPENDENCY_ERROR,No module named 'bindingcalculator',0,7,2026-02-16 01:58:32
67,24,37,122,data_usage_scripts/all_mut_dist_maps.ipynb,https://github.com/csabaiBio/RBD-AlphaFold2-structures-and-phenotypic-information,SUCCESS_WITH_ERRORS,3.0,3,3,ModuleNotFoundError,DEPENDENCY_ERROR,No module named 'bindingcalculator',0,2,2026-02-16 01:58:33
68,24,37,123,data_usage_scripts/aa_changes_vs_RMSD.ipynb,https://github.com/csabaiBio/RBD-AlphaFold2-structures-and-phenotypic-information,SUCCESS_WITH_ERRORS,4.0,6,6,ModuleNotFoundError,DEPENDENCY_ERROR,No module named 'bindingcalculator',0,5,2026-02-16 01:58:34
69,24,37,124,data_usage_scripts/mutation_distortion_maps.ipynb,https://github.com/csabaiBio/RBD-AlphaFold2-structures-and-phenotypic-information,SUCCESS_WITH_ERRORS,4.0,10,10,ModuleNotFoundError,DEPENDENCY_ERROR,No module named 'bindingcalculator',0,9,2026-02-16 01:58:35
70,26,39,137,docs/notebooks/spatial_example.ipynb,https://github.com/dchary/ucdeconvolve,SUCCESS_WITH_ERRORS,41.0,10,10,NameError,CODE_ERROR,name 'TOKEN' is not defined,2,7,2026-02-16 02:08:58
71,28,41,149,ImageD11/nbGui/test_gui_fit.ipynb,https://github.com/FABLE-3DXRD/ImageD11,SUCCESS_WITH_ERRORS,4.0,2,2,TraitError,OTHER_ERROR,"The 'value' trait of a FloatText instance expected a float, not the str 'P'.",0,1,2026-02-16 02:12:00
72,28,41,151,ImageD11/nbGui/plot3d.ipynb,https://github.com/FABLE-3DXRD/ImageD11,SUCCESS_WITH_ERRORS,3.0,3,3,ModuleNotFoundError,DEPENDENCY_ERROR,No module named 'plot3d',0,2,2026-02-16 02:12:01
73,28,41,152,docs/NotesOnNewDeformationGradientTensor.ipynb,https://github.com/FABLE-3DXRD/ImageD11,SUCCESS,4.0,9,9,,,,,0,2026-02-16 02:12:03
74,28,41,153,docs/sintheta_squared_geometry.ipynb,https://github.com/FABLE-3DXRD/ImageD11,SUCCESS,20.0,9,9,,,,,0,2026-02-16 02:12:04
75,28,41,154,docs/weight_gv_refine.ipynb,https://github.com/FABLE-3DXRD/ImageD11,SUCCESS_WITH_ERRORS,3.0,9,9,AttributeError,CODE_ERROR,'scipy.spatial.transform._rotation.Rotation' object has no attribute 'as_dcm',3,6,2026-02-16 02:12:05
76,28,41,155,docs/DeformationGradientTensor.ipynb,https://github.com/FABLE-3DXRD/ImageD11,SUCCESS,3.0,8,8,,,,,0,2026-02-16 02:12:06
77,28,41,156,test/test_rsv/plot_Fe3O4.ipynb,https://github.com/FABLE-3DXRD/ImageD11,SUCCESS_WITH_ERRORS,4.0,4,4,FileNotFoundError,FILE_ERROR,"[Errno 2] Unable to synchronously open file (unable to open file: name = 'Fe3O4.h5', errno = 2, error message = 'No such file or directory', flags = 0, o_flags = 0)",2,2,2026-02-16 02:12:06
78,28,41,157,test/test_index_unknown/lattice_trans.ipynb,https://github.com/FABLE-3DXRD/ImageD11,SUCCESS_WITH_ERRORS,3.0,10,10,FileNotFoundError,FILE_ERROR,[Errno 2] No such file or directory: '3.ubi.gve',3,7,2026-02-16 02:12:07
79,29,42,158,main.ipynb,https://github.com/hechaohong/nucleu_areas,SUCCESS_WITH_ERRORS,3.0,6,6,ModuleNotFoundError,DEPENDENCY_ERROR,No module named 'cv2',0,5,2026-02-16 02:12:26
80,31,49,162,samples/demo.ipynb,https://github.com/matterport/Mask_RCNN,SUCCESS_WITH_ERRORS,6.0,6,6,ModuleNotFoundError,DEPENDENCY_ERROR,No module named 'keras.engine',1,4,2026-02-16 02:18:46
81,31,49,163,samples/shapes/train_shapes.ipynb,https://github.com/matterport/Mask_RCNN,SUCCESS_WITH_ERRORS,3.0,16,16,ImportError,DEPENDENCY_ERROR,libxcb.so.1: cannot open shared object file: No such file or directory,1,13,2026-02-16 02:18:47
82,31,49,164,samples/balloon/inspect_balloon_model.ipynb,https://github.com/matterport/Mask_RCNN,SUCCESS_WITH_ERRORS,7.0,35,35,ModuleNotFoundError,DEPENDENCY_ERROR,No module named 'keras.engine',1,32,2026-02-16 02:18:48
83,31,49,165,samples/balloon/inspect_balloon_data.ipynb,https://github.com/matterport/Mask_RCNN,SUCCESS_WITH_ERRORS,6.0,22,22,ModuleNotFoundError,DEPENDENCY_ERROR,No module named 'keras.engine',1,20,2026-02-16 02:18:49
84,31,49,166,samples/nucleus/inspect_nucleus_data.ipynb,https://github.com/matterport/Mask_RCNN,SUCCESS_WITH_ERRORS,4.0,32,32,ImportError,DEPENDENCY_ERROR,libxcb.so.1: cannot open shared object file: No such file or directory,1,28,2026-02-16 02:18:50
85,31,49,167,samples/nucleus/inspect_nucleus_model.ipynb,https://github.com/matterport/Mask_RCNN,SUCCESS_WITH_ERRORS,7.0,36,36,ModuleNotFoundError,DEPENDENCY_ERROR,No module named 'keras.engine',1,30,2026-02-16 02:18:51
86,31,49,168,samples/coco/inspect_model.ipynb,https://github.com/matterport/Mask_RCNN,SUCCESS_WITH_ERRORS,6.0,39,39,ModuleNotFoundError,DEPENDENCY_ERROR,No module named 'keras.engine',1,36,2026-02-16 02:18:52
87,31,49,169,samples/coco/inspect_weights.ipynb,https://github.com/matterport/Mask_RCNN,SUCCESS_WITH_ERRORS,6.0,9,9,ModuleNotFoundError,DEPENDENCY_ERROR,No module named 'keras.engine',1,5,2026-02-16 02:18:53
88,31,49,170,samples/coco/inspect_data.ipynb,https://github.com/matterport/Mask_RCNN,SUCCESS_WITH_ERRORS,6.0,22,22,ModuleNotFoundError,DEPENDENCY_ERROR,No module named 'keras.engine',1,20,2026-02-16 02:18:54
89,32,51,171,scripts/analyses/01_curbage_recognition_data_cleaning_edited.ipynb,https://github.com/aidelarazan/curbage_recognition,SUCCESS_WITH_ERRORS,5.0,15,15,FileNotFoundError,FILE_ERROR,[Errno 2] No such file or directory: '/Volumes/GAMMA/curbage_behavioral/experiment1/code/sub-all_group-older_desc-subject_list.txt',6,9,2026-02-16 02:19:36
90,32,51,172,scripts/analyses/01_curbage_recognition_analysis.ipynb,https://github.com/aidelarazan/curbage_recognition,SUCCESS_WITH_ERRORS,4.0,15,15,FileNotFoundError,FILE_ERROR,[Errno 2] No such file or directory: '/Volumes/GAMMA/curbage_behavioral/experiment1/code/sub-all_group-older_desc-subject_list.txt',6,8,2026-02-16 02:19:38
91,33,52,173,runs_of_homozygosity.ipynb,https://github.com/ipdgc/GP2-post-GWAS-analysis,SUCCESS_WITH_ERRORS,4.0,25,25,CalledProcessError,EXECUTION_ENVIRONMENT_ERROR,"Command 'b'\nmkdir -p plink_ROH\nmkdir -p plink_ROH/Input\nmkdir -p plink_ROH/Output\nls\nif test -e plink; then\n\necho ""Plink is already installed""\nelse\necho ""Plink is not installed, installing plink.....""\ncd plink_ROH\nwget https://s3.amazonaws.com/plink1-assets/plink_linux_x86_64_20210416.zip \ncd ..\nls plink_ROH\ncd ..\nunzip plink_ROH/plink_linux_x86_64_20210416.zip\nfi\n'' returned non-zero exit status 127.",4,14,2026-02-16 02:20:17
92,33,52,174,PD_LRRK2_hackathon.ipynb,https://github.com/ipdgc/GP2-post-GWAS-analysis,SUCCESS_WITH_ERRORS,8.0,58,58,ModuleNotFoundError,DEPENDENCY_ERROR,No module named 'firecloud',2,26,2026-02-16 02:20:18
93,38,59,215,af_design_tutorial.ipynb,https://github.com/sokrypton/ColabDesign,SUCCESS,3.0,0,0,,,,,0,2026-02-16 02:32:09
94,38,59,216,mpnn/examples/proteinmpnn_in_jax.ipynb,https://github.com/sokrypton/ColabDesign,SUCCESS_WITH_ERRORS,5.0,7,7,ModuleNotFoundError,DEPENDENCY_ERROR,No module named 'google',2,7,2026-02-16 02:32:10
95,38,59,217,mpnn/examples/afdesign_and_proteinmpnn_bias.ipynb,https://github.com/sokrypton/ColabDesign,SUCCESS_WITH_ERRORS,4.0,7,7,SyntaxError,CODE_ERROR,"invalid decimal literal (4042345518.py, line 10)",2,7,2026-02-16 02:32:11
96,38,59,218,af/design.ipynb,https://github.com/sokrypton/ColabDesign,SUCCESS_WITH_ERRORS,4.0,24,24,NameError,CODE_ERROR,name 'clear_mem' is not defined,4,21,2026-02-16 02:32:12
97,38,59,219,af/examples/binder_hallucination.ipynb,https://github.com/sokrypton/ColabDesign,SUCCESS,2.0,0,0,,,,,0,2026-02-16 02:32:13
98,38,59,220,af/examples/afdesign_hotspot_test.ipynb,https://github.com/sokrypton/ColabDesign,SUCCESS_WITH_ERRORS,6.0,13,13,CalledProcessError,EXECUTION_ENVIRONMENT_ERROR,Command 'b'wget -qnc https://raw.githubusercontent.com/casperg92/MaSIF_colab/main/example/monomerexample.pdb\n'' returned non-zero exit status 127.,3,11,2026-02-16 02:32:14
99,38,59,221,af/examples/peptide_binder_design.ipynb,https://github.com/sokrypton/ColabDesign,SUCCESS_WITH_ERRORS,5.0,8,8,ModuleNotFoundError,DEPENDENCY_ERROR,No module named 'google',2,7,2026-02-16 02:32:15
100,38,59,222,af/examples/AF2Rank.ipynb,https://github.com/sokrypton/ColabDesign,SUCCESS_WITH_ERRORS,4.0,13,13,SyntaxError,CODE_ERROR,"invalid decimal literal (542521212.py, line 11)",2,5,2026-02-16 02:32:16
101,38,59,223,af/examples/af_relax_design.ipynb,https://github.com/sokrypton/ColabDesign,SUCCESS_WITH_ERRORS,4.0,10,10,NameError,CODE_ERROR,name 'clear_mem' is not defined,3,7,2026-02-16 02:32:17
102,38,59,224,af/examples/hallucination_custom_loss.ipynb,https://github.com/sokrypton/ColabDesign,SUCCESS_WITH_ERRORS,4.0,12,12,NameError,CODE_ERROR,name 'clear_mem' is not defined,4,9,2026-02-16 02:32:18
103,38,59,225,af/examples/af_cyc_design.ipynb,https://github.com/sokrypton/ColabDesign,SUCCESS_WITH_ERRORS,4.0,13,13,NameError,CODE_ERROR,name 'clear_mem' is not defined,4,12,2026-02-16 02:32:19
104,38,59,226,af/examples/partial_hallucination_rewire.ipynb,https://github.com/sokrypton/ColabDesign,SUCCESS_WITH_ERRORS,3.0,5,5,NameError,CODE_ERROR,name 'clear_mem' is not defined,3,4,2026-02-16 02:32:20
105,38,59,227,af/examples/disulfide_design.ipynb,https://github.com/sokrypton/ColabDesign,SUCCESS_WITH_ERRORS,4.0,9,9,NameError,CODE_ERROR,name 'clear_mem' is not defined,7,6,2026-02-16 02:32:21
106,38,59,228,af/examples/use_esm_1b_bias.ipynb,https://github.com/sokrypton/ColabDesign,SUCCESS_WITH_ERRORS,6.0,16,16,ModuleNotFoundError,DEPENDENCY_ERROR,No module named 'google',2,12,2026-02-16 02:32:22
107,38,59,229,af/examples/hallucination.ipynb,https://github.com/sokrypton/ColabDesign,SUCCESS_WITH_ERRORS,3.0,5,5,NameError,CODE_ERROR,name 'clear_mem' is not defined,3,4,2026-02-16 02:32:22
108,38,59,230,colabdesign/mpnn/legacy/example.ipynb,https://github.com/sokrypton/ColabDesign,SUCCESS_WITH_ERRORS,4.0,12,12,SyntaxError,CODE_ERROR,"invalid syntax (959275691.py, line 3)",1,11,2026-02-16 02:32:23
109,38,59,231,esm_msa/example.ipynb,https://github.com/sokrypton/ColabDesign,SUCCESS_WITH_ERRORS,4.0,6,6,NameError,CODE_ERROR,name 'tokens' is not defined,4,3,2026-02-16 02:32:24
110,38,59,232,tr/design.ipynb,https://github.com/sokrypton/ColabDesign,SUCCESS_WITH_ERRORS,5.0,18,18,SyntaxError,CODE_ERROR,"invalid syntax (3699408452.py, line 3)",2,16,2026-02-16 02:32:25
111,39,60,233,testcode/bridgegsea.ipynb,https://github.com/maayanlab/prismexp,SUCCESS_WITH_ERRORS,5.0,4,4,AttributeError,CODE_ERROR,_ARRAY_API not found,1,4,2026-02-16 07:03:45
112,39,60,234,testcode/example.ipynb,https://github.com/maayanlab/prismexp,SUCCESS_WITH_ERRORS,6.0,2,2,ModuleNotFoundError,DEPENDENCY_ERROR,No module named 'prismx',3,2,2026-02-16 07:03:46
113,41,65,236,QY_PRED.ipynb,https://github.com/VladislavNexby/ML,SUCCESS_WITH_ERRORS,3.0,19,19,ModuleNotFoundError,DEPENDENCY_ERROR,No module named 'sklearn',2,17,2026-02-16 07:04:39
114,43,69,241,results_for_manuscript.ipynb,https://github.com/fcphysics/CriticalityHeteroBNets,SUCCESS_WITH_ERRORS,5.0,31,31,ModuleNotFoundError,DEPENDENCY_ERROR,No module named 'sklearn',2,21,2026-02-16 07:05:50
115,44,70,242,tutorials/Control - Thaliana.ipynb,https://github.com/rionbr/CANA,SUCCESS_WITH_ERRORS,3.0,12,12,ModuleNotFoundError,DEPENDENCY_ERROR,No module named 'cana',2,8,2026-02-16 07:07:27
116,44,70,243,tutorials/Control - State Transition Graph.ipynb,https://github.com/rionbr/CANA,SUCCESS_WITH_ERRORS,4.0,6,6,ModuleNotFoundError,DEPENDENCY_ERROR,No module named 'cana',3,4,2026-02-16 07:07:28
117,44,70,244,tutorials/Dynamics Canalization Map - Breast Cancer.ipynb,https://github.com/rionbr/CANA,SUCCESS_WITH_ERRORS,3.0,6,6,ModuleNotFoundError,DEPENDENCY_ERROR,No module named 'cana',2,4,2026-02-16 07:07:28
118,44,70,245,tutorials/Canalization - BioModels - Look Up Table.ipynb,https://github.com/rionbr/CANA,SUCCESS_WITH_ERRORS,3.0,7,7,ModuleNotFoundError,DEPENDENCY_ERROR,No module named 'cana',3,3,2026-02-16 07:07:29
119,44,70,246,tutorials/Canalization - Marques-Pita.ipynb,https://github.com/rionbr/CANA,SUCCESS_WITH_ERRORS,4.0,11,11,ModuleNotFoundError,DEPENDENCY_ERROR,No module named 'cana',3,9,2026-02-16 07:07:30
120,44,70,247,tutorials/Control - BioModels - Driver Variables.ipynb,https://github.com/rionbr/CANA,SUCCESS_WITH_ERRORS,4.0,13,13,ModuleNotFoundError,DEPENDENCY_ERROR,No module named 'cana',1,10,2026-02-16 07:07:31
121,44,70,248,tutorials/Canalization - BioModels.ipynb,https://github.com/rionbr/CANA,SUCCESS_WITH_ERRORS,4.0,11,11,ModuleNotFoundError,DEPENDENCY_ERROR,No module named 'cana',2,10,2026-02-16 07:07:32
122,44,70,249,tutorials/PNAS 2021 - Arabidopsis thaliana.ipynb,https://github.com/rionbr/CANA,SUCCESS_WITH_ERRORS,3.0,16,16,ModuleNotFoundError,DEPENDENCY_ERROR,No module named 'cana',1,13,2026-02-16 07:07:33
123,44,70,250,tutorials/PNAS 2021 - ER+ Breast Cancer.ipynb,https://github.com/rionbr/CANA,SUCCESS_WITH_ERRORS,4.0,19,19,ModuleNotFoundError,DEPENDENCY_ERROR,No module named 'cana',1,16,2026-02-16 07:07:34
124,44,70,251,tutorials/Dynamics Canalization Map.ipynb,https://github.com/rionbr/CANA,SUCCESS_WITH_ERRORS,3.0,6,6,ModuleNotFoundError,DEPENDENCY_ERROR,No module named 'cana',2,4,2026-02-16 07:07:35
125,44,70,252,tutorials/Canalization - Node Schematas.ipynb,https://github.com/rionbr/CANA,SUCCESS_WITH_ERRORS,3.0,10,10,ModuleNotFoundError,DEPENDENCY_ERROR,No module named 'cana',2,8,2026-02-16 07:07:36
126,44,70,253,tutorials/Canalization - BioModels - Schematas.ipynb,https://github.com/rionbr/CANA,SUCCESS_WITH_ERRORS,4.0,7,7,ModuleNotFoundError,DEPENDENCY_ERROR,No module named 'cana',3,3,2026-02-16 07:07:37
127,48,77,319,docs/quickstart.ipynb,https://github.com/zkbt/chromatic,SUCCESS_WITH_ERRORS,4.0,17,17,ModuleNotFoundError,DEPENDENCY_ERROR,No module named 'pkg_resources',1,17,2026-02-16 07:20:18
128,48,77,320,docs/designing.ipynb,https://github.com/zkbt/chromatic,SUCCESS_WITH_ERRORS,3.0,7,7,ModuleNotFoundError,DEPENDENCY_ERROR,No module named 'pkg_resources',1,7,2026-02-16 07:20:19
129,48,77,321,docs/basics.ipynb,https://github.com/zkbt/chromatic,SUCCESS_WITH_ERRORS,4.0,15,15,ModuleNotFoundError,DEPENDENCY_ERROR,No module named 'pkg_resources',1,15,2026-02-16 07:20:20
130,48,77,322,docs/io.ipynb,https://github.com/zkbt/chromatic,SUCCESS_WITH_ERRORS,4.0,25,25,ModuleNotFoundError,DEPENDENCY_ERROR,No module named 'pkg_resources',1,25,2026-02-16 07:20:21
131,48,77,323,docs/documentation.ipynb,https://github.com/zkbt/chromatic,SUCCESS,2.0,0,0,,,,,0,2026-02-16 07:20:22
132,48,77,324,docs/github.ipynb,https://github.com/zkbt/chromatic,SUCCESS,3.0,0,0,,,,,0,2026-02-16 07:20:22
133,48,77,325,docs/creating.ipynb,https://github.com/zkbt/chromatic,SUCCESS_WITH_ERRORS,4.0,30,30,ModuleNotFoundError,DEPENDENCY_ERROR,No module named 'pkg_resources',1,30,2026-02-16 07:20:23
134,48,77,326,docs/example-timeseries-spectra.ipynb,https://github.com/zkbt/chromatic,SUCCESS_WITH_ERRORS,4.0,24,24,ModuleNotFoundError,DEPENDENCY_ERROR,No module named 'pkg_resources',5,22,2026-02-16 07:20:24
135,48,77,327,docs/models.ipynb,https://github.com/zkbt/chromatic,SUCCESS_WITH_ERRORS,4.0,13,13,ModuleNotFoundError,DEPENDENCY_ERROR,No module named 'pkg_resources',1,13,2026-02-16 07:20:25
136,48,77,328,docs/actions.ipynb,https://github.com/zkbt/chromatic,SUCCESS_WITH_ERRORS,3.0,45,45,ModuleNotFoundError,DEPENDENCY_ERROR,No module named 'pkg_resources',2,44,2026-02-16 07:20:26
137,48,77,329,docs/visualizing.ipynb,https://github.com/zkbt/chromatic,SUCCESS_WITH_ERRORS,4.0,21,21,ModuleNotFoundError,DEPENDENCY_ERROR,No module named 'pkg_resources',1,21,2026-02-16 07:20:27
138,48,77,330,docs/installation.ipynb,https://github.com/zkbt/chromatic,SUCCESS_WITH_ERRORS,3.0,1,1,ModuleNotFoundError,DEPENDENCY_ERROR,No module named 'pkg_resources',1,1,2026-02-16 07:20:28
139,48,77,331,docs/tools/spectra.ipynb,https://github.com/zkbt/chromatic,SUCCESS_WITH_ERRORS,4.0,13,13,ModuleNotFoundError,DEPENDENCY_ERROR,No module named 'pkg_resources',2,13,2026-02-16 07:20:29
140,48,77,332,docs/tools/colormaps.ipynb,https://github.com/zkbt/chromatic,SUCCESS_WITH_ERRORS,3.0,6,6,ModuleNotFoundError,DEPENDENCY_ERROR,No module named 'pkg_resources',1,6,2026-02-16 07:20:30
141,48,77,333,docs/tools/binning.ipynb,https://github.com/zkbt/chromatic,SUCCESS_WITH_ERRORS,4.0,12,12,ModuleNotFoundError,DEPENDENCY_ERROR,No module named 'pkg_resources',1,12,2026-02-16 07:20:31
142,50,79,373,datasets/modirisk-occurrences/Untitled.ipynb,https://github.com/BelgianBiodiversityPlatform/data-publication-ITG,SUCCESS,3.0,1,1,,,,,0,2026-02-16 07:22:07
143,50,79,374,datasets/modirisk-occurrences/Manuscript_Files/misc/workfiles/CuliBelGeo.ipynb,https://github.com/BelgianBiodiversityPlatform/data-publication-ITG,SUCCESS_WITH_ERRORS,7.0,21,21,ModuleNotFoundError,DEPENDENCY_ERROR,No module named 'bokeh.tile_providers',0,14,2026-02-16 07:22:08
144,50,79,375,datasets/modirisk-occurrences/Manuscript_Files/misc/workfiles/dwca/Untitled.ipynb,https://github.com/BelgianBiodiversityPlatform/data-publication-ITG,SUCCESS_WITH_ERRORS,4.0,5,5,ModuleNotFoundError,DEPENDENCY_ERROR,No module named 'bokeh.tile_providers',0,3,2026-02-16 07:22:09
145,50,79,376,datasets/modirisk-occurrences/scr/ShapefileTutorial.ipynb,https://github.com/BelgianBiodiversityPlatform/data-publication-ITG,SUCCESS_WITH_ERRORS,3.0,5,5,ModuleNotFoundError,DEPENDENCY_ERROR,No module named 'mpl_toolkits.basemap',0,2,2026-02-16 07:22:09
146,50,79,377,datasets/modirisk-occurrences/scr/ModiRisk Pictures Collection Data.ipynb,https://github.com/BelgianBiodiversityPlatform/data-publication-ITG,SUCCESS_WITH_ERRORS,6.0,36,36,ModuleNotFoundError,DEPENDENCY_ERROR,No module named 'bokeh.tile_providers',0,15,2026-02-16 07:22:12
147,50,79,378,datasets/modirisk-occurrences/scr/CheckLambert-decimals.ipynb,https://github.com/BelgianBiodiversityPlatform/data-publication-ITG,SUCCESS_WITH_ERRORS,5.0,37,37,FileNotFoundError,FILE_ERROR,[Errno 2] No such file or directory: 'SQLOutputCulibel_DwC.csv',1,20,2026-02-16 07:22:13
148,50,79,379,datasets/modirisk-occurrences/survey inventory data/dwca.ipynb,https://github.com/BelgianBiodiversityPlatform/data-publication-ITG,SUCCESS_WITH_ERRORS,4.0,37,37,ModuleNotFoundError,DEPENDENCY_ERROR,No module named 'dwca',1,23,2026-02-16 07:22:14
149,53,82,385,Figure1_VOCs_spike_first300_PCA_set4.ipynb,https://github.com/mlcotten13/SARS-CoV-2_spike_charge,SUCCESS_WITH_ERRORS,4.0,11,11,ModuleNotFoundError,DEPENDENCY_ERROR,No module named 'sklearn',0,4,2026-02-16 07:25:28
150,53,82,386,Figure_2_Complete_to_midNov22-spike_charge_for_GitHub.ipynb,https://github.com/mlcotten13/SARS-CoV-2_spike_charge,SUCCESS_WITH_ERRORS,4.0,5,5,FileNotFoundError,FILE_ERROR,[Errno 2] No such file or directory: 'Complete_to_15Nov22_spike_charge_sample_total_charge_date.csv',2,2,2026-02-16 07:25:29
151,53,82,387,Figure4ABC_229E_OC43_MERS_Spike_charge.ipynb,https://github.com/mlcotten13/SARS-CoV-2_spike_charge,SUCCESS_WITH_ERRORS,5.0,18,18,ValueError,DATA_ERROR,Invalid RGBA argument: 'c8c2be',16,1,2026-02-16 07:25:37
152,54,83,388,confined_CG_simulations/FES_fitting_MLM_version.ipynb,https://github.com/mme-ucl/confined_LLPS,SUCCESS_WITH_ERRORS,8.0,27,27,ModuleNotFoundError,DEPENDENCY_ERROR,No module named 'mpl_toolkits.axes_grid',0,14,2026-02-16 07:28:38
153,54,83,389,confined_CG_simulations/Example_FUS-LC/FUS_analysis_example.ipynb,https://github.com/mme-ucl/confined_LLPS,SUCCESS_WITH_ERRORS,9.0,27,27,ModuleNotFoundError,DEPENDENCY_ERROR,No module named 'pyemma',0,9,2026-02-16 07:28:39
154,54,83,390,confined_CG_simulations/Example_FUS-LC/MSM/MSM_sample.ipynb,https://github.com/mme-ucl/confined_LLPS,SUCCESS_WITH_ERRORS,17.0,67,67,ModuleNotFoundError,DEPENDENCY_ERROR,No module named 'pyemma',1,51,2026-02-16 07:28:42
155,54,83,391,Villois_et_al_Small/LLPS_protein.ipynb,https://github.com/mme-ucl/confined_LLPS,SUCCESS_WITH_ERRORS,14.0,7,7,ValueError,DATA_ERROR,"Key text.latex.preamble: Could not convert ['\\usepackage{tgheros}', '\\usepackage{sansmath}', '\\sansmath\\usepackage{siunitx}', '\\sisetup{detect-all}'] to str",0,13,2026-02-16 07:28:43
156,54,83,392,Villois_et_al_Small/LLPS_experiments_analysis.ipynb,https://github.com/mme-ucl/confined_LLPS,SUCCESS_WITH_ERRORS,34.0,11,11,ValueError,DATA_ERROR,"Key text.latex.preamble: Could not convert ['\\usepackage{tgheros}', '\\usepackage{sansmath}', '\\sansmath\\usepackage{siunitx}', '\\sisetup{detect-all}'] to str",0,20,2026-02-16 07:28:45
157,55,84,393,doc/example_notebooks/joint_diagnostic_demo.ipynb,https://github.com/idc9/py_jive,SUCCESS_WITH_ERRORS,8.0,4,4,ImportError,DEPENDENCY_ERROR,cannot import name 'isshape' from 'scipy.sparse.sputils' (/tmp/.local/lib/python3.10/site-packages/scipy/sparse/sputils.py),1,3,2026-02-16 07:30:26
158,55,84,394,doc/example_notebooks/PCA_demo.ipynb,https://github.com/idc9/py_jive,SUCCESS_WITH_ERRORS,8.0,19,19,ImportError,DEPENDENCY_ERROR,cannot import name 'isshape' from 'scipy.sparse.sputils' (/tmp/.local/lib/python3.10/site-packages/scipy/sparse/sputils.py),1,17,2026-02-16 07:30:27
159,55,84,395,doc/example_notebooks/Parallel_AJIVE_computation.ipynb,https://github.com/idc9/py_jive,SUCCESS_WITH_ERRORS,8.0,9,9,ImportError,DEPENDENCY_ERROR,cannot import name 'isshape' from 'scipy.sparse.sputils' (/tmp/.local/lib/python3.10/site-packages/scipy/sparse/sputils.py),1,8,2026-02-16 07:30:29
160,55,84,396,doc/example_notebooks/AJIVE_demo.ipynb,https://github.com/idc9/py_jive,SUCCESS_WITH_ERRORS,8.0,16,16,ImportError,DEPENDENCY_ERROR,cannot import name 'isshape' from 'scipy.sparse.sputils' (/tmp/.local/lib/python3.10/site-packages/scipy/sparse/sputils.py),1,15,2026-02-16 07:30:30
161,55,84,397,doc/explanation/jive_explanation.ipynb,https://github.com/idc9/py_jive,SUCCESS,4.0,0,0,,,,,0,2026-02-16 07:30:32
162,56,86,398,notebooks/jDR_Paper_Analysis.ipynb,https://github.com/baprice/AJIVE-jDR-Integration,SUCCESS_WITH_ERRORS,10.0,17,17,HTTPError,NETWORK_ERROR,HTTP Error 404: Not Found,2,14,2026-02-16 07:31:48
163,56,86,399,notebooks/jDR_AJIVE_Template.ipynb,https://github.com/baprice/AJIVE-jDR-Integration,SUCCESS_WITH_ERRORS,8.0,7,7,ImportError,DEPENDENCY_ERROR,cannot import name 'isshape' from 'scipy.sparse.sputils' (/tmp/.local/lib/python3.10/site-packages/scipy/sparse/sputils.py),1,5,2026-02-16 07:31:50
164,57,88,400,Color Cluster Visualizer.ipynb,https://github.com/atudell/Color-Cluster-Kit,SUCCESS_WITH_ERRORS,4.0,8,8,ModuleNotFoundError,DEPENDENCY_ERROR,No module named 'sklearn',0,2,2026-02-16 07:33:07
165,57,88,401,Downloader.ipynb,https://github.com/atudell/Color-Cluster-Kit,SUCCESS_WITH_ERRORS,5.0,8,8,FileNotFoundError,FILE_ERROR,[Errno 2] No such file or directory: 'C:\\Users\\Example\\FlowerClassification\\data.csv',2,2,2026-02-16 07:33:08
166,57,88,402,Classifier (Geranium).ipynb,https://github.com/atudell/Color-Cluster-Kit,SUCCESS_WITH_ERRORS,6.0,10,10,FileNotFoundError,FILE_ERROR,[Errno 2] No such file or directory: 'C:\\Users\\Example\\FlowerClassification\\YourSaveFile.csv',3,4,2026-02-16 07:33:10
167,57,88,403,Data Collector.ipynb,https://github.com/atudell/Color-Cluster-Kit,SUCCESS_WITH_ERRORS,5.0,13,13,ModuleNotFoundError,DEPENDENCY_ERROR,No module named 'sklearn',0,3,2026-02-16 07:33:12
168,57,88,404,Classifier (Sandblossom).ipynb,https://github.com/atudell/Color-Cluster-Kit,SUCCESS_WITH_ERRORS,9.0,7,7,FileNotFoundError,FILE_ERROR,[Errno 2] No such file or directory: 'C:\\Users\\Example\\FlowerClassification\\YourSaveFile.csv',3,4,2026-02-16 07:33:13
169,57,88,405,Data Collector (Sandblossom).ipynb,https://github.com/atudell/Color-Cluster-Kit,SUCCESS_WITH_ERRORS,5.0,11,11,ModuleNotFoundError,DEPENDENCY_ERROR,No module named 'sklearn',0,3,2026-02-16 07:33:15
170,61,97,424,resources/tutorial/snekmer_demo.ipynb,https://github.com/PNNL-CompBio/Snekmer,SUCCESS_WITH_ERRORS,8.0,10,10,FileNotFoundError,FILE_ERROR,[Errno 2] No such file or directory: '../model_cluster_search_demo/output/cluster/snekmer.csv',8,7,2026-02-16 07:39:18
171,61,97,425,docs/source/tutorial/snekmer_demo.ipynb,https://github.com/PNNL-CompBio/Snekmer,SUCCESS_WITH_ERRORS,7.0,10,10,FileNotFoundError,FILE_ERROR,[Errno 2] No such file or directory: '../config.yaml',6,9,2026-02-16 07:39:20
172,62,98,426,notebooks/idpgan_experiments.ipynb,https://github.com/feiglab/idpgan,SUCCESS_WITH_ERRORS,11.0,48,48,ModuleNotFoundError,DEPENDENCY_ERROR,No module named 'idpgan',5,36,2026-02-16 07:45:39
173,63,99,427,examples/notebooks/NaCl_walkthrough.ipynb,https://github.com/zincware/MDSuite,SUCCESS_WITH_ERRORS,7.0,11,11,ModuleNotFoundError,DEPENDENCY_ERROR,No module named 'zinchub',2,10,2026-02-16 07:48:54
174,63,99,428,examples/notebooks/Molten_Salt_Comparison.ipynb,https://github.com/zincware/MDSuite,SUCCESS_WITH_ERRORS,11.0,16,16,ImportError,DEPENDENCY_ERROR,cannot import name 'cumtrapz' from 'scipy.integrate' (/tmp/.local/lib/python3.10/site-packages/scipy/integrate/__init__.py),1,15,2026-02-16 07:48:55
175,63,99,429,examples/notebooks/Mapping_Molecules.ipynb,https://github.com/zincware/MDSuite,SUCCESS_WITH_ERRORS,11.0,30,30,ImportError,DEPENDENCY_ERROR,cannot import name 'cumtrapz' from 'scipy.integrate' (/tmp/.local/lib/python3.10/site-packages/scipy/integrate/__init__.py),2,30,2026-02-16 07:48:57
176,64,101,430,jupyter_notebook_sleep_content_analysis.ipynb,https://github.com/vincentpmartin/sleep-content-analysis,SUCCESS_WITH_ERRORS,13.0,20,20,RuntimeError,OTHER_ERROR,"Kaleido requires Google Chrome to be installed.  Either download and install Chrome yourself following Google's instructions for your operating system, or install it from your terminal by running:      $ plotly_get_chrome",12,6,2026-02-16 07:50:02
177,66,106,432,rasp_mibi_pipeline.ipynb,https://github.com/aalokpatwa/rasp-mibi,SUCCESS_WITH_ERRORS,10.0,19,19,AttributeError,CODE_ERROR,module 'matplotlib.cm' has no attribute 'register_cmap',4,18,2026-02-16 07:52:43
178,67,109,433,2-Corpus Collection.ipynb,https://github.com/gambit4348/deception-detection-review-2022,SUCCESS_WITH_ERRORS,8.0,9,9,OperationalError,OTHER_ERROR,"(sqlite3.OperationalError) no such column: Tag.system_tag [SQL: SELECT ""Tag"".id, ""Tag"".name, ""Tag"".create_date, ""Tag"".system_tag  FROM ""Tag""  WHERE ""Tag"".system_tag = 1] (Background on this error at: https://sqlalche.me/e/20/e3q8)",2,8,2026-02-16 07:54:18
179,67,109,434,5-Mindmaps.ipynb,https://github.com/gambit4348/deception-detection-review-2022,SUCCESS,8.0,1,1,,,,,0,2026-02-16 07:54:20
180,67,109,435,4-Statistical analysis.ipynb,https://github.com/gambit4348/deception-detection-review-2022,SUCCESS_WITH_ERRORS,15.0,112,112,AttributeError,CODE_ERROR,'DataFrame' object has no attribute 'Method',7,109,2026-02-16 07:54:23
181,67,109,436,3-Corpus analysis.ipynb,https://github.com/gambit4348/deception-detection-review-2022,SUCCESS_WITH_ERRORS,8.0,11,11,AttributeError,CODE_ERROR,'NoneType' object has no attribute 'remove',11,4,2026-02-16 07:54:25
182,67,109,437,1-Definition.ipynb,https://github.com/gambit4348/deception-detection-review-2022,SUCCESS,4.0,1,1,,,,,0,2026-02-16 07:54:26
183,68,112,438,Figure_06_vis.ipynb,https://github.com/Dongwon-Lee/gkmQC-manuscript,SUCCESS_WITH_ERRORS,6.0,8,8,FileNotFoundError,FILE_ERROR,[Errno 2] No such file or directory: '../data/satac_kidney/cluster_info_cells_010321.tsv',6,5,2026-02-16 07:56:00
184,68,112,439,Figure_03_vis.ipynb,https://github.com/Dongwon-Lee/gkmQC-manuscript,SUCCESS_WITH_ERRORS,9.0,13,13,FileNotFoundError,FILE_ERROR,[Errno 2] No such file or directory: '../data/encode_metadata_info_latest.txt',2,12,2026-02-16 07:56:02
185,68,112,440,Figure_02_vis.ipynb,https://github.com/Dongwon-Lee/gkmQC-manuscript,SUCCESS_WITH_ERRORS,9.0,19,19,FileNotFoundError,FILE_ERROR,[Errno 2] No such file or directory: '../data/encode_metadata_info_latest.txt',1,16,2026-02-16 07:56:04
186,68,112,441,Figure_05_vis.ipynb,https://github.com/Dongwon-Lee/gkmQC-manuscript,SUCCESS_WITH_ERRORS,5.0,13,13,NameError,CODE_ERROR,name 'plt' is not defined,2,13,2026-02-16 07:56:06
187,68,112,442,Figure_04_vis.ipynb,https://github.com/Dongwon-Lee/gkmQC-manuscript,SUCCESS_WITH_ERRORS,9.0,13,13,FileNotFoundError,FILE_ERROR,[Errno 2] No such file or directory: '../data/encode_metadata_info_latest.txt',2,10,2026-02-16 07:56:08
188,69,113,443,scripts/FCN22/figure2.ipynb,https://github.com/VisualNeuroscience-UH/SystemTools,SUCCESS_WITH_ERRORS,9.0,19,19,ImportError,DEPENDENCY_ERROR,cannot import name 'VisibleDeprecationWarning' from 'numpy' (/tmp/.local/lib/python3.10/site-packages/numpy/__init__.py),1,11,2026-02-16 07:59:50
189,69,113,444,scripts/FCN22/figure6AD.ipynb,https://github.com/VisualNeuroscience-UH/SystemTools,SUCCESS_WITH_ERRORS,10.0,19,19,ImportError,DEPENDENCY_ERROR,cannot import name 'VisibleDeprecationWarning' from 'numpy' (/tmp/.local/lib/python3.10/site-packages/numpy/__init__.py),1,11,2026-02-16 07:59:52
190,69,113,445,scripts/FCN22/figure4.ipynb,https://github.com/VisualNeuroscience-UH/SystemTools,SUCCESS_WITH_ERRORS,9.0,9,9,ImportError,DEPENDENCY_ERROR,cannot import name 'VisibleDeprecationWarning' from 'numpy' (/tmp/.local/lib/python3.10/site-packages/numpy/__init__.py),1,5,2026-02-16 07:59:53
191,69,113,446,scripts/FCN22/figure3AC.ipynb,https://github.com/VisualNeuroscience-UH/SystemTools,SUCCESS_WITH_ERRORS,9.0,19,19,ImportError,DEPENDENCY_ERROR,cannot import name 'VisibleDeprecationWarning' from 'numpy' (/tmp/.local/lib/python3.10/site-packages/numpy/__init__.py),1,11,2026-02-16 07:59:55
192,69,113,447,scripts/FCN22/figure8.ipynb,https://github.com/VisualNeuroscience-UH/SystemTools,SUCCESS_WITH_ERRORS,10.0,47,47,ImportError,DEPENDENCY_ERROR,cannot import name 'VisibleDeprecationWarning' from 'numpy' (/tmp/.local/lib/python3.10/site-packages/numpy/__init__.py),1,32,2026-02-16 07:59:57
193,69,113,448,scripts/FCN22/figure1B.ipynb,https://github.com/VisualNeuroscience-UH/SystemTools,SUCCESS_WITH_ERRORS,8.0,8,8,ImportError,DEPENDENCY_ERROR,cannot import name 'VisibleDeprecationWarning' from 'numpy' (/tmp/.local/lib/python3.10/site-packages/numpy/__init__.py),1,6,2026-02-16 07:59:58
194,69,113,449,scripts/FCN22/figure7A.ipynb,https://github.com/VisualNeuroscience-UH/SystemTools,SUCCESS_WITH_ERRORS,10.0,9,9,ImportError,DEPENDENCY_ERROR,cannot import name 'VisibleDeprecationWarning' from 'numpy' (/tmp/.local/lib/python3.10/site-packages/numpy/__init__.py),1,5,2026-02-16 08:00:00
195,69,113,450,scripts/FCN22/figure3B.ipynb,https://github.com/VisualNeuroscience-UH/SystemTools,SUCCESS_WITH_ERRORS,9.0,15,15,ImportError,DEPENDENCY_ERROR,cannot import name 'VisibleDeprecationWarning' from 'numpy' (/tmp/.local/lib/python3.10/site-packages/numpy/__init__.py),1,9,2026-02-16 08:00:02
196,69,113,451,scripts/FCN22/figure1CDE.ipynb,https://github.com/VisualNeuroscience-UH/SystemTools,SUCCESS_WITH_ERRORS,9.0,17,17,ImportError,DEPENDENCY_ERROR,cannot import name 'VisibleDeprecationWarning' from 'numpy' (/tmp/.local/lib/python3.10/site-packages/numpy/__init__.py),1,13,2026-02-16 08:00:03
197,69,113,452,scripts/FCN22/figure5.ipynb,https://github.com/VisualNeuroscience-UH/SystemTools,SUCCESS_WITH_ERRORS,9.0,11,11,ImportError,DEPENDENCY_ERROR,cannot import name 'VisibleDeprecationWarning' from 'numpy' (/tmp/.local/lib/python3.10/site-packages/numpy/__init__.py),1,7,2026-02-16 08:00:05
198,70,114,453,cxsystem2/neurodynlib/tutorial/01_basic_use.ipynb,https://github.com/VisualNeuroscience-UH/CxSystem2,SUCCESS_WITH_ERRORS,8.0,16,16,ImportError,DEPENDENCY_ERROR,cannot import name 'VisibleDeprecationWarning' from 'numpy' (/tmp/.local/lib/python3.10/site-packages/numpy/__init__.py),0,16,2026-02-16 08:04:29
199,70,114,454,cxsystem2/neurodynlib/tutorial/02_export_import.ipynb,https://github.com/VisualNeuroscience-UH/CxSystem2,SUCCESS_WITH_ERRORS,9.0,19,19,ImportError,DEPENDENCY_ERROR,cannot import name 'VisibleDeprecationWarning' from 'numpy' (/tmp/.local/lib/python3.10/site-packages/numpy/__init__.py),0,18,2026-02-16 08:04:31
200,70,114,455,cxsystem2/neurodynlib/tutorial/04_networks.ipynb,https://github.com/VisualNeuroscience-UH/CxSystem2,SUCCESS_WITH_ERRORS,9.0,19,19,ImportError,DEPENDENCY_ERROR,cannot import name 'VisibleDeprecationWarning' from 'numpy' (/tmp/.local/lib/python3.10/site-packages/numpy/__init__.py),0,16,2026-02-16 08:04:33
201,70,114,456,cxsystem2/neurodynlib/tutorial/03_synaptic_currents.ipynb,https://github.com/VisualNeuroscience-UH/CxSystem2,SUCCESS_WITH_ERRORS,10.0,10,10,ImportError,DEPENDENCY_ERROR,cannot import name 'VisibleDeprecationWarning' from 'numpy' (/tmp/.local/lib/python3.10/site-packages/numpy/__init__.py),0,9,2026-02-16 08:04:35
202,72,116,459,MyBinder_Authentication.ipynb,https://github.com/isb-cgc/SL-Cloud-F1000,SUCCESS_WITH_ERRORS,9.0,3,3,FileNotFoundError,FILE_ERROR,[Errno 2] No such file or directory: './google-cloud-sdk/bin/gcloud',3,1,2026-02-16 09:46:11
203,72,116,460,first_notebook.ipynb,https://github.com/isb-cgc/SL-Cloud-F1000,SUCCESS_WITH_ERRORS,8.0,7,7,ModuleNotFoundError,DEPENDENCY_ERROR,No module named 'pkg_resources',2,4,2026-02-16 09:46:13
204,72,116,461,Example_workflows/DAISY_example.ipynb,https://github.com/isb-cgc/SL-Cloud-F1000,SUCCESS_WITH_ERRORS,6.0,20,20,ModuleNotFoundError,DEPENDENCY_ERROR,No module named 'pkg_resources',4,14,2026-02-16 09:46:14
205,72,116,462,Example_workflows/MDSLP_tumor_type_comparison.ipynb,https://github.com/isb-cgc/SL-Cloud-F1000,SUCCESS_WITH_ERRORS,9.0,10,10,ModuleNotFoundError,DEPENDENCY_ERROR,No module named 'pkg_resources',1,7,2026-02-16 09:46:16
206,72,116,463,Example_workflows/MDSLP_example.ipynb,https://github.com/isb-cgc/SL-Cloud-F1000,SUCCESS_WITH_ERRORS,7.0,9,9,ModuleNotFoundError,DEPENDENCY_ERROR,No module named 'pkg_resources',1,8,2026-02-16 09:46:17
207,72,116,464,Example_workflows/CGI_example.ipynb,https://github.com/isb-cgc/SL-Cloud-F1000,SUCCESS_WITH_ERRORS,11.0,9,9,ModuleNotFoundError,DEPENDENCY_ERROR,No module named 'pkg_resources',5,6,2026-02-16 09:46:19
208,72,116,465,Dataset_processing/CGI_dataset/setup_conserved_genetic_interaction_SL.ipynb,https://github.com/isb-cgc/SL-Cloud-F1000,SUCCESS_WITH_ERRORS,20.0,34,34,ModuleNotFoundError,DEPENDENCY_ERROR,No module named 'pkg_resources',24,11,2026-02-16 09:46:20
209,72,116,466,Dataset_processing/DEPMAP_data/CRISPR_save_data.ipynb,https://github.com/isb-cgc/SL-Cloud-F1000,SUCCESS_WITH_ERRORS,6.0,16,16,ModuleNotFoundError,DEPENDENCY_ERROR,No module named 'pkg_resources',4,13,2026-02-16 09:46:22
210,72,116,467,Dataset_processing/DEPMAP_data/shRNA_save_data.ipynb,https://github.com/isb-cgc/SL-Cloud-F1000,SUCCESS_WITH_ERRORS,98.0,15,15,ModuleNotFoundError,DEPENDENCY_ERROR,No module named 'pkg_resources',4,8,2026-02-16 09:46:23
211,73,117,469,tutorials/nb5.ipynb,https://github.com/atgu/hgdp_tgp,SUCCESS_WITH_ERRORS,13.0,33,33,ModuleNotFoundError,DEPENDENCY_ERROR,No module named 'gnomad',4,30,2026-02-16 09:50:50
212,73,117,470,tutorials/nb4.ipynb,https://github.com/atgu/hgdp_tgp,SUCCESS_WITH_ERRORS,68.0,21,21,ModuleNotFoundError,DEPENDENCY_ERROR,No module named 'gnomad',3,11,2026-02-16 09:50:52
213,73,117,471,tutorials/nb1.ipynb,https://github.com/atgu/hgdp_tgp,SUCCESS_WITH_ERRORS,13.0,39,39,ModuleNotFoundError,DEPENDENCY_ERROR,No module named 'gnomad',4,27,2026-02-16 09:50:56
214,73,117,472,tutorials/nb3.ipynb,https://github.com/atgu/hgdp_tgp,SUCCESS_WITH_ERRORS,12.0,19,19,ModuleNotFoundError,DEPENDENCY_ERROR,No module named 'gnomad',3,16,2026-02-16 09:50:58
215,73,117,473,tutorials/nb2.ipynb,https://github.com/atgu/hgdp_tgp,SUCCESS_WITH_ERRORS,16.0,32,32,ModuleNotFoundError,DEPENDENCY_ERROR,No module named 'gnomad',4,25,2026-02-16 09:51:02
216,74,125,474,examples/isopulegol/example1-isopulegol.ipynb,https://github.com/rinikerlab/irsa,SUCCESS_WITH_ERRORS,7.0,10,10,AttributeError,CODE_ERROR,`np.asfarray` was removed in the NumPy 2.0 release. Use `np.asarray` with a proper dtype instead.,6,1,2026-02-16 09:53:19
217,74,125,475,examples/isopulegol_manual_peak_selection/example3-isopulegol.ipynb,https://github.com/rinikerlab/irsa,SUCCESS_WITH_ERRORS,7.0,11,11,AttributeError,CODE_ERROR,`np.asfarray` was removed in the NumPy 2.0 release. Use `np.asarray` with a proper dtype instead.,9,1,2026-02-16 09:53:20
218,74,125,476,examples/isopulegol_analyses/example2-isopulegol_analyses.ipynb,https://github.com/rinikerlab/irsa,SUCCESS_WITH_ERRORS,7.0,6,6,AttributeError,CODE_ERROR,`np.asfarray` was removed in the NumPy 2.0 release. Use `np.asarray` with a proper dtype instead.,6,1,2026-02-16 09:53:22
219,75,126,477,case_study/autism.ipynb,https://github.com/mims-harvard/PrimeKG,SUCCESS_WITH_ERRORS,5.0,19,19,ValueError,DATA_ERROR,"numpy.dtype size changed, may indicate binary incompatibility. Expected 96 from C header, got 88 from PyObject",0,17,2026-02-16 10:03:50
220,75,126,478,knowledge_graph/build_graph.ipynb,https://github.com/mims-harvard/PrimeKG,SUCCESS_WITH_ERRORS,7.0,63,63,ValueError,DATA_ERROR,"numpy.dtype size changed, may indicate binary incompatibility. Expected 96 from C header, got 88 from PyObject",0,59,2026-02-16 10:03:52
221,75,126,479,knowledge_graph/mapping_mayo.ipynb,https://github.com/mims-harvard/PrimeKG,SUCCESS_WITH_ERRORS,6.0,27,27,ValueError,DATA_ERROR,"numpy.dtype size changed, may indicate binary incompatibility. Expected 96 from C header, got 88 from PyObject",0,26,2026-02-16 10:03:54
222,75,126,480,knowledge_graph/engineer_features.ipynb,https://github.com/mims-harvard/PrimeKG,SUCCESS_WITH_ERRORS,6.0,24,24,ValueError,DATA_ERROR,"numpy.dtype size changed, may indicate binary incompatibility. Expected 96 from C header, got 88 from PyObject",0,23,2026-02-16 10:03:56
223,75,126,481,datasets/feature_extraction/kg_disease_mapping/KG_disease_mapping_umls.ipynb,https://github.com/mims-harvard/PrimeKG,SUCCESS_WITH_ERRORS,5.0,39,39,ValueError,DATA_ERROR,"numpy.dtype size changed, may indicate binary incompatibility. Expected 96 from C header, got 88 from PyObject",0,34,2026-02-16 10:03:58
224,75,126,482,datasets/feature_extraction/disease/umls/umls.ipynb,https://github.com/mims-harvard/PrimeKG,SUCCESS_WITH_ERRORS,7.0,39,39,ValueError,DATA_ERROR,"numpy.dtype size changed, may indicate binary incompatibility. Expected 96 from C header, got 88 from PyObject",0,37,2026-02-16 10:03:59
225,75,126,483,datasets/feature_extraction/drug/drug_bank/parsexml_drugbank.ipynb,https://github.com/mims-harvard/PrimeKG,SUCCESS_WITH_ERRORS,7.0,13,13,FileNotFoundError,FILE_ERROR,[Errno 2] No such file or directory: '../../../data/drugbank/full database.xml',2,11,2026-02-16 10:04:01
226,75,126,484,datasets/feature_extraction/drug/drug_bank/Parsed_feature.ipynb,https://github.com/mims-harvard/PrimeKG,SUCCESS_WITH_ERRORS,7.0,86,86,ValueError,DATA_ERROR,"numpy.dtype size changed, may indicate binary incompatibility. Expected 96 from C header, got 88 from PyObject",0,86,2026-02-16 10:04:03
227,76,127,485,drkg_with_dgl/loading_drkg_in_dgl.ipynb,https://github.com/gnn4dr/DRKG,SUCCESS_WITH_ERRORS,9.0,8,8,ModuleNotFoundError,DEPENDENCY_ERROR,No module named 'torchdata.datapipes',1,7,2026-02-16 10:14:59
228,76,127,486,raw_graph_analysis/Jaccard_scores_among_all_edge_types_in_DRKG.ipynb,https://github.com/gnn4dr/DRKG,SUCCESS_WITH_ERRORS,8.0,9,9,ModuleNotFoundError,DEPENDENCY_ERROR,No module named 'torchdata.datapipes',1,3,2026-02-16 10:15:01
229,76,127,487,drug_repurpose/COVID-19_drug_repurposing_via_genes.ipynb,https://github.com/gnn4dr/DRKG,SUCCESS_WITH_ERRORS,159.0,12,12,FileNotFoundError,FILE_ERROR,[Errno 2] No such file or directory: '../data/drkg/embed/entities.tsv',13,4,2026-02-16 10:15:02
230,76,127,488,drug_repurpose/COVID-19_drug_repurposing.ipynb,https://github.com/gnn4dr/DRKG,SUCCESS_WITH_ERRORS,11.0,15,15,FileNotFoundError,FILE_ERROR,[Errno 2] No such file or directory: '../data/drkg/embed/entities.tsv',13,7,2026-02-16 10:15:04
231,76,127,489,embedding_analysis/Edge_similarity_based_on_link_recommendation_results.ipynb,https://github.com/gnn4dr/DRKG,SUCCESS_WITH_ERRORS,12.0,10,10,FileNotFoundError,FILE_ERROR,[Errno 2] No such file or directory: '../data/drkg/embed/entities.tsv',5,4,2026-02-16 10:15:06
232,76,127,490,embedding_analysis/Entity_similarity_analysis.ipynb,https://github.com/gnn4dr/DRKG,SUCCESS_WITH_ERRORS,7.0,10,10,FileNotFoundError,FILE_ERROR,[Errno 2] No such file or directory: './train/entities.tsv',3,7,2026-02-16 10:15:07
233,76,127,491,embedding_analysis/Train_embeddings.ipynb,https://github.com/gnn4dr/DRKG,SUCCESS_WITH_ERRORS,14.0,7,7,FileNotFoundError,FILE_ERROR,[Errno 2] No such file or directory: '../data/drkg/drkg.tsv',4,4,2026-02-16 10:15:09
234,76,127,492,embedding_analysis/Relation_similarity_analysis.ipynb,https://github.com/gnn4dr/DRKG,SUCCESS_WITH_ERRORS,6.0,9,9,FileNotFoundError,FILE_ERROR,[Errno 2] No such file or directory: './train/relations.tsv',3,7,2026-02-16 10:15:10
235,76,127,493,embedding_analysis/Edge_score_analysis.ipynb,https://github.com/gnn4dr/DRKG,SUCCESS_WITH_ERRORS,16.0,31,31,FileNotFoundError,FILE_ERROR,[Errno 2] No such file or directory: '../data/drkg/drkg.tsv',2,16,2026-02-16 10:15:17
236,77,128,494,AOS_NGS_Library1_Processing_Rep3.ipynb,https://github.com/aos2/7_Plug_and_play_RNA_Detection,SUCCESS_WITH_ERRORS,8.0,24,24,FileNotFoundError,FILE_ERROR,[Errno 2] No such file or directory: 'L1-Rep3_R1_001.fastq',1,19,2026-02-16 10:17:16
237,77,128,495,AOS_NGS_Library1_Processing_Rep1.ipynb,https://github.com/aos2/7_Plug_and_play_RNA_Detection,SUCCESS_WITH_ERRORS,7.0,24,24,FileNotFoundError,FILE_ERROR,[Errno 2] No such file or directory: 'Library1_R1_001.fastq',1,19,2026-02-16 10:17:19
238,77,128,496,AOS_NGS_LibraryON_Processing_Rep2.ipynb,https://github.com/aos2/7_Plug_and_play_RNA_Detection,SUCCESS_WITH_ERRORS,7.0,24,24,FileNotFoundError,FILE_ERROR,[Errno 2] No such file or directory: 'LON-Rep2_R1_001.fastq',1,19,2026-02-16 10:17:22
239,77,128,497,AOS_NGS_Library1_Processing_Rep2.ipynb,https://github.com/aos2/7_Plug_and_play_RNA_Detection,SUCCESS_WITH_ERRORS,7.0,24,24,FileNotFoundError,FILE_ERROR,[Errno 2] No such file or directory: 'L1-Rep2_R1_001.fastq',1,19,2026-02-16 10:17:25
240,77,128,498,AOS_NGS_LibraryON_Processing_Rep1.ipynb,https://github.com/aos2/7_Plug_and_play_RNA_Detection,SUCCESS_WITH_ERRORS,7.0,24,24,FileNotFoundError,FILE_ERROR,[Errno 2] No such file or directory: 'LibraryON_R1_001.fastq',1,19,2026-02-16 10:17:27
241,77,128,499,L1_LON_enrichment_reads.ipynb,https://github.com/aos2/7_Plug_and_play_RNA_Detection,SUCCESS_WITH_ERRORS,8.0,7,7,FileNotFoundError,FILE_ERROR,[Errno 2] No such file or directory: '11_L1_All_Processed_Reads_rep1.csv',1,5,2026-02-16 10:17:29
242,77,128,500,AOS_NGS_Category_Processing.ipynb,https://github.com/aos2/7_Plug_and_play_RNA_Detection,SUCCESS_WITH_ERRORS,7.0,33,33,FileNotFoundError,FILE_ERROR,[Errno 2] No such file or directory: 'Categories1-3_R1_001.fastq',1,26,2026-02-16 10:17:31
243,77,128,501,AOS_NGS_LibraryON_Processing_Rep3.ipynb,https://github.com/aos2/7_Plug_and_play_RNA_Detection,SUCCESS_WITH_ERRORS,7.0,25,25,FileNotFoundError,FILE_ERROR,[Errno 2] No such file or directory: 'LON-Rep3_R1_001.fastq',1,19,2026-02-16 10:17:34
244,79,134,519,DataLoaderUtil_example.ipynb,https://github.com/nahitorres/aerialwaste,SUCCESS_WITH_ERRORS,5.0,4,4,ImportError,DEPENDENCY_ERROR,cannot import name 'dataloader' from 'utils' (/tmp/.local/lib/python3.10/site-packages/utils/__init__.py),0,4,2026-02-16 10:34:55
245,79,134,520,compute_bbox_from_segmentation.ipynb,https://github.com/nahitorres/aerialwaste,SUCCESS_WITH_ERRORS,6.0,3,3,FileNotFoundError,FILE_ERROR,[Errno 2] No such file or directory: 'testing.json',1,2,2026-02-16 10:34:56
246,79,134,521,Visualizer-C.ipynb,https://github.com/nahitorres/aerialwaste,SUCCESS_WITH_ERRORS,5.0,3,3,ModuleNotFoundError,DEPENDENCY_ERROR,No module named 'odin.classes',0,3,2026-02-16 10:34:58
247,79,134,522,Statistics.ipynb,https://github.com/nahitorres/aerialwaste,SUCCESS_WITH_ERRORS,7.0,8,8,FileNotFoundError,FILE_ERROR,[Errno 2] No such file or directory: 'training.json',0,8,2026-02-16 10:35:00
248,79,134,523,Visualizer-IS.ipynb,https://github.com/nahitorres/aerialwaste,SUCCESS_WITH_ERRORS,5.0,3,3,ModuleNotFoundError,DEPENDENCY_ERROR,No module named 'odin.classes',0,3,2026-02-16 10:35:01
249,80,135,524,execute_model.ipynb,https://github.com/nahitorres/aerialwaste-model,SUCCESS_WITH_ERRORS,5.0,5,5,ModuleNotFoundError,DEPENDENCY_ERROR,No module named 'utils.image_processor',2,3,2026-02-16 10:35:26
250,81,136,525,example.ipynb,https://github.com/nahitorres/demo-inspection-tool,SUCCESS_WITH_ERRORS,5.0,3,3,ModuleNotFoundError,DEPENDENCY_ERROR,No module named 'simplekml',0,2,2026-02-16 10:35:46
251,84,142,541,code/Caravan_part2_local_postprocessing.ipynb,https://github.com/kratzert/Caravan,SUCCESS_WITH_ERRORS,9.0,18,18,RuntimeError,OTHER_ERROR,'df_metadata' is not a pandas DataFrame,13,5,2026-02-16 10:38:51
252,84,142,542,code/Caravan_part1_Earth_Engine.ipynb,https://github.com/kratzert/Caravan,SUCCESS_WITH_ERRORS,6.0,13,13,ModuleNotFoundError,DEPENDENCY_ERROR,No module named 'StringIO',4,10,2026-02-16 10:38:53
253,87,159,604,scripts/registration_assesment_notebook.ipynb,https://github.com/guijacquemet/Fast4DReg,SUCCESS_WITH_ERRORS,6.0,4,4,ModuleNotFoundError,DEPENDENCY_ERROR,No module named 'skimage',0,4,2026-02-16 10:53:05
254,88,163,605,example.ipynb,https://github.com/ucph-rka/ScreenDB,SUCCESS_WITH_ERRORS,6.0,9,9,ModuleNotFoundError,DEPENDENCY_ERROR,No module named 'lxml',1,8,2026-02-16 10:53:48
255,89,165,606,notebooks/08-Navy-network_analysis.ipynb,https://github.com/zj-zhang/CHARM-AlternativeSplicing,SUCCESS_WITH_ERRORS,11.0,30,30,ModuleNotFoundError,DEPENDENCY_ERROR,No module named 'rpy2',2,20,2026-02-16 10:58:11
256,89,165,607,notebooks/06-Fluidigm.ipynb,https://github.com/zj-zhang/CHARM-AlternativeSplicing,SUCCESS_WITH_ERRORS,8.0,16,16,ModuleNotFoundError,DEPENDENCY_ERROR,No module named 'sklearn',1,10,2026-02-16 10:58:13
257,89,165,608,notebooks/06-Fluidigm.FZZgen.ipynb,https://github.com/zj-zhang/CHARM-AlternativeSplicing,SUCCESS_WITH_ERRORS,7.0,20,20,ModuleNotFoundError,DEPENDENCY_ERROR,No module named 'rpy2',1,13,2026-02-16 10:58:15
258,89,165,609,notebooks/06-Fluidigm.V2.ipynb,https://github.com/zj-zhang/CHARM-AlternativeSplicing,SUCCESS_WITH_ERRORS,6.0,12,12,ModuleNotFoundError,DEPENDENCY_ERROR,No module named 'sklearn',1,9,2026-02-16 10:58:16
259,89,165,610,notebooks/02-Navy_joint-A5SS.ipynb,https://github.com/zj-zhang/CHARM-AlternativeSplicing,SUCCESS_WITH_ERRORS,10.0,48,48,ModuleNotFoundError,DEPENDENCY_ERROR,No module named 'rpy2',2,37,2026-02-16 10:58:19
260,89,165,611,notebooks/04-Navy_joint-RI.ipynb,https://github.com/zj-zhang/CHARM-AlternativeSplicing,SUCCESS_WITH_ERRORS,9.0,47,47,ModuleNotFoundError,DEPENDENCY_ERROR,No module named 'rpy2',2,36,2026-02-16 10:58:21
261,89,165,612,notebooks/06-Fluidigm.stability.ipynb,https://github.com/zj-zhang/CHARM-AlternativeSplicing,SUCCESS_WITH_ERRORS,7.0,29,29,ModuleNotFoundError,DEPENDENCY_ERROR,No module named 'sklearn',2,20,2026-02-16 10:58:23
262,89,165,613,notebooks/05-Navy_predictive-model.ipynb,https://github.com/zj-zhang/CHARM-AlternativeSplicing,SUCCESS_WITH_ERRORS,8.0,61,61,ModuleNotFoundError,DEPENDENCY_ERROR,No module named 'rpy2',2,50,2026-02-16 10:58:25
263,89,165,614,notebooks/09-covid-clock.ipynb,https://github.com/zj-zhang/CHARM-AlternativeSplicing,SUCCESS_WITH_ERRORS,7.0,13,13,ModuleNotFoundError,DEPENDENCY_ERROR,No module named 'rpy2',2,10,2026-02-16 10:58:27
264,89,165,615,notebooks/06-Fluidigm.FZZrep.ipynb,https://github.com/zj-zhang/CHARM-AlternativeSplicing,SUCCESS_WITH_ERRORS,6.0,25,25,ModuleNotFoundError,DEPENDENCY_ERROR,No module named 'rpy2',1,14,2026-02-16 10:58:29
265,89,165,616,notebooks/03-Navy_joint-A3SS.ipynb,https://github.com/zj-zhang/CHARM-AlternativeSplicing,SUCCESS_WITH_ERRORS,10.0,48,48,ModuleNotFoundError,DEPENDENCY_ERROR,No module named 'rpy2',2,38,2026-02-16 10:58:31
266,89,165,617,notebooks/01-Navy_joint-SE.ipynb,https://github.com/zj-zhang/CHARM-AlternativeSplicing,SUCCESS_WITH_ERRORS,8.0,47,47,ModuleNotFoundError,DEPENDENCY_ERROR,No module named 'rpy2',2,35,2026-02-16 10:58:33
267,89,165,618,notebooks/05-Navy_predictive-model.V2.ipynb,https://github.com/zj-zhang/CHARM-AlternativeSplicing,SUCCESS_WITH_ERRORS,7.0,42,42,ModuleNotFoundError,DEPENDENCY_ERROR,No module named 'h5py',5,33,2026-02-16 10:58:36
268,89,165,619,notebooks/00-Navy_data_compile_annotation_cleanup.versionized-V9.ipynb,https://github.com/zj-zhang/CHARM-AlternativeSplicing,SUCCESS_WITH_ERRORS,11.0,31,31,ModuleNotFoundError,DEPENDENCY_ERROR,No module named 'rpy2',2,21,2026-02-16 10:58:38
269,89,165,620,notebooks/05-Navy_predictive-model-CrossReact.ipynb,https://github.com/zj-zhang/CHARM-AlternativeSplicing,SUCCESS_WITH_ERRORS,7.0,17,17,ModuleNotFoundError,DEPENDENCY_ERROR,No module named 'rpy2',2,12,2026-02-16 10:58:40
270,89,165,621,notebooks/07-Navy_allEvent_gene.ipynb,https://github.com/zj-zhang/CHARM-AlternativeSplicing,SUCCESS_WITH_ERRORS,7.0,33,33,ModuleNotFoundError,DEPENDENCY_ERROR,No module named 'rpy2',2,29,2026-02-16 10:58:41
271,89,165,622,notebooks/05-Navy_predictive-model-DEG.ipynb,https://github.com/zj-zhang/CHARM-AlternativeSplicing,SUCCESS_WITH_ERRORS,7.0,25,25,ModuleNotFoundError,DEPENDENCY_ERROR,No module named 'rpy2',3,18,2026-02-16 10:58:43
272,89,165,623,notebooks/00-Navy_data_compile_annotation_cleanup.versionized.ipynb,https://github.com/zj-zhang/CHARM-AlternativeSplicing,SUCCESS_WITH_ERRORS,11.0,31,31,ModuleNotFoundError,DEPENDENCY_ERROR,No module named 'rpy2',2,20,2026-02-16 10:58:45
273,90,167,624,notebooks/gerber_deltag_validation.ipynb,https://github.com/AstraZeneca/jazzy,SUCCESS_WITH_ERRORS,7.0,11,11,ImportError,DEPENDENCY_ERROR,libXrender.so.1: cannot open shared object file: No such file or directory,0,7,2026-02-16 11:00:24
274,90,167,625,notebooks/cdk2_analysis.ipynb,https://github.com/AstraZeneca/jazzy,SUCCESS_WITH_ERRORS,6.0,13,13,ImportError,DEPENDENCY_ERROR,libXrender.so.1: cannot open shared object file: No such file or directory,0,4,2026-02-16 11:00:26
275,90,167,626,notebooks/hsd11b1_analysis.ipynb,https://github.com/AstraZeneca/jazzy,SUCCESS_WITH_ERRORS,6.0,9,9,ImportError,DEPENDENCY_ERROR,libXrender.so.1: cannot open shared object file: No such file or directory,0,3,2026-02-16 11:00:28
276,90,167,627,notebooks/guthrie_deltag_validation.ipynb,https://github.com/AstraZeneca/jazzy,SUCCESS_WITH_ERRORS,7.0,13,13,ImportError,DEPENDENCY_ERROR,libXrender.so.1: cannot open shared object file: No such file or directory,0,3,2026-02-16 11:00:30
277,91,168,628,Deep Hybrid Learning.ipynb,https://github.com/AurelienCD/DeepHybridLearning_RadiotherapyQA_Depository_ManuscriptID_22-1397,SUCCESS_WITH_ERRORS,11.0,36,36,ImportError,DEPENDENCY_ERROR,cannot import name 'NormalDist' from 'statistics' (/tmp/.local/lib/python3.10/site-packages/statistics/__init__.py),1,33,2026-02-16 11:03:16
278,91,168,629,Machine Learning.ipynb,https://github.com/AurelienCD/DeepHybridLearning_RadiotherapyQA_Depository_ManuscriptID_22-1397,SUCCESS_WITH_ERRORS,6.0,28,28,ModuleNotFoundError,DEPENDENCY_ERROR,No module named 'google.colab',1,26,2026-02-16 11:03:18
279,92,169,630,Deep Hybrid Learning.ipynb,https://github.com/AurelienCD/DeepHybridLearning_RadiotherapyQA_Depository_ManuscriptID_Diagnostics,SUCCESS_WITH_ERRORS,10.0,36,36,ImportError,DEPENDENCY_ERROR,cannot import name 'NormalDist' from 'statistics' (/tmp/.local/lib/python3.10/site-packages/statistics/__init__.py),1,33,2026-02-16 11:05:59
280,92,169,631,Machine Learning.ipynb,https://github.com/AurelienCD/DeepHybridLearning_RadiotherapyQA_Depository_ManuscriptID_Diagnostics,SUCCESS_WITH_ERRORS,6.0,28,28,ModuleNotFoundError,DEPENDENCY_ERROR,No module named 'google.colab',1,26,2026-02-16 11:06:01
281,93,172,632,src/figure2.ipynb,https://github.com/tnowotny/bee_al_2021,SUCCESS_WITH_ERRORS,7.0,14,14,FileNotFoundError,FILE_ERROR,[Errno 2] No such file or directory: '2021-07-22-runs/run_hom_0.0_PNs_spike_t.npy',1,8,2026-02-16 11:07:05
282,93,172,633,src/figure_examples.ipynb,https://github.com/tnowotny/bee_al_2021,SUCCESS_WITH_ERRORS,6.0,5,5,ModuleNotFoundError,DEPENDENCY_ERROR,No module named 'pygenn',0,3,2026-02-16 11:07:07
283,93,172,634,src/figure_OR_interaction.ipynb,https://github.com/tnowotny/bee_al_2021,SUCCESS_WITH_ERRORS,5.0,6,6,SyntaxError,CODE_ERROR,"invalid syntax (1530590315.py, line 10)",0,3,2026-02-16 11:07:09
284,93,172,635,src/figure3.ipynb,https://github.com/tnowotny/bee_al_2021,SUCCESS_WITH_ERRORS,7.0,18,18,FileNotFoundError,FILE_ERROR,[Errno 2] No such file or directory: '2021-07-22-runs/run_hom_0.0_PNs_spike_t.npy',3,13,2026-02-16 11:07:10
285,96,176,703,models/MinGenProc_LM_allGenes.ipynb,https://github.com/zanert2/Thornburg_FrontMolBiosci_2019,SUCCESS_WITH_ERRORS,7.0,95,95,ModuleNotFoundError,DEPENDENCY_ERROR,No module named 'pyLM',1,45,2026-02-16 11:17:11
286,96,176,704,models/MinGenProc_LM_allGenes_ATP.ipynb,https://github.com/zanert2/Thornburg_FrontMolBiosci_2019,SUCCESS_WITH_ERRORS,6.0,94,94,ModuleNotFoundError,DEPENDENCY_ERROR,No module named 'pyLM',1,45,2026-02-16 11:17:15
287,97,177,705,waterfall.ipynb,https://github.com/rene2718/EIRINI_rnaseq,SUCCESS_WITH_ERRORS,7.0,4,4,FileNotFoundError,FILE_ERROR,[Errno 2] No such file or directory: 'diffexpr-results_05.csv',1,2,2026-02-16 12:06:56
288,98,179,706,Segmentation Evaluation Methods Breakdown.ipynb,https://github.com/lstrgar/seg-eval,SUCCESS_WITH_ERRORS,6.0,25,25,ModuleNotFoundError,DEPENDENCY_ERROR,No module named 'skimage',2,18,2026-02-16 12:08:04
289,100,194,712,examples/nwm.ipynb,https://github.com/fsspec/kerchunk,SUCCESS_WITH_ERRORS,14.0,11,11,ImportError,DEPENDENCY_ERROR,Install s3fs to access S3,1,9,2026-02-16 12:29:38
290,100,194,713,examples/earthbigdata.ipynb,https://github.com/fsspec/kerchunk,SUCCESS_WITH_ERRORS,1065.0,14,14,TypeError,CODE_ERROR,ClassSelector.__init__() takes 1 positional argument but 3 were given,13,3,2026-02-16 12:29:45
291,100,194,714,examples/ike_simple.ipynb,https://github.com/fsspec/kerchunk,SUCCESS_WITH_ERRORS,6.0,7,7,ImportError,DEPENDENCY_ERROR,Install s3fs to access S3,2,5,2026-02-16 12:29:46
292,100,194,715,examples/SDO.ipynb,https://github.com/fsspec/kerchunk,SUCCESS_WITH_ERRORS,15.0,14,14,ImportError,DEPENDENCY_ERROR,Please install gcsfs to access Google Storage,3,11,2026-02-16 12:29:48
293,100,194,716,examples/ike_chunk_compare.ipynb,https://github.com/fsspec/kerchunk,SUCCESS_WITH_ERRORS,8.0,10,10,ValueError,DATA_ERROR,No dask-gateway address provided or found in configuration,3,8,2026-02-16 12:29:50
294,100,194,717,examples/ike_intake.ipynb,https://github.com/fsspec/kerchunk,SUCCESS_WITH_ERRORS,9.0,13,13,ImportError,DEPENDENCY_ERROR,Install s3fs to access S3,5,11,2026-02-16 12:29:52
296,112,474,2174,Figure 5/Panel D/bottom/Motifs_SwarmPlot.ipynb,https://github.com/WahlinLab/Retinal-Organoid-ATAC-RNAseq_Cells_2022,SUCCESS,7.0,4,4,,,,,0,2026-02-18 12:41:28
297,112,474,2175,Figure 5/Panel D/bottom/D45_swarmplot.ipynb,https://github.com/WahlinLab/Retinal-Organoid-ATAC-RNAseq_Cells_2022,SUCCESS_WITH_ERRORS,4.0,4,4,FileNotFoundError,FILE_ERROR,[Errno 2] No such file or directory: 'swarmplots/0_500cutoff_perc.csv',1,3,2026-02-18 12:41:29
298,112,474,2176,Figure 5/Panel D/top/D0_swarmplot.ipynb,https://github.com/WahlinLab/Retinal-Organoid-ATAC-RNAseq_Cells_2022,SUCCESS,4.0,4,4,,,,,0,2026-02-18 12:41:30
299,112,474,2177,Figure 5/Panel A/heatmap.ipynb,https://github.com/WahlinLab/Retinal-Organoid-ATAC-RNAseq_Cells_2022,SUCCESS_WITH_ERRORS,4.0,6,6,RuntimeError,OTHER_ERROR,clustermap requires scipy to be available,6,1,2026-02-18 12:41:30
300,115,1684,7188,notebooks/Constructing BioPAX models from scratch.ipynb,https://github.com/indralab/pybiopax,SUCCESS,3.0,8,8,,,,,0,2026-02-18 13:44:26
301,115,1684,7189,notebooks/Pathway Anticorrelation Analysis.ipynb,https://github.com/indralab/pybiopax,SUCCESS_WITH_ERRORS,4.0,32,32,ModuleNotFoundError,DEPENDENCY_ERROR,No module named 'sklearn',2,32,2026-02-18 13:44:28
302,115,1684,7190,notebooks/Reference validity.ipynb,https://github.com/indralab/pybiopax,SUCCESS,5.0,2,2,,,,,0,2026-02-18 13:44:28
303,115,1684,7191,notebooks/tutorial.ipynb,https://github.com/indralab/pybiopax,SUCCESS_WITH_ERRORS,128.0,17,17,FileNotFoundError,FILE_ERROR,[Errno 2] No such file or directory: '/tmp/.local/lib/python3.10/site-packages/pybiopax/tests/biopax_test.owl.gz',4,5,2026-02-18 13:44:29
304,115,1684,7192,notebooks/Explore Pathway Commons.ipynb,https://github.com/indralab/pybiopax,SUCCESS_WITH_ERRORS,5.0,12,12,BadGzipFile,OTHER_ERROR,Not a gzipped file (b'<!'),3,10,2026-02-18 13:44:30
305,116,645,2865,demo.ipynb,https://github.com/pauljaffe/lumos-ncpt-tools,SUCCESS,4.0,6,6,,,,,0,2026-02-18 13:49:12
306,117,646,2866,code/evaluate_enrichments/1_prepare_folders_for_GO_analyses.ipynb,https://github.com/ammarcsj/ecoli_survival_scoring,SUCCESS_WITH_ERRORS,3.0,4,4,ImportError,DEPENDENCY_ERROR,Missing optional dependency 'openpyxl'.  Use pip or conda to install openpyxl.,2,1,2026-02-18 13:51:42
307,117,646,2867,code/evaluate_enrichments/2_write_summary_table_of_KS_GO_results.ipynb,https://github.com/ammarcsj/ecoli_survival_scoring,SUCCESS_WITH_ERRORS,3.0,5,5,ModuleNotFoundError,DEPENDENCY_ERROR,No module named 'openpyxl',3,1,2026-02-18 13:51:43
308,117,646,2868,code/calculate_survival_scores/02_write_carls_table.ipynb,https://github.com/ammarcsj/ecoli_survival_scoring,SUCCESS_WITH_ERRORS,4.0,4,4,ModuleNotFoundError,DEPENDENCY_ERROR,No module named 'openpyxl',6,1,2026-02-18 13:51:48
309,117,646,2869,code/calculate_survival_scores/01_write_merged_ztables.ipynb,https://github.com/ammarcsj/ecoli_survival_scoring,SUCCESS,6.0,3,3,,,,,0,2026-02-18 13:51:49
310,118,761,3264,BRANEnet.ipynb,https://github.com/Surabhivj/BRANEnet,SUCCESS_WITH_ERRORS,3.0,8,8,ModuleNotFoundError,DEPENDENCY_ERROR,No module named 'pandas',3,2,2026-02-18 13:53:27
311,119,886,3616,Audit4 - Humantic - Other personality scores.ipynb,https://github.com/DataResponsibly/hiring-stability-audit,SUCCESS_WITH_ERRORS,4.0,23,23,ModuleNotFoundError,DEPENDENCY_ERROR,No module named 'statsmodels',0,20,2026-02-18 14:13:35
312,119,886,3617,Audit3 - Humantic - Big 5.ipynb,https://github.com/DataResponsibly/hiring-stability-audit,SUCCESS_WITH_ERRORS,3.0,23,23,ModuleNotFoundError,DEPENDENCY_ERROR,No module named 'statsmodels',0,20,2026-02-18 14:13:36
313,119,886,3618,Audit2 - Humantic - DiSC scores.ipynb,https://github.com/DataResponsibly/hiring-stability-audit,SUCCESS_WITH_ERRORS,4.0,23,23,ModuleNotFoundError,DEPENDENCY_ERROR,No module named 'statsmodels',0,20,2026-02-18 14:13:37
314,119,886,3619,Audit1 - Crystal - DiSC scores.ipynb,https://github.com/DataResponsibly/hiring-stability-audit,SUCCESS_WITH_ERRORS,4.0,23,23,ModuleNotFoundError,DEPENDENCY_ERROR,No module named 'statsmodels',0,20,2026-02-18 14:13:38
315,119,886,3620,Personality Prediction AI/analysis.ipynb,https://github.com/DataResponsibly/hiring-stability-audit,SUCCESS_WITH_ERRORS,5.0,55,55,TypeError,CODE_ERROR,Passing a set as an indexer is not supported. Use a list instead.,11,26,2026-02-18 14:13:40
316,121,4337,23149,docs/tutorials/quickstart.ipynb,https://github.com/dfm/emcee,SUCCESS,7.0,12,12,,,,,0,2026-02-18 15:11:24
317,121,4337,23150,docs/tutorials/moves.ipynb,https://github.com/dfm/emcee,SUCCESS,8.0,5,5,,,,,0,2026-02-18 15:11:25
318,121,4337,23151,docs/tutorials/parallel.ipynb,https://github.com/dfm/emcee,SUCCESS_WITH_ERRORS,84.0,10,10,ValueError,DATA_ERROR,could not convert string to float: '/bin/sh: 1: mpiexec: not found',15,1,2026-02-18 15:11:26
319,121,4337,23152,docs/tutorials/line.ipynb,https://github.com/dfm/emcee,SUCCESS,9.0,14,14,,,,,0,2026-02-18 15:11:27
320,121,4337,23153,docs/tutorials/monitor.ipynb,https://github.com/dfm/emcee,SUCCESS,44.0,9,9,,,,,0,2026-02-18 15:11:28
321,121,4337,23154,docs/tutorials/autocorr.ipynb,https://github.com/dfm/emcee,SUCCESS_WITH_ERRORS,205.0,10,10,ImportError,DEPENDENCY_ERROR,'autograd' must be installed to compute gradients,21,1,2026-02-18 15:11:29
322,126,5075,26503,doc/_static/interactive_demo.ipynb,https://github.com/iminuit/iminuit,SUCCESS,7.0,1,1,,,,,0,2026-02-18 15:58:20
323,126,5075,26504,doc/notebooks/simultaneous_fits.ipynb,https://github.com/iminuit/iminuit,SUCCESS,7.0,5,5,,,,,0,2026-02-18 15:58:21
324,126,5075,26505,doc/notebooks/cost_function_benchmarks.ipynb,https://github.com/iminuit/iminuit,SUCCESS,35.0,5,5,,,,,0,2026-02-18 15:58:22
325,126,5075,26506,doc/notebooks/cython.ipynb,https://github.com/iminuit/iminuit,SUCCESS_WITH_ERRORS,3.0,4,4,ModuleNotFoundError,DEPENDENCY_ERROR,No module named 'Cython',1,3,2026-02-18 15:58:23
326,126,5075,26507,doc/notebooks/template_model_mix.ipynb,https://github.com/iminuit/iminuit,SUCCESS,8.0,5,5,,,,,0,2026-02-18 15:58:24
327,126,5075,26508,doc/notebooks/gof.ipynb,https://github.com/iminuit/iminuit,SUCCESS,22.0,4,4,,,,,0,2026-02-18 15:58:25
328,126,5075,26509,doc/notebooks/generic_least_squares.ipynb,https://github.com/iminuit/iminuit,SUCCESS,3.0,8,8,,,,,0,2026-02-18 15:58:26
329,126,5075,26510,doc/notebooks/basic.ipynb,https://github.com/iminuit/iminuit,SUCCESS,6.0,79,79,,,,,0,2026-02-18 15:58:27
330,126,5075,26511,doc/notebooks/conditional_variable.ipynb,https://github.com/iminuit/iminuit,SUCCESS,16.0,7,7,,,,,0,2026-02-18 15:58:28
331,126,5075,26512,doc/notebooks/external_minimizer.ipynb,https://github.com/iminuit/iminuit,SUCCESS,4.0,5,5,,,,,0,2026-02-18 15:58:29
332,126,5075,26513,doc/notebooks/template_fits.ipynb,https://github.com/iminuit/iminuit,SUCCESS,10.0,14,14,,,,,0,2026-02-18 15:58:30
333,126,5075,26514,doc/notebooks/scipy_and_constraints.ipynb,https://github.com/iminuit/iminuit,SUCCESS,17.0,13,13,,,,,0,2026-02-18 15:58:31
334,126,5075,26515,doc/notebooks/memory_layout.ipynb,https://github.com/iminuit/iminuit,SUCCESS,5.0,4,4,,,,,0,2026-02-18 15:58:32
335,126,5075,26516,doc/notebooks/interactive.ipynb,https://github.com/iminuit/iminuit,SUCCESS,8.0,13,13,,,,,0,2026-02-18 15:58:33
336,126,5075,26517,doc/notebooks/error_bands.ipynb,https://github.com/iminuit/iminuit,SUCCESS,8.0,8,8,,,,,0,2026-02-18 15:58:34
337,126,5075,26518,doc/notebooks/hesse_and_minos.ipynb,https://github.com/iminuit/iminuit,SUCCESS,44.0,5,5,,,,,0,2026-02-18 15:58:35
338,126,5075,26519,doc/notebooks/automatic_differentiation.ipynb,https://github.com/iminuit/iminuit,SUCCESS,11.0,22,22,,,,,0,2026-02-18 15:58:37
339,126,5075,26520,doc/notebooks/numba.ipynb,https://github.com/iminuit/iminuit,SUCCESS_WITH_ERRORS,11.0,14,14,AttributeError,CODE_ERROR,module 'numba_stats' has no attribute 'norm',19,1,2026-02-18 15:58:38
340,126,5075,26521,doc/notebooks/cost_functions.ipynb,https://github.com/iminuit/iminuit,SUCCESS,11.0,34,34,,,,,0,2026-02-18 15:58:39
341,126,5075,26522,doc/notebooks/binned_vs_unbinned.ipynb,https://github.com/iminuit/iminuit,SUCCESS,68.0,10,10,,,,,0,2026-02-18 15:58:42
342,127,3798,20926,12_Figure1_Treatment.ipynb,https://github.com/alessaan/rhapsody-in-blue,SUCCESS_WITH_ERRORS,4.0,19,19,ValueError,DATA_ERROR,No objects to concatenate,7,10,2026-02-18 16:02:35
343,127,3798,20927,08_2017paint_Treatment-I_PyMCA_notes_only.ipynb,https://github.com/alessaan/rhapsody-in-blue,SUCCESS,3.0,2,2,,,,,0,2026-02-18 16:02:35
344,127,3798,20928,11_2018paint_Treatment-II_individualspec_to_avgspec.ipynb,https://github.com/alessaan/rhapsody-in-blue,SUCCESS_WITH_ERRORS,3.0,16,16,FileNotFoundError,FILE_ERROR,[Errno 2] No such file or directory: 'dataset_42/c_2018_S18500_002_051.dat',9,9,2026-02-18 16:02:36
345,127,3798,20929,02_2017FF_Treatment-Ia_notes_only_for_pyMCA.ipynb,https://github.com/alessaan/rhapsody-in-blue,SUCCESS,3.0,2,2,,,,,0,2026-02-18 16:02:37
346,127,3798,20930,04_2017FF_Treatment-IIa_normFF_to_meanimage_allbut600.ipynb,https://github.com/alessaan/rhapsody-in-blue,SUCCESS_WITH_ERRORS,4.0,12,12,FileNotFoundError,FILE_ERROR,``/app/dataset_22/H750oilL4_norm.hdf`` does not exist,5,7,2026-02-18 16:02:38
347,127,3798,20931,06b_2017FF_Treatment-III_normFF_to_maskedAVGspectra_600.ipynb,https://github.com/alessaan/rhapsody-in-blue,SUCCESS_WITH_ERRORS,4.0,19,19,FileNotFoundError,FILE_ERROR,``/app/dataset_22/H600_norm.hdf`` does not exist,5,15,2026-02-18 16:02:39
348,127,3798,20932,17_FigurePaint_Treatment_2018.ipynb,https://github.com/alessaan/rhapsody-in-blue,SUCCESS_WITH_ERRORS,4.0,17,17,IndexError,OTHER_ERROR,list index out of range,7,8,2026-02-18 16:02:40
349,127,3798,20933,15_FigureRAD_Treatment.ipynb,https://github.com/alessaan/rhapsody-in-blue,SUCCESS_WITH_ERRORS,3.0,16,16,FileNotFoundError,FILE_ERROR,[Errno 2] No such file or directory: 'dataset_RAD/c_2017_MH0169_1a_044_054to058.dat',10,6,2026-02-18 16:02:41
350,127,3798,20934,16_FigurePaint_Treatment_2017.ipynb,https://github.com/alessaan/rhapsody-in-blue,SUCCESS_WITH_ERRORS,4.0,15,15,IndexError,OTHER_ERROR,list index out of range,7,6,2026-02-18 16:02:42
351,127,3798,20935,01_2015_Treatment-I_notes_only_for_pyMCA.ipynb,https://github.com/alessaan/rhapsody-in-blue,SUCCESS,3.0,2,2,,,,,0,2026-02-18 16:02:43
352,127,3798,20936,04b_2017FF_Treatment-IIa_UNnormFF_to_meanimage_600.ipynb,https://github.com/alessaan/rhapsody-in-blue,SUCCESS_WITH_ERRORS,4.0,13,13,FileNotFoundError,FILE_ERROR,``/app/dataset_21/600Vpow_1.h5`` does not exist,5,8,2026-02-18 16:02:44
353,127,3798,20937,14_Figure5_Treatment.ipynb,https://github.com/alessaan/rhapsody-in-blue,SUCCESS_WITH_ERRORS,4.0,17,17,IndexError,OTHER_ERROR,list index out of range,7,8,2026-02-18 16:02:45
354,127,3798,20938,09_2017paint_Treatment-II_individualspec_to_avgspec.ipynb,https://github.com/alessaan/rhapsody-in-blue,SUCCESS_WITH_ERRORS,4.0,16,16,FileNotFoundError,FILE_ERROR,[Errno 2] No such file or directory: 'dataset_32/c_2017_SKA2102_8_190_222.dat',9,9,2026-02-18 16:02:46
355,127,3798,20939,10_2018paint_Treatment-I_PyMCA_notes_only.ipynb,https://github.com/alessaan/rhapsody-in-blue,SUCCESS,2.0,2,2,,,,,0,2026-02-18 16:02:47
356,127,3798,20940,06_2017FF_Treatment-III_normFF_to_maskedAVGspectra_allbut600.ipynb,https://github.com/alessaan/rhapsody-in-blue,SUCCESS_WITH_ERRORS,5.0,18,18,FileNotFoundError,FILE_ERROR,``/app/dataset_22/H750oilL4_norm.hdf`` does not exist,5,14,2026-02-18 16:02:48
357,127,3798,20941,03_2017FF_Treatment-Ib_FF_to_xvalues.ipynb,https://github.com/alessaan/rhapsody-in-blue,SUCCESS_WITH_ERRORS,3.0,3,3,FileNotFoundError,FILE_ERROR,``/app/dataset_21/20Vpow_1.h5`` does not exist,3,2,2026-02-18 16:02:49
358,127,3798,20942,07_2017FF_Treatment-V_normMaskFF_to_NMF_all.ipynb,https://github.com/alessaan/rhapsody-in-blue,SUCCESS_WITH_ERRORS,10.0,107,107,FileNotFoundError,FILE_ERROR,``/app/dataset_22/H750_norm.hdf`` does not exist,6,92,2026-02-18 16:02:58
359,127,3798,20943,13_Figure4_Treatment.ipynb,https://github.com/alessaan/rhapsody-in-blue,SUCCESS_WITH_ERRORS,3.0,17,17,IndexError,OTHER_ERROR,list index out of range,5,12,2026-02-18 16:02:59
360,127,3798,20944,05_2017FF_Treatment-IIb_notes_only_for_GIMP.ipynb,https://github.com/alessaan/rhapsody-in-blue,SUCCESS,6.0,2,2,,,,,0,2026-02-18 16:03:00
364,65,102,431,AOP_M&M_wo ZP .ipynb,https://github.com/mahsa-mirzaei/NMAOP_M-M_wo-ZP-,SUCCESS_WITH_ERRORS,10.0,36,36,FileNotFoundError,FILE_ERROR,[Errno 2] No such file or directory: 'C:/Users/mahsa/Desktop/M&M_NAO.csv',3,32,2026-02-18 17:50:44
365,11,20,50,Examples/Workflow B example.ipynb,https://github.com/cslab-hub/multiSyncPy,SUCCESS,9.0,19,19,,,,,0,2026-02-18 18:05:31
366,6,11,21,notebooks/1-Table-Baseline-Characteristics.ipynb,https://github.com/ICAN-aneurysms/RIA-predict,SUCCESS,6.0,10,10,,,,,0,2026-02-18 18:10:47
367,120,5005,26303,Compound.ipynb,https://github.com/IDR/idr-notebooks,SUCCESS_WITH_ERRORS,16.0,17,17,ModuleNotFoundError,DEPENDENCY_ERROR,No module named 'skimage',4,5,2026-02-18 18:25:30
368,120,5005,26304,GenesToPhenotypes.ipynb,https://github.com/IDR/idr-notebooks,SUCCESS_WITH_ERRORS,17.0,18,18,ModuleNotFoundError,DEPENDENCY_ERROR,No module named 'skimage',3,11,2026-02-18 18:25:31
369,120,5005,26305,GeneNetwork.ipynb,https://github.com/IDR/idr-notebooks,SUCCESS_WITH_ERRORS,29.0,12,12,ModuleNotFoundError,DEPENDENCY_ERROR,No module named 'omero',3,9,2026-02-18 18:25:33
370,120,5005,26306,CalculateSharpness.ipynb,https://github.com/IDR/idr-notebooks,SUCCESS_WITH_ERRORS,6.0,11,11,ModuleNotFoundError,DEPENDENCY_ERROR,No module named 'skimage',5,10,2026-02-18 18:25:34
371,120,5005,26307,IDR_API_example_script.ipynb,https://github.com/IDR/idr-notebooks,SUCCESS,52.0,11,11,,,,,0,2026-02-18 18:25:36
372,120,5005,26308,Using_Jupyter.ipynb,https://github.com/IDR/idr-notebooks,SUCCESS,5.0,0,0,,,,,0,2026-02-18 18:25:37
373,120,5005,26309,Getting_Started.ipynb,https://github.com/IDR/idr-notebooks,SUCCESS_WITH_ERRORS,14.0,7,7,ModuleNotFoundError,DEPENDENCY_ERROR,No module named 'idr',3,6,2026-02-18 18:25:39
374,120,5005,26310,README.ipynb,https://github.com/IDR/idr-notebooks,SUCCESS,4.0,1,1,,,,,0,2026-02-18 18:25:42
375,120,5005,26311,PCAanalysisOfCharmFeatures.ipynb,https://github.com/IDR/idr-notebooks,SUCCESS_WITH_ERRORS,22.0,18,18,ModuleNotFoundError,DEPENDENCY_ERROR,No module named 'omero',4,10,2026-02-18 18:25:44
376,120,5005,26312,QueryIDRWithGeneLists.ipynb,https://github.com/IDR/idr-notebooks,SUCCESS_WITH_ERRORS,54.0,9,9,ModuleNotFoundError,DEPENDENCY_ERROR,No module named 'idr',2,8,2026-02-18 18:25:45
377,120,5005,26313,Figure_1_Sampling_of_Phenotypes.ipynb,https://github.com/IDR/idr-notebooks,SUCCESS_WITH_ERRORS,21.0,10,10,ModuleNotFoundError,DEPENDENCY_ERROR,No module named 'omero',3,7,2026-02-18 18:25:47
378,120,5005,26314,SysgroOverview.ipynb,https://github.com/IDR/idr-notebooks,SUCCESS_WITH_ERRORS,19.0,12,12,ModuleNotFoundError,DEPENDENCY_ERROR,No module named 'omero',3,10,2026-02-18 18:25:48
379,120,5005,26315,RohnPhenotypeClustering.ipynb,https://github.com/IDR/idr-notebooks,SUCCESS_WITH_ERRORS,49.0,13,13,ModuleNotFoundError,DEPENDENCY_ERROR,No module named 'omero',5,8,2026-02-18 18:25:50
380,120,5005,26316,SysgroRoiLength.ipynb,https://github.com/IDR/idr-notebooks,SUCCESS_WITH_ERRORS,28.0,11,11,ModuleNotFoundError,DEPENDENCY_ERROR,No module named 'idr',3,7,2026-02-18 18:25:51
381,60,91,410,doc/example/store.ipynb,https://github.com/ICB-DCM/pyPESTO,SUCCESS_WITH_ERRORS,8.0,25,25,ImportError,DEPENDENCY_ERROR,libexpat.so.1: cannot open shared object file: No such file or directory,3,23,2026-02-18 21:05:04
382,60,91,411,doc/example/conversion_reaction.ipynb,https://github.com/ICB-DCM/pyPESTO,SUCCESS_WITH_ERRORS,8.0,14,14,ModuleNotFoundError,DEPENDENCY_ERROR,No module named 'amici',2,13,2026-02-18 21:05:05
383,60,91,412,doc/example/synthetic_data.ipynb,https://github.com/ICB-DCM/pyPESTO,SUCCESS_WITH_ERRORS,7.0,9,9,ImportError,DEPENDENCY_ERROR,libexpat.so.1: cannot open shared object file: No such file or directory,3,8,2026-02-18 21:05:07
384,45,72,254,other_files/Colab/CellOrcle_installation_in_Google_colab.ipynb,https://github.com/morris-lab/CellOracle,SUCCESS_WITH_ERRORS,11.0,10,10,ModuleNotFoundError,DEPENDENCY_ERROR,No module named 'rpy2',3,3,2026-02-18 21:21:13
385,45,72,255,docs/old/210531_Gata1_KO_simulation_with_Paul_etal_2015_data.ipynb,https://github.com/morris-lab/CellOracle,SUCCESS_WITH_ERRORS,9.0,20,20,ModuleNotFoundError,DEPENDENCY_ERROR,No module named 'celloracle',3,17,2026-02-18 21:21:15
386,45,72,256,docs/notebooks/02_motif_scan/02_atac_peaks_to_TFinfo_with_celloracle_20200801.ipynb,https://github.com/morris-lab/CellOracle,SUCCESS_WITH_ERRORS,8.0,16,16,ModuleNotFoundError,DEPENDENCY_ERROR,No module named 'celloracle',3,12,2026-02-18 21:21:17
387,45,72,257,docs/notebooks/02_motif_scan/motif_data_preparation/02_How_to_load_CisBPv2_motif_data.ipynb,https://github.com/morris-lab/CellOracle,SUCCESS_WITH_ERRORS,5.0,3,3,ModuleNotFoundError,DEPENDENCY_ERROR,No module named 'celloracle',2,2,2026-02-18 21:21:18
388,45,72,258,docs/notebooks/02_motif_scan/motif_data_preparation/01_How_to_load_gimmemotifs_motif_data.ipynb,https://github.com/morris-lab/CellOracle,SUCCESS_WITH_ERRORS,6.0,6,6,ModuleNotFoundError,DEPENDENCY_ERROR,No module named 'gimmemotifs',2,5,2026-02-18 21:21:20
389,45,72,259,docs/notebooks/02_motif_scan/motif_data_preparation/05_How_to_prepare_CisBP_custom_motif_Arabidopsis.ipynb,https://github.com/morris-lab/CellOracle,SUCCESS_WITH_ERRORS,9.0,19,19,ModuleNotFoundError,DEPENDENCY_ERROR,No module named 'gimmemotifs',1,8,2026-02-18 21:21:21
390,45,72,260,docs/notebooks/02_motif_scan/motif_data_preparation/03_How_to_make_custom_motif.ipynb,https://github.com/morris-lab/CellOracle,SUCCESS_WITH_ERRORS,6.0,5,5,FileNotFoundError,FILE_ERROR,[Errno 2] No such file or directory: 'CisBP_ver2_Danio_rerio.motif2factors.txt',3,3,2026-02-18 21:21:23
391,45,72,261,docs/notebooks/02_motif_scan/motif_data_preparation/04_How_to_prepare_CisBP_custom_motif.ipynb,https://github.com/morris-lab/CellOracle,SUCCESS_WITH_ERRORS,9.0,16,16,ModuleNotFoundError,DEPENDENCY_ERROR,No module named 'gimmemotifs',1,5,2026-02-18 21:21:24
392,45,72,262,docs/notebooks/Trouble_shooting/R_installation_error.ipynb,https://github.com/morris-lab/CellOracle,SUCCESS_WITH_ERRORS,5.0,6,6,ModuleNotFoundError,DEPENDENCY_ERROR,No module named 'celloracle',0,4,2026-02-18 21:21:26
393,45,72,263,docs/notebooks/04_Network_analysis/Network_analysis_with_Paul_etal_2015_data.ipynb,https://github.com/morris-lab/CellOracle,SUCCESS_WITH_ERRORS,10.0,53,53,ModuleNotFoundError,DEPENDENCY_ERROR,No module named 'celloracle',3,44,2026-02-18 21:21:27
394,45,72,264,docs/notebooks/04_Network_analysis/Network_analysis_with_Seurat_data.ipynb,https://github.com/morris-lab/CellOracle,SUCCESS_WITH_ERRORS,11.0,59,59,ModuleNotFoundError,DEPENDENCY_ERROR,No module named 'celloracle',2,48,2026-02-18 21:21:29
395,45,72,265,docs/notebooks/05_simulation/Pseudotime_calculation_with_Paul_etal_2015_data.ipynb,https://github.com/morris-lab/CellOracle,SUCCESS_WITH_ERRORS,8.0,17,17,ModuleNotFoundError,DEPENDENCY_ERROR,No module named 'celloracle',4,12,2026-02-18 21:21:30
396,45,72,266,docs/notebooks/05_simulation/Gata1_KO_simulation_with_Paul_etal_2015_data.ipynb,https://github.com/morris-lab/CellOracle,SUCCESS_WITH_ERRORS,11.0,34,34,ModuleNotFoundError,DEPENDENCY_ERROR,No module named 'celloracle',4,29,2026-02-18 21:21:32
397,45,72,267,docs/notebooks/05_simulation/misc/Analyze_transition_probability_with_Paul_etal_2015_data.ipynb,https://github.com/morris-lab/CellOracle,SUCCESS_WITH_ERRORS,8.0,21,21,ModuleNotFoundError,DEPENDENCY_ERROR,No module named 'celloracle',2,16,2026-02-18 21:21:33
398,45,72,268,docs/notebooks/05_simulation/misc/Check_distribution_of_simulation_value.ipynb,https://github.com/morris-lab/CellOracle,SUCCESS_WITH_ERRORS,8.0,8,8,ModuleNotFoundError,DEPENDENCY_ERROR,No module named 'celloracle',4,4,2026-02-18 21:21:35
399,45,72,269,docs/notebooks/05_simulation/misc/scale_up_simulation/01_Systematic_KO_simulations_Calculate_and_save_results.ipynb,https://github.com/morris-lab/CellOracle,SUCCESS_WITH_ERRORS,9.0,21,21,ModuleNotFoundError,DEPENDENCY_ERROR,No module named 'celloracle',4,15,2026-02-18 21:21:36
400,45,72,270,docs/notebooks/05_simulation/misc/scale_up_simulation/02_Systematic_KO_simulations_IP_score_analysis.ipynb,https://github.com/morris-lab/CellOracle,SUCCESS_WITH_ERRORS,7.0,14,14,ModuleNotFoundError,DEPENDENCY_ERROR,No module named 'celloracle',3,11,2026-02-18 21:21:38
401,85,146,543,sample-notebooks/genomics-opencravat.ipynb,https://github.com/microsoft/genomicsnotebook,SUCCESS_WITH_ERRORS,65.0,2,2,AzureException,OTHER_ERROR,"HTTPSConnectionPool(host='datasetopencravat.blob.core.windows.net', port=443): Max retries exceeded with url: /dataset/modules/gnomad/2.2.0/gnomad.yml?sv=2020-04-08&st=2021-03-11T23%3A50%3A01Z&se=2025-07-26T22%3A50%3A00Z&sr=c&sp=rl&sig=J9J9wnJOXsmEy7TFMq9wjcxjXDE%2B7KhGpCUL4elsC14%3D (Caused by NameResolutionError(""HTTPSConnection(host='datasetopencravat.blob.core.windows.net', port=443): Failed to resolve 'datasetopencravat.blob.core.windows.net' ([Errno -2] Name or service not known)""))",6,1,2026-02-18 21:38:41
402,85,146,544,sample-notebooks/genomicsML.ipynb,https://github.com/microsoft/genomicsnotebook,SUCCESS_WITH_ERRORS,10.0,18,18,FileNotFoundError,FILE_ERROR,[Errno 2] No such file or directory: 'tableChr22FilteredMAF.tsv',8,13,2026-02-18 21:38:43
406,138,3015,17678,doc/PatchClassifier.ipynb,https://github.com/ChristianMarzahl/Exact,SUCCESS_WITH_ERRORS,10.0,19,19,ModuleNotFoundError,DEPENDENCY_ERROR,Couldn't locate OpenSlide shared library. Try `pip install openslide-bin`. https://openslide.org/api/python/#installing,2,16,2026-02-18 22:57:45
407,138,3015,17679,doc/SyncImageAndAnnotations.ipynb,https://github.com/ChristianMarzahl/Exact,SUCCESS_WITH_ERRORS,10.0,16,16,MaxRetryError,OTHER_ERROR,"HTTPConnectionPool(host='127.0.0.1', port=8000): Max retries exceeded with url: /api/v1/images/image_sets/182/?expand=product_set%2Cproduct_set.annotationtype_set (Caused by NewConnectionError(""HTTPConnection(host='127.0.0.1', port=8000): Failed to establish a new connection: [Errno 111] Connection refused""))",8,6,2026-02-18 22:57:47
408,138,3015,17680,doc/ClusterAndSync.ipynb,https://github.com/ChristianMarzahl/Exact,SUCCESS_WITH_ERRORS,16.0,34,34,ImportError,DEPENDENCY_ERROR,libGL.so.1: cannot open shared object file: No such file or directory,2,19,2026-02-18 22:57:49
409,138,3015,17681,doc/Inference Asthma.ipynb,https://github.com/ChristianMarzahl/Exact,SUCCESS_WITH_ERRORS,17.0,15,15,KeyError,DATA_ERROR,'getpwuid(): uid not found: 1000',3,9,2026-02-18 22:57:51
410,138,3015,17682,doc/ClusterCells.ipynb,https://github.com/ChristianMarzahl/Exact,SUCCESS_WITH_ERRORS,13.0,42,42,OSError,OTHER_ERROR,"cannot load library 'libvips.so.42': libvips.so.42: cannot open shared object file: No such file or directory.  Additionally, ctypes.util.find_library() did not manage to locate a library called 'libvips.so.42'",4,26,2026-02-18 22:57:52
411,138,3015,17683,doc/train_object_detection.ipynb,https://github.com/ChristianMarzahl/Exact,SUCCESS_WITH_ERRORS,9.0,24,24,MaxRetryError,OTHER_ERROR,"HTTPConnectionPool(host='127.0.0.1', port=8000): Max retries exceeded with url: /api/v1/images/image_sets/?name__contains=IconArt (Caused by NewConnectionError(""HTTPConnection(host='127.0.0.1', port=8000): Failed to establish a new connection: [Errno 111] Connection refused""))",11,13,2026-02-18 22:57:54
412,138,3015,17684,doc/Create_DensityWSI-Equine.ipynb,https://github.com/ChristianMarzahl/Exact,SUCCESS_WITH_ERRORS,8.0,12,12,ModuleNotFoundError,DEPENDENCY_ERROR,Couldn't locate OpenSlide shared library. Try `pip install openslide-bin`. https://openslide.org/api/python/#installing,2,6,2026-02-18 22:57:55
413,138,3015,17685,doc/AnnotationMap.ipynb,https://github.com/ChristianMarzahl/Exact,SUCCESS_WITH_ERRORS,7.0,14,14,ModuleNotFoundError,DEPENDENCY_ERROR,Couldn't locate OpenSlide shared library. Try `pip install openslide-bin`. https://openslide.org/api/python/#installing,3,7,2026-02-18 22:57:57
414,138,3015,17686,doc/Segmentation.ipynb,https://github.com/ChristianMarzahl/Exact,SUCCESS_WITH_ERRORS,10.0,27,27,ModuleNotFoundError,DEPENDENCY_ERROR,Couldn't locate OpenSlide shared library. Try `pip install openslide-bin`. https://openslide.org/api/python/#installing,6,19,2026-02-18 22:57:58
415,138,3015,17687,doc/WSI-Registration.ipynb,https://github.com/ChristianMarzahl/Exact,SUCCESS_WITH_ERRORS,8.0,21,21,ModuleNotFoundError,DEPENDENCY_ERROR,No module named 'qt_wsi_reg',4,16,2026-02-18 22:58:00
416,138,3015,17688,doc/DownloadStudyAnnotations.ipynb,https://github.com/ChristianMarzahl/Exact,SUCCESS_WITH_ERRORS,7.0,10,10,MaxRetryError,OTHER_ERROR,"HTTPConnectionPool(host='127.0.0.1', port=1337): Max retries exceeded with url: /api/v1/images/image_sets/?name__contains=MICCAI+Mitotic+Figure+Study (Caused by NewConnectionError(""HTTPConnection(host='127.0.0.1', port=1337): Failed to establish a new connection: [Errno 111] Connection refused""))",8,3,2026-02-18 22:58:01
417,140,3078,17883,P2 SILM-IBT/silm-chromatin-idu_batchprocessingfor3D.ipynb,https://github.com/coskunlab/Ion-Beam-Tomography,SUCCESS_WITH_ERRORS,6.0,11,11,FileNotFoundError,FILE_ERROR,[Errno 2] No such file or directory: 'C:\\Users\\acoskun7\\Dropbox\\2018CLAB\\13 Manuscripts\\2019IonBeamSuperResTomography\\REVORGDATA\\paper\\extractionScriptsSTIRM',2,9,2026-02-18 23:14:30
418,140,3078,17884,P2 SILM-IBT/silm-chromatin-idu.ipynb,https://github.com/coskunlab/Ion-Beam-Tomography,SUCCESS_WITH_ERRORS,7.0,10,10,FileNotFoundError,FILE_ERROR,[Errno 2] No such file or directory: '\\Users\\Administrator\\Documents\\REVORGDATA\\paper\\extractionScripts',2,8,2026-02-18 23:14:32
419,140,3078,17885,P2 SILM-IBT/storm_analysis/diagnostics/jpy_notebooks/measure_psf.ipynb,https://github.com/coskunlab/Ion-Beam-Tomography,SUCCESS_WITH_ERRORS,5.0,3,3,FileNotFoundError,FILE_ERROR,[Errno 2] No such file or directory: '/home/hbabcock/Data/storm_analysis/sa_diagnostics/measure_psf',2,3,2026-02-18 23:14:34
420,140,3078,17886,P2 SILM-IBT/storm_analysis/diagnostics/jpy_notebooks/multicolor.ipynb,https://github.com/coskunlab/Ion-Beam-Tomography,SUCCESS_WITH_ERRORS,5.0,7,7,FileNotFoundError,FILE_ERROR,[Errno 2] No such file or directory: '/home/hbabcock/Data/storm_analysis/sa_diagnostics/multicolor',2,7,2026-02-18 23:14:36
421,140,3078,17887,P2 SILM-IBT/storm_analysis/diagnostics/jpy_notebooks/pupilfn.ipynb,https://github.com/coskunlab/Ion-Beam-Tomography,SUCCESS_WITH_ERRORS,6.0,7,7,FileNotFoundError,FILE_ERROR,[Errno 2] No such file or directory: '/home/hbabcock/Data/storm_analysis/sa_diagnostics/pupilfn',2,7,2026-02-18 23:14:38
422,140,3078,17888,P2 SILM-IBT/storm_analysis/diagnostics/jpy_notebooks/mp_spline.ipynb,https://github.com/coskunlab/Ion-Beam-Tomography,SUCCESS_WITH_ERRORS,5.0,7,7,FileNotFoundError,FILE_ERROR,[Errno 2] No such file or directory: '/home/hbabcock/Data/storm_analysis/sa_diagnostics/mp_spline',2,7,2026-02-18 23:14:40
423,140,3078,17889,P2 SILM-IBT/storm_analysis/diagnostics/jpy_notebooks/dao_3d_2dfixed.ipynb,https://github.com/coskunlab/Ion-Beam-Tomography,SUCCESS_WITH_ERRORS,5.0,7,7,FileNotFoundError,FILE_ERROR,[Errno 2] No such file or directory: '/home/hbabcock/Data/storm_analysis/sa_diagnostics/dao_3d_2dfixed',2,7,2026-02-18 23:14:42
424,140,3078,17890,P2 SILM-IBT/storm_analysis/diagnostics/jpy_notebooks/dao_peak_initialization.ipynb,https://github.com/coskunlab/Ion-Beam-Tomography,SUCCESS_WITH_ERRORS,5.0,7,7,FileNotFoundError,FILE_ERROR,[Errno 2] No such file or directory: '/home/hbabcock/Data/storm_analysis/sa_diagnostics/dao_peak_initialization',2,7,2026-02-18 23:14:44
425,140,3078,17891,P2 SILM-IBT/storm_analysis/diagnostics/jpy_notebooks/mp_pfn.ipynb,https://github.com/coskunlab/Ion-Beam-Tomography,SUCCESS_WITH_ERRORS,6.0,7,7,FileNotFoundError,FILE_ERROR,[Errno 2] No such file or directory: '/home/hbabcock/Data/storm_analysis/sa_diagnostics/mp_pfn',2,7,2026-02-18 23:14:45
426,140,3078,17892,P2 SILM-IBT/storm_analysis/diagnostics/jpy_notebooks/dao_3d_2d.ipynb,https://github.com/coskunlab/Ion-Beam-Tomography,SUCCESS_WITH_ERRORS,5.0,7,7,FileNotFoundError,FILE_ERROR,[Errno 2] No such file or directory: '/home/hbabcock/Data/storm_analysis/sa_diagnostics/dao_3d_2d',2,7,2026-02-18 23:14:47
427,140,3078,17893,P2 SILM-IBT/storm_analysis/diagnostics/jpy_notebooks/rcc.ipynb,https://github.com/coskunlab/Ion-Beam-Tomography,SUCCESS_WITH_ERRORS,8.0,6,6,FileNotFoundError,FILE_ERROR,[Errno 2] No such file or directory: '/home/hbabcock/Data/storm_analysis/sa_diagnostics/rcc',2,6,2026-02-18 23:14:49
428,140,3078,17894,P2 SILM-IBT/storm_analysis/diagnostics/jpy_notebooks/mp_dao.ipynb,https://github.com/coskunlab/Ion-Beam-Tomography,SUCCESS_WITH_ERRORS,6.0,7,7,FileNotFoundError,FILE_ERROR,[Errno 2] No such file or directory: '/home/hbabcock/Data/storm_analysis/sa_diagnostics/mp_dao',2,7,2026-02-18 23:14:51
429,140,3078,17895,P2 SILM-IBT/storm_analysis/diagnostics/jpy_notebooks/frc.ipynb,https://github.com/coskunlab/Ion-Beam-Tomography,SUCCESS_WITH_ERRORS,6.0,6,6,FileNotFoundError,FILE_ERROR,[Errno 2] No such file or directory: '/home/hbabcock/Data/storm_analysis/sa_diagnostics/frc',2,6,2026-02-18 23:14:53
430,140,3078,17896,P2 SILM-IBT/storm_analysis/diagnostics/jpy_notebooks/slurm.ipynb,https://github.com/coskunlab/Ion-Beam-Tomography,SUCCESS_WITH_ERRORS,5.0,6,6,FileNotFoundError,FILE_ERROR,[Errno 2] No such file or directory: '/home/hbabcock/Data/storm_analysis/sa_diagnostics/slurm',2,6,2026-02-18 23:14:54
431,140,3078,17897,P2 SILM-IBT/storm_analysis/diagnostics/jpy_notebooks/spliner_scmos.ipynb,https://github.com/coskunlab/Ion-Beam-Tomography,SUCCESS_WITH_ERRORS,5.0,7,7,FileNotFoundError,FILE_ERROR,[Errno 2] No such file or directory: '/home/hbabcock/Data/storm_analysis/sa_diagnostics/spliner_scmos',2,7,2026-02-18 23:14:56
432,140,3078,17898,P2 SILM-IBT/storm_analysis/diagnostics/jpy_notebooks/spliner_als.ipynb,https://github.com/coskunlab/Ion-Beam-Tomography,SUCCESS_WITH_ERRORS,9.0,7,7,FileNotFoundError,FILE_ERROR,[Errno 2] No such file or directory: '/home/hbabcock/Data/storm_analysis/sa_diagnostics/spliner_als',2,7,2026-02-18 23:14:58
433,140,3078,17899,P2 SILM-IBT/storm_analysis/diagnostics/jpy_notebooks/scmos.ipynb,https://github.com/coskunlab/Ion-Beam-Tomography,SUCCESS_WITH_ERRORS,5.0,7,7,FileNotFoundError,FILE_ERROR,[Errno 2] No such file or directory: '/home/hbabcock/Data/storm_analysis/sa_diagnostics/scmos',2,7,2026-02-18 23:15:00
434,140,3078,17900,P2 SILM-IBT/storm_analysis/diagnostics/jpy_notebooks/spliner.ipynb,https://github.com/coskunlab/Ion-Beam-Tomography,SUCCESS_WITH_ERRORS,6.0,7,7,FileNotFoundError,FILE_ERROR,[Errno 2] No such file or directory: '/home/hbabcock/Data/storm_analysis/sa_diagnostics/spliner',2,7,2026-02-18 23:15:02
435,140,3078,17901,P2 SILM-IBT/storm_analysis/diagnostics/jpy_notebooks/cramer_rao.ipynb,https://github.com/coskunlab/Ion-Beam-Tomography,SUCCESS_WITH_ERRORS,5.0,5,5,FileNotFoundError,FILE_ERROR,[Errno 2] No such file or directory: '/home/hbabcock/Data/storm_analysis/sa_diagnostics/cramer_rao',2,5,2026-02-18 23:15:04
436,140,3078,17902,P2 SILM-IBT/storm_analysis/diagnostics/jpy_notebooks/psf_fft.ipynb,https://github.com/coskunlab/Ion-Beam-Tomography,SUCCESS_WITH_ERRORS,5.0,7,7,FileNotFoundError,FILE_ERROR,[Errno 2] No such file or directory: '/home/hbabcock/Data/storm_analysis/sa_diagnostics/psf_fft',2,7,2026-02-18 23:15:06
437,140,3078,17903,P2 SILM-IBT/storm_analysis/diagnostics/jpy_notebooks/dao_3d_2d_als.ipynb,https://github.com/coskunlab/Ion-Beam-Tomography,SUCCESS_WITH_ERRORS,5.0,7,7,FileNotFoundError,FILE_ERROR,[Errno 2] No such file or directory: '/home/hbabcock/Data/storm_analysis/sa_diagnostics/dao_3d_2d_als',2,7,2026-02-18 23:15:08
438,140,3078,17904,P2 SILM-IBT/storm_analysis/diagnostics/jpy_notebooks/dao_3d_3d.ipynb,https://github.com/coskunlab/Ion-Beam-Tomography,SUCCESS_WITH_ERRORS,6.0,7,7,FileNotFoundError,FILE_ERROR,[Errno 2] No such file or directory: '/home/hbabcock/Data/storm_analysis/sa_diagnostics/dao_3d_3d',2,7,2026-02-18 23:15:09
439,140,3078,17905,P2 SILM-IBT/storm_analysis/diagnostics/jpy_notebooks/spliner_2d.ipynb,https://github.com/coskunlab/Ion-Beam-Tomography,SUCCESS_WITH_ERRORS,5.0,7,7,FileNotFoundError,FILE_ERROR,[Errno 2] No such file or directory: '/home/hbabcock/Data/storm_analysis/sa_diagnostics/spliner_2d',2,7,2026-02-18 23:15:11
440,140,3078,17906,P2 SILM-IBT/storm_analysis/diagnostics/jpy_notebooks/mp_psf_fft.ipynb,https://github.com/coskunlab/Ion-Beam-Tomography,SUCCESS_WITH_ERRORS,8.0,7,7,FileNotFoundError,FILE_ERROR,[Errno 2] No such file or directory: '/home/hbabcock/Data/storm_analysis/sa_diagnostics/mp_psf_fft',2,7,2026-02-18 23:15:13
441,140,3078,17907,P2 SILM-IBT/storm_analysis/diagnostics/jpy_notebooks/drift_correction.ipynb,https://github.com/coskunlab/Ion-Beam-Tomography,SUCCESS_WITH_ERRORS,5.0,6,6,FileNotFoundError,FILE_ERROR,[Errno 2] No such file or directory: '/home/hbabcock/Data/storm_analysis/sa_diagnostics/drift_correction',2,6,2026-02-18 23:15:15
442,140,3078,17908,P2 SILM-IBT/storm_analysis/diagnostics/jpy_notebooks/fista_decon.ipynb,https://github.com/coskunlab/Ion-Beam-Tomography,SUCCESS_WITH_ERRORS,5.0,7,7,FileNotFoundError,FILE_ERROR,[Errno 2] No such file or directory: '/home/hbabcock/Data/storm_analysis/sa_diagnostics/fista_decon',2,7,2026-02-18 23:15:17
443,140,3078,17909,P2 SILM-IBT/storm_analysis/diagnostics/jpy_notebooks/dao_3d_2dfixed_als.ipynb,https://github.com/coskunlab/Ion-Beam-Tomography,SUCCESS_WITH_ERRORS,5.0,7,7,FileNotFoundError,FILE_ERROR,[Errno 2] No such file or directory: '/home/hbabcock/Data/storm_analysis/sa_diagnostics/dao_3d_2dfixed_als',2,7,2026-02-18 23:15:19
444,140,3078,17910,P1 Deconv-IBT/deconvIBT.ipynb,https://github.com/coskunlab/Ion-Beam-Tomography,SUCCESS_WITH_ERRORS,7.0,3,3,ModuleNotFoundError,DEPENDENCY_ERROR,No module named 'skimage',0,2,2026-02-18 23:15:21
445,140,3078,17911,P4 3DSpatialClustering-IBT/MainCodeEditedFiveGTCell11.ipynb,https://github.com/coskunlab/Ion-Beam-Tomography,SUCCESS_WITH_ERRORS,9.0,52,52,ModuleNotFoundError,DEPENDENCY_ERROR,No module named 'sklearn',2,41,2026-02-18 23:15:34
446,140,3078,17912,P3 DeepLearning-IBT/scripts/prediction.ipynb,https://github.com/coskunlab/Ion-Beam-Tomography,SUCCESS_WITH_ERRORS,6.0,4,4,CalledProcessError,EXECUTION_ENVIRONMENT_ERROR,Command 'b'tree data predictions\n'' returned non-zero exit status 127.,5,1,2026-02-18 23:15:37
447,140,3078,17913,P3 DeepLearning-IBT/projection/deepIBTfluo.ipynb,https://github.com/coskunlab/Ion-Beam-Tomography,SUCCESS_WITH_ERRORS,15.0,28,28,FileNotFoundError,FILE_ERROR,[Errno 2] No such file or directory: '/app/P3 DeepLearning-IBT/projection/data/retinasr/s5-c05long-31slices-si.tif',4,14,2026-02-18 23:15:39
448,140,3078,17914,P3 DeepLearning-IBT/projection/deepIBTbrdu.ipynb,https://github.com/coskunlab/Ion-Beam-Tomography,SUCCESS_WITH_ERRORS,95.0,26,26,ValueError,DATA_ERROR,"Invalid configuration of type 'Config', was expecting type 'ProjectionConfig'.",17,9,2026-02-18 23:15:41
449,140,3078,17915,P3 DeepLearning-IBT/projection/deepIBTidu.ipynb,https://github.com/coskunlab/Ion-Beam-Tomography,SUCCESS_WITH_ERRORS,15.0,26,26,FileNotFoundError,FILE_ERROR,[Errno 2] No such file or directory: '/app/P3 DeepLearning-IBT/projection/data/retinasr/imbrducell.tif',4,14,2026-02-18 23:15:43
450,140,3078,17916,P3 DeepLearning-IBT/projection/deepIBTsi.ipynb,https://github.com/coskunlab/Ion-Beam-Tomography,SUCCESS_WITH_ERRORS,16.0,28,28,FileNotFoundError,FILE_ERROR,[Errno 2] No such file or directory: '/app/P3 DeepLearning-IBT/projection/data/retinasr/s5-c05long-26slices-fluo.tif',4,14,2026-02-18 23:15:45
451,148,5242,27272,index.ipynb,https://github.com/binder-examples/requirements,SUCCESS,11.0,4,4,,,,,0,2026-06-15 08:03:04
