id,repository,platform,repository_url,resource_type,notebooks_count,setups_count,requirements_count
1,ncbi/elastic-blast,github,https://github.com/ncbi/elastic-blast,https://w3id.org/notebookfair#GitRepositoryResource,0,1,6
2,ncbi/blast_plus_docs,github,https://github.com/ncbi/blast_plus_docs,https://w3id.org/notebookfair#GitRepositoryResource,0,0,0
3,ncbi/elastic-blast-demos,github,https://github.com/ncbi/elastic-blast-demos,https://w3id.org/notebookfair#GitRepositoryResource,1,0,1
4,ge8793/Mammary_Public_Data,github,https://github.com/ge8793/Mammary_Public_Data,https://w3id.org/notebookfair#GitRepositoryResource,0,0,0
5,cmives/Ca_selectivity_mechanism_of_TRPV_channels,github,https://github.com/cmives/Ca_selectivity_mechanism_of_TRPV_channels,https://w3id.org/notebookfair#GitRepositoryResource,0,0,0
6,drorlab/pensa,github,https://github.com/drorlab/pensa,https://w3id.org/notebookfair#GitRepositoryResource,1,1,1
7,briney/nextgen_agbc_paper,github,https://github.com/briney/nextgen_agbc_paper,https://w3id.org/notebookfair#GitRepositoryResource,0,0,0
8,predictive-clinical-neuroscience/braincharts,github,https://github.com/predictive-clinical-neuroscience/braincharts,https://w3id.org/notebookfair#GitRepositoryResource,5,0,0
9,saigerutherford/evidence_embracing_nm,github,https://github.com/saigerutherford/evidence_embracing_nm,https://w3id.org/notebookfair#GitRepositoryResource,5,0,0
10,draeger-lab/pymCADRE,github,https://github.com/draeger-lab/pymCADRE,https://w3id.org/notebookfair#GitRepositoryResource,8,1,0
11,ICAN-aneurysms/RIA-predict,github,https://github.com/ICAN-aneurysms/RIA-predict,https://w3id.org/notebookfair#GitRepositoryResource,6,0,0
12,r-blanchet/BAM_QC,github,https://github.com/r-blanchet/BAM_QC,https://w3id.org/notebookfair#GitRepositoryResource,0,0,0
13,mdjaffardjy/Snakemake_workflow_analysis,github,https://github.com/mdjaffardjy/Snakemake_workflow_analysis,https://w3id.org/notebookfair#GitRepositoryResource,0,0,0
14,mdjaffardjy/AnalyseDonneesNextflow,github,https://github.com/mdjaffardjy/AnalyseDonneesNextflow,https://w3id.org/notebookfair#GitRepositoryResource,3,3,0
15,mdjaffardjy/Reuse_in_processes,github,https://github.com/mdjaffardjy/Reuse_in_processes,https://w3id.org/notebookfair#GitRepositoryResource,2,0,0
16,ziatdinovmax/gpax,github,https://github.com/ziatdinovmax/gpax,https://w3id.org/notebookfair#GitRepositoryResource,6,1,1
17,ai4up/eubucco,github,https://github.com/ai4up/eubucco,https://w3id.org/notebookfair#GitRepositoryResource,12,0,0
18,microsoft/GlobalMLBuildingFootprints,github,https://github.com/microsoft/GlobalMLBuildingFootprints,https://w3id.org/notebookfair#GitRepositoryResource,0,0,0
19,racdale/triadic-bodily-synchrony,github,https://github.com/racdale/triadic-bodily-synchrony,https://w3id.org/notebookfair#GitRepositoryResource,0,0,0
20,cslab-hub/multiSyncPy,github,https://github.com/cslab-hub/multiSyncPy,https://w3id.org/notebookfair#GitRepositoryResource,3,1,0
21,CMU-Perceptual-Computing-Lab/openpose,github,https://github.com/CMU-Perceptual-Computing-Lab/openpose,https://w3id.org/notebookfair#GitRepositoryResource,0,0,0
22,IGGoncalves/PhysiCOOL,github,https://github.com/IGGoncalves/PhysiCOOL,https://w3id.org/notebookfair#GitRepositoryResource,7,0,1
23,samuelcolvin/pydantic,github,https://github.com/samuelcolvin/pydantic,https://w3id.org/notebookfair#GitRepositoryResource,0,0,0
24,combio-dku/HiCAT,github,https://github.com/combio-dku/HiCAT,https://w3id.org/notebookfair#GitRepositoryResource,1,0,0
25,combio-dku/RCTIcollection,github,https://github.com/combio-dku/RCTIcollection,https://w3id.org/notebookfair#GitRepositoryResource,1,0,0
26,jwrth/xDBiT_toolbox,github,https://github.com/jwrth/xDBiT_toolbox,https://w3id.org/notebookfair#GitRepositoryResource,20,0,0
27,bioFAM/mofax,github,https://github.com/bioFAM/mofax,https://w3id.org/notebookfair#GitRepositoryResource,2,1,0
28,broadinstitute/Drop-seq,github,https://github.com/broadinstitute/Drop-seq,https://w3id.org/notebookfair#GitRepositoryResource,0,0,0
29,RebekkaWegmann/splitseq_toolbox,github,https://github.com/RebekkaWegmann/splitseq_toolbox,https://w3id.org/notebookfair#GitRepositoryResource,0,0,0
30,ieee8023/covid-chestxray-dataset,github,https://github.com/ieee8023/covid-chestxray-dataset,https://w3id.org/notebookfair#GitRepositoryResource,3,0,2
31,mahsan2/Monkeypox-dataset-2022,github,https://github.com/mahsan2/Monkeypox-dataset-2022,https://w3id.org/notebookfair#GitRepositoryResource,1,0,0
32,carlosvega/DebunkMonkeypoxML,github,https://github.com/carlosvega/DebunkMonkeypoxML,https://w3id.org/notebookfair#GitRepositoryResource,2,0,0
33,Bristol-UNCOVER/Saliva_data_ML_analysis,github,https://github.com/Bristol-UNCOVER/Saliva_data_ML_analysis,https://w3id.org/notebookfair#GitRepositoryResource,1,0,0
34,miykael/fmriflows,github,https://github.com/miykael/fmriflows,https://w3id.org/notebookfair#GitRepositoryResource,7,0,0
35,poldracklab/fitlins,github,https://github.com/poldracklab/fitlins,https://w3id.org/notebookfair#GitRepositoryResource,1,1,1
36,imaginationdykim/2022.CC,github,https://github.com/imaginationdykim/2022.CC,https://w3id.org/notebookfair#GitRepositoryResource,1,0,0
37,csabaiBio/RBD-AlphaFold2-structures-and-phenotypic-information,github,https://github.com/csabaiBio/RBD-AlphaFold2-structures-and-phenotypic-information,https://w3id.org/notebookfair#GitRepositoryResource,25,0,0
38,dchary/ucdeconvolve_paper,github,https://github.com/dchary/ucdeconvolve_paper,https://w3id.org/notebookfair#GitRepositoryResource,12,0,0
39,dchary/ucdeconvolve,github,https://github.com/dchary/ucdeconvolve,https://w3id.org/notebookfair#GitRepositoryResource,1,1,2
40,heprom/pymicro,github,https://github.com/heprom/pymicro,https://w3id.org/notebookfair#GitRepositoryResource,9,1,1
41,FABLE-3DXRD/ImageD11,github,https://github.com/FABLE-3DXRD/ImageD11,https://w3id.org/notebookfair#GitRepositoryResource,11,2,0
42,hechaohong/nucleu_areas,github,https://github.com/hechaohong/nucleu_areas,https://w3id.org/notebookfair#GitRepositoryResource,1,0,0
43,netZoo/netZooR,github,https://github.com/netZoo/netZooR,https://w3id.org/notebookfair#GitRepositoryResource,0,0,0
44,broadinstitute/ABC-Enhancer-Gene-Prediction,github,https://github.com/broadinstitute/ABC-Enhancer-Gene-Prediction,https://w3id.org/notebookfair#GitRepositoryResource,0,0,0
45,shwhalen/targetfinder,github,https://github.com/shwhalen/targetfinder,https://w3id.org/notebookfair#GitRepositoryResource,0,0,0
46,weng-lab/BENGI,github,https://github.com/weng-lab/BENGI,https://w3id.org/notebookfair#GitRepositoryResource,0,0,0
47,sdjebali/EnhancerGene,github,https://github.com/sdjebali/EnhancerGene,https://w3id.org/notebookfair#GitRepositoryResource,0,0,0
48,Draviam-lab/spinx_local,github,https://github.com/Draviam-lab/spinx_local,https://w3id.org/notebookfair#GitRepositoryResource,3,2,3
49,matterport/Mask_RCNN,github,https://github.com/matterport/Mask_RCNN,https://w3id.org/notebookfair#GitRepositoryResource,9,1,1
50,singmann/afex,github,https://github.com/singmann/afex,https://w3id.org/notebookfair#GitRepositoryResource,0,0,0
51,aidelarazan/curbage_recognition,github,https://github.com/aidelarazan/curbage_recognition,https://w3id.org/notebookfair#GitRepositoryResource,2,0,0
52,ipdgc/GP2-post-GWAS-analysis,github,https://github.com/ipdgc/GP2-post-GWAS-analysis,https://w3id.org/notebookfair#GitRepositoryResource,2,0,0
53,ipdgc/GP2-pathway-enrichment-pipeline,github,https://github.com/ipdgc/GP2-pathway-enrichment-pipeline,https://w3id.org/notebookfair#GitRepositoryResource,3,0,0
54,ipdgc/Colocalization-Pipeline,github,https://github.com/ipdgc/Colocalization-Pipeline,https://w3id.org/notebookfair#GitRepositoryResource,0,0,0
55,ipdgc/GP2-network-generation,github,https://github.com/ipdgc/GP2-network-generation,https://w3id.org/notebookfair#GitRepositoryResource,1,0,0
56,ipdgc/GP2-Variant-Interaction-Pipeline,github,https://github.com/ipdgc/GP2-Variant-Interaction-Pipeline,https://w3id.org/notebookfair#GitRepositoryResource,0,0,0
57,zmahnoor14/MAW,github,https://github.com/zmahnoor14/MAW,https://w3id.org/notebookfair#GitRepositoryResource,7,0,1
58,zmahnoor14/MAW-Benchmark,github,https://github.com/zmahnoor14/MAW-Benchmark,https://w3id.org/notebookfair#GitRepositoryResource,29,0,0
59,sokrypton/ColabDesign,github,https://github.com/sokrypton/ColabDesign,https://w3id.org/notebookfair#GitRepositoryResource,18,1,0
60,maayanlab/prismexp,github,https://github.com/maayanlab/prismexp,https://w3id.org/notebookfair#GitRepositoryResource,2,1,1
61,aldertzomer/FastDeMe,github,https://github.com/aldertzomer/FastDeMe,https://w3id.org/notebookfair#GitRepositoryResource,0,0,0
62,rinikerlab/decapeptides-membrane,github,https://github.com/rinikerlab/decapeptides-membrane,https://w3id.org/notebookfair#GitRepositoryResource,1,0,0
63,schrodinger/pymol-open-source,github,https://github.com/schrodinger/pymol-open-source,https://w3id.org/notebookfair#GitRepositoryResource,0,1,0
64,forlilab/Meeko,github,https://github.com/forlilab/Meeko,https://w3id.org/notebookfair#GitRepositoryResource,0,1,0
65,VladislavNexby/ML,github,https://github.com/VladislavNexby/ML,https://w3id.org/notebookfair#GitRepositoryResource,1,0,0
66,biorack/omaat,github,https://github.com/biorack/omaat,https://w3id.org/notebookfair#GitRepositoryResource,4,1,0
67,sophiagosselin/Methylase_Insertions,github,https://github.com/sophiagosselin/Methylase_Insertions,https://w3id.org/notebookfair#GitRepositoryResource,0,0,0
68,fvbj/genomeVis,github,https://github.com/fvbj/genomeVis,https://w3id.org/notebookfair#GitRepositoryResource,0,0,0
69,fcphysics/CriticalityHeteroBNets,github,https://github.com/fcphysics/CriticalityHeteroBNets,https://w3id.org/notebookfair#GitRepositoryResource,1,0,0
70,rionbr/CANA,github,https://github.com/rionbr/CANA,https://w3id.org/notebookfair#GitRepositoryResource,12,1,0
71,Karaniare/Optimized_GATK4_pipeline,github,https://github.com/Karaniare/Optimized_GATK4_pipeline,https://w3id.org/notebookfair#GitRepositoryResource,0,0,0
72,morris-lab/CellOracle,github,https://github.com/morris-lab/CellOracle,https://w3id.org/notebookfair#GitRepositoryResource,27,1,2
73,velocyto-team/velocyto.py,github,https://github.com/velocyto-team/velocyto.py,https://w3id.org/notebookfair#GitRepositoryResource,0,1,0
74,theislab/paga,github,https://github.com/theislab/paga,https://w3id.org/notebookfair#GitRepositoryResource,20,0,0
75,MarioniLab/MouseGastrulationData,github,https://github.com/MarioniLab/MouseGastrulationData,https://w3id.org/notebookfair#GitRepositoryResource,0,0,0
76,catrionamurray/chromatic_fitting,github,https://github.com/catrionamurray/chromatic_fitting,https://w3id.org/notebookfair#GitRepositoryResource,18,1,0
77,zkbt/chromatic,github,https://github.com/zkbt/chromatic,https://w3id.org/notebookfair#GitRepositoryResource,15,1,0
78,spacetelescope/jwst,github,https://github.com/spacetelescope/jwst,https://w3id.org/notebookfair#GitRepositoryResource,39,1,0
79,BelgianBiodiversityPlatform/data-publication-ITG,github,https://github.com/BelgianBiodiversityPlatform/data-publication-ITG,https://w3id.org/notebookfair#GitRepositoryResource,7,0,0
80,feigroup/TVDN,github,https://github.com/feigroup/TVDN,https://w3id.org/notebookfair#GitRepositoryResource,3,0,1
81,kramerlab/lipid_study,github,https://github.com/kramerlab/lipid_study,https://w3id.org/notebookfair#GitRepositoryResource,2,0,1
82,mlcotten13/SARS-CoV-2_spike_charge,github,https://github.com/mlcotten13/SARS-CoV-2_spike_charge,https://w3id.org/notebookfair#GitRepositoryResource,3,0,0
83,mme-ucl/confined_LLPS,github,https://github.com/mme-ucl/confined_LLPS,https://w3id.org/notebookfair#GitRepositoryResource,5,0,0
84,idc9/py_jive,github,https://github.com/idc9/py_jive,https://w3id.org/notebookfair#GitRepositoryResource,5,1,0
85,NKI-CCB/TRANSACT,github,https://github.com/NKI-CCB/TRANSACT,https://w3id.org/notebookfair#GitRepositoryResource,0,1,0
86,baprice/AJIVE-jDR-Integration,github,https://github.com/baprice/AJIVE-jDR-Integration,https://w3id.org/notebookfair#GitRepositoryResource,2,0,0
87,theislab/scanpy,github,https://github.com/theislab/scanpy,https://w3id.org/notebookfair#GitRepositoryResource,0,0,0
88,atudell/Color-Cluster-Kit,github,https://github.com/atudell/Color-Cluster-Kit,https://w3id.org/notebookfair#GitRepositoryResource,6,0,0
89,DWALab/Osterlund_et_al_2021_BIK_Localization,github,https://github.com/DWALab/Osterlund_et_al_2021_BIK_Localization,https://w3id.org/notebookfair#GitRepositoryResource,1,0,0
90,MeatYuan/MOS2,github,https://github.com/MeatYuan/MOS2,https://w3id.org/notebookfair#GitRepositoryResource,2,0,0
91,ICB-DCM/pyPESTO,github,https://github.com/ICB-DCM/pyPESTO,https://w3id.org/notebookfair#GitRepositoryResource,15,1,0
92,Ensembl/plant-scripts,github,https://github.com/Ensembl/plant-scripts,https://w3id.org/notebookfair#GitRepositoryResource,0,0,1
93,Ensembl/treebest,github,https://github.com/Ensembl/treebest,https://w3id.org/notebookfair#GitRepositoryResource,0,0,0
94,Ensembl/ensembl-vep,github,https://github.com/Ensembl/ensembl-vep,https://w3id.org/notebookfair#GitRepositoryResource,0,0,0
95,Ensembl/ensembl-metadata,github,https://github.com/Ensembl/ensembl-metadata,https://w3id.org/notebookfair#GitRepositoryResource,0,0,0
96,Ensembl/plant_tools,github,https://github.com/Ensembl/plant_tools,https://w3id.org/notebookfair#GitRepositoryResource,0,0,0
97,PNNL-CompBio/Snekmer,github,https://github.com/PNNL-CompBio/Snekmer,https://w3id.org/notebookfair#GitRepositoryResource,2,1,2
98,feiglab/idpgan,github,https://github.com/feiglab/idpgan,https://w3id.org/notebookfair#GitRepositoryResource,1,0,0
99,zincware/MDSuite,github,https://github.com/zincware/MDSuite,https://w3id.org/notebookfair#GitRepositoryResource,3,1,1
100,ftir-mc/Biofuel-nanocatalyst,github,https://github.com/ftir-mc/Biofuel-nanocatalyst,https://w3id.org/notebookfair#GitRepositoryResource,0,0,0
101,vincentpmartin/sleep-content-analysis,github,https://github.com/vincentpmartin/sleep-content-analysis,https://w3id.org/notebookfair#GitRepositoryResource,1,0,1
102,mahsa-mirzaei/NMAOP_M-M_wo-ZP-,github,https://github.com/mahsa-mirzaei/NMAOP_M-M_wo-ZP-,https://w3id.org/notebookfair#GitRepositoryResource,1,0,0
103,EricThomson/gigadetector,github,https://github.com/EricThomson/gigadetector,https://w3id.org/notebookfair#GitRepositoryResource,0,0,0
104,aleju/imgaug,github,https://github.com/aleju/imgaug,https://w3id.org/notebookfair#GitRepositoryResource,0,1,2
105,heartexlabs/labelImg,github,https://github.com/heartexlabs/labelImg,https://w3id.org/notebookfair#GitRepositoryResource,0,1,0
106,aalokpatwa/rasp-mibi,github,https://github.com/aalokpatwa/rasp-mibi,https://w3id.org/notebookfair#GitRepositoryResource,1,0,1
107,benjjneb/decontam,github,https://github.com/benjjneb/decontam,https://w3id.org/notebookfair#GitRepositoryResource,0,0,0
108,biocore/BIRDMAn,github,https://github.com/biocore/BIRDMAn,https://w3id.org/notebookfair#GitRepositoryResource,0,1,0
109,gambit4348/deception-detection-review-2022,github,https://github.com/gambit4348/deception-detection-review-2022,https://w3id.org/notebookfair#GitRepositoryResource,5,0,0
110,gambit4348/biblioally,github,https://github.com/gambit4348/biblioally,https://w3id.org/notebookfair#GitRepositoryResource,0,1,0
111,Dongwon-Lee/gkmQC,github,https://github.com/Dongwon-Lee/gkmQC,https://w3id.org/notebookfair#GitRepositoryResource,0,0,0
112,Dongwon-Lee/gkmQC-manuscript,github,https://github.com/Dongwon-Lee/gkmQC-manuscript,https://w3id.org/notebookfair#GitRepositoryResource,5,0,0
113,VisualNeuroscience-UH/SystemTools,github,https://github.com/VisualNeuroscience-UH/SystemTools,https://w3id.org/notebookfair#GitRepositoryResource,10,0,1
114,VisualNeuroscience-UH/CxSystem2,github,https://github.com/VisualNeuroscience-UH/CxSystem2,https://w3id.org/notebookfair#GitRepositoryResource,4,1,1
115,machenslab/spikes,github,https://github.com/machenslab/spikes,https://w3id.org/notebookfair#GitRepositoryResource,2,0,1
116,isb-cgc/SL-Cloud-F1000,github,https://github.com/isb-cgc/SL-Cloud-F1000,https://w3id.org/notebookfair#GitRepositoryResource,9,0,1
117,atgu/hgdp_tgp,github,https://github.com/atgu/hgdp_tgp,https://w3id.org/notebookfair#GitRepositoryResource,6,0,0
118,LewisLabUCSD/CellFie,github,https://github.com/LewisLabUCSD/CellFie,https://w3id.org/notebookfair#GitRepositoryResource,0,0,0
119,RENCI/fuse-dashboard-immcellfie,github,https://github.com/RENCI/fuse-dashboard-immcellfie,https://w3id.org/notebookfair#GitRepositoryResource,0,0,0
120,RENCI/fuse-agent,github,https://github.com/RENCI/fuse-agent,https://w3id.org/notebookfair#GitRepositoryResource,0,0,1
121,RENCI/fuse-tool-pca,github,https://github.com/RENCI/fuse-tool-pca,https://w3id.org/notebookfair#GitRepositoryResource,0,0,1
122,RENCI/fuse-tool-cellfie,github,https://github.com/RENCI/fuse-tool-cellfie,https://w3id.org/notebookfair#GitRepositoryResource,0,0,1
123,RENCI/fuse-provider-upload,github,https://github.com/RENCI/fuse-provider-upload,https://w3id.org/notebookfair#GitRepositoryResource,0,0,1
124,RENCI/fuse-provider-immunespace,github,https://github.com/RENCI/fuse-provider-immunespace,https://w3id.org/notebookfair#GitRepositoryResource,0,0,1
125,rinikerlab/irsa,github,https://github.com/rinikerlab/irsa,https://w3id.org/notebookfair#GitRepositoryResource,3,1,1
126,mims-harvard/PrimeKG,github,https://github.com/mims-harvard/PrimeKG,https://w3id.org/notebookfair#GitRepositoryResource,8,0,1
127,gnn4dr/DRKG,github,https://github.com/gnn4dr/DRKG,https://w3id.org/notebookfair#GitRepositoryResource,9,0,0
128,aos2/7_Plug_and_play_RNA_Detection,github,https://github.com/aos2/7_Plug_and_play_RNA_Detection,https://w3id.org/notebookfair#GitRepositoryResource,8,0,0
129,cytoscape/cytoscape.js,github,https://github.com/cytoscape/cytoscape.js,https://w3id.org/notebookfair#GitRepositoryResource,0,0,0
130,cytoscape/cytoscape.js-elk,github,https://github.com/cytoscape/cytoscape.js-elk,https://w3id.org/notebookfair#GitRepositoryResource,0,0,0
131,cytoscape/cytoscape.js-dagre,github,https://github.com/cytoscape/cytoscape.js-dagre,https://w3id.org/notebookfair#GitRepositoryResource,0,0,0
132,PathwayCommons/cytoscape-sbgn-stylesheet,github,https://github.com/PathwayCommons/cytoscape-sbgn-stylesheet,https://w3id.org/notebookfair#GitRepositoryResource,0,0,0
133,cytoscape/ipycytoscape,github,https://github.com/cytoscape/ipycytoscape,https://w3id.org/notebookfair#GitRepositoryResource,17,1,0
134,nahitorres/aerialwaste,github,https://github.com/nahitorres/aerialwaste,https://w3id.org/notebookfair#GitRepositoryResource,5,0,0
135,nahitorres/aerialwaste-model,github,https://github.com/nahitorres/aerialwaste-model,https://w3id.org/notebookfair#GitRepositoryResource,1,0,0
136,nahitorres/demo-inspection-tool,github,https://github.com/nahitorres/demo-inspection-tool,https://w3id.org/notebookfair#GitRepositoryResource,1,0,0
137,the-mitchell-lab/rodeo2,github,https://github.com/the-mitchell-lab/rodeo2,https://w3id.org/notebookfair#GitRepositoryResource,0,0,1
138,aodn/imos-user-code-library,github,https://github.com/aodn/imos-user-code-library,https://w3id.org/notebookfair#GitRepositoryResource,5,0,0
139,theislab/scvelo,github,https://github.com/theislab/scvelo,https://w3id.org/notebookfair#GitRepositoryResource,0,0,0
140,theislab/cellrank,github,https://github.com/theislab/cellrank,https://w3id.org/notebookfair#GitRepositoryResource,0,1,2
141,klarman-cell-observatory/skin-ILCs,github,https://github.com/klarman-cell-observatory/skin-ILCs,https://w3id.org/notebookfair#GitRepositoryResource,10,0,0
142,kratzert/Caravan,github,https://github.com/kratzert/Caravan,https://w3id.org/notebookfair#GitRepositoryResource,2,0,1
143,pachterlab/ffq,github,https://github.com/pachterlab/ffq,https://w3id.org/notebookfair#GitRepositoryResource,0,1,1
144,vpc-ccg/freddie,github,https://github.com/vpc-ccg/freddie,https://w3id.org/notebookfair#GitRepositoryResource,0,0,0
145,vpc-ccg/LTR-sim,github,https://github.com/vpc-ccg/LTR-sim,https://w3id.org/notebookfair#GitRepositoryResource,0,0,0
146,microsoft/genomicsnotebook,github,https://github.com/microsoft/genomicsnotebook,https://w3id.org/notebookfair#GitRepositoryResource,24,0,0
147,hapifhir/hapi-fhir,github,https://github.com/hapifhir/hapi-fhir,https://w3id.org/notebookfair#GitRepositoryResource,0,0,0
148,awslabs/fhir-works-on-aws-deployment,github,https://github.com/awslabs/fhir-works-on-aws-deployment,https://w3id.org/notebookfair#GitRepositoryResource,0,0,0
149,microsoft/CromwellOnAzure,github,https://github.com/microsoft/CromwellOnAzure,https://w3id.org/notebookfair#GitRepositoryResource,0,0,0
150,microsoft/FHIR-Analytics-Pipelines,github,https://github.com/microsoft/FHIR-Analytics-Pipelines,https://w3id.org/notebookfair#GitRepositoryResource,0,0,0
151,PacificBiosciences/pb-human-wgs-workflow-wdl,github,https://github.com/PacificBiosciences/pb-human-wgs-workflow-wdl,https://w3id.org/notebookfair#GitRepositoryResource,0,0,0
152,broadinstitute/cromwell,github,https://github.com/broadinstitute/cromwell,https://w3id.org/notebookfair#GitRepositoryResource,0,1,1
153,fahadahaf/chromir,github,https://github.com/fahadahaf/chromir,https://w3id.org/notebookfair#GitRepositoryResource,0,0,0
154,AthenaEPI/dmipy,github,https://github.com/AthenaEPI/dmipy,https://w3id.org/notebookfair#GitRepositoryResource,37,1,1
155,mjwen/MatTEN,github,https://github.com/mjwen/MatTEN,https://w3id.org/notebookfair#GitRepositoryResource,0,1,1
156,xnuohz/DimeNet-dgl,github,https://github.com/xnuohz/DimeNet-dgl,https://w3id.org/notebookfair#GitRepositoryResource,0,0,0
157,mjwen/matten,github,https://github.com/mjwen/matten,https://w3id.org/notebookfair#GitRepositoryResource,0,1,1
158,research-hyperion/Drug_database_statistics,github,https://github.com/research-hyperion/Drug_database_statistics,https://w3id.org/notebookfair#GitRepositoryResource,0,0,1
159,guijacquemet/Fast4DReg,github,https://github.com/guijacquemet/Fast4DReg,https://w3id.org/notebookfair#GitRepositoryResource,1,0,0
160,UWMadisonMetaScience/rmp,github,https://github.com/UWMadisonMetaScience/rmp,https://w3id.org/notebookfair#GitRepositoryResource,0,0,0
161,aboSamoor/pycld2,github,https://github.com/aboSamoor/pycld2,https://w3id.org/notebookfair#GitRepositoryResource,0,1,1
162,davidmoreau/rep_checklist,github,https://github.com/davidmoreau/rep_checklist,https://w3id.org/notebookfair#GitRepositoryResource,0,0,0
163,ucph-rka/ScreenDB,github,https://github.com/ucph-rka/ScreenDB,https://w3id.org/notebookfair#GitRepositoryResource,1,0,0
164,Vaa3D/release,github,https://github.com/Vaa3D/release,https://w3id.org/notebookfair#GitRepositoryResource,0,0,0
165,zj-zhang/CHARM-AlternativeSplicing,github,https://github.com/zj-zhang/CHARM-AlternativeSplicing,https://w3id.org/notebookfair#GitRepositoryResource,18,0,0
166,zhanglab-aim/JEMM,github,https://github.com/zhanglab-aim/JEMM,https://w3id.org/notebookfair#GitRepositoryResource,0,1,0
167,AstraZeneca/jazzy,github,https://github.com/AstraZeneca/jazzy,https://w3id.org/notebookfair#GitRepositoryResource,4,0,1
168,AurelienCD/DeepHybridLearning_RadiotherapyQA_Depository_ManuscriptID_22-1397,github,https://github.com/AurelienCD/DeepHybridLearning_RadiotherapyQA_Depository_ManuscriptID_22-1397,https://w3id.org/notebookfair#GitRepositoryResource,2,0,0
169,AurelienCD/DeepHybridLearning_RadiotherapyQA_Depository_ManuscriptID_Diagnostics,github,https://github.com/AurelienCD/DeepHybridLearning_RadiotherapyQA_Depository_ManuscriptID_Diagnostics,https://w3id.org/notebookfair#GitRepositoryResource,2,0,0
170,AurelienCD/Radiotherapy_Quality_Control_API,github,https://github.com/AurelienCD/Radiotherapy_Quality_Control_API,https://w3id.org/notebookfair#GitRepositoryResource,0,0,1
171,genn-team/genn,github,https://github.com/genn-team/genn,https://w3id.org/notebookfair#GitRepositoryResource,0,1,0
172,tnowotny/bee_al_2021,github,https://github.com/tnowotny/bee_al_2021,https://w3id.org/notebookfair#GitRepositoryResource,4,0,0
173,Luthey-Schulten-Lab/Lattice_Microbes,github,https://github.com/Luthey-Schulten-Lab/Lattice_Microbes,https://w3id.org/notebookfair#GitRepositoryResource,10,0,0
174,Luthey-Schulten-Lab/Minimal_Cell,github,https://github.com/Luthey-Schulten-Lab/Minimal_Cell,https://w3id.org/notebookfair#GitRepositoryResource,57,54,1
175,brg4/SAP_chromosome,github,https://github.com/brg4/SAP_chromosome,https://w3id.org/notebookfair#GitRepositoryResource,0,0,0
176,zanert2/Thornburg_FrontMolBiosci_2019,github,https://github.com/zanert2/Thornburg_FrontMolBiosci_2019,https://w3id.org/notebookfair#GitRepositoryResource,2,0,0
177,rene2718/EIRINI_rnaseq,github,https://github.com/rene2718/EIRINI_rnaseq,https://w3id.org/notebookfair#GitRepositoryResource,1,0,0
178,HMS-IDAC/S3segmenter,github,https://github.com/HMS-IDAC/S3segmenter,https://w3id.org/notebookfair#GitRepositoryResource,0,0,0
179,lstrgar/seg-eval,github,https://github.com/lstrgar/seg-eval,https://w3id.org/notebookfair#GitRepositoryResource,1,0,0
180,mobie/covid-if-project,github,https://github.com/mobie/covid-if-project,https://w3id.org/notebookfair#GitRepositoryResource,0,0,0
181,mobie/htm-test,github,https://github.com/mobie/htm-test,https://w3id.org/notebookfair#GitRepositoryResource,0,0,0
182,mobie/spatial-transcriptomics-example-project,github,https://github.com/mobie/spatial-transcriptomics-example-project,https://w3id.org/notebookfair#GitRepositoryResource,0,0,0
183,saalfeldlab/n5,github,https://github.com/saalfeldlab/n5,https://w3id.org/notebookfair#GitRepositoryResource,0,0,0
184,ome/ome-zarr-py,github,https://github.com/ome/ome-zarr-py,https://w3id.org/notebookfair#GitRepositoryResource,0,1,0
185,ome/napari-ome-zarr,github,https://github.com/ome/napari-ome-zarr,https://w3id.org/notebookfair#GitRepositoryResource,0,1,1
186,hms-dbmi/vizarr,github,https://github.com/hms-dbmi/vizarr,https://w3id.org/notebookfair#GitRepositoryResource,5,0,1
187,gzuidhof/zarr.js,github,https://github.com/gzuidhof/zarr.js,https://w3id.org/notebookfair#GitRepositoryResource,0,0,0
188,mobie/bigdataviewer-n5,github,https://github.com/mobie/bigdataviewer-n5,https://w3id.org/notebookfair#GitRepositoryResource,0,0,0
189,PreibischLab/BigStitcher-Spark,github,https://github.com/PreibischLab/BigStitcher-Spark,https://w3id.org/notebookfair#GitRepositoryResource,0,0,0
190,bigdataviewer/bigdataviewer-omezarr,github,https://github.com/bigdataviewer/bigdataviewer-omezarr,https://w3id.org/notebookfair#GitRepositoryResource,0,0,0
191,saalfeldlab/n5-ij,github,https://github.com/saalfeldlab/n5-ij,https://w3id.org/notebookfair#GitRepositoryResource,0,0,0
192,saalfeldlab/n5-viewer,github,https://github.com/saalfeldlab/n5-viewer,https://w3id.org/notebookfair#GitRepositoryResource,0,0,0
193,glencoesoftware/bioformats2raw,github,https://github.com/glencoesoftware/bioformats2raw,https://w3id.org/notebookfair#GitRepositoryResource,0,0,0
194,fsspec/kerchunk,github,https://github.com/fsspec/kerchunk,https://w3id.org/notebookfair#GitRepositoryResource,6,1,2
195,CBI-PITT/BrAinPI,github,https://github.com/CBI-PITT/BrAinPI,https://w3id.org/notebookfair#GitRepositoryResource,0,1,1
196,ome/omero-guide-python,github,https://github.com/ome/omero-guide-python,https://w3id.org/notebookfair#GitRepositoryResource,12,0,1
197,dandisets/000108,github,https://github.com/dandisets/000108,https://w3id.org/notebookfair#GitRepositoryResource,0,0,0
198,BogdanBintu/ChromatinImaging,github,https://github.com/BogdanBintu/ChromatinImaging,https://w3id.org/notebookfair#GitRepositoryResource,6,1,0
199,anyuzx/HIPPS-DIMES,github,https://github.com/anyuzx/HIPPS-DIMES,https://w3id.org/notebookfair#GitRepositoryResource,1,1,0
200,airtlab/face-recognition-from-mugshots-database,github,https://github.com/airtlab/face-recognition-from-mugshots-database,https://w3id.org/notebookfair#GitRepositoryResource,0,0,0
201,airtlab/tests-on-the-FRMDB,github,https://github.com/airtlab/tests-on-the-FRMDB,https://w3id.org/notebookfair#GitRepositoryResource,1,0,0
202,ox-vgg/vgg_face2,github,https://github.com/ox-vgg/vgg_face2,https://w3id.org/notebookfair#GitRepositoryResource,0,0,0
203,rcmalli/keras-vggface,github,https://github.com/rcmalli/keras-vggface,https://w3id.org/notebookfair#GitRepositoryResource,0,1,0
204,starchevskayamaria17/uncoVir,github,https://github.com/starchevskayamaria17/uncoVir,https://w3id.org/notebookfair#GitRepositoryResource,3,0,0
205,hwei77/HeavyMetalML,github,https://github.com/hwei77/HeavyMetalML,https://w3id.org/notebookfair#GitRepositoryResource,5,0,0
206,nboley/idr,github,https://github.com/nboley/idr,https://w3id.org/notebookfair#GitRepositoryResource,0,1,0
207,taoliu/MACS,github,https://github.com/taoliu/MACS,https://w3id.org/notebookfair#GitRepositoryResource,0,1,1
208,nservant/HiC-Pro,github,https://github.com/nservant/HiC-Pro,https://w3id.org/notebookfair#GitRepositoryResource,0,0,0
209,ay-lab/FitHiChIP,github,https://github.com/ay-lab/FitHiChIP,https://w3id.org/notebookfair#GitRepositoryResource,0,0,0
210,robinweide/GENOVA,github,https://github.com/robinweide/GENOVA,https://w3id.org/notebookfair#GitRepositoryResource,0,0,0
211,gangwug/limma,github,https://github.com/gangwug/limma,https://w3id.org/notebookfair#GitRepositoryResource,0,0,0
212,OroLabStanford/SNP_Prioritization_Pipeline,github,https://github.com/OroLabStanford/SNP_Prioritization_Pipeline,https://w3id.org/notebookfair#GitRepositoryResource,2,0,0
213,open2c/pairtools,github,https://github.com/open2c/pairtools,https://w3id.org/notebookfair#GitRepositoryResource,5,1,1
214,open2c/distiller-nf,github,https://github.com/open2c/distiller-nf,https://w3id.org/notebookfair#GitRepositoryResource,0,0,0
215,open2c/open2c_vignettes,github,https://github.com/open2c/open2c_vignettes,https://w3id.org/notebookfair#GitRepositoryResource,8,0,0
216,nanoporetech/Pore-C-Snakemake,github,https://github.com/nanoporetech/Pore-C-Snakemake,https://w3id.org/notebookfair#GitRepositoryResource,0,0,0
217,apache/parquet-format,github,https://github.com/apache/parquet-format,https://w3id.org/notebookfair#GitRepositoryResource,0,0,0
218,drummondlab/highly-charged-regions-2022,github,https://github.com/drummondlab/highly-charged-regions-2022,https://w3id.org/notebookfair#GitRepositoryResource,33,0,0
219,LMSE/aybrah,github,https://github.com/LMSE/aybrah,https://w3id.org/notebookfair#GitRepositoryResource,0,0,0
220,jump-cellpainting/jump-scope-analysis,github,https://github.com/jump-cellpainting/jump-scope-analysis,https://w3id.org/notebookfair#GitRepositoryResource,13,0,0
221,cytomining/cytominer-database,github,https://github.com/cytomining/cytominer-database,https://w3id.org/notebookfair#GitRepositoryResource,0,1,1
222,cytomining/pycytominer,github,https://github.com/cytomining/pycytominer,https://w3id.org/notebookfair#GitRepositoryResource,0,1,2
223,cytomining/profiling-recipe,github,https://github.com/cytomining/profiling-recipe,https://w3id.org/notebookfair#GitRepositoryResource,0,0,0
224,dmnfarrell/epitopepredict,github,https://github.com/dmnfarrell/epitopepredict,https://w3id.org/notebookfair#GitRepositoryResource,10,1,2
225,holoviz/panel,github,https://github.com/holoviz/panel,https://w3id.org/notebookfair#GitRepositoryResource,187,3,4
226,tranchant/frangiPANe,github,https://github.com/tranchant/frangiPANe,https://w3id.org/notebookfair#GitRepositoryResource,1,0,0
227,sjsabin/minion_hrp2_project,github,https://github.com/sjsabin/minion_hrp2_project,https://w3id.org/notebookfair#GitRepositoryResource,2,0,0
228,kepsi/Pathonoia,github,https://github.com/kepsi/Pathonoia,https://w3id.org/notebookfair#GitRepositoryResource,4,1,0
229,statbiophys/thymic_development_2022,github,https://github.com/statbiophys/thymic_development_2022,https://w3id.org/notebookfair#GitRepositoryResource,4,0,0
230,genomica-fciencias-unam/tabla_genes,github,https://github.com/genomica-fciencias-unam/tabla_genes,https://w3id.org/notebookfair#GitRepositoryResource,1,0,0
231,appukuttan-shailesh/ebrains-live-papers,github,https://github.com/appukuttan-shailesh/ebrains-live-papers,https://w3id.org/notebookfair#GitRepositoryResource,0,0,0
232,cabooster/DeepCAD-RT,github,https://github.com/cabooster/DeepCAD-RT,https://w3id.org/notebookfair#GitRepositoryResource,3,0,0
233,utkoomie/delivery-mode,github,https://github.com/utkoomie/delivery-mode,https://w3id.org/notebookfair#GitRepositoryResource,3,0,1
234,jjhartmann/Levenberg-Marquardt-Algorithm,github,https://github.com/jjhartmann/Levenberg-Marquardt-Algorithm,https://w3id.org/notebookfair#GitRepositoryResource,0,0,0
235,LiminLi-xjtu/BLTSA,github,https://github.com/LiminLi-xjtu/BLTSA,https://w3id.org/notebookfair#GitRepositoryResource,0,0,0
236,dpeerlab/Palantir,github,https://github.com/dpeerlab/Palantir,https://w3id.org/notebookfair#GitRepositoryResource,6,1,0
237,dms-vep/SARS-CoV-2_Omicron_BA.1_spike_DMS_mAbs,github,https://github.com/dms-vep/SARS-CoV-2_Omicron_BA.1_spike_DMS_mAbs,https://w3id.org/notebookfair#GitRepositoryResource,8,0,0
238,dms-vep/SARS-CoV-2_Delta_spike_DMS_REGN10933,github,https://github.com/dms-vep/SARS-CoV-2_Delta_spike_DMS_REGN10933,https://w3id.org/notebookfair#GitRepositoryResource,7,0,0
239,jbloomlab/SARS-CoV-2-BA.1_Spike_DMS_validations,github,https://github.com/jbloomlab/SARS-CoV-2-BA.1_Spike_DMS_validations,https://w3id.org/notebookfair#GitRepositoryResource,6,0,0
240,jbloomlab/SARS-CoV-2-Delta_Spike_DMS_validations,github,https://github.com/jbloomlab/SARS-CoV-2-Delta_Spike_DMS_validations,https://w3id.org/notebookfair#GitRepositoryResource,3,0,0
241,dms-vep/dms-vep-pipeline,github,https://github.com/dms-vep/dms-vep-pipeline,https://w3id.org/notebookfair#GitRepositoryResource,10,0,0
242,jbloomlab/CodonTilingPrimers,github,https://github.com/jbloomlab/CodonTilingPrimers,https://w3id.org/notebookfair#GitRepositoryResource,0,0,0
243,jbloomlab/SARS2-mut-rates,github,https://github.com/jbloomlab/SARS2-mut-rates,https://w3id.org/notebookfair#GitRepositoryResource,17,0,0
244,jbloomlab/SARS2-mut-fitness,github,https://github.com/jbloomlab/SARS2-mut-fitness,https://w3id.org/notebookfair#GitRepositoryResource,17,0,0
245,DaigoOkada/DICNAPtutorial,github,https://github.com/DaigoOkada/DICNAPtutorial,https://w3id.org/notebookfair#GitRepositoryResource,1,0,0
246,STsanakas/virtual-sensors-IoT-platform,github,https://github.com/STsanakas/virtual-sensors-IoT-platform,https://w3id.org/notebookfair#GitRepositoryResource,0,0,0
247,szazo/DHT11_Python,github,https://github.com/szazo/DHT11_Python,https://w3id.org/notebookfair#GitRepositoryResource,0,1,0
248,greninger-lab/lava,github,https://github.com/greninger-lab/lava,https://w3id.org/notebookfair#GitRepositoryResource,0,0,0
249,lindawangg/COVID-Net,github,https://github.com/lindawangg/COVID-Net,https://w3id.org/notebookfair#GitRepositoryResource,4,0,1
250,c-barakat/covidnet_tune,github,https://github.com/c-barakat/covidnet_tune,https://w3id.org/notebookfair#GitRepositoryResource,1,0,0
251,agchung/Figure1-COVID-chestxray-dataset,github,https://github.com/agchung/Figure1-COVID-chestxray-dataset,https://w3id.org/notebookfair#GitRepositoryResource,0,0,0
252,agchung/Actualmed-COVID-chestxray-dataset,github,https://github.com/agchung/Actualmed-COVID-chestxray-dataset,https://w3id.org/notebookfair#GitRepositoryResource,0,0,0
253,syseng-ostrava/3-level-opinion-aggregation,github,https://github.com/syseng-ostrava/3-level-opinion-aggregation,https://w3id.org/notebookfair#GitRepositoryResource,2,0,0
254,willtownes/nsf-paper,github,https://github.com/willtownes/nsf-paper,https://w3id.org/notebookfair#GitRepositoryResource,1,0,1
255,bioFAM/MEFISTO_tutorials,github,https://github.com/bioFAM/MEFISTO_tutorials,https://w3id.org/notebookfair#GitRepositoryResource,3,0,0
256,willtownes/spatial-factorization-py,github,https://github.com/willtownes/spatial-factorization-py,https://w3id.org/notebookfair#GitRepositoryResource,0,0,0
257,mohaEs/PyVisualField,github,https://github.com/mohaEs/PyVisualField,https://w3id.org/notebookfair#GitRepositoryResource,4,1,1
258,constructor-s/PyVF,github,https://github.com/constructor-s/PyVF,https://w3id.org/notebookfair#GitRepositoryResource,0,1,1
259,LewisLabUCSD/autism_classifier,github,https://github.com/LewisLabUCSD/autism_classifier,https://w3id.org/notebookfair#GitRepositoryResource,8,0,0
260,kwahid/C3RO_analysis,github,https://github.com/kwahid/C3RO_analysis,https://w3id.org/notebookfair#GitRepositoryResource,1,0,0
261,abestshef/fluctuating,github,https://github.com/abestshef/fluctuating,https://w3id.org/notebookfair#GitRepositoryResource,2,53,1
262,angueyraLab/drRNAseq,github,https://github.com/angueyraLab/drRNAseq,https://w3id.org/notebookfair#GitRepositoryResource,19,0,1
263,feilab-hust/VCD-Net,github,https://github.com/feilab-hust/VCD-Net,https://w3id.org/notebookfair#GitRepositoryResource,5,1,1
264,fo40225/tensorflow-windows-wheel,github,https://github.com/fo40225/tensorflow-windows-wheel,https://w3id.org/notebookfair#GitRepositoryResource,0,0,0
265,IDAEA-EVS/Isocompy,github,https://github.com/IDAEA-EVS/Isocompy,https://w3id.org/notebookfair#GitRepositoryResource,1,0,1
266,amehrjou/Pyfectious,github,https://github.com/amehrjou/Pyfectious,https://w3id.org/notebookfair#GitRepositoryResource,3,0,1
267,coleygroup/dipolar_cycloaddition_dataset,github,https://github.com/coleygroup/dipolar_cycloaddition_dataset,https://w3id.org/notebookfair#GitRepositoryResource,2,0,0
268,gosling-lang/gos,github,https://github.com/gosling-lang/gos,https://w3id.org/notebookfair#GitRepositoryResource,2,1,0
269,quanted/nta_app,github,https://github.com/quanted/nta_app,https://w3id.org/notebookfair#GitRepositoryResource,0,0,1
270,USEPA/CompTox-ExpoCast-SSAMetabolism,github,https://github.com/USEPA/CompTox-ExpoCast-SSAMetabolism,https://w3id.org/notebookfair#GitRepositoryResource,16,0,0
271,disc04/simplydrug,github,https://github.com/disc04/simplydrug,https://w3id.org/notebookfair#GitRepositoryResource,13,1,0
272,camilgosmanov/GNPS,github,https://github.com/camilgosmanov/GNPS,https://w3id.org/notebookfair#GitRepositoryResource,0,0,0
273,zyliu-OU/McCall-Lab,github,https://github.com/zyliu-OU/McCall-Lab,https://w3id.org/notebookfair#GitRepositoryResource,31,0,0
274,JakobAsslaender/MRIgeneralizedBloch.jl,github,https://github.com/JakobAsslaender/MRIgeneralizedBloch.jl,https://w3id.org/notebookfair#GitRepositoryResource,0,0,0
275,JakobAsslaender/MRFingerprintingRecon.jl,github,https://github.com/JakobAsslaender/MRFingerprintingRecon.jl,https://w3id.org/notebookfair#GitRepositoryResource,0,0,0
276,sukeniklab/Entropic_Force,github,https://github.com/sukeniklab/Entropic_Force,https://w3id.org/notebookfair#GitRepositoryResource,4,0,0
277,twardlab/joint_graph_embedding_AD,github,https://github.com/twardlab/joint_graph_embedding_AD,https://w3id.org/notebookfair#GitRepositoryResource,2,0,1
278,cns-iu/ccf-research-kaggle-2022,github,https://github.com/cns-iu/ccf-research-kaggle-2022,https://w3id.org/notebookfair#GitRepositoryResource,30,3,5
279,HCVE/echo-clustering,github,https://github.com/HCVE/echo-clustering,https://w3id.org/notebookfair#GitRepositoryResource,1,0,0
280,hartwigmedical/pipeline5,github,https://github.com/hartwigmedical/pipeline5,https://w3id.org/notebookfair#GitRepositoryResource,0,0,0
281,lcbb/pyDAEDALUS,github,https://github.com/lcbb/pyDAEDALUS,https://w3id.org/notebookfair#GitRepositoryResource,0,0,3
282,lcbb/ariadne,github,https://github.com/lcbb/ariadne,https://w3id.org/notebookfair#GitRepositoryResource,0,0,0
283,lcbb/3dRnaScaffoldedWireframeOrigami,github,https://github.com/lcbb/3dRnaScaffoldedWireframeOrigami,https://w3id.org/notebookfair#GitRepositoryResource,2,0,0
284,lcbb/rouls,github,https://github.com/lcbb/rouls,https://w3id.org/notebookfair#GitRepositoryResource,0,0,0
285,biosustain/GRASP,github,https://github.com/biosustain/GRASP,https://w3id.org/notebookfair#GitRepositoryResource,4,1,1
286,louwenjjr/mibig_classifications,github,https://github.com/louwenjjr/mibig_classifications,https://w3id.org/notebookfair#GitRepositoryResource,6,0,0
287,kaibioinfo/canopus_treemap,github,https://github.com/kaibioinfo/canopus_treemap,https://w3id.org/notebookfair#GitRepositoryResource,1,1,0
288,NPLinker/nplinker,github,https://github.com/NPLinker/nplinker,https://w3id.org/notebookfair#GitRepositoryResource,29,1,1
289,shenwanxiang/metageomic_datasets,github,https://github.com/shenwanxiang/metageomic_datasets,https://w3id.org/notebookfair#GitRepositoryResource,1,0,0
290,shenwanxiang/aggmap-megma,github,https://github.com/shenwanxiang/aggmap-megma,https://w3id.org/notebookfair#GitRepositoryResource,75,0,0
291,Dantecore2/DriverID_Dateset,github,https://github.com/Dantecore2/DriverID_Dateset,https://w3id.org/notebookfair#GitRepositoryResource,0,0,0
292,pnnl/sds,github,https://github.com/pnnl/sds,https://w3id.org/notebookfair#GitRepositoryResource,1,0,0
293,Garg-Lab/Sponge-and-dervied-Bacteria-Blank-Subtraction-2022,github,https://github.com/Garg-Lab/Sponge-and-dervied-Bacteria-Blank-Subtraction-2022,https://w3id.org/notebookfair#GitRepositoryResource,1,0,0
294,volatilityfoundation/volatility,github,https://github.com/volatilityfoundation/volatility,https://w3id.org/notebookfair#GitRepositoryResource,0,1,0
295,dustoff06/Bankruptcy,github,https://github.com/dustoff06/Bankruptcy,https://w3id.org/notebookfair#GitRepositoryResource,1,0,0
296,Daria-Br/TCGA_clustering,github,https://github.com/Daria-Br/TCGA_clustering,https://w3id.org/notebookfair#GitRepositoryResource,10,0,1
297,ZELLMECHANIK-DRESDEN/fcswrite,github,https://github.com/ZELLMECHANIK-DRESDEN/fcswrite,https://w3id.org/notebookfair#GitRepositoryResource,0,1,1
298,fiji/fiji,github,https://github.com/fiji/fiji,https://w3id.org/notebookfair#GitRepositoryResource,0,0,0
299,SebastianJarosch/ChipCytometry-Image-Processing,github,https://github.com/SebastianJarosch/ChipCytometry-Image-Processing,https://w3id.org/notebookfair#GitRepositoryResource,2,0,0
300,fiji/Stitching,github,https://github.com/fiji/Stitching,https://w3id.org/notebookfair#GitRepositoryResource,0,0,0
301,marrlab/BaSiC,github,https://github.com/marrlab/BaSiC,https://w3id.org/notebookfair#GitRepositoryResource,0,0,0
302,BHFDSC/CCU002_01,github,https://github.com/BHFDSC/CCU002_01,https://w3id.org/notebookfair#GitRepositoryResource,0,0,0
303,BHFDSC/CCU002_03,github,https://github.com/BHFDSC/CCU002_03,https://w3id.org/notebookfair#GitRepositoryResource,0,0,0
304,BHFDSC/CCU014_01,github,https://github.com/BHFDSC/CCU014_01,https://w3id.org/notebookfair#GitRepositoryResource,0,0,0
305,HopkinsIDD/VOCsamplesize,github,https://github.com/HopkinsIDD/VOCsamplesize,https://w3id.org/notebookfair#GitRepositoryResource,0,0,0
306,AMC-LAEB/PATAT-sim,github,https://github.com/AMC-LAEB/PATAT-sim,https://w3id.org/notebookfair#GitRepositoryResource,3,1,0
307,Lucy-Forrest-Lab/hdxer_tutorials_livecoms,github,https://github.com/Lucy-Forrest-Lab/hdxer_tutorials_livecoms,https://w3id.org/notebookfair#GitRepositoryResource,0,0,0
308,Lucy-Forrest-Lab/HDXer,github,https://github.com/Lucy-Forrest-Lab/HDXer,https://w3id.org/notebookfair#GitRepositoryResource,5,1,0
309,lindermanlab/ssm,github,https://github.com/lindermanlab/ssm,https://w3id.org/notebookfair#GitRepositoryResource,14,1,0
310,hmmlearn/hmmlearn,github,https://github.com/hmmlearn/hmmlearn,https://w3id.org/notebookfair#GitRepositoryResource,0,1,0
311,DanChitwood/grapevine_rings,github,https://github.com/DanChitwood/grapevine_rings,https://w3id.org/notebookfair#GitRepositoryResource,1,0,0
312,JeffreyMolendijk/skeletal_muscle,github,https://github.com/JeffreyMolendijk/skeletal_muscle,https://w3id.org/notebookfair#GitRepositoryResource,0,0,0
313,Tom-Brughmans/RAAD,github,https://github.com/Tom-Brughmans/RAAD,https://w3id.org/notebookfair#GitRepositoryResource,12,0,1
314,matsunagalab/MDToolbox.jl,github,https://github.com/matsunagalab/MDToolbox.jl,https://w3id.org/notebookfair#GitRepositoryResource,6,0,0
315,matsunagalab/paper_ogane2022,github,https://github.com/matsunagalab/paper_ogane2022,https://w3id.org/notebookfair#GitRepositoryResource,26,0,0
316,rojas-mariano-salvador/Lethality-markers-for-COVID-19,github,https://github.com/rojas-mariano-salvador/Lethality-markers-for-COVID-19,https://w3id.org/notebookfair#GitRepositoryResource,11,0,0
317,sys-bio/roadrunner,github,https://github.com/sys-bio/roadrunner,https://w3id.org/notebookfair#GitRepositoryResource,0,1,2
318,matthiaskoenig/sbmlsim,github,https://github.com/matthiaskoenig/sbmlsim,https://w3id.org/notebookfair#GitRepositoryResource,3,1,0
319,sys-bio/tellurium,github,https://github.com/sys-bio/tellurium,https://w3id.org/notebookfair#GitRepositoryResource,38,1,1
320,sys-bio/RoadRunner.jl,github,https://github.com/sys-bio/RoadRunner.jl,https://w3id.org/notebookfair#GitRepositoryResource,0,0,0
321,saurolab-papers/rr2.0_paper,github,https://github.com/saurolab-papers/rr2.0_paper,https://w3id.org/notebookfair#GitRepositoryResource,0,0,0
322,JBEI/clusterCAD,github,https://github.com/JBEI/clusterCAD,https://w3id.org/notebookfair#GitRepositoryResource,3,0,1
323,Finn-Lab/SanntiS,github,https://github.com/Finn-Lab/SanntiS,https://w3id.org/notebookfair#GitRepositoryResource,0,1,0
324,EBI-Metagenomics/mgnify-lr,github,https://github.com/EBI-Metagenomics/mgnify-lr,https://w3id.org/notebookfair#GitRepositoryResource,0,0,0
325,beadyallen/MGnifyR,github,https://github.com/beadyallen/MGnifyR,https://w3id.org/notebookfair#GitRepositoryResource,0,0,0
326,ebi-metagenomics/notebooks,github,https://github.com/ebi-metagenomics/notebooks,https://w3id.org/notebookfair#GitRepositoryResource,8,2,0
327,zwijnenburggroup/smilescombine,github,https://github.com/zwijnenburggroup/smilescombine,https://w3id.org/notebookfair#GitRepositoryResource,1,0,0
328,grimme-lab/xtb,github,https://github.com/grimme-lab/xtb,https://w3id.org/notebookfair#GitRepositoryResource,0,0,0
329,grimme-lab/stda,github,https://github.com/grimme-lab/stda,https://w3id.org/notebookfair#GitRepositoryResource,0,0,0
330,AxelRolov/CO2_chemical_solvents,github,https://github.com/AxelRolov/CO2_chemical_solvents,https://w3id.org/notebookfair#GitRepositoryResource,5,0,0
331,kjappelbaum/aeml,github,https://github.com/kjappelbaum/aeml,https://w3id.org/notebookfair#GitRepositoryResource,5,1,0
332,galaxyproject/training-material,github,https://github.com/galaxyproject/training-material,https://w3id.org/notebookfair#GitRepositoryResource,2,0,1
333,galaxyproject/GTN-community-paper-2020,github,https://github.com/galaxyproject/GTN-community-paper-2020,https://w3id.org/notebookfair#GitRepositoryResource,6,0,0
334,usegalaxy-eu/workflow-testing,github,https://github.com/usegalaxy-eu/workflow-testing,https://w3id.org/notebookfair#GitRepositoryResource,0,0,0
335,sealx017/RCFGL,github,https://github.com/sealx017/RCFGL,https://w3id.org/notebookfair#GitRepositoryResource,1,0,0
336,broadinstitute/inferCNV,github,https://github.com/broadinstitute/inferCNV,https://w3id.org/notebookfair#GitRepositoryResource,0,0,0
337,DiankeLi/mSCLC,github,https://github.com/DiankeLi/mSCLC,https://w3id.org/notebookfair#GitRepositoryResource,14,0,0
338,matsunagalab/differentiable_BTR,github,https://github.com/matsunagalab/differentiable_BTR,https://w3id.org/notebookfair#GitRepositoryResource,31,0,0
339,neverbehym/biomaker-recommendation-system,github,https://github.com/neverbehym/biomaker-recommendation-system,https://w3id.org/notebookfair#GitRepositoryResource,1,0,0
340,KosinskiLab/AlphaPulldown,github,https://github.com/KosinskiLab/AlphaPulldown,https://w3id.org/notebookfair#GitRepositoryResource,0,0,0
341,deepmind/alphafold,github,https://github.com/deepmind/alphafold,https://w3id.org/notebookfair#GitRepositoryResource,1,1,2
342,Abe404/root_painter,github,https://github.com/Abe404/root_painter,https://w3id.org/notebookfair#GitRepositoryResource,0,1,2
343,maxvthof/EcN_model,github,https://github.com/maxvthof/EcN_model,https://w3id.org/notebookfair#GitRepositoryResource,23,0,0
344,intake/intake,github,https://github.com/intake/intake,https://w3id.org/notebookfair#GitRepositoryResource,0,1,2
345,vfscalfani/CSN_tutorial,github,https://github.com/vfscalfani/CSN_tutorial,https://w3id.org/notebookfair#GitRepositoryResource,3,0,0
346,greglandrum/RSC_OpenScience_Standardization_202104,github,https://github.com/greglandrum/RSC_OpenScience_Standardization_202104,https://w3id.org/notebookfair#GitRepositoryResource,4,0,0
347,rdkit/UGM_2020,github,https://github.com/rdkit/UGM_2020,https://w3id.org/notebookfair#GitRepositoryResource,1,0,0
348,dotnet/roslyn,github,https://github.com/dotnet/roslyn,https://w3id.org/notebookfair#GitRepositoryResource,0,0,0
349,zhaoyj21/morphology_complexity,github,https://github.com/zhaoyj21/morphology_complexity,https://w3id.org/notebookfair#GitRepositoryResource,3,2,0
350,keras-team/keras,github,https://github.com/keras-team/keras,https://w3id.org/notebookfair#GitRepositoryResource,0,1,1
351,opencv/opencv,github,https://github.com/opencv/opencv,https://w3id.org/notebookfair#GitRepositoryResource,0,1,1
352,vdovale29/Hardness-Calculator,github,https://github.com/vdovale29/Hardness-Calculator,https://w3id.org/notebookfair#GitRepositoryResource,2,0,0
353,scikit-learn-contrib/hdbscan,github,https://github.com/scikit-learn-contrib/hdbscan,https://w3id.org/notebookfair#GitRepositoryResource,9,1,1
354,ACEnglish/truvari,github,https://github.com/ACEnglish/truvari,https://w3id.org/notebookfair#GitRepositoryResource,0,1,1
355,ACEnglish/TruvariData,github,https://github.com/ACEnglish/TruvariData,https://w3id.org/notebookfair#GitRepositoryResource,20,0,0
356,skiniry/Trips-Viz,github,https://github.com/skiniry/Trips-Viz,https://w3id.org/notebookfair#GitRepositoryResource,0,0,1
357,triasteran/nonAUG_manuscript,github,https://github.com/triasteran/nonAUG_manuscript,https://w3id.org/notebookfair#GitRepositoryResource,37,0,0
358,mfarhan166/ECG-Signals-and-Spectrograms,github,https://github.com/mfarhan166/ECG-Signals-and-Spectrograms,https://w3id.org/notebookfair#GitRepositoryResource,12,0,0
359,esa/NIDN,github,https://github.com/esa/NIDN,https://w3id.org/notebookfair#GitRepositoryResource,14,1,1
360,flaport/fdtd,github,https://github.com/flaport/fdtd,https://w3id.org/notebookfair#GitRepositoryResource,7,0,0
361,cparker-uc/VeVaPy,github,https://github.com/cparker-uc/VeVaPy,https://w3id.org/notebookfair#GitRepositoryResource,7,0,1
362,sayang14/Classification-of-Mental-Stress-from-Wearable-Physiological-Sensors-Using-Deep-Neural-Network,github,https://github.com/sayang14/Classification-of-Mental-Stress-from-Wearable-Physiological-Sensors-Using-Deep-Neural-Network,https://w3id.org/notebookfair#GitRepositoryResource,0,0,0
363,DessimozLab/read2tree,github,https://github.com/DessimozLab/read2tree,https://w3id.org/notebookfair#GitRepositoryResource,0,1,1
364,HadrienG/InSilicoSeq,github,https://github.com/HadrienG/InSilicoSeq,https://w3id.org/notebookfair#GitRepositoryResource,0,1,1
365,dvdylus/read2tree_paper,github,https://github.com/dvdylus/read2tree_paper,https://w3id.org/notebookfair#GitRepositoryResource,12,0,0
366,mhofford/I2_Sepsis,github,https://github.com/mhofford/I2_Sepsis,https://w3id.org/notebookfair#GitRepositoryResource,1,0,0
367,MIT-LCP/mimic-code,github,https://github.com/MIT-LCP/mimic-code,https://w3id.org/notebookfair#GitRepositoryResource,19,0,1
368,eEcoLiDAR/downloadAHN,github,https://github.com/eEcoLiDAR/downloadAHN,https://w3id.org/notebookfair#GitRepositoryResource,0,0,0
369,eEcoLiDAR/AHN,github,https://github.com/eEcoLiDAR/AHN,https://w3id.org/notebookfair#GitRepositoryResource,22,0,0
370,eEcoLiDAR/laserchicken,github,https://github.com/eEcoLiDAR/laserchicken,https://w3id.org/notebookfair#GitRepositoryResource,1,1,2
371,eEcoLiDAR/Laserfarm,github,https://github.com/eEcoLiDAR/Laserfarm,https://w3id.org/notebookfair#GitRepositoryResource,2,1,2
372,kblin/ncbi-genome-download,github,https://github.com/kblin/ncbi-genome-download,https://w3id.org/notebookfair#GitRepositoryResource,0,1,2
373,robertosanchezn/AS_hqMAGs,github,https://github.com/robertosanchezn/AS_hqMAGs,https://w3id.org/notebookfair#GitRepositoryResource,11,0,0
374,SBML-Kimlab/ChEAP,github,https://github.com/SBML-Kimlab/ChEAP,https://w3id.org/notebookfair#GitRepositoryResource,1,0,0
375,SBML-Kimlab/MetaScope,github,https://github.com/SBML-Kimlab/MetaScope,https://w3id.org/notebookfair#GitRepositoryResource,0,0,0
376,anant-dadu/PDProgressionSubtypes,github,https://github.com/anant-dadu/PDProgressionSubtypes,https://w3id.org/notebookfair#GitRepositoryResource,3,0,1
377,jmvarberg/King_et_al_2022,github,https://github.com/jmvarberg/King_et_al_2022,https://w3id.org/notebookfair#GitRepositoryResource,1,0,0
378,JecaTosovic/ConservedWaterSearch,github,https://github.com/JecaTosovic/ConservedWaterSearch,https://w3id.org/notebookfair#GitRepositoryResource,0,1,1
379,JecaTosovic/WaterNetworkAnalysis,github,https://github.com/JecaTosovic/WaterNetworkAnalysis,https://w3id.org/notebookfair#GitRepositoryResource,0,1,1
380,tarot0410/BREMSC,github,https://github.com/tarot0410/BREMSC,https://w3id.org/notebookfair#GitRepositoryResource,0,0,0
381,SydneyBioX/CiteFuse,github,https://github.com/SydneyBioX/CiteFuse,https://w3id.org/notebookfair#GitRepositoryResource,0,0,0
382,satijalab/seurat,github,https://github.com/satijalab/seurat,https://w3id.org/notebookfair#GitRepositoryResource,0,0,0
383,XifengGuo/IDEC,github,https://github.com/XifengGuo/IDEC,https://w3id.org/notebookfair#GitRepositoryResource,0,0,0
384,hemberg-lab/SC3,github,https://github.com/hemberg-lab/SC3,https://w3id.org/notebookfair#GitRepositoryResource,0,0,0
385,shahcompbio/scvis,github,https://github.com/shahcompbio/scvis,https://w3id.org/notebookfair#GitRepositoryResource,0,1,0
386,zji90/TSCAN,github,https://github.com/zji90/TSCAN,https://w3id.org/notebookfair#GitRepositoryResource,0,0,0
387,epurdom/cobolt,github,https://github.com/epurdom/cobolt,https://w3id.org/notebookfair#GitRepositoryResource,1,1,0
388,kodaim1115/scMM,github,https://github.com/kodaim1115/scMM,https://w3id.org/notebookfair#GitRepositoryResource,1,0,0
389,canzarlab/Specter,github,https://github.com/canzarlab/Specter,https://w3id.org/notebookfair#GitRepositoryResource,0,0,0
390,YosefLab/totalVI_reproducibility,github,https://github.com/YosefLab/totalVI_reproducibility,https://w3id.org/notebookfair#GitRepositoryResource,32,0,1
391,YosefLab/SymSim,github,https://github.com/YosefLab/SymSim,https://w3id.org/notebookfair#GitRepositoryResource,0,0,0
392,satijalab/seurat-data,github,https://github.com/satijalab/seurat-data,https://w3id.org/notebookfair#GitRepositoryResource,0,0,0
393,xianglin226/scMDC,github,https://github.com/xianglin226/scMDC,https://w3id.org/notebookfair#GitRepositoryResource,0,0,0
394,AlicjaNowakowska/ETNA,github,https://github.com/AlicjaNowakowska/ETNA,https://w3id.org/notebookfair#GitRepositoryResource,2,0,0
395,vtraag/louvain-igraph,github,https://github.com/vtraag/louvain-igraph,https://w3id.org/notebookfair#GitRepositoryResource,0,1,0
396,zqfang/GSEApy,github,https://github.com/zqfang/GSEApy,https://w3id.org/notebookfair#GitRepositoryResource,2,1,1
397,Lieszlab/Benakis-et-al.-2022-eLife,github,https://github.com/Lieszlab/Benakis-et-al.-2022-eLife,https://w3id.org/notebookfair#GitRepositoryResource,1,0,0
398,kevinblighe/EnhancedVolcano,github,https://github.com/kevinblighe/EnhancedVolcano,https://w3id.org/notebookfair#GitRepositoryResource,0,0,0
399,SCCAF/sccaf,github,https://github.com/SCCAF/sccaf,https://w3id.org/notebookfair#GitRepositoryResource,1,1,0
400,aertslab/pySCENIC,github,https://github.com/aertslab/pySCENIC,https://w3id.org/notebookfair#GitRepositoryResource,12,1,1
401,saeyslab/nichenetr,github,https://github.com/saeyslab/nichenetr,https://w3id.org/notebookfair#GitRepositoryResource,0,0,0
402,super-resolution/ReCSAI,github,https://github.com/super-resolution/ReCSAI,https://w3id.org/notebookfair#GitRepositoryResource,2,0,1
403,klokedm/EndometrialCancerModelling,github,https://github.com/klokedm/EndometrialCancerModelling,https://w3id.org/notebookfair#GitRepositoryResource,1,0,0
404,mljar/mljar-supervised,github,https://github.com/mljar/mljar-supervised,https://w3id.org/notebookfair#GitRepositoryResource,2,1,1
405,s-andrews/FastQC,github,https://github.com/s-andrews/FastQC,https://w3id.org/notebookfair#GitRepositoryResource,0,0,0
406,marcelm/cutadapt,github,https://github.com/marcelm/cutadapt,https://w3id.org/notebookfair#GitRepositoryResource,0,1,1
407,alexdobin/STAR,github,https://github.com/alexdobin/STAR,https://w3id.org/notebookfair#GitRepositoryResource,0,0,0
408,immunogenomics/harmony,github,https://github.com/immunogenomics/harmony,https://w3id.org/notebookfair#GitRepositoryResource,0,0,0
409,pardeike/Harmony,github,https://github.com/pardeike/Harmony,https://w3id.org/notebookfair#GitRepositoryResource,0,0,0
410,LymeMIND/LM3-study-supporting-materials,github,https://github.com/LymeMIND/LM3-study-supporting-materials,https://w3id.org/notebookfair#GitRepositoryResource,1,0,0
411,zhanyinx/SPT_analysis,github,https://github.com/zhanyinx/SPT_analysis,https://w3id.org/notebookfair#GitRepositoryResource,7,0,0
412,giorgettilab/Mach_et_al_chromosome_dynamics,github,https://github.com/giorgettilab/Mach_et_al_chromosome_dynamics,https://w3id.org/notebookfair#GitRepositoryResource,0,0,0
413,zhanyinx/hmmlearn,github,https://github.com/zhanyinx/hmmlearn,https://w3id.org/notebookfair#GitRepositoryResource,0,1,0
414,polly-code/lammps_le,github,https://github.com/polly-code/lammps_le,https://w3id.org/notebookfair#GitRepositoryResource,5,2,1
415,cerlymarco/linear-tree,github,https://github.com/cerlymarco/linear-tree,https://w3id.org/notebookfair#GitRepositoryResource,4,1,1
416,pysam-developers/pysam,github,https://github.com/pysam-developers/pysam,https://w3id.org/notebookfair#GitRepositoryResource,0,4,1
417,PeterUlz/TranscriptionFactorProfiling,github,https://github.com/PeterUlz/TranscriptionFactorProfiling,https://w3id.org/notebookfair#GitRepositoryResource,0,0,0
418,adoebley/Griffin,github,https://github.com/adoebley/Griffin,https://w3id.org/notebookfair#GitRepositoryResource,0,0,0
419,adoebley/Griffin_analyses,github,https://github.com/adoebley/Griffin_analyses,https://w3id.org/notebookfair#GitRepositoryResource,141,0,0
420,mouseland/cellpose,github,https://github.com/mouseland/cellpose,https://w3id.org/notebookfair#GitRepositoryResource,4,1,0
421,MouseLand/cellpose,github,https://github.com/MouseLand/cellpose,https://w3id.org/notebookfair#GitRepositoryResource,4,1,0
422,pyqtgraph/pyqtgraph,github,https://github.com/pyqtgraph/pyqtgraph,https://w3id.org/notebookfair#GitRepositoryResource,6,3,3
423,youngwanLEE/centermask2,github,https://github.com/youngwanLEE/centermask2,https://w3id.org/notebookfair#GitRepositoryResource,0,0,0
424,lopuhin/kaggle-dsbowl-2018-dataset-fixes,github,https://github.com/lopuhin/kaggle-dsbowl-2018-dataset-fixes,https://w3id.org/notebookfair#GitRepositoryResource,0,0,0
425,openforcefield/openff-bespokefit,github,https://github.com/openforcefield/openff-bespokefit,https://w3id.org/notebookfair#GitRepositoryResource,0,1,0
426,openforcefield/openff-qcsubmit,github,https://github.com/openforcefield/openff-qcsubmit,https://w3id.org/notebookfair#GitRepositoryResource,2,1,0
427,openforcefield/openforcefields,github,https://github.com/openforcefield/openforcefields,https://w3id.org/notebookfair#GitRepositoryResource,0,1,0
428,openforcefield/openff-toolkit,github,https://github.com/openforcefield/openff-toolkit,https://w3id.org/notebookfair#GitRepositoryResource,27,2,0
429,openforcefield/openforcefield,github,https://github.com/openforcefield/openforcefield,https://w3id.org/notebookfair#GitRepositoryResource,27,2,0
430,adelavega/neurosynth-lfc,github,https://github.com/adelavega/neurosynth-lfc,https://w3id.org/notebookfair#GitRepositoryResource,3,0,0
431,SimEA-ERA/NANOMEC,github,https://github.com/SimEA-ERA/NANOMEC,https://w3id.org/notebookfair#GitRepositoryResource,1,0,0
432,mfitzsimmons44/Observing-Flow-with-He-II,github,https://github.com/mfitzsimmons44/Observing-Flow-with-He-II,https://w3id.org/notebookfair#GitRepositoryResource,1,0,0
433,KULL-Centre/_2022_Norrild_GMMA_TRX,github,https://github.com/KULL-Centre/_2022_Norrild_GMMA_TRX,https://w3id.org/notebookfair#GitRepositoryResource,1,0,0
434,KULL-Centre/_2022_Johansson_GMMA_GFP,github,https://github.com/KULL-Centre/_2022_Johansson_GMMA_GFP,https://w3id.org/notebookfair#GitRepositoryResource,0,0,0
435,KULL-Centre/ProteinUnfolding2D,github,https://github.com/KULL-Centre/ProteinUnfolding2D,https://w3id.org/notebookfair#GitRepositoryResource,1,0,0
436,malariagen/malariagen-data-python,github,https://github.com/malariagen/malariagen-data-python,https://w3id.org/notebookfair#GitRepositoryResource,18,0,0
437,mkient/fruitless_report,github,https://github.com/mkient/fruitless_report,https://w3id.org/notebookfair#GitRepositoryResource,12,0,0
438,mebirtukan/EyeMovementEventDetectionAlgorithms,github,https://github.com/mebirtukan/EyeMovementEventDetectionAlgorithms,https://w3id.org/notebookfair#GitRepositoryResource,5,0,0
439,richardandersson/EyeMovementDetectorEvaluation,github,https://github.com/richardandersson/EyeMovementDetectorEvaluation,https://w3id.org/notebookfair#GitRepositoryResource,0,0,0
440,OlgaPerski/DrinkLess_TSA,github,https://github.com/OlgaPerski/DrinkLess_TSA,https://w3id.org/notebookfair#GitRepositoryResource,0,0,0
441,soedinglab/hh-suite,github,https://github.com/soedinglab/hh-suite,https://w3id.org/notebookfair#GitRepositoryResource,0,0,0
442,ZilinGao/Global-Second-order-Pooling-Convolutional-Networks,github,https://github.com/ZilinGao/Global-Second-order-Pooling-Convolutional-Networks,https://w3id.org/notebookfair#GitRepositoryResource,0,0,0
443,chiagoziemchima/Pneumonia_Identificaton,github,https://github.com/chiagoziemchima/Pneumonia_Identificaton,https://w3id.org/notebookfair#GitRepositoryResource,0,0,0
444,abeerbadawi/COVID-ChestXray15k-Dataset-Transfer-learning,github,https://github.com/abeerbadawi/COVID-ChestXray15k-Dataset-Transfer-learning,https://w3id.org/notebookfair#GitRepositoryResource,1,0,0
445,DorresteinLaboratory/Bioactive_Molecular_Networks,github,https://github.com/DorresteinLaboratory/Bioactive_Molecular_Networks,https://w3id.org/notebookfair#GitRepositoryResource,2,0,0
446,StitesLab/KRASG12C-WT,github,https://github.com/StitesLab/KRASG12C-WT,https://w3id.org/notebookfair#GitRepositoryResource,1,0,0
447,andrewlehr/loihi_parameter_tuning_dashboard,github,https://github.com/andrewlehr/loihi_parameter_tuning_dashboard,https://w3id.org/notebookfair#GitRepositoryResource,1,0,0
448,sagacitysite/brian2_loihi_utils,github,https://github.com/sagacitysite/brian2_loihi_utils,https://w3id.org/notebookfair#GitRepositoryResource,5,0,0
449,sagacitysite/brian2_loihi,github,https://github.com/sagacitysite/brian2_loihi,https://w3id.org/notebookfair#GitRepositoryResource,0,0,0
450,andrewlehr/Brian2Loihi_SpreizerNet,github,https://github.com/andrewlehr/Brian2Loihi_SpreizerNet,https://w3id.org/notebookfair#GitRepositoryResource,1,0,0
451,Winnus/Brian2Loihi_SSSP,github,https://github.com/Winnus/Brian2Loihi_SSSP,https://w3id.org/notebookfair#GitRepositoryResource,2,0,0
452,elena-off/sssp-loihiemulator,github,https://github.com/elena-off/sssp-loihiemulator,https://w3id.org/notebookfair#GitRepositoryResource,0,0,0
453,kivy/kivy,github,https://github.com/kivy/kivy,https://w3id.org/notebookfair#GitRepositoryResource,0,1,0
454,attardi/wikiextractor,github,https://github.com/attardi/wikiextractor,https://w3id.org/notebookfair#GitRepositoryResource,0,1,0
455,markovmodel/ivampnets,github,https://github.com/markovmodel/ivampnets,https://w3id.org/notebookfair#GitRepositoryResource,4,0,0
456,mmnascimento/fastforwardingevolution,github,https://github.com/mmnascimento/fastforwardingevolution,https://w3id.org/notebookfair#GitRepositoryResource,2,0,0
457,wschuell/repo_datasets,github,https://github.com/wschuell/repo_datasets,https://w3id.org/notebookfair#GitRepositoryResource,12,0,0
458,connor-verheyen/COVID19_IndoorRH,github,https://github.com/connor-verheyen/COVID19_IndoorRH,https://w3id.org/notebookfair#GitRepositoryResource,13,0,0
459,BalzaniEdoardo/PGAM,github,https://github.com/BalzaniEdoardo/PGAM,https://w3id.org/notebookfair#GitRepositoryResource,2,1,1
460,bokulich-lab/q2-fondue,github,https://github.com/bokulich-lab/q2-fondue,https://w3id.org/notebookfair#GitRepositoryResource,0,1,0
461,bokulich-lab/q2-fondue-examples,github,https://github.com/bokulich-lab/q2-fondue-examples,https://w3id.org/notebookfair#GitRepositoryResource,4,0,1
462,ncbi/sra-tools,github,https://github.com/ncbi/sra-tools,https://w3id.org/notebookfair#GitRepositoryResource,0,1,0
463,qiime2/q2-demux,github,https://github.com/qiime2/q2-demux,https://w3id.org/notebookfair#GitRepositoryResource,0,1,0
464,qiime2/q2-dada2,github,https://github.com/qiime2/q2-dada2,https://w3id.org/notebookfair#GitRepositoryResource,0,1,0
465,qiime2/q2-feature-table,github,https://github.com/qiime2/q2-feature-table,https://w3id.org/notebookfair#GitRepositoryResource,0,1,0
466,qiime2/q2-sample-classifier,github,https://github.com/qiime2/q2-sample-classifier,https://w3id.org/notebookfair#GitRepositoryResource,0,1,0
467,qiime2/q2-cutadapt,github,https://github.com/qiime2/q2-cutadapt,https://w3id.org/notebookfair#GitRepositoryResource,0,1,0
468,dib-lab/q2-sourmash,github,https://github.com/dib-lab/q2-sourmash,https://w3id.org/notebookfair#GitRepositoryResource,0,1,0
469,qiime2/q2-diversity,github,https://github.com/qiime2/q2-diversity,https://w3id.org/notebookfair#GitRepositoryResource,0,1,0
470,bokulich-lab/q2-coordinates,github,https://github.com/bokulich-lab/q2-coordinates,https://w3id.org/notebookfair#GitRepositoryResource,0,1,0
471,Microsoft/SEAL,github,https://github.com/Microsoft/SEAL,https://w3id.org/notebookfair#GitRepositoryResource,0,0,0
472,openfheorg/openfhe-development,github,https://github.com/openfheorg/openfhe-development,https://w3id.org/notebookfair#GitRepositoryResource,0,0,1
473,Huelse/SEAL-Python,github,https://github.com/Huelse/SEAL-Python,https://w3id.org/notebookfair#GitRepositoryResource,0,1,0
474,WahlinLab/Retinal-Organoid-ATAC-RNAseq_Cells_2022,github,https://github.com/WahlinLab/Retinal-Organoid-ATAC-RNAseq_Cells_2022,https://w3id.org/notebookfair#GitRepositoryResource,4,0,0
475,Q-100/ingredients-classification,github,https://github.com/Q-100/ingredients-classification,https://w3id.org/notebookfair#GitRepositoryResource,0,0,0
476,haozhaozhe/FM_V1,github,https://github.com/haozhaozhe/FM_V1,https://w3id.org/notebookfair#GitRepositoryResource,0,0,0
477,jimotis/Vollmer-et-al-2022-Nat-Comms,github,https://github.com/jimotis/Vollmer-et-al-2022-Nat-Comms,https://w3id.org/notebookfair#GitRepositoryResource,0,0,0
478,lzhengchun/BraggNN,github,https://github.com/lzhengchun/BraggNN,https://w3id.org/notebookfair#GitRepositoryResource,1,0,0
479,MareikeBerger/Cellcycle,github,https://github.com/MareikeBerger/Cellcycle,https://w3id.org/notebookfair#GitRepositoryResource,47,1,0
480,vanheeringen-lab/ANANSE,github,https://github.com/vanheeringen-lab/ANANSE,https://w3id.org/notebookfair#GitRepositoryResource,0,1,1
481,vanheeringen-lab/seq2science,github,https://github.com/vanheeringen-lab/seq2science,https://w3id.org/notebookfair#GitRepositoryResource,0,1,0
482,vanheeringen-lab/ANANSE-CAGE,github,https://github.com/vanheeringen-lab/ANANSE-CAGE,https://w3id.org/notebookfair#GitRepositoryResource,3,0,0
483,netneurolab/neuromaps,github,https://github.com/netneurolab/neuromaps,https://w3id.org/notebookfair#GitRepositoryResource,0,1,2
484,CoBrALab/minc-bpipe-library,github,https://github.com/CoBrALab/minc-bpipe-library,https://w3id.org/notebookfair#GitRepositoryResource,0,0,0
485,danjgale/surfplot,github,https://github.com/danjgale/surfplot,https://w3id.org/notebookfair#GitRepositoryResource,8,1,2
486,phenix-project/Colabs,github,https://github.com/phenix-project/Colabs,https://w3id.org/notebookfair#GitRepositoryResource,9,0,0
487,MariaEckstein/SLCN,github,https://github.com/MariaEckstein/SLCN,https://w3id.org/notebookfair#GitRepositoryResource,23,0,0
488,CSSEGISandData/COVID-19,github,https://github.com/CSSEGISandData/COVID-19,https://w3id.org/notebookfair#GitRepositoryResource,0,0,0
489,carriedaymont/growthcleanr,github,https://github.com/carriedaymont/growthcleanr,https://w3id.org/notebookfair#GitRepositoryResource,0,0,0
490,hangphan/peanof,github,https://github.com/hangphan/peanof,https://w3id.org/notebookfair#GitRepositoryResource,0,0,0
491,mitre/growthviz,github,https://github.com/mitre/growthviz,https://w3id.org/notebookfair#GitRepositoryResource,2,0,1
492,GMOD/jbrowse-jupyter,github,https://github.com/GMOD/jbrowse-jupyter,https://w3id.org/notebookfair#GitRepositoryResource,7,1,2
493,phageghost/python-genome-browser,github,https://github.com/phageghost/python-genome-browser,https://w3id.org/notebookfair#GitRepositoryResource,1,1,0
494,QuantStack/ipyigv,github,https://github.com/QuantStack/ipyigv,https://w3id.org/notebookfair#GitRepositoryResource,1,1,0
495,igvteam/igv-notebook,github,https://github.com/igvteam/igv-notebook,https://w3id.org/notebookfair#GitRepositoryResource,9,1,0
496,PierreMangeol/titin_PAINT,github,https://github.com/PierreMangeol/titin_PAINT,https://w3id.org/notebookfair#GitRepositoryResource,5,0,0
497,kliu39/RM-paper,github,https://github.com/kliu39/RM-paper,https://w3id.org/notebookfair#GitRepositoryResource,0,0,0
498,shuzhao-li/khipu,github,https://github.com/shuzhao-li/khipu,https://w3id.org/notebookfair#GitRepositoryResource,8,1,1
499,shuzhao-li/asari,github,https://github.com/shuzhao-li/asari,https://w3id.org/notebookfair#GitRepositoryResource,5,1,1
500,VN-Lab/DSS,github,https://github.com/VN-Lab/DSS,https://w3id.org/notebookfair#GitRepositoryResource,3,0,0
501,munizmom/gdaphen,github,https://github.com/munizmom/gdaphen,https://w3id.org/notebookfair#GitRepositoryResource,0,0,0
502,YaH44/GDAPHEN,github,https://github.com/YaH44/GDAPHEN,https://w3id.org/notebookfair#GitRepositoryResource,0,0,0
503,tiagolbiotech/NPOmix,github,https://github.com/tiagolbiotech/NPOmix,https://w3id.org/notebookfair#GitRepositoryResource,11,0,0
504,tiagolbiotech/NPOmix_python,github,https://github.com/tiagolbiotech/NPOmix_python,https://w3id.org/notebookfair#GitRepositoryResource,4,0,0
505,woolfson-group/array_sensing,github,https://github.com/woolfson-group/array_sensing,https://w3id.org/notebookfair#GitRepositoryResource,0,1,1
506,Selecton98/CircRNA_4DGlab2,github,https://github.com/Selecton98/CircRNA_4DGlab2,https://w3id.org/notebookfair#GitRepositoryResource,0,0,0
507,Selecton98/CircRNA_ICC,github,https://github.com/Selecton98/CircRNA_ICC,https://w3id.org/notebookfair#GitRepositoryResource,16,0,0
508,indralab/gilda,github,https://github.com/indralab/gilda,https://w3id.org/notebookfair#GitRepositoryResource,5,1,1
509,pchlenski/misdeed,github,https://github.com/pchlenski/misdeed,https://w3id.org/notebookfair#GitRepositoryResource,4,1,1
510,healthylaife/MIMIC-IV-Data-Pipeline,github,https://github.com/healthylaife/MIMIC-IV-Data-Pipeline,https://w3id.org/notebookfair#GitRepositoryResource,1,0,1
511,computational-chemical-biology/cis_reg,github,https://github.com/computational-chemical-biology/cis_reg,https://w3id.org/notebookfair#GitRepositoryResource,1,0,0
512,biodatageeks/sequila,github,https://github.com/biodatageeks/sequila,https://w3id.org/notebookfair#GitRepositoryResource,0,0,0
513,biodatageeks/pysequila,github,https://github.com/biodatageeks/pysequila,https://w3id.org/notebookfair#GitRepositoryResource,0,1,1
514,biodatageeks/Hadoop-BAM,github,https://github.com/biodatageeks/Hadoop-BAM,https://w3id.org/notebookfair#GitRepositoryResource,0,0,0
515,mwiewior/disq,github,https://github.com/mwiewior/disq,https://w3id.org/notebookfair#GitRepositoryResource,0,0,0
516,biodatageeks/sequila-cloud-recipes,github,https://github.com/biodatageeks/sequila-cloud-recipes,https://w3id.org/notebookfair#GitRepositoryResource,0,0,1
517,impires/JupyterNotebooksECGData,github,https://github.com/impires/JupyterNotebooksECGData,https://w3id.org/notebookfair#GitRepositoryResource,1,0,0
518,impires/featureExtractionECGData,github,https://github.com/impires/featureExtractionECGData,https://w3id.org/notebookfair#GitRepositoryResource,0,0,0
519,icannos/redbloodcells_disease_classification,github,https://github.com/icannos/redbloodcells_disease_classification,https://w3id.org/notebookfair#GitRepositoryResource,2,0,0
520,fastai/fastai,github,https://github.com/fastai/fastai,https://w3id.org/notebookfair#GitRepositoryResource,104,1,0
521,AllenCell/quilt-data-access-tutorials,github,https://github.com/AllenCell/quilt-data-access-tutorials,https://w3id.org/notebookfair#GitRepositoryResource,4,0,0
522,AllenCell/cvapipe_analysis,github,https://github.com/AllenCell/cvapipe_analysis,https://w3id.org/notebookfair#GitRepositoryResource,56,2,0
523,AllenCell/aics-shparam,github,https://github.com/AllenCell/aics-shparam,https://w3id.org/notebookfair#GitRepositoryResource,0,1,0
524,AllenCell/aics-cytoparam,github,https://github.com/AllenCell/aics-cytoparam,https://w3id.org/notebookfair#GitRepositoryResource,0,1,0
525,AllenCell/stemcellorganellesizescaling,github,https://github.com/AllenCell/stemcellorganellesizescaling,https://w3id.org/notebookfair#GitRepositoryResource,0,1,0
526,AllenCell/image_classifier_3d,github,https://github.com/AllenCell/image_classifier_3d,https://w3id.org/notebookfair#GitRepositoryResource,0,1,0
527,AllenCell/segmenter_model_zoo,github,https://github.com/AllenCell/segmenter_model_zoo,https://w3id.org/notebookfair#GitRepositoryResource,4,1,0
528,AllenCell/aics-segmentation,github,https://github.com/AllenCell/aics-segmentation,https://w3id.org/notebookfair#GitRepositoryResource,14,1,0
529,AllenCellModeling/actk,github,https://github.com/AllenCellModeling/actk,https://w3id.org/notebookfair#GitRepositoryResource,0,1,0
530,AllenCell/colony-processing,github,https://github.com/AllenCell/colony-processing,https://w3id.org/notebookfair#GitRepositoryResource,1,0,0
531,AllenCellModeling/pytorch_fnet,github,https://github.com/AllenCellModeling/pytorch_fnet,https://w3id.org/notebookfair#GitRepositoryResource,0,1,0
532,Poirazi-Lab/dendrify,github,https://github.com/Poirazi-Lab/dendrify,https://w3id.org/notebookfair#GitRepositoryResource,7,1,0
533,ghattab/cmangoes,github,https://github.com/ghattab/cmangoes,https://w3id.org/notebookfair#GitRepositoryResource,1,0,0
534,hypahub/hypacadd_notebook,github,https://github.com/hypahub/hypacadd_notebook,https://w3id.org/notebookfair#GitRepositoryResource,1,0,0
535,MeloLab/PhosphoinositideParameterization,github,https://github.com/MeloLab/PhosphoinositideParameterization,https://w3id.org/notebookfair#GitRepositoryResource,0,0,0
536,kiharalab/DAQ,github,https://github.com/kiharalab/DAQ,https://w3id.org/notebookfair#GitRepositoryResource,2,0,3
537,kiharalab/DAQ-Refine,github,https://github.com/kiharalab/DAQ-Refine,https://w3id.org/notebookfair#GitRepositoryResource,1,0,0
538,NervanaSystems/neon,github,https://github.com/NervanaSystems/neon,https://w3id.org/notebookfair#GitRepositoryResource,0,1,1
539,Machine-Learning-Tokyo/AI_Curriculum,github,https://github.com/Machine-Learning-Tokyo/AI_Curriculum,https://w3id.org/notebookfair#GitRepositoryResource,0,0,0
540,ChristosChristofidis/awesome-deep-learning,github,https://github.com/ChristosChristofidis/awesome-deep-learning,https://w3id.org/notebookfair#GitRepositoryResource,0,0,0
541,tensorflow/models,github,https://github.com/tensorflow/models,https://w3id.org/notebookfair#GitRepositoryResource,46,7,4
542,MIC-DKFZ/batchgenerators,github,https://github.com/MIC-DKFZ/batchgenerators,https://w3id.org/notebookfair#GitRepositoryResource,2,1,1
543,niderhoff/nlp-datasets,github,https://github.com/niderhoff/nlp-datasets,https://w3id.org/notebookfair#GitRepositoryResource,0,0,0
544,google-research/bert,github,https://github.com/google-research/bert,https://w3id.org/notebookfair#GitRepositoryResource,1,0,1
545,openai/gpt-2,github,https://github.com/openai/gpt-2,https://w3id.org/notebookfair#GitRepositoryResource,0,0,1
546,zihangdai/xlnet,github,https://github.com/zihangdai/xlnet,https://w3id.org/notebookfair#GitRepositoryResource,1,0,0
547,google-research/albert,github,https://github.com/google-research/albert,https://w3id.org/notebookfair#GitRepositoryResource,1,0,1
548,openai/gpt-3,github,https://github.com/openai/gpt-3,https://w3id.org/notebookfair#GitRepositoryResource,0,0,0
549,google-research/electra,github,https://github.com/google-research/electra,https://w3id.org/notebookfair#GitRepositoryResource,0,0,0
550,microsoft/DeBERTa,github,https://github.com/microsoft/DeBERTa,https://w3id.org/notebookfair#GitRepositoryResource,0,1,2
551,lucidrains/PaLM-pytorch,github,https://github.com/lucidrains/PaLM-pytorch,https://w3id.org/notebookfair#GitRepositoryResource,0,1,0
552,vitaldb/planb,github,https://github.com/vitaldb/planb,https://w3id.org/notebookfair#GitRepositoryResource,1,0,0
553,arnablm10/ICIAR2018_BACH_Challenge,github,https://github.com/arnablm10/ICIAR2018_BACH_Challenge,https://w3id.org/notebookfair#GitRepositoryResource,0,0,0
554,burdalab/TREA,github,https://github.com/burdalab/TREA,https://w3id.org/notebookfair#GitRepositoryResource,2,0,0
555,tianchengzhe/drug_response_scripts,github,https://github.com/tianchengzhe/drug_response_scripts,https://w3id.org/notebookfair#GitRepositoryResource,0,0,0
556,li-lab-mcgill/getm,github,https://github.com/li-lab-mcgill/getm,https://w3id.org/notebookfair#GitRepositoryResource,1,0,1
557,qdickinson/mimal-website,github,https://github.com/qdickinson/mimal-website,https://w3id.org/notebookfair#GitRepositoryResource,1,0,0
558,jessegmeyerlab/MIMaL,github,https://github.com/jessegmeyerlab/MIMaL,https://w3id.org/notebookfair#GitRepositoryResource,7,0,0
559,josemiserra/CLEMSite_notebooks,github,https://github.com/josemiserra/CLEMSite_notebooks,https://w3id.org/notebookfair#GitRepositoryResource,9,0,1
560,josemiserra/CLEMSite,github,https://github.com/josemiserra/CLEMSite,https://w3id.org/notebookfair#GitRepositoryResource,0,2,0
561,reuter-group/tubiana_etal_2022,github,https://github.com/reuter-group/tubiana_etal_2022,https://w3id.org/notebookfair#GitRepositoryResource,9,1,0
562,ANL-CEEESA/RELOG,github,https://github.com/ANL-CEEESA/RELOG,https://w3id.org/notebookfair#GitRepositoryResource,0,0,0
563,shapely/shapely,github,https://github.com/shapely/shapely,https://w3id.org/notebookfair#GitRepositoryResource,0,1,0
564,aron0093/cytopath,github,https://github.com/aron0093/cytopath,https://w3id.org/notebookfair#GitRepositoryResource,0,1,0
565,kstreet13/slingshot,github,https://github.com/kstreet13/slingshot,https://w3id.org/notebookfair#GitRepositoryResource,0,0,0
566,cole-trapnell-lab/monocle3,github,https://github.com/cole-trapnell-lab/monocle3,https://w3id.org/notebookfair#GitRepositoryResource,0,0,0
567,wgzgithub/VeTra,github,https://github.com/wgzgithub/VeTra,https://w3id.org/notebookfair#GitRepositoryResource,0,0,0
568,PeterZZQ/CellPath,github,https://github.com/PeterZZQ/CellPath,https://w3id.org/notebookfair#GitRepositoryResource,5,1,0
569,dynverse/dynmethods,github,https://github.com/dynverse/dynmethods,https://w3id.org/notebookfair#GitRepositoryResource,0,0,0
570,velocyto-team/velocyto-notebooks,github,https://github.com/velocyto-team/velocyto-notebooks,https://w3id.org/notebookfair#GitRepositoryResource,3,0,0
571,CellProfiling/SingleCellProteogenomics,github,https://github.com/CellProfiling/SingleCellProteogenomics,https://w3id.org/notebookfair#GitRepositoryResource,0,0,0
572,BaderLab/HumanLiver,github,https://github.com/BaderLab/HumanLiver,https://w3id.org/notebookfair#GitRepositoryResource,0,0,0
573,aron0093/cytopath-notebooks,github,https://github.com/aron0093/cytopath-notebooks,https://w3id.org/notebookfair#GitRepositoryResource,7,0,0
574,AllenInstitute/All-active-Workflow,github,https://github.com/AllenInstitute/All-active-Workflow,https://w3id.org/notebookfair#GitRepositoryResource,1,1,1
575,lmcinnes/umap,github,https://github.com/lmcinnes/umap,https://w3id.org/notebookfair#GitRepositoryResource,10,1,1
576,AllenInstitute/bmtk,github,https://github.com/AllenInstitute/bmtk,https://w3id.org/notebookfair#GitRepositoryResource,15,1,1
577,AllenInstitute/AllenSDK,github,https://github.com/AllenInstitute/AllenSDK,https://w3id.org/notebookfair#GitRepositoryResource,40,1,1
578,BlueBrain/BluePyOpt,github,https://github.com/BlueBrain/BluePyOpt,https://w3id.org/notebookfair#GitRepositoryResource,16,1,1
579,BlueBrain/eFEL,github,https://github.com/BlueBrain/eFEL,https://w3id.org/notebookfair#GitRepositoryResource,4,1,1
580,BlueBrain/NeuroM,github,https://github.com/BlueBrain/NeuroM,https://w3id.org/notebookfair#GitRepositoryResource,2,1,0
581,simetenn/uncertainpy,github,https://github.com/simetenn/uncertainpy,https://w3id.org/notebookfair#GitRepositoryResource,2,2,1
582,AllenInstitute/All-active-Manuscript,github,https://github.com/AllenInstitute/All-active-Manuscript,https://w3id.org/notebookfair#GitRepositoryResource,6,1,1
583,tseemann/shovill,github,https://github.com/tseemann/shovill,https://w3id.org/notebookfair#GitRepositoryResource,0,0,0
584,zquinlan/concise,github,https://github.com/zquinlan/concise,https://w3id.org/notebookfair#GitRepositoryResource,1,0,1
585,ga4gh/vrs,github,https://github.com/ga4gh/vrs,https://w3id.org/notebookfair#GitRepositoryResource,3,0,1
586,ga4gh/vrs-python,github,https://github.com/ga4gh/vrs-python,https://w3id.org/notebookfair#GitRepositoryResource,29,1,1
587,wwood/kingfisher-download,github,https://github.com/wwood/kingfisher-download,https://w3id.org/notebookfair#GitRepositoryResource,0,1,0
588,Maggi-Chen/FusionSeeker,github,https://github.com/Maggi-Chen/FusionSeeker,https://w3id.org/notebookfair#GitRepositoryResource,0,0,0
589,mbhall88/pistis,github,https://github.com/mbhall88/pistis,https://w3id.org/notebookfair#GitRepositoryResource,1,1,0
590,Theo-Nelson/long-read-sequencing-pipeline,github,https://github.com/Theo-Nelson/long-read-sequencing-pipeline,https://w3id.org/notebookfair#GitRepositoryResource,1,0,0
591,PharminfoVienna/Chemical-Structure-Standardisation,github,https://github.com/PharminfoVienna/Chemical-Structure-Standardisation,https://w3id.org/notebookfair#GitRepositoryResource,0,0,0
592,AxelRolov/hepato-derep-lignin,github,https://github.com/AxelRolov/hepato-derep-lignin,https://w3id.org/notebookfair#GitRepositoryResource,4,0,0
593,marcotcr/anchor,github,https://github.com/marcotcr/anchor,https://w3id.org/notebookfair#GitRepositoryResource,4,1,0
594,christophM/iml,github,https://github.com/christophM/iml,https://w3id.org/notebookfair#GitRepositoryResource,1,0,0
595,oddt/rfscorevs,github,https://github.com/oddt/rfscorevs,https://w3id.org/notebookfair#GitRepositoryResource,8,0,0
596,RasmussenLab/vamb,github,https://github.com/RasmussenLab/vamb,https://w3id.org/notebookfair#GitRepositoryResource,0,1,0
597,lh3/seqtk,github,https://github.com/lh3/seqtk,https://w3id.org/notebookfair#GitRepositoryResource,0,0,0
598,torognes/vsearch,github,https://github.com/torognes/vsearch,https://w3id.org/notebookfair#GitRepositoryResource,0,0,0
599,pr2database/pr2database,github,https://github.com/pr2database/pr2database,https://w3id.org/notebookfair#GitRepositoryResource,0,0,0
600,rotheconrad/00_in-situ_GeneCoverage,github,https://github.com/rotheconrad/00_in-situ_GeneCoverage,https://w3id.org/notebookfair#GitRepositoryResource,0,0,0
601,KGerhardt/Recplot_4,github,https://github.com/KGerhardt/Recplot_4,https://w3id.org/notebookfair#GitRepositoryResource,0,0,0
602,jbisanz/qiime2R,github,https://github.com/jbisanz/qiime2R,https://w3id.org/notebookfair#GitRepositoryResource,0,0,0
603,jhaffner09/core_metabolome_2021,github,https://github.com/jhaffner09/core_metabolome_2021,https://w3id.org/notebookfair#GitRepositoryResource,10,0,0
604,lzaramela/SynDNA,github,https://github.com/lzaramela/SynDNA,https://w3id.org/notebookfair#GitRepositoryResource,5,0,0
605,AnnieYuan21/modulome-Salmonella,github,https://github.com/AnnieYuan21/modulome-Salmonella,https://w3id.org/notebookfair#GitRepositoryResource,6,0,0
606,avsastry/modulome-workflow,github,https://github.com/avsastry/modulome-workflow,https://w3id.org/notebookfair#GitRepositoryResource,13,0,0
607,SBRG/pymodulon,github,https://github.com/SBRG/pymodulon,https://w3id.org/notebookfair#GitRepositoryResource,10,1,0
608,hefeda/design_tools,github,https://github.com/hefeda/design_tools,https://w3id.org/notebookfair#GitRepositoryResource,0,0,0
609,Peldom/papers_for_protein_design_using_DL,github,https://github.com/Peldom/papers_for_protein_design_using_DL,https://w3id.org/notebookfair#GitRepositoryResource,0,0,0
610,hefeda/PGP,github,https://github.com/hefeda/PGP,https://w3id.org/notebookfair#GitRepositoryResource,4,0,2
611,ElsevierSoftwareX/SOFTX-D-21-00010,github,https://github.com/ElsevierSoftwareX/SOFTX-D-21-00010,https://w3id.org/notebookfair#GitRepositoryResource,0,0,0
612,georgeyuricadd/ic50-dataset,github,https://github.com/georgeyuricadd/ic50-dataset,https://w3id.org/notebookfair#GitRepositoryResource,1,0,0
613,dymochro/MOCHA,github,https://github.com/dymochro/MOCHA,https://w3id.org/notebookfair#GitRepositoryResource,1,0,0
614,gustavsganzerla/covid-biomarker,github,https://github.com/gustavsganzerla/covid-biomarker,https://w3id.org/notebookfair#GitRepositoryResource,2,0,0
615,Kirk3gaard/2020-05-20_ZymoMock_Q20EA,github,https://github.com/Kirk3gaard/2020-05-20_ZymoMock_Q20EA,https://w3id.org/notebookfair#GitRepositoryResource,0,0,0
616,PacificBiosciences/pb-metagenomics-tools,github,https://github.com/PacificBiosciences/pb-metagenomics-tools,https://w3id.org/notebookfair#GitRepositoryResource,1,0,0
617,iskander-akhmetov/vegan_tweets_SA,github,https://github.com/iskander-akhmetov/vegan_tweets_SA,https://w3id.org/notebookfair#GitRepositoryResource,1,0,0
618,AlexPak/VeganTwitterEDA,github,https://github.com/AlexPak/VeganTwitterEDA,https://w3id.org/notebookfair#GitRepositoryResource,1,0,0
619,elvinast/Sentiment-Analysis-Vegan-Tweets,github,https://github.com/elvinast/Sentiment-Analysis-Vegan-Tweets,https://w3id.org/notebookfair#GitRepositoryResource,2,0,0
620,JustAnotherArchivist/snscrape,github,https://github.com/JustAnotherArchivist/snscrape,https://w3id.org/notebookfair#GitRepositoryResource,0,0,0
621,massivejords/Agar-plate-leaf-area,github,https://github.com/massivejords/Agar-plate-leaf-area,https://w3id.org/notebookfair#GitRepositoryResource,3,0,1
622,fastlmm/FaST-LMM,github,https://github.com/fastlmm/FaST-LMM,https://w3id.org/notebookfair#GitRepositoryResource,6,2,1
623,pmbio/warpedLMM,github,https://github.com/pmbio/warpedLMM,https://w3id.org/notebookfair#GitRepositoryResource,0,1,0
624,Gregor-Mendel-Institute/mlmm,github,https://github.com/Gregor-Mendel-Institute/mlmm,https://w3id.org/notebookfair#GitRepositoryResource,0,0,0
625,BorgwardtLab/LMM-Lasso,github,https://github.com/BorgwardtLab/LMM-Lasso,https://w3id.org/notebookfair#GitRepositoryResource,0,0,0
626,arthurkorte/MTMM,github,https://github.com/arthurkorte/MTMM,https://w3id.org/notebookfair#GitRepositoryResource,0,0,0
627,PMBio/mtSet,github,https://github.com/PMBio/mtSet,https://w3id.org/notebookfair#GitRepositoryResource,1,1,0
628,HannahVMeyer/limmbo,github,https://github.com/HannahVMeyer/limmbo,https://w3id.org/notebookfair#GitRepositoryResource,0,1,0
629,hanchenphd/GMMAT,github,https://github.com/hanchenphd/GMMAT,https://w3id.org/notebookfair#GitRepositoryResource,0,0,0
630,limix/limix,github,https://github.com/limix/limix,https://w3id.org/notebookfair#GitRepositoryResource,0,1,1
631,chaoning/REMMA,github,https://github.com/chaoning/REMMA,https://w3id.org/notebookfair#GitRepositoryResource,0,0,0
632,andywdahl/gxemm,github,https://github.com/andywdahl/gxemm,https://w3id.org/notebookfair#GitRepositoryResource,0,0,0
633,deruncie/GridLMM,github,https://github.com/deruncie/GridLMM,https://w3id.org/notebookfair#GitRepositoryResource,0,0,0
634,NicholSchultz/FFselect,github,https://github.com/NicholSchultz/FFselect,https://w3id.org/notebookfair#GitRepositoryResource,0,0,0
635,chaoning/GMAT,github,https://github.com/chaoning/GMAT,https://w3id.org/notebookfair#GitRepositoryResource,0,0,0
636,mingjingsi/LSMM,github,https://github.com/mingjingsi/LSMM,https://w3id.org/notebookfair#GitRepositoryResource,0,0,0
637,gordonliu810822/CoMM,github,https://github.com/gordonliu810822/CoMM,https://w3id.org/notebookfair#GitRepositoryResource,0,0,0
638,variani/lme4qtl,github,https://github.com/variani/lme4qtl,https://w3id.org/notebookfair#GitRepositoryResource,0,0,0
639,TalShor/SciLMM,github,https://github.com/TalShor/SciLMM,https://w3id.org/notebookfair#GitRepositoryResource,0,1,1
640,chengwang88/deltavina,github,https://github.com/chengwang88/deltavina,https://w3id.org/notebookfair#GitRepositoryResource,0,0,0
641,Ajarn-Jamie/rnn-p3-erp-tutorial,github,https://github.com/Ajarn-Jamie/rnn-p3-erp-tutorial,https://w3id.org/notebookfair#GitRepositoryResource,1,0,1
642,openvinotoolkit/cvat,github,https://github.com/openvinotoolkit/cvat,https://w3id.org/notebookfair#GitRepositoryResource,0,1,5
643,connectome-neuprint/neuprint-python,github,https://github.com/connectome-neuprint/neuprint-python,https://w3id.org/notebookfair#GitRepositoryResource,3,1,1
644,YoshitakaMo/localcolabfold,github,https://github.com/YoshitakaMo/localcolabfold,https://w3id.org/notebookfair#GitRepositoryResource,0,0,0
645,pauljaffe/lumos-ncpt-tools,github,https://github.com/pauljaffe/lumos-ncpt-tools,https://w3id.org/notebookfair#GitRepositoryResource,1,0,0
646,ammarcsj/ecoli_survival_scoring,github,https://github.com/ammarcsj/ecoli_survival_scoring,https://w3id.org/notebookfair#GitRepositoryResource,4,0,0
647,BalytskyiJaroslaw/RamanOpenSet,github,https://github.com/BalytskyiJaroslaw/RamanOpenSet,https://w3id.org/notebookfair#GitRepositoryResource,6,0,0
648,getzlab/SignatureAnalyzer,github,https://github.com/getzlab/SignatureAnalyzer,https://w3id.org/notebookfair#GitRepositoryResource,5,1,0
649,dovydask/mp_sig,github,https://github.com/dovydask/mp_sig,https://w3id.org/notebookfair#GitRepositoryResource,1,0,0
650,compmem/smile,github,https://github.com/compmem/smile,https://w3id.org/notebookfair#GitRepositoryResource,0,1,0
651,compmem/RunDEMC,github,https://github.com/compmem/RunDEMC,https://w3id.org/notebookfair#GitRepositoryResource,0,1,1
652,dispink/CaCO3_NWP,github,https://github.com/dispink/CaCO3_NWP,https://w3id.org/notebookfair#GitRepositoryResource,32,0,0
653,joysana1/Churn-prediction,github,https://github.com/joysana1/Churn-prediction,https://w3id.org/notebookfair#GitRepositoryResource,47,0,0
654,georgeoshardo/SyMBac,github,https://github.com/georgeoshardo/SyMBac,https://w3id.org/notebookfair#GitRepositoryResource,19,1,1
655,hip-satomi/microbeSEG,github,https://github.com/hip-satomi/microbeSEG,https://w3id.org/notebookfair#GitRepositoryResource,0,0,0
656,hip-satomi/ObiWan-Microbi,github,https://github.com/hip-satomi/ObiWan-Microbi,https://w3id.org/notebookfair#GitRepositoryResource,0,0,0
657,lessw2020/Ranger-Deep-Learning-Optimizer,github,https://github.com/lessw2020/Ranger-Deep-Learning-Optimizer,https://w3id.org/notebookfair#GitRepositoryResource,0,1,0
658,vqdang/hover_net,github,https://github.com/vqdang/hover_net,https://w3id.org/notebookfair#GitRepositoryResource,1,0,1
659,geo-yrao/esip-ml-tutorials,github,https://github.com/geo-yrao/esip-ml-tutorials,https://w3id.org/notebookfair#GitRepositoryResource,2,0,0
660,Mangul-Lab-USC/pyTCR_publication,github,https://github.com/Mangul-Lab-USC/pyTCR_publication,https://w3id.org/notebookfair#GitRepositoryResource,10,0,0
661,Mangul-Lab-USC/pyTCR,github,https://github.com/Mangul-Lab-USC/pyTCR,https://w3id.org/notebookfair#GitRepositoryResource,9,0,0
662,immunomind/immunarch,github,https://github.com/immunomind/immunarch,https://w3id.org/notebookfair#GitRepositoryResource,0,0,0
663,dmpelt/jumbo-bacteriophage,github,https://github.com/dmpelt/jumbo-bacteriophage,https://w3id.org/notebookfair#GitRepositoryResource,0,0,0
664,figotj/Copolymer,github,https://github.com/figotj/Copolymer,https://w3id.org/notebookfair#GitRepositoryResource,1,0,1
665,mtisza1/Cenote-Taker2,github,https://github.com/mtisza1/Cenote-Taker2,https://w3id.org/notebookfair#GitRepositoryResource,0,1,0
666,gatech-genemark/MetaGeneMark-2,github,https://github.com/gatech-genemark/MetaGeneMark-2,https://w3id.org/notebookfair#GitRepositoryResource,0,0,0
667,boyNextDooooor/AnimalMetagenomeDB,github,https://github.com/boyNextDooooor/AnimalMetagenomeDB,https://w3id.org/notebookfair#GitRepositoryResource,0,0,0
668,ctSkennerton/minced,github,https://github.com/ctSkennerton/minced,https://w3id.org/notebookfair#GitRepositoryResource,0,0,0
669,robertacappabianca/SM_AuNP_PLGA,github,https://github.com/robertacappabianca/SM_AuNP_PLGA,https://w3id.org/notebookfair#GitRepositoryResource,6,0,1
670,jingry/autoBioSeqpy,github,https://github.com/jingry/autoBioSeqpy,https://w3id.org/notebookfair#GitRepositoryResource,2,0,1
671,fchollet/keras,github,https://github.com/fchollet/keras,https://w3id.org/notebookfair#GitRepositoryResource,0,1,1
672,ankitdubey987/Combined-Cloud-based-inference-system-for-the-classification-of-Covid-19-in-CT-Scan-and-X-Ray-Images,github,https://github.com/ankitdubey987/Combined-Cloud-based-inference-system-for-the-classification-of-Covid-19-in-CT-Scan-and-X-Ray-Images,https://w3id.org/notebookfair#GitRepositoryResource,2,0,0
673,ufoym/imbalanced-dataset-sampler,github,https://github.com/ufoym/imbalanced-dataset-sampler,https://w3id.org/notebookfair#GitRepositoryResource,2,1,1
674,salilab/imp,github,https://github.com/salilab/imp,https://w3id.org/notebookfair#GitRepositoryResource,4,5,0
675,dtegunov/k2align,github,https://github.com/dtegunov/k2align,https://w3id.org/notebookfair#GitRepositoryResource,0,0,0
676,thepanacealab/covid19_twitter,github,https://github.com/thepanacealab/covid19_twitter,https://w3id.org/notebookfair#GitRepositoryResource,1,0,0
677,DocNow/twarc,github,https://github.com/DocNow/twarc,https://w3id.org/notebookfair#GitRepositoryResource,0,1,1
678,thepanacealab/COVID19_twitter,github,https://github.com/thepanacealab/COVID19_twitter,https://w3id.org/notebookfair#GitRepositoryResource,1,0,0
679,jianhuupenn/SpaGCN,github,https://github.com/jianhuupenn/SpaGCN,https://w3id.org/notebookfair#GitRepositoryResource,2,1,0
680,linhuawang/MIST,github,https://github.com/linhuawang/MIST,https://w3id.org/notebookfair#GitRepositoryResource,2,0,0
681,aozalevsky/alphafold2_vs_swissmodel,github,https://github.com/aozalevsky/alphafold2_vs_swissmodel,https://w3id.org/notebookfair#GitRepositoryResource,1,0,0
682,TurtleTools/alphafold-structural-space,github,https://github.com/TurtleTools/alphafold-structural-space,https://w3id.org/notebookfair#GitRepositoryResource,3,0,0
683,tristanic/pae_to_domains,github,https://github.com/tristanic/pae_to_domains,https://w3id.org/notebookfair#GitRepositoryResource,0,0,0
684,jurgjn/af2_pockets,github,https://github.com/jurgjn/af2_pockets,https://w3id.org/notebookfair#GitRepositoryResource,2,0,0
685,brunobro/selection-of-soybean-genotypes,github,https://github.com/brunobro/selection-of-soybean-genotypes,https://w3id.org/notebookfair#GitRepositoryResource,1,0,0
686,DerrickWood/kraken2,github,https://github.com/DerrickWood/kraken2,https://w3id.org/notebookfair#GitRepositoryResource,0,0,0
687,biobakery/humann,github,https://github.com/biobakery/humann,https://w3id.org/notebookfair#GitRepositoryResource,0,1,0
688,biobakery/MetaPhlAn2,github,https://github.com/biobakery/MetaPhlAn2,https://w3id.org/notebookfair#GitRepositoryResource,0,0,0
689,sbslee/dokdo,github,https://github.com/sbslee/dokdo,https://w3id.org/notebookfair#GitRepositoryResource,0,1,1
690,bobbypaton/GoodVibes,github,https://github.com/bobbypaton/GoodVibes,https://w3id.org/notebookfair#GitRepositoryResource,0,1,2
691,jvalegre/aqme,github,https://github.com/jvalegre/aqme,https://w3id.org/notebookfair#GitRepositoryResource,19,1,2
692,biomics-pasteur-fr/manuscript_capture_seq,github,https://github.com/biomics-pasteur-fr/manuscript_capture_seq,https://w3id.org/notebookfair#GitRepositoryResource,6,0,0
693,moss-lab/ScanFold2.0,github,https://github.com/moss-lab/ScanFold2.0,https://w3id.org/notebookfair#GitRepositoryResource,1,0,1
694,moss-lab/SARS-CoV-2,github,https://github.com/moss-lab/SARS-CoV-2,https://w3id.org/notebookfair#GitRepositoryResource,0,0,0
695,NIB-SI/pISA-tree,github,https://github.com/NIB-SI/pISA-tree,https://w3id.org/notebookfair#GitRepositoryResource,0,0,0
696,NIB-SI/seekr,github,https://github.com/NIB-SI/seekr,https://w3id.org/notebookfair#GitRepositoryResource,1,0,0
697,NIB-SI/pISA-tree-assay-types,github,https://github.com/NIB-SI/pISA-tree-assay-types,https://w3id.org/notebookfair#GitRepositoryResource,1,0,0
698,NIB-SI/pisar,github,https://github.com/NIB-SI/pisar,https://w3id.org/notebookfair#GitRepositoryResource,0,0,0
699,tslearn-team/tslearn,github,https://github.com/tslearn-team/tslearn,https://w3id.org/notebookfair#GitRepositoryResource,0,1,1
700,paperswithcode/paperswithcode-data,github,https://github.com/paperswithcode/paperswithcode-data,https://w3id.org/notebookfair#GitRepositoryResource,0,0,0
701,OpenBioLink/ITO,github,https://github.com/OpenBioLink/ITO,https://w3id.org/notebookfair#GitRepositoryResource,23,0,1
702,Stefan-Zukin/blobMapper,github,https://github.com/Stefan-Zukin/blobMapper,https://w3id.org/notebookfair#GitRepositoryResource,0,0,0
703,avibpatel/domainsGraph,github,https://github.com/avibpatel/domainsGraph,https://w3id.org/notebookfair#GitRepositoryResource,0,0,0
704,mhorlbeck/ScreenProcessing,github,https://github.com/mhorlbeck/ScreenProcessing,https://w3id.org/notebookfair#GitRepositoryResource,0,0,1
705,josephreplogle/guide_calling,github,https://github.com/josephreplogle/guide_calling,https://w3id.org/notebookfair#GitRepositoryResource,1,0,0
706,ijuric/MAPS,github,https://github.com/ijuric/MAPS,https://w3id.org/notebookfair#GitRepositoryResource,0,0,0
707,symbiologist/dualgenomewide,github,https://github.com/symbiologist/dualgenomewide,https://w3id.org/notebookfair#GitRepositoryResource,3,0,0
708,ENCODE-DCC/chip-seq-pipeline2,github,https://github.com/ENCODE-DCC/chip-seq-pipeline2,https://w3id.org/notebookfair#GitRepositoryResource,0,0,1
709,mikelove/tximport,github,https://github.com/mikelove/tximport,https://w3id.org/notebookfair#GitRepositoryResource,0,0,0
710,macs3-project/MACS,github,https://github.com/macs3-project/MACS,https://w3id.org/notebookfair#GitRepositoryResource,0,1,1
711,DiamondLightSource/ispyb-database,github,https://github.com/DiamondLightSource/ispyb-database,https://w3id.org/notebookfair#GitRepositoryResource,0,0,0
712,tobiasvonderhaar/polysomes,github,https://github.com/tobiasvonderhaar/polysomes,https://w3id.org/notebookfair#GitRepositoryResource,15,0,0
713,jlaw8504/CellStarSelect,github,https://github.com/jlaw8504/CellStarSelect,https://w3id.org/notebookfair#GitRepositoryResource,0,0,0
714,BloomLabYeast/radial_tension,github,https://github.com/BloomLabYeast/radial_tension,https://w3id.org/notebookfair#GitRepositoryResource,1,0,0
715,BloomLabYeast/KineticButShakeless,github,https://github.com/BloomLabYeast/KineticButShakeless,https://w3id.org/notebookfair#GitRepositoryResource,0,0,0
716,jlaw8504/chromoSnake,github,https://github.com/jlaw8504/chromoSnake,https://w3id.org/notebookfair#GitRepositoryResource,0,0,0
717,open2c/cooltools,github,https://github.com/open2c/cooltools,https://w3id.org/notebookfair#GitRepositoryResource,10,1,2
718,deeptools/pyBigWig,github,https://github.com/deeptools/pyBigWig,https://w3id.org/notebookfair#GitRepositoryResource,0,1,0
719,ercanlab/2022_Kim_Jimenez_et_al,github,https://github.com/ercanlab/2022_Kim_Jimenez_et_al,https://w3id.org/notebookfair#GitRepositoryResource,6,0,0
720,aqlaboratory/openfold,github,https://github.com/aqlaboratory/openfold,https://w3id.org/notebookfair#GitRepositoryResource,1,1,0
721,StatBiomed/UniTVelo,github,https://github.com/StatBiomed/UniTVelo,https://w3id.org/notebookfair#GitRepositoryResource,9,1,1
722,LoLab-VU/MAGINE_Supplement_notebooks,github,https://github.com/LoLab-VU/MAGINE_Supplement_notebooks,https://w3id.org/notebookfair#GitRepositoryResource,4,0,0
723,LoLab-VU/MAGINE,github,https://github.com/LoLab-VU/MAGINE,https://w3id.org/notebookfair#GitRepositoryResource,2,1,2
724,LoLab-VU/Magine,github,https://github.com/LoLab-VU/Magine,https://w3id.org/notebookfair#GitRepositoryResource,2,1,2
725,cplata21210/UnityIndex,github,https://github.com/cplata21210/UnityIndex,https://w3id.org/notebookfair#GitRepositoryResource,1,0,0
726,BodenmillerGroup/ImcSegmentationPipeline,github,https://github.com/BodenmillerGroup/ImcSegmentationPipeline,https://w3id.org/notebookfair#GitRepositoryResource,2,0,0
727,fiji/register_virtual_stack_slices,github,https://github.com/fiji/register_virtual_stack_slices,https://w3id.org/notebookfair#GitRepositoryResource,0,0,0
728,axtimwalde/mpicbg,github,https://github.com/axtimwalde/mpicbg,https://w3id.org/notebookfair#GitRepositoryResource,0,0,0
729,mpicbg-scicomp/Interactive-H-Watershed,github,https://github.com/mpicbg-scicomp/Interactive-H-Watershed,https://w3id.org/notebookfair#GitRepositoryResource,0,0,0
730,jacoblevine/PhenoGraph,github,https://github.com/jacoblevine/PhenoGraph,https://w3id.org/notebookfair#GitRepositoryResource,0,1,1
731,BodenmillerGroup/3D_IMC_publication,github,https://github.com/BodenmillerGroup/3D_IMC_publication,https://w3id.org/notebookfair#GitRepositoryResource,18,0,0
732,mjenior/Klebsiella_2021,github,https://github.com/mjenior/Klebsiella_2021,https://w3id.org/notebookfair#GitRepositoryResource,2,0,0
733,materialsproject/pyrho,github,https://github.com/materialsproject/pyrho,https://w3id.org/notebookfair#GitRepositoryResource,4,0,0
734,materialsproject/api,github,https://github.com/materialsproject/api,https://w3id.org/notebookfair#GitRepositoryResource,0,1,1
735,nliulab/mimic4ed-benchmark,github,https://github.com/nliulab/mimic4ed-benchmark,https://w3id.org/notebookfair#GitRepositoryResource,7,0,1
736,cole-group/FEgrow,github,https://github.com/cole-group/FEgrow,https://w3id.org/notebookfair#GitRepositoryResource,3,0,0
737,choderalab/perses,github,https://github.com/choderalab/perses,https://w3id.org/notebookfair#GitRepositoryResource,3,1,0
738,cbouy/mols2grid,github,https://github.com/cbouy/mols2grid,https://w3id.org/notebookfair#GitRepositoryResource,4,1,0
739,raimondilab/An-explainable-model-of-host-genetic-interactions-linked-to-Covid19-severity,github,https://github.com/raimondilab/An-explainable-model-of-host-genetic-interactions-linked-to-Covid19-severity,https://w3id.org/notebookfair#GitRepositoryResource,15,0,0
740,rambaut/figtree,github,https://github.com/rambaut/figtree,https://w3id.org/notebookfair#GitRepositoryResource,0,0,0
741,Angione-Lab/GEM-Chromohalobacter-canadensis-85B,github,https://github.com/Angione-Lab/GEM-Chromohalobacter-canadensis-85B,https://w3id.org/notebookfair#GitRepositoryResource,0,0,0
742,veeninglab/2FAST2Q,github,https://github.com/veeninglab/2FAST2Q,https://w3id.org/notebookfair#GitRepositoryResource,0,0,0
743,MEG-SPIKES/megspikes,github,https://github.com/MEG-SPIKES/megspikes,https://w3id.org/notebookfair#GitRepositoryResource,3,1,1
744,MEG-SPIKES/aspire-alphacsc-epilepsy-MEG,github,https://github.com/MEG-SPIKES/aspire-alphacsc-epilepsy-MEG,https://w3id.org/notebookfair#GitRepositoryResource,11,0,0
745,abhamacher/timelapseMic_MbxA,github,https://github.com/abhamacher/timelapseMic_MbxA,https://w3id.org/notebookfair#GitRepositoryResource,1,0,0
746,Kobert/viroMapper,github,https://github.com/Kobert/viroMapper,https://w3id.org/notebookfair#GitRepositoryResource,0,0,0
747,Boussau/Notebooks,github,https://github.com/Boussau/Notebooks,https://w3id.org/notebookfair#GitRepositoryResource,30,0,0
748,jancr/ppv,github,https://github.com/jancr/ppv,https://w3id.org/notebookfair#GitRepositoryResource,0,1,1
749,geeigsnrr/Dengue-risk-forecasting-IJERPH,github,https://github.com/geeigsnrr/Dengue-risk-forecasting-IJERPH,https://w3id.org/notebookfair#GitRepositoryResource,0,0,0
750,BlankenbergLab/nAltORFs,github,https://github.com/BlankenbergLab/nAltORFs,https://w3id.org/notebookfair#GitRepositoryResource,0,0,0
751,galaxyproject/tools-iuc,github,https://github.com/galaxyproject/tools-iuc,https://w3id.org/notebookfair#GitRepositoryResource,0,0,0
752,OpenGene/fastp,github,https://github.com/OpenGene/fastp,https://w3id.org/notebookfair#GitRepositoryResource,0,0,0
753,roblanf/sarscov2phylo,github,https://github.com/roblanf/sarscov2phylo,https://w3id.org/notebookfair#GitRepositoryResource,0,0,0
754,lh3/minimap2,github,https://github.com/lh3/minimap2,https://w3id.org/notebookfair#GitRepositoryResource,0,1,0
755,TheSatoLab/Omicron_BA.2.75,github,https://github.com/TheSatoLab/Omicron_BA.2.75,https://w3id.org/notebookfair#GitRepositoryResource,0,0,0
756,cov-lineages/pango-designation,github,https://github.com/cov-lineages/pango-designation,https://w3id.org/notebookfair#GitRepositoryResource,0,1,0
757,saraysoldado/Paradoxical2022,github,https://github.com/saraysoldado/Paradoxical2022,https://w3id.org/notebookfair#GitRepositoryResource,0,0,0
758,mikejseay/spiking-upstates,github,https://github.com/mikejseay/spiking-upstates,https://w3id.org/notebookfair#GitRepositoryResource,10,0,0
759,SMDynamicsLab/Paradoxical2022,github,https://github.com/SMDynamicsLab/Paradoxical2022,https://w3id.org/notebookfair#GitRepositoryResource,13,0,0
760,jmchandonia/CORAL,github,https://github.com/jmchandonia/CORAL,https://w3id.org/notebookfair#GitRepositoryResource,0,1,0
761,Surabhivj/BRANEnet,github,https://github.com/Surabhivj/BRANEnet,https://w3id.org/notebookfair#GitRepositoryResource,1,0,0
762,sydneybiox/scJoint,github,https://github.com/sydneybiox/scJoint,https://w3id.org/notebookfair#GitRepositoryResource,5,0,0
763,jsxlei/SCALEX,github,https://github.com/jsxlei/SCALEX,https://w3id.org/notebookfair#GitRepositoryResource,10,1,1
764,IPCC-WG1/Atlas,github,https://github.com/IPCC-WG1/Atlas,https://w3id.org/notebookfair#GitRepositoryResource,11,0,0
765,SantanderMetGroup/2022_Iturbide_FAIRprinciplesIPCC,github,https://github.com/SantanderMetGroup/2022_Iturbide_FAIRprinciplesIPCC,https://w3id.org/notebookfair#GitRepositoryResource,1,0,0
766,ELELAB/cancermuts,github,https://github.com/ELELAB/cancermuts,https://w3id.org/notebookfair#GitRepositoryResource,0,1,0
767,RudgeLab/Inverse_Characterization,github,https://github.com/RudgeLab/Inverse_Characterization,https://w3id.org/notebookfair#GitRepositoryResource,4,0,0
768,emmalucybriggs/oesophago-gastric-cancer-risk-prediction-ml,github,https://github.com/emmalucybriggs/oesophago-gastric-cancer-risk-prediction-ml,https://w3id.org/notebookfair#GitRepositoryResource,0,0,0
769,lzhengchun/nnTrainFlow,github,https://github.com/lzhengchun/nnTrainFlow,https://w3id.org/notebookfair#GitRepositoryResource,0,0,0
770,RalfG/2022-listeria-spectrum-similarity,github,https://github.com/RalfG/2022-listeria-spectrum-similarity,https://w3id.org/notebookfair#GitRepositoryResource,1,0,0
771,PycnopodiaD/Pleurozium_schreberi_annotated_genome_files,github,https://github.com/PycnopodiaD/Pleurozium_schreberi_annotated_genome_files,https://w3id.org/notebookfair#GitRepositoryResource,0,0,0
772,fepegar/Semiology-Visualisation-Tool,github,https://github.com/fepegar/Semiology-Visualisation-Tool,https://w3id.org/notebookfair#GitRepositoryResource,0,1,1
773,MChavent/Hbond-analysis,github,https://github.com/MChavent/Hbond-analysis,https://w3id.org/notebookfair#GitRepositoryResource,1,0,0
774,cxrodgers/NwbDandiData2022,github,https://github.com/cxrodgers/NwbDandiData2022,https://w3id.org/notebookfair#GitRepositoryResource,1,0,0
775,rly/ndx-pose,github,https://github.com/rly/ndx-pose,https://w3id.org/notebookfair#GitRepositoryResource,0,1,1
776,cxrodgers/PoseTF,github,https://github.com/cxrodgers/PoseTF,https://w3id.org/notebookfair#GitRepositoryResource,0,3,1
777,eldar/pose-tensorflow,github,https://github.com/eldar/pose-tensorflow,https://w3id.org/notebookfair#GitRepositoryResource,0,3,0
778,cxrodgers/whisk,github,https://github.com/cxrodgers/whisk,https://w3id.org/notebookfair#GitRepositoryResource,0,0,0
779,nclack/whisk,github,https://github.com/nclack/whisk,https://w3id.org/notebookfair#GitRepositoryResource,0,0,0
780,kkroening/ffmpeg-python,github,https://github.com/kkroening/ffmpeg-python,https://w3id.org/notebookfair#GitRepositoryResource,1,1,2
781,glm-tools/pyglmnet,github,https://github.com/glm-tools/pyglmnet,https://w3id.org/notebookfair#GitRepositoryResource,0,1,1
782,SDM-TIB/Knowledge4COVID-19,github,https://github.com/SDM-TIB/Knowledge4COVID-19,https://w3id.org/notebookfair#GitRepositoryResource,0,0,0
783,cygri/pubby,github,https://github.com/cygri/pubby,https://w3id.org/notebookfair#GitRepositoryResource,0,0,0
784,stopwords-iso/stopwords-bn,github,https://github.com/stopwords-iso/stopwords-bn,https://w3id.org/notebookfair#GitRepositoryResource,0,0,0
785,PGLSanchez/EMBL_OscillationsAnalysis,github,https://github.com/PGLSanchez/EMBL_OscillationsAnalysis,https://w3id.org/notebookfair#GitRepositoryResource,3,0,0
786,PGLSanchez/EMBL-files,github,https://github.com/PGLSanchez/EMBL-files,https://w3id.org/notebookfair#GitRepositoryResource,0,0,0
787,tensionhead/pyBOAT,github,https://github.com/tensionhead/pyBOAT,https://w3id.org/notebookfair#GitRepositoryResource,0,0,0
788,tensionhead/SpyBOAT,github,https://github.com/tensionhead/SpyBOAT,https://w3id.org/notebookfair#GitRepositoryResource,0,0,0
789,manerotoni/mypic,github,https://github.com/manerotoni/mypic,https://w3id.org/notebookfair#GitRepositoryResource,0,0,0
790,patrickbryant1/MoLPC,github,https://github.com/patrickbryant1/MoLPC,https://w3id.org/notebookfair#GitRepositoryResource,2,1,2
791,idetect2022/iDetect,github,https://github.com/idetect2022/iDetect,https://w3id.org/notebookfair#GitRepositoryResource,6,0,0
792,richford/hbn-pod2-qc,github,https://github.com/richford/hbn-pod2-qc,https://w3id.org/notebookfair#GitRepositoryResource,9,4,0
793,richford/fibr,github,https://github.com/richford/fibr,https://w3id.org/notebookfair#GitRepositoryResource,1,0,0
794,gawthrop/Advection22,github,https://github.com/gawthrop/Advection22,https://w3id.org/notebookfair#GitRepositoryResource,1,0,0
795,semraulab/allometry,github,https://github.com/semraulab/allometry,https://w3id.org/notebookfair#GitRepositoryResource,1,0,0
796,deriteidavid/boolean2pew,github,https://github.com/deriteidavid/boolean2pew,https://w3id.org/notebookfair#GitRepositoryResource,4,0,0
797,Wenlab/CeNDeR,github,https://github.com/Wenlab/CeNDeR,https://w3id.org/notebookfair#GitRepositoryResource,2,0,0
798,BIMSBbioinfo/pigx_sars-cov-2,github,https://github.com/BIMSBbioinfo/pigx_sars-cov-2,https://w3id.org/notebookfair#GitRepositoryResource,0,0,0
799,shlizee/C-elegans-Neural-Interactome,github,https://github.com/shlizee/C-elegans-Neural-Interactome,https://w3id.org/notebookfair#GitRepositoryResource,0,0,0
800,sysbio-curie/MaBoSS-env-2.0,github,https://github.com/sysbio-curie/MaBoSS-env-2.0,https://w3id.org/notebookfair#GitRepositoryResource,0,1,0
801,sysbio-curie/WebMaBoSS,github,https://github.com/sysbio-curie/WebMaBoSS,https://w3id.org/notebookfair#GitRepositoryResource,0,0,1
802,sysbio-curie/UPMaBoSS-docker,github,https://github.com/sysbio-curie/UPMaBoSS-docker,https://w3id.org/notebookfair#GitRepositoryResource,4,0,0
803,PhysiBoSS/PhysiBoSS,github,https://github.com/PhysiBoSS/PhysiBoSS,https://w3id.org/notebookfair#GitRepositoryResource,0,0,0
804,colomoto/pyMaBoSS,github,https://github.com/colomoto/pyMaBoSS,https://w3id.org/notebookfair#GitRepositoryResource,16,1,1
805,sysbio-curie/MaBoSS-Review,github,https://github.com/sysbio-curie/MaBoSS-Review,https://w3id.org/notebookfair#GitRepositoryResource,5,0,0
806,elfinn/cell-and-spot-segmentation,github,https://github.com/elfinn/cell-and-spot-segmentation,https://w3id.org/notebookfair#GitRepositoryResource,4,0,0
807,elfinn/radpos-r-code,github,https://github.com/elfinn/radpos-r-code,https://w3id.org/notebookfair#GitRepositoryResource,0,0,0
808,hshimlab/CRISPR-Cas-interaction,github,https://github.com/hshimlab/CRISPR-Cas-interaction,https://w3id.org/notebookfair#GitRepositoryResource,2,0,0
809,pandas-dev/pandas,github,https://github.com/pandas-dev/pandas,https://w3id.org/notebookfair#GitRepositoryResource,1,1,0
810,numpy/numpy,github,https://github.com/numpy/numpy,https://w3id.org/notebookfair#GitRepositoryResource,0,22,0
811,mwaskom/seaborn,github,https://github.com/mwaskom/seaborn,https://w3id.org/notebookfair#GitRepositoryResource,90,0,0
812,matplotlib/matplotlib,github,https://github.com/matplotlib/matplotlib,https://w3id.org/notebookfair#GitRepositoryResource,2,1,0
813,bjornwallner/DockQ,github,https://github.com/bjornwallner/DockQ,https://w3id.org/notebookfair#GitRepositoryResource,0,0,0
814,MEP-LINCS/MEP_Processing,github,https://github.com/MEP-LINCS/MEP_Processing,https://w3id.org/notebookfair#GitRepositoryResource,0,0,0
815,MEP-LINCS/MDD,github,https://github.com/MEP-LINCS/MDD,https://w3id.org/notebookfair#GitRepositoryResource,0,0,0
816,yunguan-wang/cycif_analysis_suite,github,https://github.com/yunguan-wang/cycif_analysis_suite,https://w3id.org/notebookfair#GitRepositoryResource,8,1,0
817,skvark/opencv-python,github,https://github.com/skvark/opencv-python,https://w3id.org/notebookfair#GitRepositoryResource,0,1,0
818,rpgoldman/replication-paper-data-analysis,github,https://github.com/rpgoldman/replication-paper-data-analysis,https://w3id.org/notebookfair#GitRepositoryResource,18,0,0
819,MetaCell/nwb-explorer,github,https://github.com/MetaCell/nwb-explorer,https://w3id.org/notebookfair#GitRepositoryResource,0,1,1
820,hdmf-dev/hdmf,github,https://github.com/hdmf-dev/hdmf,https://w3id.org/notebookfair#GitRepositoryResource,0,1,1
821,hdmf-dev/hdmf-common-schema,github,https://github.com/hdmf-dev/hdmf-common-schema,https://w3id.org/notebookfair#GitRepositoryResource,0,0,0
822,hdmf-dev/hdmf-docutils,github,https://github.com/hdmf-dev/hdmf-docutils,https://w3id.org/notebookfair#GitRepositoryResource,1,1,0
823,hdmf-dev/hdmf-schema-language,github,https://github.com/hdmf-dev/hdmf-schema-language,https://w3id.org/notebookfair#GitRepositoryResource,0,0,0
824,NeurodataWithoutBorders/matnwb,github,https://github.com/NeurodataWithoutBorders/matnwb,https://w3id.org/notebookfair#GitRepositoryResource,0,0,0
825,AllenInstitute/MIES,github,https://github.com/AllenInstitute/MIES,https://w3id.org/notebookfair#GitRepositoryResource,0,0,1
826,nwb-extensions/ndx-template,github,https://github.com/nwb-extensions/ndx-template,https://w3id.org/notebookfair#GitRepositoryResource,0,1,1
827,NeurodataWithoutBorders/nwb-jupyter-widgets,github,https://github.com/NeurodataWithoutBorders/nwb-jupyter-widgets,https://w3id.org/notebookfair#GitRepositoryResource,3,1,3
828,NeurodataWithoutBorders/nwb-schema,github,https://github.com/NeurodataWithoutBorders/nwb-schema,https://w3id.org/notebookfair#GitRepositoryResource,0,0,0
829,NeurodataWithoutBorders/pynwb,github,https://github.com/NeurodataWithoutBorders/pynwb,https://w3id.org/notebookfair#GitRepositoryResource,6,1,1
830,nwb-extensions/staged-extensions,github,https://github.com/nwb-extensions/staged-extensions,https://w3id.org/notebookfair#GitRepositoryResource,0,0,0
831,catalystneuro/ecogVIS,github,https://github.com/catalystneuro/ecogVIS,https://w3id.org/notebookfair#GitRepositoryResource,0,1,1
832,atom-moyer/stapler,github,https://github.com/atom-moyer/stapler,https://w3id.org/notebookfair#GitRepositoryResource,0,1,0
833,emarcos/immunoglobulin_design,github,https://github.com/emarcos/immunoglobulin_design,https://w3id.org/notebookfair#GitRepositoryResource,0,0,0
834,kowarik-lab/XRR-model-based-co-refinement-CNN-refnx,github,https://github.com/kowarik-lab/XRR-model-based-co-refinement-CNN-refnx,https://w3id.org/notebookfair#GitRepositoryResource,10,0,0
835,ohlerlab/scKB,github,https://github.com/ohlerlab/scKB,https://w3id.org/notebookfair#GitRepositoryResource,0,0,0
836,apptainer/apptainer,github,https://github.com/apptainer/apptainer,https://w3id.org/notebookfair#GitRepositoryResource,0,0,0
837,BUStools/bustools,github,https://github.com/BUStools/bustools,https://w3id.org/notebookfair#GitRepositoryResource,0,0,0
838,r-lib/devtools,github,https://github.com/r-lib/devtools,https://w3id.org/notebookfair#GitRepositoryResource,0,0,0
839,ohlerlab/COPILOT,github,https://github.com/ohlerlab/COPILOT,https://w3id.org/notebookfair#GitRepositoryResource,36,0,0
840,chris-mcginnis-ucsf/DoubletFinder,github,https://github.com/chris-mcginnis-ucsf/DoubletFinder,https://w3id.org/notebookfair#GitRepositoryResource,0,0,0
841,johanneswilbertz/mDA-neuron-classification,github,https://github.com/johanneswilbertz/mDA-neuron-classification,https://w3id.org/notebookfair#GitRepositoryResource,10,0,0
842,DEIB-GECO/Metadata-Manager,github,https://github.com/DEIB-GECO/Metadata-Manager,https://w3id.org/notebookfair#GitRepositoryResource,0,0,0
843,DEIB-GECO/VarSum,github,https://github.com/DEIB-GECO/VarSum,https://w3id.org/notebookfair#GitRepositoryResource,6,0,1
844,DEIB-GECO/geco_agent_loader,github,https://github.com/DEIB-GECO/geco_agent_loader,https://w3id.org/notebookfair#GitRepositoryResource,0,0,1
845,pyControl/hardware,github,https://github.com/pyControl/hardware,https://w3id.org/notebookfair#GitRepositoryResource,0,0,0
846,kwikteam/phy,github,https://github.com/kwikteam/phy,https://w3id.org/notebookfair#GitRepositoryResource,0,1,1
847,veronikasamborska1994/notebooks_paper,github,https://github.com/veronikasamborska1994/notebooks_paper,https://w3id.org/notebookfair#GitRepositoryResource,3,0,1
848,bedapub/PD1-IL2v_in-vivo_TILs_Panc02_publication,github,https://github.com/bedapub/PD1-IL2v_in-vivo_TILs_Panc02_publication,https://w3id.org/notebookfair#GitRepositoryResource,3,0,0
849,spMohanty/PlantVillage-Dataset,github,https://github.com/spMohanty/PlantVillage-Dataset,https://w3id.org/notebookfair#GitRepositoryResource,0,0,0
850,DeepPathology/CanineCutaneousTumors,github,https://github.com/DeepPathology/CanineCutaneousTumors,https://w3id.org/notebookfair#GitRepositoryResource,5,0,1
851,SuienS/parallelxnet-cxr-classifier,github,https://github.com/SuienS/parallelxnet-cxr-classifier,https://w3id.org/notebookfair#GitRepositoryResource,1,0,1
852,Romantic-Pumpkin/PDT_fninf,github,https://github.com/Romantic-Pumpkin/PDT_fninf,https://w3id.org/notebookfair#GitRepositoryResource,0,0,0
853,najoshi/sickle,github,https://github.com/najoshi/sickle,https://w3id.org/notebookfair#GitRepositoryResource,0,0,0
854,tseemann/abricate,github,https://github.com/tseemann/abricate,https://w3id.org/notebookfair#GitRepositoryResource,0,0,0
855,tintielisa/b_value_seismicity,github,https://github.com/tintielisa/b_value_seismicity,https://w3id.org/notebookfair#GitRepositoryResource,1,0,0
856,Radiomics/SlicerRadiomics,github,https://github.com/Radiomics/SlicerRadiomics,https://w3id.org/notebookfair#GitRepositoryResource,0,0,0
857,adaa-polsl/RuleKit,github,https://github.com/adaa-polsl/RuleKit,https://w3id.org/notebookfair#GitRepositoryResource,0,0,0
858,plantbiojordan/biointernship,github,https://github.com/plantbiojordan/biointernship,https://w3id.org/notebookfair#GitRepositoryResource,2,0,0
859,TissueImageAnalytics/tiatoolbox,github,https://github.com/TissueImageAnalytics/tiatoolbox,https://w3id.org/notebookfair#GitRepositoryResource,14,1,2
860,quintusdias/glymur,github,https://github.com/quintusdias/glymur,https://w3id.org/notebookfair#GitRepositoryResource,0,0,0
861,sebastianffx/stainlib,github,https://github.com/sebastianffx/stainlib,https://w3id.org/notebookfair#GitRepositoryResource,4,1,1
862,CODAIT/deep-histopath,github,https://github.com/CODAIT/deep-histopath,https://w3id.org/notebookfair#GitRepositoryResource,3,0,0
863,Peter554/StainTools,github,https://github.com/Peter554/StainTools,https://w3id.org/notebookfair#GitRepositoryResource,0,1,0
864,basveeling/pcam,github,https://github.com/basveeling/pcam,https://w3id.org/notebookfair#GitRepositoryResource,0,0,0
865,no85j/hypoxia_code,github,https://github.com/no85j/hypoxia_code,https://w3id.org/notebookfair#GitRepositoryResource,4,0,0
866,PfefferLab/Vides_et_al_2022,github,https://github.com/PfefferLab/Vides_et_al_2022,https://w3id.org/notebookfair#GitRepositoryResource,0,0,0
867,eperrier/QDataSet,github,https://github.com/eperrier/QDataSet,https://w3id.org/notebookfair#GitRepositoryResource,5,0,0
868,oncokb/oncokb-annotator,github,https://github.com/oncokb/oncokb-annotator,https://w3id.org/notebookfair#GitRepositoryResource,0,0,0
869,cBioPortal/fmi-converter,github,https://github.com/cBioPortal/fmi-converter,https://w3id.org/notebookfair#GitRepositoryResource,0,0,0
870,mskcc/vcf2maf,github,https://github.com/mskcc/vcf2maf,https://w3id.org/notebookfair#GitRepositoryResource,0,0,0
871,crimcc/bam2vcf,github,https://github.com/crimcc/bam2vcf,https://w3id.org/notebookfair#GitRepositoryResource,0,0,0
872,samtools/bcftools,github,https://github.com/samtools/bcftools,https://w3id.org/notebookfair#GitRepositoryResource,0,0,0
873,cBioPortal/cbioportal,github,https://github.com/cBioPortal/cbioportal,https://w3id.org/notebookfair#GitRepositoryResource,0,0,1
874,cBioPortal/cbioportal-docker-compose,github,https://github.com/cBioPortal/cbioportal-docker-compose,https://w3id.org/notebookfair#GitRepositoryResource,0,0,0
875,cBioPortal/cgdsr,github,https://github.com/cBioPortal/cgdsr,https://w3id.org/notebookfair#GitRepositoryResource,0,0,0
876,broadinstitute/warp,github,https://github.com/broadinstitute/warp,https://w3id.org/notebookfair#GitRepositoryResource,2,0,4
877,bioinfo-matridx/BECLEAN,github,https://github.com/bioinfo-matridx/BECLEAN,https://w3id.org/notebookfair#GitRepositoryResource,2,0,0
878,kepbod/maxentpy,github,https://github.com/kepbod/maxentpy,https://w3id.org/notebookfair#GitRepositoryResource,0,1,0
879,ohlerlab/DeepRiPe,github,https://github.com/ohlerlab/DeepRiPe,https://w3id.org/notebookfair#GitRepositoryResource,4,0,0
880,mcortes-lopez/CD19_splicing_mutagenesis,github,https://github.com/mcortes-lopez/CD19_splicing_mutagenesis,https://w3id.org/notebookfair#GitRepositoryResource,2,0,0
881,OluwadareLab/ParticleChromo3D,github,https://github.com/OluwadareLab/ParticleChromo3D,https://w3id.org/notebookfair#GitRepositoryResource,3,0,0
882,Bob05757/Renewable-energy-generation-input-feature-variables-analysis,github,https://github.com/Bob05757/Renewable-energy-generation-input-feature-variables-analysis,https://w3id.org/notebookfair#GitRepositoryResource,2,0,0
883,DSx5WcObth/2012_to_2022,github,https://github.com/DSx5WcObth/2012_to_2022,https://w3id.org/notebookfair#GitRepositoryResource,0,0,0
884,sissa-data-science/DADApy,github,https://github.com/sissa-data-science/DADApy,https://w3id.org/notebookfair#GitRepositoryResource,5,1,1
885,jmcastagnetto/lima-atu-covid19-paraderos,github,https://github.com/jmcastagnetto/lima-atu-covid19-paraderos,https://w3id.org/notebookfair#GitRepositoryResource,0,0,0
886,DataResponsibly/hiring-stability-audit,github,https://github.com/DataResponsibly/hiring-stability-audit,https://w3id.org/notebookfair#GitRepositoryResource,5,0,0
887,RohanS14/Boolean-lab,github,https://github.com/RohanS14/Boolean-lab,https://w3id.org/notebookfair#GitRepositoryResource,8,0,0
888,GiacomoGiacomelli/Carp3-Co-localization-PALM,github,https://github.com/GiacomoGiacomelli/Carp3-Co-localization-PALM,https://w3id.org/notebookfair#GitRepositoryResource,0,0,0
889,AIRI-Institute/SEMAi,github,https://github.com/AIRI-Institute/SEMAi,https://w3id.org/notebookfair#GitRepositoryResource,5,0,1
890,hdinkel/anishare,github,https://github.com/hdinkel/anishare,https://w3id.org/notebookfair#GitRepositoryResource,0,0,2
891,FellowsFreiesWissen/computational_notebooks,github,https://github.com/FellowsFreiesWissen/computational_notebooks,https://w3id.org/notebookfair#GitRepositoryResource,0,0,0
892,rstudio/bookdown,github,https://github.com/rstudio/bookdown,https://w3id.org/notebookfair#GitRepositoryResource,0,0,0
893,jhollist/manuscriptPackage,github,https://github.com/jhollist/manuscriptPackage,https://w3id.org/notebookfair#GitRepositoryResource,0,0,0
894,cboettig/template,github,https://github.com/cboettig/template,https://w3id.org/notebookfair#GitRepositoryResource,0,0,0
895,jupyterlab/jupyterlab-git,github,https://github.com/jupyterlab/jupyterlab-git,https://w3id.org/notebookfair#GitRepositoryResource,9,1,0
896,Cloud-Drift/earthcube-meeting-2022,github,https://github.com/Cloud-Drift/earthcube-meeting-2022,https://w3id.org/notebookfair#GitRepositoryResource,1,0,0
897,selipot/sst-drift,github,https://github.com/selipot/sst-drift,https://w3id.org/notebookfair#GitRepositoryResource,0,0,0
898,hatzakislab/DeepFRET-GUI,github,https://github.com/hatzakislab/DeepFRET-GUI,https://w3id.org/notebookfair#GitRepositoryResource,0,0,0
899,cvdelannoy/FRETboard,github,https://github.com/cvdelannoy/FRETboard,https://w3id.org/notebookfair#GitRepositoryResource,0,1,1
900,ChristianGebhardt/Hidden-Markury,github,https://github.com/ChristianGebhardt/Hidden-Markury,https://w3id.org/notebookfair#GitRepositoryResource,1,0,0
901,sciSonja/SMACKS,github,https://github.com/sciSonja/SMACKS,https://w3id.org/notebookfair#GitRepositoryResource,0,0,0
902,SMB-Lab/PyStepFinder,github,https://github.com/SMB-Lab/PyStepFinder,https://w3id.org/notebookfair#GitRepositoryResource,0,0,0
903,LandesLab/StaSI,github,https://github.com/LandesLab/StaSI,https://w3id.org/notebookfair#GitRepositoryResource,0,0,0
904,RNA-FRETools/MASH-FRET,github,https://github.com/RNA-FRETools/MASH-FRET,https://w3id.org/notebookfair#GitRepositoryResource,0,0,1
905,nkchenjx/postFRET,github,https://github.com/nkchenjx/postFRET,https://w3id.org/notebookfair#GitRepositoryResource,0,0,0
906,brentp/combat.py,github,https://github.com/brentp/combat.py,https://w3id.org/notebookfair#GitRepositoryResource,0,0,1
907,theislab/2022_Tritschler_pancreas_cross_species,github,https://github.com/theislab/2022_Tritschler_pancreas_cross_species,https://w3id.org/notebookfair#GitRepositoryResource,18,0,0
908,AllonKleinLab/scrublet,github,https://github.com/AllonKleinLab/scrublet,https://w3id.org/notebookfair#GitRepositoryResource,6,2,2
909,rpy2/rpy2,github,https://github.com/rpy2/rpy2,https://w3id.org/notebookfair#GitRepositoryResource,4,1,2
910,theislab/anndata2ri,github,https://github.com/theislab/anndata2ri,https://w3id.org/notebookfair#GitRepositoryResource,1,0,0
911,jcamunas/patchseq,github,https://github.com/jcamunas/patchseq,https://w3id.org/notebookfair#GitRepositoryResource,7,0,0
912,MaayanLab/L1000toRNAseq,github,https://github.com/MaayanLab/L1000toRNAseq,https://w3id.org/notebookfair#GitRepositoryResource,16,0,0
913,ChrisNaes/2021_BNW_skin_microbiome,github,https://github.com/ChrisNaes/2021_BNW_skin_microbiome,https://w3id.org/notebookfair#GitRepositoryResource,2,0,0
914,duderstadt-lab/mars-trackmate,github,https://github.com/duderstadt-lab/mars-trackmate,https://w3id.org/notebookfair#GitRepositoryResource,0,0,0
915,quest-bih/image_screening_tool,github,https://github.com/quest-bih/image_screening_tool,https://w3id.org/notebookfair#GitRepositoryResource,0,0,0
916,akanksha-r/modulome_paeru2.0,github,https://github.com/akanksha-r/modulome_paeru2.0,https://w3id.org/notebookfair#GitRepositoryResource,13,0,0
917,slundberg/shap,github,https://github.com/slundberg/shap,https://w3id.org/notebookfair#GitRepositoryResource,86,1,1
918,scholz-lab/PharaGlow,github,https://github.com/scholz-lab/PharaGlow,https://w3id.org/notebookfair#GitRepositoryResource,4,1,0
919,scholz-lab/Acquisition_PharaGlow,github,https://github.com/scholz-lab/Acquisition_PharaGlow,https://w3id.org/notebookfair#GitRepositoryResource,0,0,0
920,bjornbredesen/gnocis,github,https://github.com/bjornbredesen/gnocis,https://w3id.org/notebookfair#GitRepositoryResource,2,1,0
921,NREL/PV_ICE,github,https://github.com/NREL/PV_ICE,https://w3id.org/notebookfair#GitRepositoryResource,49,1,1
922,waggle-sensor/sensors,github,https://github.com/waggle-sensor/sensors,https://w3id.org/notebookfair#GitRepositoryResource,0,0,0
923,cybergis/Urban_Heat_Island,github,https://github.com/cybergis/Urban_Heat_Island,https://w3id.org/notebookfair#GitRepositoryResource,12,0,0
924,kasasxav/ImSwitch,github,https://github.com/kasasxav/ImSwitch,https://w3id.org/notebookfair#GitRepositoryResource,0,1,1
925,jonatanalvelid/ImSwitch-etSTED,github,https://github.com/jonatanalvelid/ImSwitch-etSTED,https://w3id.org/notebookfair#GitRepositoryResource,0,0,1
926,jonatanalvelid/etSTED-widget,github,https://github.com/jonatanalvelid/etSTED-widget,https://w3id.org/notebookfair#GitRepositoryResource,0,0,1
927,jonatanalvelid/etSTED-widget-base,github,https://github.com/jonatanalvelid/etSTED-widget-base,https://w3id.org/notebookfair#GitRepositoryResource,0,0,0
928,jonatanalvelid/etSTEDanalysis,github,https://github.com/jonatanalvelid/etSTEDanalysis,https://w3id.org/notebookfair#GitRepositoryResource,13,0,0
929,AngelikaZa/TVFC,github,https://github.com/AngelikaZa/TVFC,https://w3id.org/notebookfair#GitRepositoryResource,0,0,0
930,aehrc/pathling,github,https://github.com/aehrc/pathling,https://w3id.org/notebookfair#GitRepositoryResource,0,1,1
931,cerner/bunsen,github,https://github.com/cerner/bunsen,https://w3id.org/notebookfair#GitRepositoryResource,0,0,1
932,FHIR/sql-on-fhir,github,https://github.com/FHIR/sql-on-fhir,https://w3id.org/notebookfair#GitRepositoryResource,0,0,0
933,google/fhir,github,https://github.com/google/fhir,https://w3id.org/notebookfair#GitRepositoryResource,2,1,2
934,sync-for-science/a3,github,https://github.com/sync-for-science/a3,https://w3id.org/notebookfair#GitRepositoryResource,0,0,0
935,smart-on-fhir/bulk-import,github,https://github.com/smart-on-fhir/bulk-import,https://w3id.org/notebookfair#GitRepositoryResource,0,0,0
936,ndjson/ndjson-spec,github,https://github.com/ndjson/ndjson-spec,https://w3id.org/notebookfair#GitRepositoryResource,0,0,0
937,Asymmetrik/node-fhir-server-core,github,https://github.com/Asymmetrik/node-fhir-server-core,https://w3id.org/notebookfair#GitRepositoryResource,0,0,0
938,Optum/CyFHIR,github,https://github.com/Optum/CyFHIR,https://w3id.org/notebookfair#GitRepositoryResource,1,0,0
939,urbangrammarai/signatures_gb,github,https://github.com/urbangrammarai/signatures_gb,https://w3id.org/notebookfair#GitRepositoryResource,1,0,0
940,urbangrammarai/spatial_signatures,github,https://github.com/urbangrammarai/spatial_signatures,https://w3id.org/notebookfair#GitRepositoryResource,136,0,0
941,wiederm/transformato,github,https://github.com/wiederm/transformato,https://w3id.org/notebookfair#GitRepositoryResource,2,1,0
942,JohannesKarwou/ParmEd,github,https://github.com/JohannesKarwou/ParmEd,https://w3id.org/notebookfair#GitRepositoryResource,0,1,0
943,brady-lab-rockefeller/paired-end-debarcoder,github,https://github.com/brady-lab-rockefeller/paired-end-debarcoder,https://w3id.org/notebookfair#GitRepositoryResource,0,1,0
944,VincentLibis/multiplexed_BGC_recovery,github,https://github.com/VincentLibis/multiplexed_BGC_recovery,https://w3id.org/notebookfair#GitRepositoryResource,2,0,0
945,PridaLab/CNNRippleDetectorOEPlugin,github,https://github.com/PridaLab/CNNRippleDetectorOEPlugin,https://w3id.org/notebookfair#GitRepositoryResource,0,0,0
946,PridaLab/cnn-ripple,github,https://github.com/PridaLab/cnn-ripple,https://w3id.org/notebookfair#GitRepositoryResource,1,0,0
947,PridaLab/cnn-matlab,github,https://github.com/PridaLab/cnn-matlab,https://w3id.org/notebookfair#GitRepositoryResource,0,0,0
948,petersaj/AP_histology,github,https://github.com/petersaj/AP_histology,https://w3id.org/notebookfair#GitRepositoryResource,0,0,0
949,physical-biology-of-chromatin/PcG-mESC,github,https://github.com/physical-biology-of-chromatin/PcG-mESC,https://w3id.org/notebookfair#GitRepositoryResource,3,0,0
950,BioDepot/fiji-demo,github,https://github.com/BioDepot/fiji-demo,https://w3id.org/notebookfair#GitRepositoryResource,1,0,0
951,knime/knime-sdk-setup,github,https://github.com/knime/knime-sdk-setup,https://w3id.org/notebookfair#GitRepositoryResource,0,0,0
952,samtools/samtools,github,https://github.com/samtools/samtools,https://w3id.org/notebookfair#GitRepositoryResource,0,0,0
953,dkoboldt/varscan,github,https://github.com/dkoboldt/varscan,https://w3id.org/notebookfair#GitRepositoryResource,0,0,0
954,chasewnelson/SNPGenie,github,https://github.com/chasewnelson/SNPGenie,https://w3id.org/notebookfair#GitRepositoryResource,0,0,0
955,blab/h5n1-cambodia,github,https://github.com/blab/h5n1-cambodia,https://w3id.org/notebookfair#GitRepositoryResource,13,0,0
956,TorremorellLabUMN/Swine-IAV-within-host-evolution,github,https://github.com/TorremorellLabUMN/Swine-IAV-within-host-evolution,https://w3id.org/notebookfair#GitRepositoryResource,0,0,0
957,WengLab-InformaticsResearch/cohd_api,github,https://github.com/WengLab-InformaticsResearch/cohd_api,https://w3id.org/notebookfair#GitRepositoryResource,1,0,1
958,TheoLiapikos/Syntax_Score_prediction_model_for_CV_patients_using_XGBoost_Classifier,github,https://github.com/TheoLiapikos/Syntax_Score_prediction_model_for_CV_patients_using_XGBoost_Classifier,https://w3id.org/notebookfair#GitRepositoryResource,1,0,1
959,neuroscout/neuroscout,github,https://github.com/neuroscout/neuroscout,https://w3id.org/notebookfair#GitRepositoryResource,0,2,3
960,neuroscout/pyNS,github,https://github.com/neuroscout/pyNS,https://w3id.org/notebookfair#GitRepositoryResource,1,1,1
961,neuroscout/neuroscout-cli,github,https://github.com/neuroscout/neuroscout-cli,https://w3id.org/notebookfair#GitRepositoryResource,3,1,1
962,bids-standard/pybids,github,https://github.com/bids-standard/pybids,https://w3id.org/notebookfair#GitRepositoryResource,0,1,0
963,davidsandberg/facenet,github,https://github.com/davidsandberg/facenet,https://w3id.org/notebookfair#GitRepositoryResource,0,0,1
964,neurostuff/NiMARE,github,https://github.com/neurostuff/NiMARE,https://w3id.org/notebookfair#GitRepositoryResource,2,1,0
965,neuroscout/neuroscout-paper,github,https://github.com/neuroscout/neuroscout-paper,https://w3id.org/notebookfair#GitRepositoryResource,7,0,1
966,axelcournac/3C_tutorial,github,https://github.com/axelcournac/3C_tutorial,https://w3id.org/notebookfair#GitRepositoryResource,0,0,0
967,getsmarter01/indoor_sensing,github,https://github.com/getsmarter01/indoor_sensing,https://w3id.org/notebookfair#GitRepositoryResource,0,0,0
968,mwang87/MassQueryLanguage,github,https://github.com/mwang87/MassQueryLanguage,https://w3id.org/notebookfair#GitRepositoryResource,0,1,2
969,MarieOestreich/hCoCena,github,https://github.com/MarieOestreich/hCoCena,https://w3id.org/notebookfair#GitRepositoryResource,0,0,0
970,fhaive/VOLTA,github,https://github.com/fhaive/VOLTA,https://w3id.org/notebookfair#GitRepositoryResource,6,1,1
971,kiharalab/RL-MLZerD,github,https://github.com/kiharalab/RL-MLZerD,https://w3id.org/notebookfair#GitRepositoryResource,0,0,0
972,pni-lab/mlconfound-manuscript,github,https://github.com/pni-lab/mlconfound-manuscript,https://w3id.org/notebookfair#GitRepositoryResource,10,0,1
973,swolock/scrublet,github,https://github.com/swolock/scrublet,https://w3id.org/notebookfair#GitRepositoryResource,6,2,2
974,fhlab/scRNAseq_inducedETX,github,https://github.com/fhlab/scRNAseq_inducedETX,https://w3id.org/notebookfair#GitRepositoryResource,3,0,0
975,ChengxiangQiu/ETiX_Amadei,github,https://github.com/ChengxiangQiu/ETiX_Amadei,https://w3id.org/notebookfair#GitRepositoryResource,0,0,0
976,coleygroup/polymer-chemprop,github,https://github.com/coleygroup/polymer-chemprop,https://w3id.org/notebookfair#GitRepositoryResource,0,1,0
977,coleygroup/polymer-chemprop-data,github,https://github.com/coleygroup/polymer-chemprop-data,https://w3id.org/notebookfair#GitRepositoryResource,5,0,0
978,c6gonzalez/IBD200,github,https://github.com/c6gonzalez/IBD200,https://w3id.org/notebookfair#GitRepositoryResource,2,0,0
979,bhargavvader/WikiArtVectors,github,https://github.com/bhargavvader/WikiArtVectors,https://w3id.org/notebookfair#GitRepositoryResource,3,0,0
980,ultralytics/yolov5,github,https://github.com/ultralytics/yolov5,https://w3id.org/notebookfair#GitRepositoryResource,3,0,1
981,sujineel/Object-cooperated-Ternary-Tree-Partitioning-Decision-Method-for-Versatile-Video-Coding,github,https://github.com/sujineel/Object-cooperated-Ternary-Tree-Partitioning-Decision-Method-for-Versatile-Video-Coding,https://w3id.org/notebookfair#GitRepositoryResource,8,0,0
982,owid/covid-19-data,github,https://github.com/owid/covid-19-data,https://w3id.org/notebookfair#GitRepositoryResource,3,1,2
983,NIEHS/SmartScope,github,https://github.com/NIEHS/SmartScope,https://w3id.org/notebookfair#GitRepositoryResource,2,2,3
984,facebookresearch/detectron2,github,https://github.com/facebookresearch/detectron2,https://w3id.org/notebookfair#GitRepositoryResource,0,3,1
985,RSvan/SPEACH_AF,github,https://github.com/RSvan/SPEACH_AF,https://w3id.org/notebookfair#GitRepositoryResource,1,0,0
986,BearHuangLab/Biosensor-barcoding,github,https://github.com/BearHuangLab/Biosensor-barcoding,https://w3id.org/notebookfair#GitRepositoryResource,2,0,0
987,cortex-lab/KiloSort,github,https://github.com/cortex-lab/KiloSort,https://w3id.org/notebookfair#GitRepositoryResource,0,0,0
988,MouseLand/Kilosort2,github,https://github.com/MouseLand/Kilosort2,https://w3id.org/notebookfair#GitRepositoryResource,0,0,0
989,andylitalo/G-ADSA,github,https://github.com/andylitalo/G-ADSA,https://w3id.org/notebookfair#GitRepositoryResource,29,0,1
990,vic-cheung/vectorseq,github,https://github.com/vic-cheung/vectorseq,https://w3id.org/notebookfair#GitRepositoryResource,0,1,1
991,ratschlab/RiboDiff,github,https://github.com/ratschlab/RiboDiff,https://w3id.org/notebookfair#GitRepositoryResource,0,1,0
992,jupyterlab/jupyterlab,github,https://github.com/jupyterlab/jupyterlab,https://w3id.org/notebookfair#GitRepositoryResource,19,7,0
993,LabTranslationalArchitectomics/riboWaltz,github,https://github.com/LabTranslationalArchitectomics/riboWaltz,https://w3id.org/notebookfair#GitRepositoryResource,0,0,0
994,mastodon-sc/mastodon,github,https://github.com/mastodon-sc/mastodon,https://w3id.org/notebookfair#GitRepositoryResource,0,0,0
995,fmi-basel/LSTree,github,https://github.com/fmi-basel/LSTree,https://w3id.org/notebookfair#GitRepositoryResource,5,1,0
996,spotify/luigi,github,https://github.com/spotify/luigi,https://w3id.org/notebookfair#GitRepositoryResource,0,1,0
997,hammerlab/flowdec,github,https://github.com/hammerlab/flowdec,https://w3id.org/notebookfair#GitRepositoryResource,31,1,1
998,milaboratory/mixcr,github,https://github.com/milaboratory/mixcr,https://w3id.org/notebookfair#GitRepositoryResource,0,0,0
999,statbiophys/OLGA,github,https://github.com/statbiophys/OLGA,https://w3id.org/notebookfair#GitRepositoryResource,0,1,0
1000,ncbi/igblast,github,https://github.com/ncbi/igblast,https://w3id.org/notebookfair#GitRepositoryResource,0,0,0
1001,laserson/squarify,github,https://github.com/laserson/squarify,https://w3id.org/notebookfair#GitRepositoryResource,0,1,0
1002,MollySQuinn/Control_and_Valence_in_Unexpected_Events,github,https://github.com/MollySQuinn/Control_and_Valence_in_Unexpected_Events,https://w3id.org/notebookfair#GitRepositoryResource,9,0,1
1003,NicholasDominic/The-NucleoNets,github,https://github.com/NicholasDominic/The-NucleoNets,https://w3id.org/notebookfair#GitRepositoryResource,0,0,0
1004,cam-cambridge/creality-part-remover,github,https://github.com/cam-cambridge/creality-part-remover,https://w3id.org/notebookfair#GitRepositoryResource,0,0,0
1005,pytorch/pytorch,github,https://github.com/pytorch/pytorch,https://w3id.org/notebookfair#GitRepositoryResource,11,7,6
1006,pytorch/vision,github,https://github.com/pytorch/vision,https://w3id.org/notebookfair#GitRepositoryResource,0,1,1
1007,tensorflow/tensorboard,github,https://github.com/tensorflow/tensorboard,https://w3id.org/notebookfair#GitRepositoryResource,13,4,1
1008,python-pillow/Pillow,github,https://github.com/python-pillow/Pillow,https://w3id.org/notebookfair#GitRepositoryResource,0,1,0
1009,pallets/flask,github,https://github.com/pallets/flask,https://w3id.org/notebookfair#GitRepositoryResource,0,0,1
1010,prusa3d/PrusaSlicer,github,https://github.com/prusa3d/PrusaSlicer,https://w3id.org/notebookfair#GitRepositoryResource,0,0,0
1011,cam-cambridge/caxton,github,https://github.com/cam-cambridge/caxton,https://w3id.org/notebookfair#GitRepositoryResource,0,0,1
1012,cmmid/covid-uk,github,https://github.com/cmmid/covid-uk,https://w3id.org/notebookfair#GitRepositoryResource,0,0,0
1013,mrc-ide/covid-sim,github,https://github.com/mrc-ide/covid-sim,https://w3id.org/notebookfair#GitRepositoryResource,0,0,0
1014,adamkucharski/2020-ncov,github,https://github.com/adamkucharski/2020-ncov,https://w3id.org/notebookfair#GitRepositoryResource,0,0,0
1015,dolthub/dolt,github,https://github.com/dolthub/dolt,https://w3id.org/notebookfair#GitRepositoryResource,0,0,0
1016,quiltdata/quilt,github,https://github.com/quiltdata/quilt,https://w3id.org/notebookfair#GitRepositoryResource,16,14,14
1017,covid-modeling/model-runner,github,https://github.com/covid-modeling/model-runner,https://w3id.org/notebookfair#GitRepositoryResource,0,0,0
1018,NCEAS/recordr,github,https://github.com/NCEAS/recordr,https://w3id.org/notebookfair#GitRepositoryResource,0,0,0
1019,recipy/recipy,github,https://github.com/recipy/recipy,https://w3id.org/notebookfair#GitRepositoryResource,1,1,1
1020,ProvTools/prov-cpl,github,https://github.com/ProvTools/prov-cpl,https://w3id.org/notebookfair#GitRepositoryResource,0,2,1
1021,ScottishCovidResponse/modelling-software-checklist,github,https://github.com/ScottishCovidResponse/modelling-software-checklist,https://w3id.org/notebookfair#GitRepositoryResource,0,0,0
1022,FAIRDataPipeline/rSimpleModel,github,https://github.com/FAIRDataPipeline/rSimpleModel,https://w3id.org/notebookfair#GitRepositoryResource,0,0,0
1023,FAIRDataPipeline/javaSimpleModel,github,https://github.com/FAIRDataPipeline/javaSimpleModel,https://w3id.org/notebookfair#GitRepositoryResource,0,0,0
1024,RAMP-VIS/RAMPVIS-PhilTransA-Supplement,github,https://github.com/RAMP-VIS/RAMPVIS-PhilTransA-Supplement,https://w3id.org/notebookfair#GitRepositoryResource,0,0,0
1025,ScottishCovidResponse/Contact-Tracing-Model,github,https://github.com/ScottishCovidResponse/Contact-Tracing-Model,https://w3id.org/notebookfair#GitRepositoryResource,0,0,0
1026,EyringMLClimateGroup/behrens22james_SPCAM_VED,github,https://github.com/EyringMLClimateGroup/behrens22james_SPCAM_VED,https://w3id.org/notebookfair#GitRepositoryResource,84,0,0
1027,raspstephan/CBRAIN-CAM,github,https://github.com/raspstephan/CBRAIN-CAM,https://w3id.org/notebookfair#GitRepositoryResource,69,0,0
1028,PharminfoVienna/Retraining_Notebook,github,https://github.com/PharminfoVienna/Retraining_Notebook,https://w3id.org/notebookfair#GitRepositoryResource,1,0,0
1029,flatkinson/standardiser,github,https://github.com/flatkinson/standardiser,https://w3id.org/notebookfair#GitRepositoryResource,17,1,0
1030,SoftwareImpacts/SIMPAC-2022-142,github,https://github.com/SoftwareImpacts/SIMPAC-2022-142,https://w3id.org/notebookfair#GitRepositoryResource,1,0,0
1031,jupyter-widgets/ipywidgets,github,https://github.com/jupyter-widgets/ipywidgets,https://w3id.org/notebookfair#GitRepositoryResource,26,3,2
1032,LFPy/LFPykernels,github,https://github.com/LFPy/LFPykernels,https://w3id.org/notebookfair#GitRepositoryResource,15,1,1
1033,nest/nest-simulator,github,https://github.com/nest/nest-simulator,https://w3id.org/notebookfair#GitRepositoryResource,7,1,1
1034,nest/nestml,github,https://github.com/nest/nestml,https://w3id.org/notebookfair#GitRepositoryResource,7,1,2
1035,NeuralEnsemble/parameters,github,https://github.com/NeuralEnsemble/parameters,https://w3id.org/notebookfair#GitRepositoryResource,0,1,1
1036,wahlby-lab/spage2vec_heart,github,https://github.com/wahlby-lab/spage2vec_heart,https://w3id.org/notebookfair#GitRepositoryResource,2,0,0
1037,MembraneEnzymology/smdm,github,https://github.com/MembraneEnzymology/smdm,https://w3id.org/notebookfair#GitRepositoryResource,7,0,0
1038,ni/nidaqmx-python,github,https://github.com/ni/nidaqmx-python,https://w3id.org/notebookfair#GitRepositoryResource,0,0,0
1039,DanielW-alt/Photobleaching,github,https://github.com/DanielW-alt/Photobleaching,https://w3id.org/notebookfair#GitRepositoryResource,0,0,0
1040,gsa-central/gsa-central.github.io,github,https://github.com/gsa-central/gsa-central.github.io,https://w3id.org/notebookfair#GitRepositoryResource,0,0,0
1041,gsa-central/gsaclassroom,github,https://github.com/gsa-central/gsaclassroom,https://w3id.org/notebookfair#GitRepositoryResource,0,0,0
1042,gsa-central/gsarefdb,github,https://github.com/gsa-central/gsarefdb,https://w3id.org/notebookfair#GitRepositoryResource,0,0,0
1043,mora-lab/ss-shiny,github,https://github.com/mora-lab/ss-shiny,https://w3id.org/notebookfair#GitRepositoryResource,0,0,0
1044,mora-lab/gr-shiny,github,https://github.com/mora-lab/gr-shiny,https://w3id.org/notebookfair#GitRepositoryResource,0,0,0
1045,gsa-blog/gsa-blog.github.io,github,https://github.com/gsa-blog/gsa-blog.github.io,https://w3id.org/notebookfair#GitRepositoryResource,0,0,0
1046,gsa-central/galaxy-gsa,github,https://github.com/gsa-central/galaxy-gsa,https://w3id.org/notebookfair#GitRepositoryResource,0,0,0
1047,mora-lab/installing,github,https://github.com/mora-lab/installing,https://w3id.org/notebookfair#GitRepositoryResource,0,0,0
1048,jifarquharson/cordon-caulle-ash-vents,github,https://github.com/jifarquharson/cordon-caulle-ash-vents,https://w3id.org/notebookfair#GitRepositoryResource,1,0,0
1049,monash-emu/AuTuMN,github,https://github.com/monash-emu/AuTuMN,https://w3id.org/notebookfair#GitRepositoryResource,127,1,1
1050,SashaFedosov/Vexillum,github,https://github.com/SashaFedosov/Vexillum,https://w3id.org/notebookfair#GitRepositoryResource,0,0,0
1051,zhenglinyi/DL-mo,github,https://github.com/zhenglinyi/DL-mo,https://w3id.org/notebookfair#GitRepositoryResource,13,0,0
1052,grosenberger/easypqp,github,https://github.com/grosenberger/easypqp,https://w3id.org/notebookfair#GitRepositoryResource,0,1,0
1053,MannLabs/pydiAID,github,https://github.com/MannLabs/pydiAID,https://w3id.org/notebookfair#GitRepositoryResource,1,1,1
1054,nilesh-iiita/VTTSHI,github,https://github.com/nilesh-iiita/VTTSHI,https://w3id.org/notebookfair#GitRepositoryResource,2,0,0
1055,heiniglab/DCM_heart_cell_atlas,github,https://github.com/heiniglab/DCM_heart_cell_atlas,https://w3id.org/notebookfair#GitRepositoryResource,27,0,1
1056,HMS-IDAC/Cypository,github,https://github.com/HMS-IDAC/Cypository,https://w3id.org/notebookfair#GitRepositoryResource,0,0,0
1057,SchmollerLab/Cell_ACDC,github,https://github.com/SchmollerLab/Cell_ACDC,https://w3id.org/notebookfair#GitRepositoryResource,3,0,0
1058,sriramsrikant/2022_T4-toxIN-evo,github,https://github.com/sriramsrikant/2022_T4-toxIN-evo,https://w3id.org/notebookfair#GitRepositoryResource,4,0,0
1059,biopython/biopython,github,https://github.com/biopython/biopython,https://w3id.org/notebookfair#GitRepositoryResource,0,1,0
1060,lh3/bwa,github,https://github.com/lh3/bwa,https://w3id.org/notebookfair#GitRepositoryResource,0,0,0
1061,scipy/scipy,github,https://github.com/scipy/scipy,https://w3id.org/notebookfair#GitRepositoryResource,0,48,0
1062,apblair/CellLayers,github,https://github.com/apblair/CellLayers,https://w3id.org/notebookfair#GitRepositoryResource,5,1,0
1063,ekatrukha/ComDet,github,https://github.com/ekatrukha/ComDet,https://w3id.org/notebookfair#GitRepositoryResource,0,0,0
1064,theislab/2022_Bakhti_pancreas_Syt13,github,https://github.com/theislab/2022_Bakhti_pancreas_Syt13,https://w3id.org/notebookfair#GitRepositoryResource,4,0,0
1065,LeonBondeLarsen/tsne_classifier,github,https://github.com/LeonBondeLarsen/tsne_classifier,https://w3id.org/notebookfair#GitRepositoryResource,1,0,0
1066,QuantitativeVirology/2D-Colocalization,github,https://github.com/QuantitativeVirology/2D-Colocalization,https://w3id.org/notebookfair#GitRepositoryResource,1,0,0
1067,bussilab/m6a-charge-fitting,github,https://github.com/bussilab/m6a-charge-fitting,https://w3id.org/notebookfair#GitRepositoryResource,4,0,0
1068,slanj/yolo-tiling,github,https://github.com/slanj/yolo-tiling,https://w3id.org/notebookfair#GitRepositoryResource,0,0,1
1069,SkalskiP/make-sense,github,https://github.com/SkalskiP/make-sense,https://w3id.org/notebookfair#GitRepositoryResource,0,0,0
1070,debbiemarkslab/plmc,github,https://github.com/debbiemarkslab/plmc,https://w3id.org/notebookfair#GitRepositoryResource,0,0,0
1071,ComparativeGenomicsToolkit/cactus,github,https://github.com/ComparativeGenomicsToolkit/cactus,https://w3id.org/notebookfair#GitRepositoryResource,0,1,0
1072,flw88/mut_sex_bias_amniotes,github,https://github.com/flw88/mut_sex_bias_amniotes,https://w3id.org/notebookfair#GitRepositoryResource,11,0,0
1073,ComparativeGenomicsToolkit/hal,github,https://github.com/ComparativeGenomicsToolkit/hal,https://w3id.org/notebookfair#GitRepositoryResource,0,0,1
1074,vsbuffalo/paradox_variation,github,https://github.com/vsbuffalo/paradox_variation,https://w3id.org/notebookfair#GitRepositoryResource,0,0,0
1075,brentp/mosdepth,github,https://github.com/brentp/mosdepth,https://w3id.org/notebookfair#GitRepositoryResource,0,0,0
1076,quinlan-lab/ceph-dnm-manuscript,github,https://github.com/quinlan-lab/ceph-dnm-manuscript,https://w3id.org/notebookfair#GitRepositoryResource,4,0,1
1077,sciosci/AFT-MAG,github,https://github.com/sciosci/AFT-MAG,https://w3id.org/notebookfair#GitRepositoryResource,12,0,0
1078,derek73/python-nameparser,github,https://github.com/derek73/python-nameparser,https://w3id.org/notebookfair#GitRepositoryResource,0,1,0
1079,allenai/specter,github,https://github.com/allenai/specter,https://w3id.org/notebookfair#GitRepositoryResource,0,1,2
1080,CrossRef/rest-api-doc,github,https://github.com/CrossRef/rest-api-doc,https://w3id.org/notebookfair#GitRepositoryResource,1,0,0
1081,jrgreen7/SYSC4906,github,https://github.com/jrgreen7/SYSC4906,https://w3id.org/notebookfair#GitRepositoryResource,58,0,0
1082,LewisLabUCSD/CORSPOTS,github,https://github.com/LewisLabUCSD/CORSPOTS,https://w3id.org/notebookfair#GitRepositoryResource,7,0,1
1083,samkleeman1/cts_tf,github,https://github.com/samkleeman1/cts_tf,https://w3id.org/notebookfair#GitRepositoryResource,2,0,0
1084,XuegongLab/hECA_GeneSymbolUniform_Rtoolkit,github,https://github.com/XuegongLab/hECA_GeneSymbolUniform_Rtoolkit,https://w3id.org/notebookfair#GitRepositoryResource,0,0,0
1085,XuegongLab/hECA_protocol_case,github,https://github.com/XuegongLab/hECA_protocol_case,https://w3id.org/notebookfair#GitRepositoryResource,2,0,0
1086,XuegongLab/ECAUGT,github,https://github.com/XuegongLab/ECAUGT,https://w3id.org/notebookfair#GitRepositoryResource,0,0,0
1087,ISARICDataPlatform/ISARICBasics,github,https://github.com/ISARICDataPlatform/ISARICBasics,https://w3id.org/notebookfair#GitRepositoryResource,0,0,0
1088,CNG-LAB/cngopen,github,https://github.com/CNG-LAB/cngopen,https://w3id.org/notebookfair#GitRepositoryResource,23,0,1
1089,PaleoLipidRR/marine-AOA-GDGT-distribution,github,https://github.com/PaleoLipidRR/marine-AOA-GDGT-distribution,https://w3id.org/notebookfair#GitRepositoryResource,2,0,0
1090,puregome/models,github,https://github.com/puregome/models,https://w3id.org/notebookfair#GitRepositoryResource,0,0,0
1091,puregome/notebooks,github,https://github.com/puregome/notebooks,https://w3id.org/notebookfair#GitRepositoryResource,51,1,0
1092,puregome/data,github,https://github.com/puregome/data,https://w3id.org/notebookfair#GitRepositoryResource,0,0,0
1093,Wenjun-Xie/MEME,github,https://github.com/Wenjun-Xie/MEME,https://w3id.org/notebookfair#GitRepositoryResource,0,0,0
1094,Wenjun-Xie/Kemp_eliminase,github,https://github.com/Wenjun-Xie/Kemp_eliminase,https://w3id.org/notebookfair#GitRepositoryResource,1,0,0
1095,aomlomics/tourmaline,github,https://github.com/aomlomics/tourmaline,https://w3id.org/notebookfair#GitRepositoryResource,3,0,0
1096,limey-bean/Anacapa,github,https://github.com/limey-bean/Anacapa,https://w3id.org/notebookfair#GitRepositoryResource,0,0,0
1097,jimmyodonnell/banzai,github,https://github.com/jimmyodonnell/banzai,https://w3id.org/notebookfair#GitRepositoryResource,0,0,0
1098,hariszaf/pema,github,https://github.com/hariszaf/pema,https://w3id.org/notebookfair#GitRepositoryResource,0,0,0
1099,nf-core/ampliseq,github,https://github.com/nf-core/ampliseq,https://w3id.org/notebookfair#GitRepositoryResource,0,0,0
1100,AlejandroAb/CASCABEL,github,https://github.com/AlejandroAb/CASCABEL,https://w3id.org/notebookfair#GitRepositoryResource,0,0,0
1101,a-h-b/dadasnake,github,https://github.com/a-h-b/dadasnake,https://w3id.org/notebookfair#GitRepositoryResource,0,0,0
1102,shu251/tagseq-qiime2-snakemake,github,https://github.com/shu251/tagseq-qiime2-snakemake,https://w3id.org/notebookfair#GitRepositoryResource,0,0,0
1103,qiime2/qiime2,github,https://github.com/qiime2/qiime2,https://w3id.org/notebookfair#GitRepositoryResource,0,1,0
1104,aomlomics/tutorials,github,https://github.com/aomlomics/tutorials,https://w3id.org/notebookfair#GitRepositoryResource,4,0,0
1105,Mosquito-Alert/participation,github,https://github.com/Mosquito-Alert/participation,https://w3id.org/notebookfair#GitRepositoryResource,0,0,0
1106,elstonlab/PodosomeImageAnalysis,github,https://github.com/elstonlab/PodosomeImageAnalysis,https://w3id.org/notebookfair#GitRepositoryResource,7,0,0
1107,kath-o-reilly/wbe_prevalence_england_python,github,https://github.com/kath-o-reilly/wbe_prevalence_england_python,https://w3id.org/notebookfair#GitRepositoryResource,2,0,0
1108,deepcharles/ruptures,github,https://github.com/deepcharles/ruptures,https://w3id.org/notebookfair#GitRepositoryResource,6,1,1
1109,wyp1125/MCScanX,github,https://github.com/wyp1125/MCScanX,https://w3id.org/notebookfair#GitRepositoryResource,0,0,0
1110,pharmai/plip,github,https://github.com/pharmai/plip,https://w3id.org/notebookfair#GitRepositoryResource,0,1,1
1111,parklab/MosaicForecast,github,https://github.com/parklab/MosaicForecast,https://w3id.org/notebookfair#GitRepositoryResource,0,0,0
1112,bbglab/ch-drivers,github,https://github.com/bbglab/ch-drivers,https://w3id.org/notebookfair#GitRepositoryResource,4,0,0
1113,LucisQ/Rank-order,github,https://github.com/LucisQ/Rank-order,https://w3id.org/notebookfair#GitRepositoryResource,1,0,0
1114,EricSDavis/dietJuicer,github,https://github.com/EricSDavis/dietJuicer,https://w3id.org/notebookfair#GitRepositoryResource,0,0,1
1115,mkelly9513/OV-Project-One,github,https://github.com/mkelly9513/OV-Project-One,https://w3id.org/notebookfair#GitRepositoryResource,5,0,0
1116,RegnerM2015/scOVAR_SE_Screen,github,https://github.com/RegnerM2015/scOVAR_SE_Screen,https://w3id.org/notebookfair#GitRepositoryResource,0,0,0
1117,theislab/scanpy_usage,github,https://github.com/theislab/scanpy_usage,https://w3id.org/notebookfair#GitRepositoryResource,17,0,0
1118,yyoshiaki/MG_thymoma_Manuscript_2021,github,https://github.com/yyoshiaki/MG_thymoma_Manuscript_2021,https://w3id.org/notebookfair#GitRepositoryResource,17,0,0
1119,loosolab/TF-COMB,github,https://github.com/loosolab/TF-COMB,https://w3id.org/notebookfair#GitRepositoryResource,12,1,0
1120,taniokas-neuro/predict-hematoma-expansion,github,https://github.com/taniokas-neuro/predict-hematoma-expansion,https://w3id.org/notebookfair#GitRepositoryResource,0,0,0
1121,MAS-Research/SEIR-Campus,github,https://github.com/MAS-Research/SEIR-Campus,https://w3id.org/notebookfair#GitRepositoryResource,3,0,0
1122,LBLQMM/MACAW,github,https://github.com/LBLQMM/MACAW,https://w3id.org/notebookfair#GitRepositoryResource,7,1,1
1123,AI4SCR/scQUEST,github,https://github.com/AI4SCR/scQUEST,https://w3id.org/notebookfair#GitRepositoryResource,5,1,1
1124,theislab/anndata,github,https://github.com/theislab/anndata,https://w3id.org/notebookfair#GitRepositoryResource,1,0,0
1125,GuanLab/ciclops,github,https://github.com/GuanLab/ciclops,https://w3id.org/notebookfair#GitRepositoryResource,0,1,0
1126,tqdm/tqdm,github,https://github.com/tqdm/tqdm,https://w3id.org/notebookfair#GitRepositoryResource,2,1,0
1127,benfaber20/Automatic-alpha-angle,github,https://github.com/benfaber20/Automatic-alpha-angle,https://w3id.org/notebookfair#GitRepositoryResource,1,0,0
1128,KramerChristian/NonadditivityAnalysis,github,https://github.com/KramerChristian/NonadditivityAnalysis,https://w3id.org/notebookfair#GitRepositoryResource,0,1,0
1129,MolecularAI/Qptuna,github,https://github.com/MolecularAI/Qptuna,https://w3id.org/notebookfair#GitRepositoryResource,2,0,0
1130,chemprop/chemprop,github,https://github.com/chemprop/chemprop,https://w3id.org/notebookfair#GitRepositoryResource,1,1,0
1131,MolecularAI/NonadditivityAnalysis,github,https://github.com/MolecularAI/NonadditivityAnalysis,https://w3id.org/notebookfair#GitRepositoryResource,1,0,0
1132,rdkit/mmpdb,github,https://github.com/rdkit/mmpdb,https://w3id.org/notebookfair#GitRepositoryResource,0,1,0
1133,MolecularAI/MMP_project,github,https://github.com/MolecularAI/MMP_project,https://w3id.org/notebookfair#GitRepositoryResource,4,0,0
1134,lorpac/amino_acid_network,github,https://github.com/lorpac/amino_acid_network,https://w3id.org/notebookfair#GitRepositoryResource,1,0,1
1135,barstowlab/electroco2,github,https://github.com/barstowlab/electroco2,https://w3id.org/notebookfair#GitRepositoryResource,0,0,0
1136,evertbosdriesz/cnr-selective-combos,github,https://github.com/evertbosdriesz/cnr-selective-combos,https://w3id.org/notebookfair#GitRepositoryResource,1,0,0
1137,NKI-CCB/cnr,github,https://github.com/NKI-CCB/cnr,https://w3id.org/notebookfair#GitRepositoryResource,0,1,0
1138,NKI-CCB/MixedIC50,github,https://github.com/NKI-CCB/MixedIC50,https://w3id.org/notebookfair#GitRepositoryResource,0,0,0
1139,biona001/Thyrosim.jl,github,https://github.com/biona001/Thyrosim.jl,https://w3id.org/notebookfair#GitRepositoryResource,15,0,0
1140,martinfrasch/NeuroKit,github,https://github.com/martinfrasch/NeuroKit,https://w3id.org/notebookfair#GitRepositoryResource,17,1,1
1141,neuropsychology/NeuroKit,github,https://github.com/neuropsychology/NeuroKit,https://w3id.org/notebookfair#GitRepositoryResource,19,1,1
1142,CSchoel/nolds,github,https://github.com/CSchoel/nolds,https://w3id.org/notebookfair#GitRepositoryResource,0,1,0
1143,LRydin/MFDFA,github,https://github.com/LRydin/MFDFA,https://w3id.org/notebookfair#GitRepositoryResource,1,1,1
1144,ojwalch/sleep_accel,github,https://github.com/ojwalch/sleep_accel,https://w3id.org/notebookfair#GitRepositoryResource,0,0,0
1145,computational-psychology/schmittwilken2022_active-edge-model,github,https://github.com/computational-psychology/schmittwilken2022_active-edge-model,https://w3id.org/notebookfair#GitRepositoryResource,2,0,0
1146,KielLagmay/RPTEL_CausalImpact_Lagmay_Rodrigo,github,https://github.com/KielLagmay/RPTEL_CausalImpact_Lagmay_Rodrigo,https://w3id.org/notebookfair#GitRepositoryResource,5,0,0
1147,PfizerRD/Argyriou_Wadsworth_etal_2022,github,https://github.com/PfizerRD/Argyriou_Wadsworth_etal_2022,https://w3id.org/notebookfair#GitRepositoryResource,0,0,0
1148,RGLab/MAST,github,https://github.com/RGLab/MAST,https://w3id.org/notebookfair#GitRepositoryResource,0,0,0
1149,deepmind/AlphaFold,github,https://github.com/deepmind/AlphaFold,https://w3id.org/notebookfair#GitRepositoryResource,1,1,2
1150,sokrypton/ColabFold,github,https://github.com/sokrypton/ColabFold,https://w3id.org/notebookfair#GitRepositoryResource,21,0,0
1151,coveooss/shopper-intent-prediction-nature-2020,github,https://github.com/coveooss/shopper-intent-prediction-nature-2020,https://w3id.org/notebookfair#GitRepositoryResource,0,0,0
1152,fidelity/seq2pat,github,https://github.com/fidelity/seq2pat,https://w3id.org/notebookfair#GitRepositoryResource,6,1,2
1153,lukehb/137-SPM,github,https://github.com/lukehb/137-SPM,https://w3id.org/notebookfair#GitRepositoryResource,0,0,0
1154,bartdag/pymining,github,https://github.com/bartdag/pymining,https://w3id.org/notebookfair#GitRepositoryResource,0,1,0
1155,chuanconggao/PrefixSpan-py,github,https://github.com/chuanconggao/PrefixSpan-py,https://w3id.org/notebookfair#GitRepositoryResource,0,1,1
1156,KavrakiLab/SARS-Arena,github,https://github.com/KavrakiLab/SARS-Arena,https://w3id.org/notebookfair#GitRepositoryResource,4,0,0
1157,jthlab/vbsky,github,https://github.com/jthlab/vbsky,https://w3id.org/notebookfair#GitRepositoryResource,2,1,0
1158,google/jax,github,https://github.com/google/jax,https://w3id.org/notebookfair#GitRepositoryResource,33,2,3
1159,AlbusDracoSam/Farmers-protest-tweet-analysis,github,https://github.com/AlbusDracoSam/Farmers-protest-tweet-analysis,https://w3id.org/notebookfair#GitRepositoryResource,1,0,0
1160,MatildeVaghi/self_regulation_COVID-19,github,https://github.com/MatildeVaghi/self_regulation_COVID-19,https://w3id.org/notebookfair#GitRepositoryResource,3,1,0
1161,vivekruhela/miRPipe,github,https://github.com/vivekruhela/miRPipe,https://w3id.org/notebookfair#GitRepositoryResource,1,0,1
1162,junyanz/pytorch-CycleGAN-and-pix2pix,github,https://github.com/junyanz/pytorch-CycleGAN-and-pix2pix,https://w3id.org/notebookfair#GitRepositoryResource,2,0,1
1163,mengtinghuang/Meta-UGT,github,https://github.com/mengtinghuang/Meta-UGT,https://w3id.org/notebookfair#GitRepositoryResource,0,0,0
1164,awslabs/dgl-lifesci,github,https://github.com/awslabs/dgl-lifesci,https://w3id.org/notebookfair#GitRepositoryResource,0,1,0
1165,Pymol-Scripts/Pymol-script-repo,github,https://github.com/Pymol-Scripts/Pymol-script-repo,https://w3id.org/notebookfair#GitRepositoryResource,0,30,0
1166,gmf12/plpronalysis,github,https://github.com/gmf12/plpronalysis,https://w3id.org/notebookfair#GitRepositoryResource,4,0,0
1167,opencobra/cobrapy,github,https://github.com/opencobra/cobrapy,https://w3id.org/notebookfair#GitRepositoryResource,23,1,1
1168,opencobra/memote,github,https://github.com/opencobra/memote,https://w3id.org/notebookfair#GitRepositoryResource,0,1,1
1169,cdanielmachado/carveme,github,https://github.com/cdanielmachado/carveme,https://w3id.org/notebookfair#GitRepositoryResource,0,1,1
1170,esaskar/CoReCo,github,https://github.com/esaskar/CoReCo,https://w3id.org/notebookfair#GitRepositoryResource,0,0,0
1171,marouenbg/VFFVA,github,https://github.com/marouenbg/VFFVA,https://w3id.org/notebookfair#GitRepositoryResource,0,0,1
1172,laniauj/conquests,github,https://github.com/laniauj/conquests,https://w3id.org/notebookfair#GitRepositoryResource,0,1,0
1173,biosustain/cameo,github,https://github.com/biosustain/cameo,https://w3id.org/notebookfair#GitRepositoryResource,0,1,1
1174,BioSystemsUM/mewpy,github,https://github.com/BioSystemsUM/mewpy,https://w3id.org/notebookfair#GitRepositoryResource,8,1,2
1175,cdanielmachado/reframed,github,https://github.com/cdanielmachado/reframed,https://w3id.org/notebookfair#GitRepositoryResource,0,1,1
1176,resendislab/corda,github,https://github.com/resendislab/corda,https://w3id.org/notebookfair#GitRepositoryResource,1,1,1
1177,brianjamesschmidt/gim3e,github,https://github.com/brianjamesschmidt/gim3e,https://w3id.org/notebookfair#GitRepositoryResource,0,1,0
1178,BioSystemsUM/troppo,github,https://github.com/BioSystemsUM/troppo,https://w3id.org/notebookfair#GitRepositoryResource,2,1,0
1179,jseidel5/Python-Probabilistic-Regulation-of-Metabolism,github,https://github.com/jseidel5/Python-Probabilistic-Regulation-of-Metabolism,https://w3id.org/notebookfair#GitRepositoryResource,1,0,1
1180,cdanielmachado/arfba,github,https://github.com/cdanielmachado/arfba,https://w3id.org/notebookfair#GitRepositoryResource,0,0,0
1181,EPFL-LCSB/pytfa,github,https://github.com/EPFL-LCSB/pytfa,https://w3id.org/notebookfair#GitRepositoryResource,0,1,3
1182,klamt-lab/autopacmen,github,https://github.com/klamt-lab/autopacmen,https://w3id.org/notebookfair#GitRepositoryResource,0,1,0
1183,tibbdc/ECMpy,github,https://github.com/tibbdc/ECMpy,https://w3id.org/notebookfair#GitRepositoryResource,5,0,0
1184,opencobra/Medusa,github,https://github.com/opencobra/Medusa,https://w3id.org/notebookfair#GitRepositoryResource,13,1,2
1185,YosefLab/Compass,github,https://github.com/YosefLab/Compass,https://w3id.org/notebookfair#GitRepositoryResource,0,1,0
1186,changwn/scFEA,github,https://github.com/changwn/scFEA,https://w3id.org/notebookfair#GitRepositoryResource,2,0,0
1187,micom-dev/micom,github,https://github.com/micom-dev/micom,https://w3id.org/notebookfair#GitRepositoryResource,10,1,1
1188,jdbrunner/surfin_fba,github,https://github.com/jdbrunner/surfin_fba,https://w3id.org/notebookfair#GitRepositoryResource,0,1,0
1189,BeeAnka/EFMlrs,github,https://github.com/BeeAnka/EFMlrs,https://w3id.org/notebookfair#GitRepositoryResource,0,1,1
1190,BioSystemsUM/cobamp,github,https://github.com/BioSystemsUM/cobamp,https://w3id.org/notebookfair#GitRepositoryResource,1,1,3
1191,pstjohn/d3flux,github,https://github.com/pstjohn/d3flux,https://w3id.org/notebookfair#GitRepositoryResource,3,1,1
1192,SysBioChalmers/Human-GEM,github,https://github.com/SysBioChalmers/Human-GEM,https://w3id.org/notebookfair#GitRepositoryResource,0,0,0
1193,sysmedicine/phd2020,github,https://github.com/sysmedicine/phd2020,https://w3id.org/notebookfair#GitRepositoryResource,2,0,0
1194,BIMIB-DISCo/scFBA,github,https://github.com/BIMIB-DISCo/scFBA,https://w3id.org/notebookfair#GitRepositoryResource,0,0,0
1195,opencobra/driven,github,https://github.com/opencobra/driven,https://w3id.org/notebookfair#GitRepositoryResource,1,1,1
1196,heliosdrm/pwr,github,https://github.com/heliosdrm/pwr,https://w3id.org/notebookfair#GitRepositoryResource,0,0,0
1197,3dem/relion,github,https://github.com/3dem/relion,https://w3id.org/notebookfair#GitRepositoryResource,0,0,0
1198,mobiusklein/brainpy,github,https://github.com/mobiusklein/brainpy,https://w3id.org/notebookfair#GitRepositoryResource,0,1,0
1199,kusterlab/prosit,github,https://github.com/kusterlab/prosit,https://w3id.org/notebookfair#GitRepositoryResource,0,1,0
1200,compomics/ms2rescore,github,https://github.com/compomics/ms2rescore,https://w3id.org/notebookfair#GitRepositoryResource,0,1,0
1201,apsoleimany/protease_activity_analysis,github,https://github.com/apsoleimany/protease_activity_analysis,https://w3id.org/notebookfair#GitRepositoryResource,5,1,0
1202,seung-lab/CAVEclient,github,https://github.com/seung-lab/CAVEclient,https://w3id.org/notebookfair#GitRepositoryResource,3,1,1
1203,DanBushey/CircuitCatcher,github,https://github.com/DanBushey/CircuitCatcher,https://w3id.org/notebookfair#GitRepositoryResource,91,0,0
1204,takashi310/VVD_Viewer,github,https://github.com/takashi310/VVD_Viewer,https://w3id.org/notebookfair#GitRepositoryResource,0,0,0
1205,INCF/nineml-spec,github,https://github.com/INCF/nineml-spec,https://w3id.org/notebookfair#GitRepositoryResource,0,0,0
1206,AllenInstitute/sonata,github,https://github.com/AllenInstitute/sonata,https://w3id.org/notebookfair#GitRepositoryResource,4,1,0
1207,BhallaLab/HillTau,github,https://github.com/BhallaLab/HillTau,https://w3id.org/notebookfair#GitRepositoryResource,0,2,0
1208,PEtab-dev/PEtab,github,https://github.com/PEtab-dev/PEtab,https://w3id.org/notebookfair#GitRepositoryResource,0,0,0
1209,Data2Dynamics/d2d,github,https://github.com/Data2Dynamics/d2d,https://w3id.org/notebookfair#GitRepositoryResource,0,0,0
1210,KaliLab/hippounit,github,https://github.com/KaliLab/hippounit,https://w3id.org/notebookfair#GitRepositoryResource,1,1,1
1211,upibhalla/HOSS,github,https://github.com/upibhalla/HOSS,https://w3id.org/notebookfair#GitRepositoryResource,0,0,0
1212,icpm-kth/uqsa,github,https://github.com/icpm-kth/uqsa,https://w3id.org/notebookfair#GitRepositoryResource,1,0,0
1213,lsbnb/eln,github,https://github.com/lsbnb/eln,https://w3id.org/notebookfair#GitRepositoryResource,0,0,0
1214,nationalarchives/UKGWA-computational-access,github,https://github.com/nationalarchives/UKGWA-computational-access,https://w3id.org/notebookfair#GitRepositoryResource,2,0,1
1215,internetarchive/heritrix3,github,https://github.com/internetarchive/heritrix3,https://w3id.org/notebookfair#GitRepositoryResource,0,0,1
1216,attayeb/snaq,github,https://github.com/attayeb/snaq,https://w3id.org/notebookfair#GitRepositoryResource,0,0,0
1217,Unisens/pyunisens,github,https://github.com/Unisens/pyunisens,https://w3id.org/notebookfair#GitRepositoryResource,0,1,1
1218,cph-cachet/cachet-ecg-db,github,https://github.com/cph-cachet/cachet-ecg-db,https://w3id.org/notebookfair#GitRepositoryResource,1,0,0
1219,pcm-dpc/COVID-19,github,https://github.com/pcm-dpc/COVID-19,https://w3id.org/notebookfair#GitRepositoryResource,0,0,0
1220,maxdevblock/covid19_sarima_calabria,github,https://github.com/maxdevblock/covid19_sarima_calabria,https://w3id.org/notebookfair#GitRepositoryResource,1,0,0
1221,fbranda/covid19-opendata-calabria,github,https://github.com/fbranda/covid19-opendata-calabria,https://w3id.org/notebookfair#GitRepositoryResource,0,0,0
1222,InfantLab/little-drummers,github,https://github.com/InfantLab/little-drummers,https://w3id.org/notebookfair#GitRepositoryResource,5,0,0
1223,InfantLab/VASC,github,https://github.com/InfantLab/VASC,https://w3id.org/notebookfair#GitRepositoryResource,7,0,0
1224,vahid-moravvej/Z-Alizadeh-Sani-myocarditis-dataset,github,https://github.com/vahid-moravvej/Z-Alizadeh-Sani-myocarditis-dataset,https://w3id.org/notebookfair#GitRepositoryResource,0,0,0
1225,gruber-sciencelab/SMEAGOL,github,https://github.com/gruber-sciencelab/SMEAGOL,https://w3id.org/notebookfair#GitRepositoryResource,1,1,1
1226,gruber-sciencelab/VirusHostInteractionAtlas,github,https://github.com/gruber-sciencelab/VirusHostInteractionAtlas,https://w3id.org/notebookfair#GitRepositoryResource,5,0,0
1227,xuhui-hu/SciData2021,github,https://github.com/xuhui-hu/SciData2021,https://w3id.org/notebookfair#GitRepositoryResource,4,0,1
1228,Mind-the-Pineapple/into-the-multiverse,github,https://github.com/Mind-the-Pineapple/into-the-multiverse,https://w3id.org/notebookfair#GitRepositoryResource,2,0,1
1229,fmfn/BayesianOptimization,github,https://github.com/fmfn/BayesianOptimization,https://w3id.org/notebookfair#GitRepositoryResource,6,1,0
1230,AlexandrovLab/SigProfilerMatrixGenerator,github,https://github.com/AlexandrovLab/SigProfilerMatrixGenerator,https://w3id.org/notebookfair#GitRepositoryResource,0,1,0
1231,Nik-Zainal-Group/signature.tools.lib,github,https://github.com/Nik-Zainal-Group/signature.tools.lib,https://w3id.org/notebookfair#GitRepositoryResource,0,0,0
1232,AlexandrovLab/SigProfilerExtractor,github,https://github.com/AlexandrovLab/SigProfilerExtractor,https://w3id.org/notebookfair#GitRepositoryResource,0,1,0
1233,greenelab/tybalt,github,https://github.com/greenelab/tybalt,https://w3id.org/notebookfair#GitRepositoryResource,9,1,0
1234,meyer-lab-cshl/plinkQC,github,https://github.com/meyer-lab-cshl/plinkQC,https://w3id.org/notebookfair#GitRepositoryResource,0,0,0
1235,andrewhaoyu/PAGEANT,github,https://github.com/andrewhaoyu/PAGEANT,https://w3id.org/notebookfair#GitRepositoryResource,0,0,0
1236,lehner-lab/RDGVassociation,github,https://github.com/lehner-lab/RDGVassociation,https://w3id.org/notebookfair#GitRepositoryResource,0,0,0
1237,neuronsimulator/nrn,github,https://github.com/neuronsimulator/nrn,https://w3id.org/notebookfair#GitRepositoryResource,18,1,0
1238,HumanBrainProject/olfactory-bulb-3d,github,https://github.com/HumanBrainProject/olfactory-bulb-3d,https://w3id.org/notebookfair#GitRepositoryResource,0,0,0
1239,src-d/hercules,github,https://github.com/src-d/hercules,https://w3id.org/notebookfair#GitRepositoryResource,0,1,1
1240,suny-downstate-medical-center/netpyne,github,https://github.com/suny-downstate-medical-center/netpyne,https://w3id.org/notebookfair#GitRepositoryResource,14,2,1
1241,suny-downstate-medical-center/M1_NEURON_paper,github,https://github.com/suny-downstate-medical-center/M1_NEURON_paper,https://w3id.org/notebookfair#GitRepositoryResource,0,0,0
1242,neuronsimulator/neuron_frontiers_2022_artifacts,github,https://github.com/neuronsimulator/neuron_frontiers_2022_artifacts,https://w3id.org/notebookfair#GitRepositoryResource,2,0,0
1243,carpentries-incubator/ml4bio-workshop,github,https://github.com/carpentries-incubator/ml4bio-workshop,https://w3id.org/notebookfair#GitRepositoryResource,1,0,0
1244,gitter-lab/ml4bio,github,https://github.com/gitter-lab/ml4bio,https://w3id.org/notebookfair#GitRepositoryResource,0,1,0
1245,ashrafilab/SynATP-Analysis,github,https://github.com/ashrafilab/SynATP-Analysis,https://w3id.org/notebookfair#GitRepositoryResource,1,0,0
1246,very-good-science/data-ethics-club,github,https://github.com/very-good-science/data-ethics-club,https://w3id.org/notebookfair#GitRepositoryResource,0,0,1
1247,alphagov/data-ethics-and-society-reading-group,github,https://github.com/alphagov/data-ethics-and-society-reading-group,https://w3id.org/notebookfair#GitRepositoryResource,0,0,0
1248,DataKind-UK/data-ethics-book-club-in-a-box,github,https://github.com/DataKind-UK/data-ethics-book-club-in-a-box,https://w3id.org/notebookfair#GitRepositoryResource,0,0,0
1249,all-contributors/all-contributors,github,https://github.com/all-contributors/all-contributors,https://w3id.org/notebookfair#GitRepositoryResource,0,0,0
1250,Strilanc/Quirk,github,https://github.com/Strilanc/Quirk,https://w3id.org/notebookfair#GitRepositoryResource,0,0,0
1251,perrygeo/python-rasterstats,github,https://github.com/perrygeo/python-rasterstats,https://w3id.org/notebookfair#GitRepositoryResource,5,1,0
1252,rasterio/rasterio,github,https://github.com/rasterio/rasterio,https://w3id.org/notebookfair#GitRepositoryResource,0,1,1
1253,Toblerity/Fiona,github,https://github.com/Toblerity/Fiona,https://w3id.org/notebookfair#GitRepositoryResource,0,1,1
1254,ceat-epfl/landscape-diarrhoea-civ,github,https://github.com/ceat-epfl/landscape-diarrhoea-civ,https://w3id.org/notebookfair#GitRepositoryResource,5,0,0
1255,sccnlab/PyMVPD,github,https://github.com/sccnlab/PyMVPD,https://w3id.org/notebookfair#GitRepositoryResource,1,1,1
1256,sccnlab/PyMVPD_LITE,github,https://github.com/sccnlab/PyMVPD_LITE,https://w3id.org/notebookfair#GitRepositoryResource,1,1,1
1257,kashyapchhatbar/eme_selex,github,https://github.com/kashyapchhatbar/eme_selex,https://w3id.org/notebookfair#GitRepositoryResource,1,0,1
1258,seqan/flexbar,github,https://github.com/seqan/flexbar,https://w3id.org/notebookfair#GitRepositoryResource,0,0,0
1259,snakemake/snakemake,github,https://github.com/snakemake/snakemake,https://w3id.org/notebookfair#GitRepositoryResource,2,1,1
1260,LeonidBystrykh/PY4DE,github,https://github.com/LeonidBystrykh/PY4DE,https://w3id.org/notebookfair#GitRepositoryResource,0,0,0
1261,DrubinBarnes/Jin_Shirazinejad_et_al_branched_actin_manuscript,github,https://github.com/DrubinBarnes/Jin_Shirazinejad_et_al_branched_actin_manuscript,https://w3id.org/notebookfair#GitRepositoryResource,131,0,0
1262,SystemsGenetics/kube-runner,github,https://github.com/SystemsGenetics/kube-runner,https://w3id.org/notebookfair#GitRepositoryResource,0,0,0
1263,EEM0N/sathorndata.github.io,github,https://github.com/EEM0N/sathorndata.github.io,https://w3id.org/notebookfair#GitRepositoryResource,1,0,0
1264,FlyBrainLab/OlfTrans,github,https://github.com/FlyBrainLab/OlfTrans,https://w3id.org/notebookfair#GitRepositoryResource,1,1,0
1265,mkturkcan/FeedbackCircuits,github,https://github.com/mkturkcan/FeedbackCircuits,https://w3id.org/notebookfair#GitRepositoryResource,7,0,0
1266,FlyBrainLab/datasets,github,https://github.com/FlyBrainLab/datasets,https://w3id.org/notebookfair#GitRepositoryResource,6,0,0
1267,kirstvh/MultiplexCrisprDOE,github,https://github.com/kirstvh/MultiplexCrisprDOE,https://w3id.org/notebookfair#GitRepositoryResource,14,0,0
1268,kirstvh/BioCCP.jl,github,https://github.com/kirstvh/BioCCP.jl,https://w3id.org/notebookfair#GitRepositoryResource,0,0,0
1269,ponyorm/pony,github,https://github.com/ponyorm/pony,https://w3id.org/notebookfair#GitRepositoryResource,0,1,0
1270,bagibence/hidenseek_hmm,github,https://github.com/bagibence/hidenseek_hmm,https://w3id.org/notebookfair#GitRepositoryResource,0,1,0
1271,AppliedBioinformatics/Truegene,github,https://github.com/AppliedBioinformatics/Truegene,https://w3id.org/notebookfair#GitRepositoryResource,2,0,0
1272,songlab-cal/tape,github,https://github.com/songlab-cal/tape,https://w3id.org/notebookfair#GitRepositoryResource,0,1,1
1273,lmcinnes/pynndescent,github,https://github.com/lmcinnes/pynndescent,https://w3id.org/notebookfair#GitRepositoryResource,6,1,2
1274,ardigen/microbiome-protein-embeddings,github,https://github.com/ardigen/microbiome-protein-embeddings,https://w3id.org/notebookfair#GitRepositoryResource,5,0,0
1275,wallet-maker/ANTICIPATE_COVID-19,github,https://github.com/wallet-maker/ANTICIPATE_COVID-19,https://w3id.org/notebookfair#GitRepositoryResource,1,0,0
1276,AstrobioMike/CoV-IRT-Micro,github,https://github.com/AstrobioMike/CoV-IRT-Micro,https://w3id.org/notebookfair#GitRepositoryResource,0,0,0
1277,dimiboeckaerts/PhageRBPdetection,github,https://github.com/dimiboeckaerts/PhageRBPdetection,https://w3id.org/notebookfair#GitRepositoryResource,3,0,0
1278,bcm-uga/pcadapt,github,https://github.com/bcm-uga/pcadapt,https://w3id.org/notebookfair#GitRepositoryResource,0,0,0
1279,jbloomlab/SARS-CoV-2_bottleneck,github,https://github.com/jbloomlab/SARS-CoV-2_bottleneck,https://w3id.org/notebookfair#GitRepositoryResource,5,0,0
1280,jlevy44/DH_Pressure_Injury_Prediction,github,https://github.com/jlevy44/DH_Pressure_Injury_Prediction,https://w3id.org/notebookfair#GitRepositoryResource,2,0,0
1281,UNC-optics/NOVO-CGH,github,https://github.com/UNC-optics/NOVO-CGH,https://w3id.org/notebookfair#GitRepositoryResource,0,0,0
1282,UNC-optics/DeepCGH,github,https://github.com/UNC-optics/DeepCGH,https://w3id.org/notebookfair#GitRepositoryResource,0,0,0
1283,UNC-optics/DCGH,github,https://github.com/UNC-optics/DCGH,https://w3id.org/notebookfair#GitRepositoryResource,0,0,0
1284,ravipurohit1991/lauetoolsnn,github,https://github.com/ravipurohit1991/lauetoolsnn,https://w3id.org/notebookfair#GitRepositoryResource,19,1,1
1285,janatalab/GEM,github,https://github.com/janatalab/GEM,https://w3id.org/notebookfair#GitRepositoryResource,0,0,1
1286,janatalab/GEM-Experiments-POC,github,https://github.com/janatalab/GEM-Experiments-POC,https://w3id.org/notebookfair#GitRepositoryResource,2,0,0
1287,EducationalTestingService/factor_analyzer,github,https://github.com/EducationalTestingService/factor_analyzer,https://w3id.org/notebookfair#GitRepositoryResource,2,1,1
1288,gjoni/trRosetta,github,https://github.com/gjoni/trRosetta,https://w3id.org/notebookfair#GitRepositoryResource,0,0,0
1289,audagnotto/trRosetta_xml,github,https://github.com/audagnotto/trRosetta_xml,https://w3id.org/notebookfair#GitRepositoryResource,0,0,0
1290,adavtyan/awsemmd,github,https://github.com/adavtyan/awsemmd,https://w3id.org/notebookfair#GitRepositoryResource,0,0,0
1291,pathology-dynamics/composite_view,github,https://github.com/pathology-dynamics/composite_view,https://w3id.org/notebookfair#GitRepositoryResource,2,1,0
1292,erdzeichen/KiMoPack,github,https://github.com/erdzeichen/KiMoPack,https://w3id.org/notebookfair#GitRepositoryResource,14,1,1
1293,combio-dku/MarkerCount,github,https://github.com/combio-dku/MarkerCount,https://w3id.org/notebookfair#GitRepositoryResource,2,0,0
1294,lamanno-epfl/rpe_differentiation_profiling_code,github,https://github.com/lamanno-epfl/rpe_differentiation_profiling_code,https://w3id.org/notebookfair#GitRepositoryResource,16,0,0
1295,kleelab-bch/MARS-Net,github,https://github.com/kleelab-bch/MARS-Net,https://w3id.org/notebookfair#GitRepositoryResource,5,0,1
1296,davidstutz/extended-berkeley-segmentation-benchmark,github,https://github.com/davidstutz/extended-berkeley-segmentation-benchmark,https://w3id.org/notebookfair#GitRepositoryResource,0,0,0
1297,DanuserLab/Windowing-Protrusion,github,https://github.com/DanuserLab/Windowing-Protrusion,https://w3id.org/notebookfair#GitRepositoryResource,0,0,0
1298,kwikteam/npy-matlab,github,https://github.com/kwikteam/npy-matlab,https://w3id.org/notebookfair#GitRepositoryResource,1,0,0
1299,abseil/abseil-py,github,https://github.com/abseil/abseil-py,https://w3id.org/notebookfair#GitRepositoryResource,0,1,1
1300,giampaolo/psutil,github,https://github.com/giampaolo/psutil,https://w3id.org/notebookfair#GitRepositoryResource,0,1,0
1301,wang-wendyy/Morphological_Pseudotime,github,https://github.com/wang-wendyy/Morphological_Pseudotime,https://w3id.org/notebookfair#GitRepositoryResource,2,0,0
1302,TRI-AMDD/CAMD,github,https://github.com/TRI-AMDD/CAMD,https://w3id.org/notebookfair#GitRepositoryResource,6,1,1
1303,SUNCAT-Center/protosearch,github,https://github.com/SUNCAT-Center/protosearch,https://w3id.org/notebookfair#GitRepositoryResource,0,1,1
1304,wolverton-research-group/qmpy,github,https://github.com/wolverton-research-group/qmpy,https://w3id.org/notebookfair#GitRepositoryResource,0,2,1
1305,mbettinger/collusion-resistant-worker-set-selection,github,https://github.com/mbettinger/collusion-resistant-worker-set-selection,https://w3id.org/notebookfair#GitRepositoryResource,2,0,0
1306,mbettinger/workflow-manager,github,https://github.com/mbettinger/workflow-manager,https://w3id.org/notebookfair#GitRepositoryResource,0,0,0
1307,IMAXT/imc-nuclear-segmentation,github,https://github.com/IMAXT/imc-nuclear-segmentation,https://w3id.org/notebookfair#GitRepositoryResource,0,1,0
1308,IMAXT/imaxt-image,github,https://github.com/IMAXT/imaxt-image,https://w3id.org/notebookfair#GitRepositoryResource,0,1,0
1309,li-lab-mcgill/covid-npi,github,https://github.com/li-lab-mcgill/covid-npi,https://w3id.org/notebookfair#GitRepositoryResource,0,0,0
1310,michalbukowski/rnaseq_pipeline,github,https://github.com/michalbukowski/rnaseq_pipeline,https://w3id.org/notebookfair#GitRepositoryResource,0,0,0
1311,KimGroup/XTEC,github,https://github.com/KimGroup/XTEC,https://w3id.org/notebookfair#GitRepositoryResource,3,1,0
1312,msw365/Integrins_degranulation_manuscript_code_Nat_Comm_2022,github,https://github.com/msw365/Integrins_degranulation_manuscript_code_Nat_Comm_2022,https://w3id.org/notebookfair#GitRepositoryResource,0,0,0
1313,axiezai/degranulation_MTP_fluorescence_average_line_scan_2021,github,https://github.com/axiezai/degranulation_MTP_fluorescence_average_line_scan_2021,https://w3id.org/notebookfair#GitRepositoryResource,3,0,0
1314,vilini007/HPC-GGBS-Concrete,github,https://github.com/vilini007/HPC-GGBS-Concrete,https://w3id.org/notebookfair#GitRepositoryResource,1,0,0
1315,gh-PankajKumar/ChemDataExtractorStressEng,github,https://github.com/gh-PankajKumar/ChemDataExtractorStressEng,https://w3id.org/notebookfair#GitRepositoryResource,12,2,3
1316,brookstaylorjr/MACKtrack,github,https://github.com/brookstaylorjr/MACKtrack,https://w3id.org/notebookfair#GitRepositoryResource,0,0,0
1317,bintulab/Spreading_Lensch_2022,github,https://github.com/bintulab/Spreading_Lensch_2022,https://w3id.org/notebookfair#GitRepositoryResource,12,0,0
1318,RafalKucharskiPK/MaaSSim,github,https://github.com/RafalKucharskiPK/MaaSSim,https://w3id.org/notebookfair#GitRepositoryResource,19,1,1
1319,FrancisCrickInstitute/protocolBLAST,github,https://github.com/FrancisCrickInstitute/protocolBLAST,https://w3id.org/notebookfair#GitRepositoryResource,1,0,0
1320,FrancisCrickInstitute/warpAnnotations,github,https://github.com/FrancisCrickInstitute/warpAnnotations,https://w3id.org/notebookfair#GitRepositoryResource,0,0,0
1321,dicarlolab/CORnet,github,https://github.com/dicarlolab/CORnet,https://w3id.org/notebookfair#GitRepositoryResource,0,1,0
1322,NickleDave/visual-search-nets,github,https://github.com/NickleDave/visual-search-nets,https://w3id.org/notebookfair#GitRepositoryResource,0,0,0
1323,NickleDave/searchstims,github,https://github.com/NickleDave/searchstims,https://w3id.org/notebookfair#GitRepositoryResource,0,0,0
1324,NickleDave/Nicholson-Prinz-JOV-DNNs-bio-vis,github,https://github.com/NickleDave/Nicholson-Prinz-JOV-DNNs-bio-vis,https://w3id.org/notebookfair#GitRepositoryResource,46,0,0
1325,NickleDave/NIH-Chest-X-Rays-Multi-Label-Image-Classification-In-Pytorch,github,https://github.com/NickleDave/NIH-Chest-X-Rays-Multi-Label-Image-Classification-In-Pytorch,https://w3id.org/notebookfair#GitRepositoryResource,0,0,0
1326,ernforslab/Hu-et-al._GBMlineage2022,github,https://github.com/ernforslab/Hu-et-al._GBMlineage2022,https://w3id.org/notebookfair#GitRepositoryResource,8,0,0
1327,WhitmanLab/WoodBuffalo2016,github,https://github.com/WhitmanLab/WoodBuffalo2016,https://w3id.org/notebookfair#GitRepositoryResource,2,0,0
1328,stjude/punctatools,github,https://github.com/stjude/punctatools,https://w3id.org/notebookfair#GitRepositoryResource,8,1,0
1329,Evolinc/Brassicaceae_lincRNAs,github,https://github.com/Evolinc/Brassicaceae_lincRNAs,https://w3id.org/notebookfair#GitRepositoryResource,1,0,1
1330,FelixKrueger/TrimGalore,github,https://github.com/FelixKrueger/TrimGalore,https://w3id.org/notebookfair#GitRepositoryResource,0,0,0
1331,Evolinc/Evolinc-II,github,https://github.com/Evolinc/Evolinc-II,https://w3id.org/notebookfair#GitRepositoryResource,0,0,0
1332,maurergroup/SchNet-vdW,github,https://github.com/maurergroup/SchNet-vdW,https://w3id.org/notebookfair#GitRepositoryResource,0,1,0
1333,juliawestermayr/schnetpack,github,https://github.com/juliawestermayr/schnetpack,https://w3id.org/notebookfair#GitRepositoryResource,4,2,1
1334,sabia-group/gensec,github,https://github.com/sabia-group/gensec,https://w3id.org/notebookfair#GitRepositoryResource,0,0,0
1335,libmbd/libmbd,github,https://github.com/libmbd/libmbd,https://w3id.org/notebookfair#GitRepositoryResource,0,0,0
1336,fpom/ecco,github,https://github.com/fpom/ecco,https://w3id.org/notebookfair#GitRepositoryResource,5,1,0
1337,ChristianMarzahl/EIPH_WSI,github,https://github.com/ChristianMarzahl/EIPH_WSI,https://w3id.org/notebookfair#GitRepositoryResource,92,0,2
1338,ericdanner/SpacerNick,github,https://github.com/ericdanner/SpacerNick,https://w3id.org/notebookfair#GitRepositoryResource,11,0,0
1339,mic-pan/Modularity-SysBio,github,https://github.com/mic-pan/Modularity-SysBio,https://w3id.org/notebookfair#GitRepositoryResource,3,0,0
1340,Niloofar-Sh/EGFR_MAPK,github,https://github.com/Niloofar-Sh/EGFR_MAPK,https://w3id.org/notebookfair#GitRepositoryResource,6,0,0
1341,BondGraphTools/BondGraphTools,github,https://github.com/BondGraphTools/BondGraphTools,https://w3id.org/notebookfair#GitRepositoryResource,0,1,2
1342,SCAI-BIO/data-steward,github,https://github.com/SCAI-BIO/data-steward,https://w3id.org/notebookfair#GitRepositoryResource,0,0,1
1343,smazzanti/mrmr,github,https://github.com/smazzanti/mrmr,https://w3id.org/notebookfair#GitRepositoryResource,0,1,0
1344,llniu/ALD-study,github,https://github.com/llniu/ALD-study,https://w3id.org/notebookfair#GitRepositoryResource,4,0,3
1345,n-szulc/fingeRNAt,github,https://github.com/n-szulc/fingeRNAt,https://w3id.org/notebookfair#GitRepositoryResource,0,0,0
1346,n-szulc/fingeRNAt-supplementary,github,https://github.com/n-szulc/fingeRNAt-supplementary,https://w3id.org/notebookfair#GitRepositoryResource,8,0,0
1347,filipsPL/annapurna-additional,github,https://github.com/filipsPL/annapurna-additional,https://w3id.org/notebookfair#GitRepositoryResource,0,0,0
1348,busmangit/nlpezq,github,https://github.com/busmangit/nlpezq,https://w3id.org/notebookfair#GitRepositoryResource,3,0,0
1349,ablab/HORmon,github,https://github.com/ablab/HORmon,https://w3id.org/notebookfair#GitRepositoryResource,0,1,1
1350,TanyaDvorkina/hormon_paper,github,https://github.com/TanyaDvorkina/hormon_paper,https://w3id.org/notebookfair#GitRepositoryResource,0,0,0
1351,douglowe/WRF_UoM_EMIT,github,https://github.com/douglowe/WRF_UoM_EMIT,https://w3id.org/notebookfair#GitRepositoryResource,0,0,0
1352,mapbox/rasterio,github,https://github.com/mapbox/rasterio,https://w3id.org/notebookfair#GitRepositoryResource,0,1,1
1353,denisecailab/minian,github,https://github.com/denisecailab/minian,https://w3id.org/notebookfair#GitRepositoryResource,2,1,0
1354,SimonBirrell/dep-control,github,https://github.com/SimonBirrell/dep-control,https://w3id.org/notebookfair#GitRepositoryResource,3,0,0
1355,BlueBrain/EModelRunner,github,https://github.com/BlueBrain/EModelRunner,https://w3id.org/notebookfair#GitRepositoryResource,0,1,0
1356,BlueBrain/Brayns,github,https://github.com/BlueBrain/Brayns,https://w3id.org/notebookfair#GitRepositoryResource,0,1,1
1357,Neuronal-Oscillations/FLUX,github,https://github.com/Neuronal-Oscillations/FLUX,https://w3id.org/notebookfair#GitRepositoryResource,16,0,0
1358,fish-quant/big-fish-examples,github,https://github.com/fish-quant/big-fish-examples,https://w3id.org/notebookfair#GitRepositoryResource,7,1,1
1359,joblib/joblib,github,https://github.com/joblib/joblib,https://w3id.org/notebookfair#GitRepositoryResource,0,2,0
1360,predictive-clinical-neuroscience/PCNtoolkit-demo,github,https://github.com/predictive-clinical-neuroscience/PCNtoolkit-demo,https://w3id.org/notebookfair#GitRepositoryResource,9,0,1
1361,BaselLaserMouse/BakingTray,github,https://github.com/BaselLaserMouse/BakingTray,https://w3id.org/notebookfair#GitRepositoryResource,0,0,0
1362,BaselLaserMouse/StitchIt,github,https://github.com/BaselLaserMouse/StitchIt,https://w3id.org/notebookfair#GitRepositoryResource,0,0,0
1363,alexanderbrown/masiv,github,https://github.com/alexanderbrown/masiv,https://w3id.org/notebookfair#GitRepositoryResource,0,0,0
1364,brainglobe/brainreg,github,https://github.com/brainglobe/brainreg,https://w3id.org/notebookfair#GitRepositoryResource,0,0,0
1365,TensorFlow/models,github,https://github.com/TensorFlow/models,https://w3id.org/notebookfair#GitRepositoryResource,46,7,4
1366,xingyizhou/CenterNet,github,https://github.com/xingyizhou/CenterNet,https://w3id.org/notebookfair#GitRepositoryResource,0,2,1
1367,SeuntjensLab/Easy_HCR,github,https://github.com/SeuntjensLab/Easy_HCR,https://w3id.org/notebookfair#GitRepositoryResource,3,0,0
1368,bittremieux/GLEAMS,github,https://github.com/bittremieux/GLEAMS,https://w3id.org/notebookfair#GitRepositoryResource,0,1,0
1369,bittremieux/GLEAMS_notebooks,github,https://github.com/bittremieux/GLEAMS_notebooks,https://w3id.org/notebookfair#GitRepositoryResource,13,0,0
1370,hoytech/vmtouch,github,https://github.com/hoytech/vmtouch,https://w3id.org/notebookfair#GitRepositoryResource,0,0,0
1371,nteract/papermill,github,https://github.com/nteract/papermill,https://w3id.org/notebookfair#GitRepositoryResource,27,1,3
1372,konstin/ColabFold,github,https://github.com/konstin/ColabFold,https://w3id.org/notebookfair#GitRepositoryResource,16,0,0
1373,soedinglab/mmseqs2-app,github,https://github.com/soedinglab/mmseqs2-app,https://w3id.org/notebookfair#GitRepositoryResource,0,0,0
1374,voila-dashboards/voila,github,https://github.com/voila-dashboards/voila,https://w3id.org/notebookfair#GitRepositoryResource,35,3,0
1375,mcs07/MolVS,github,https://github.com/mcs07/MolVS,https://w3id.org/notebookfair#GitRepositoryResource,1,1,0
1376,enricogandini/paper_similarity_prediction,github,https://github.com/enricogandini/paper_similarity_prediction,https://w3id.org/notebookfair#GitRepositoryResource,3,0,1
1377,canzarlab/heterochr_silencing,github,https://github.com/canzarlab/heterochr_silencing,https://w3id.org/notebookfair#GitRepositoryResource,43,0,0
1378,calico/solo,github,https://github.com/calico/solo,https://w3id.org/notebookfair#GitRepositoryResource,0,1,1
1379,JonathanShor/DoubletDetection,github,https://github.com/JonathanShor/DoubletDetection,https://w3id.org/notebookfair#GitRepositoryResource,1,1,0
1380,13308204545/Chord,github,https://github.com/13308204545/Chord,https://w3id.org/notebookfair#GitRepositoryResource,0,0,0
1381,robertmartin8/PyPortfolioOpt,github,https://github.com/robertmartin8/PyPortfolioOpt,https://w3id.org/notebookfair#GitRepositoryResource,5,1,1
1382,qingkaikong/damaged_building_detection,github,https://github.com/qingkaikong/damaged_building_detection,https://w3id.org/notebookfair#GitRepositoryResource,5,0,0
1383,bioexcel/biobb_remote,github,https://github.com/bioexcel/biobb_remote,https://w3id.org/notebookfair#GitRepositoryResource,3,1,1
1384,bioexcel/biobb_workflows,github,https://github.com/bioexcel/biobb_workflows,https://w3id.org/notebookfair#GitRepositoryResource,0,0,0
1385,Jessdlin/CellCounter,github,https://github.com/Jessdlin/CellCounter,https://w3id.org/notebookfair#GitRepositoryResource,0,1,0
1386,jessdlin/cellcounter,github,https://github.com/jessdlin/cellcounter,https://w3id.org/notebookfair#GitRepositoryResource,0,1,0
1387,samplchallenges/SAMPL8,github,https://github.com/samplchallenges/SAMPL8,https://w3id.org/notebookfair#GitRepositoryResource,6,0,0
1388,czodrowskilab/Machine-learning-meets-pKa,github,https://github.com/czodrowskilab/Machine-learning-meets-pKa,https://w3id.org/notebookfair#GitRepositoryResource,1,0,0
1389,mayrf/pkasolver,github,https://github.com/mayrf/pkasolver,https://w3id.org/notebookfair#GitRepositoryResource,3,1,0
1390,wiederm/pkasolver-data,github,https://github.com/wiederm/pkasolver-data,https://w3id.org/notebookfair#GitRepositoryResource,1,0,0
1391,RSA-benchmarks/collaborative-comparison,github,https://github.com/RSA-benchmarks/collaborative-comparison,https://w3id.org/notebookfair#GitRepositoryResource,21,0,0
1392,stardist/stardist,github,https://github.com/stardist/stardist,https://w3id.org/notebookfair#GitRepositoryResource,14,1,0
1393,U-Shift/cyclands,github,https://github.com/U-Shift/cyclands,https://w3id.org/notebookfair#GitRepositoryResource,32,0,0
1394,rociojoo/mov-eco-review,github,https://github.com/rociojoo/mov-eco-review,https://w3id.org/notebookfair#GitRepositoryResource,0,0,0
1395,embruna/refsplitr,github,https://github.com/embruna/refsplitr,https://w3id.org/notebookfair#GitRepositoryResource,0,0,0
1396,VivianMonzon/FAL_prediction,github,https://github.com/VivianMonzon/FAL_prediction,https://w3id.org/notebookfair#GitRepositoryResource,1,0,1
1397,Bioprotocols/paml,github,https://github.com/Bioprotocols/paml,https://w3id.org/notebookfair#GitRepositoryResource,10,1,0
1398,yachielab/QUEEN,github,https://github.com/yachielab/QUEEN,https://w3id.org/notebookfair#GitRepositoryResource,14,1,0
1399,SBRCNottingham/CnecatorGSM,github,https://github.com/SBRCNottingham/CnecatorGSM,https://w3id.org/notebookfair#GitRepositoryResource,5,0,0
1400,m-jahn/genome-scale-models,github,https://github.com/m-jahn/genome-scale-models,https://w3id.org/notebookfair#GitRepositoryResource,0,0,0
1401,maranasgroup/iRhto_memote,github,https://github.com/maranasgroup/iRhto_memote,https://w3id.org/notebookfair#GitRepositoryResource,0,0,0
1402,NeuroML/NeuroMLlite,github,https://github.com/NeuroML/NeuroMLlite,https://w3id.org/notebookfair#GitRepositoryResource,0,1,1
1403,elceef/dnstwist,github,https://github.com/elceef/dnstwist,https://w3id.org/notebookfair#GitRepositoryResource,0,1,1
1404,womega/covid19-malicious-domain-names-classification,github,https://github.com/womega/covid19-malicious-domain-names-classification,https://w3id.org/notebookfair#GitRepositoryResource,0,0,0
1405,1049451037/MagicBaidu,github,https://github.com/1049451037/MagicBaidu,https://w3id.org/notebookfair#GitRepositoryResource,0,1,0
1406,fowler-lab/bashthebug-consensus-dataset,github,https://github.com/fowler-lab/bashthebug-consensus-dataset,https://w3id.org/notebookfair#GitRepositoryResource,1,0,1
1407,fowler-lab/pyniverse,github,https://github.com/fowler-lab/pyniverse,https://w3id.org/notebookfair#GitRepositoryResource,0,1,0
1408,fowler-lab/bashthebug,github,https://github.com/fowler-lab/bashthebug,https://w3id.org/notebookfair#GitRepositoryResource,0,1,0
1409,zooniverse/panoptes-cli,github,https://github.com/zooniverse/panoptes-cli,https://w3id.org/notebookfair#GitRepositoryResource,0,1,0
1410,thenineteen/Semiology-Visualisation-Tool,github,https://github.com/thenineteen/Semiology-Visualisation-Tool,https://w3id.org/notebookfair#GitRepositoryResource,2,1,1
1411,thenineteen/Semio2Brain-Database,github,https://github.com/thenineteen/Semio2Brain-Database,https://w3id.org/notebookfair#GitRepositoryResource,0,0,0
1412,alchemab/antiberta,github,https://github.com/alchemab/antiberta,https://w3id.org/notebookfair#GitRepositoryResource,2,0,0
1413,electronicvisions/hxcomm,github,https://github.com/electronicvisions/hxcomm,https://w3id.org/notebookfair#GitRepositoryResource,0,0,0
1414,electronicvisions/sctrltp,github,https://github.com/electronicvisions/sctrltp,https://w3id.org/notebookfair#GitRepositoryResource,0,0,0
1415,electronicvisions/flange,github,https://github.com/electronicvisions/flange,https://w3id.org/notebookfair#GitRepositoryResource,0,0,0
1416,electronicvisions/fisch,github,https://github.com/electronicvisions/fisch,https://w3id.org/notebookfair#GitRepositoryResource,0,0,0
1417,electronicvisions/halco,github,https://github.com/electronicvisions/halco,https://w3id.org/notebookfair#GitRepositoryResource,0,0,0
1418,electronicvisions/haldls,github,https://github.com/electronicvisions/haldls,https://w3id.org/notebookfair#GitRepositoryResource,0,0,0
1419,electronicvisions/hwdb,github,https://github.com/electronicvisions/hwdb,https://w3id.org/notebookfair#GitRepositoryResource,0,0,0
1420,electronicvisions/libnux,github,https://github.com/electronicvisions/libnux,https://w3id.org/notebookfair#GitRepositoryResource,0,0,0
1421,electronicvisions/calix,github,https://github.com/electronicvisions/calix,https://w3id.org/notebookfair#GitRepositoryResource,0,0,0
1422,electronicvisions/grenade,github,https://github.com/electronicvisions/grenade,https://w3id.org/notebookfair#GitRepositoryResource,0,0,0
1423,electronicvisions/pynn-brainscales,github,https://github.com/electronicvisions/pynn-brainscales,https://w3id.org/notebookfair#GitRepositoryResource,0,0,0
1424,electronicvisions/hxtorch,github,https://github.com/electronicvisions/hxtorch,https://w3id.org/notebookfair#GitRepositoryResource,0,0,0
1425,electronicvisions/brainscales2-demos,github,https://github.com/electronicvisions/brainscales2-demos,https://w3id.org/notebookfair#GitRepositoryResource,0,0,0
1426,fraillt/bitsery,github,https://github.com/fraillt/bitsery,https://w3id.org/notebookfair#GitRepositoryResource,0,0,0
1427,pyYeast/yeast-morphology-tutorial,github,https://github.com/pyYeast/yeast-morphology-tutorial,https://w3id.org/notebookfair#GitRepositoryResource,1,0,0
1428,yshen25/EPI_ML,github,https://github.com/yshen25/EPI_ML,https://w3id.org/notebookfair#GitRepositoryResource,2,0,0
1429,llniu/Human_Liver_Proteome,github,https://github.com/llniu/Human_Liver_Proteome,https://w3id.org/notebookfair#GitRepositoryResource,1,0,0
1430,huhlim/alphafold-multistate,github,https://github.com/huhlim/alphafold-multistate,https://w3id.org/notebookfair#GitRepositoryResource,2,0,1
1431,collaborativebioinformatics/STRdust,github,https://github.com/collaborativebioinformatics/STRdust,https://w3id.org/notebookfair#GitRepositoryResource,0,1,0
1432,collaborativebioinformatics/kTom,github,https://github.com/collaborativebioinformatics/kTom,https://w3id.org/notebookfair#GitRepositoryResource,0,0,0
1433,collaborativebioinformatics/InSeption,github,https://github.com/collaborativebioinformatics/InSeption,https://w3id.org/notebookfair#GitRepositoryResource,0,0,1
1434,collaborativebioinformatics/GeneVar2,github,https://github.com/collaborativebioinformatics/GeneVar2,https://w3id.org/notebookfair#GitRepositoryResource,0,0,0
1435,collaborativebioinformatics/cov2db,github,https://github.com/collaborativebioinformatics/cov2db,https://w3id.org/notebookfair#GitRepositoryResource,0,0,0
1436,collaborativebioinformatics/kvar,github,https://github.com/collaborativebioinformatics/kvar,https://w3id.org/notebookfair#GitRepositoryResource,0,0,1
1437,collaborativebioinformatics/imavirus,github,https://github.com/collaborativebioinformatics/imavirus,https://w3id.org/notebookfair#GitRepositoryResource,0,0,0
1438,collaborativebioinformatics/RPG_Pikachu,github,https://github.com/collaborativebioinformatics/RPG_Pikachu,https://w3id.org/notebookfair#GitRepositoryResource,0,0,0
1439,alibashir/pacmonstr,github,https://github.com/alibashir/pacmonstr,https://w3id.org/notebookfair#GitRepositoryResource,0,2,0
1440,davidebolo1993/TRiCoLOR,github,https://github.com/davidebolo1993/TRiCoLOR,https://w3id.org/notebookfair#GitRepositoryResource,0,1,0
1441,gmarcais/Jellyfish,github,https://github.com/gmarcais/Jellyfish,https://w3id.org/notebookfair#GitRepositoryResource,0,1,0
1442,schatzlab/genomescope,github,https://github.com/schatzlab/genomescope,https://w3id.org/notebookfair#GitRepositoryResource,0,0,0
1443,urmi-21/PlncPRO,github,https://github.com/urmi-21/PlncPRO,https://w3id.org/notebookfair#GitRepositoryResource,1,1,1
1444,MannLabs/structuremap_analysis,github,https://github.com/MannLabs/structuremap_analysis,https://w3id.org/notebookfair#GitRepositoryResource,9,0,0
1445,MannLabs/structuremap,github,https://github.com/MannLabs/structuremap,https://w3id.org/notebookfair#GitRepositoryResource,1,1,1
1446,MannLabs/alphamap,github,https://github.com/MannLabs/alphamap,https://w3id.org/notebookfair#GitRepositoryResource,10,1,1
1447,molstar/pdbe-molstar,github,https://github.com/molstar/pdbe-molstar,https://w3id.org/notebookfair#GitRepositoryResource,0,0,0
1448,s-will/BiAlign,github,https://github.com/s-will/BiAlign,https://w3id.org/notebookfair#GitRepositoryResource,3,1,0
1449,Heidy-Elkhaligy/Comparative-Analysis-of-Structural-Features-in-SLiMs-from-Eukaryotes-Bacteria-and-Viruses,github,https://github.com/Heidy-Elkhaligy/Comparative-Analysis-of-Structural-Features-in-SLiMs-from-Eukaryotes-Bacteria-and-Viruses,https://w3id.org/notebookfair#GitRepositoryResource,5,0,0
1450,adriannejnner/PhysiCell-GBM-oHSV1,github,https://github.com/adriannejnner/PhysiCell-GBM-oHSV1,https://w3id.org/notebookfair#GitRepositoryResource,0,0,0
1451,rheiland/xml2jupyter,github,https://github.com/rheiland/xml2jupyter,https://w3id.org/notebookfair#GitRepositoryResource,3,0,1
1452,malayrb/Thesis,github,https://github.com/malayrb/Thesis,https://w3id.org/notebookfair#GitRepositoryResource,0,0,0
1453,ehsanasgari/dimotif,github,https://github.com/ehsanasgari/dimotif,https://w3id.org/notebookfair#GitRepositoryResource,2,0,0
1454,SeldonIO/alibi,github,https://github.com/SeldonIO/alibi,https://w3id.org/notebookfair#GitRepositoryResource,97,1,1
1455,h2oai/mli-resources,github,https://github.com/h2oai/mli-resources,https://w3id.org/notebookfair#GitRepositoryResource,11,0,0
1456,interpretml/interpret,github,https://github.com/interpretml/interpret,https://w3id.org/notebookfair#GitRepositoryResource,28,5,1
1457,EthicalML/xai,github,https://github.com/EthicalML/xai,https://w3id.org/notebookfair#GitRepositoryResource,1,1,1
1458,sicara/tf-explain,github,https://github.com/sicara/tf-explain,https://w3id.org/notebookfair#GitRepositoryResource,1,1,1
1459,albermax/innvestigate,github,https://github.com/albermax/innvestigate,https://w3id.org/notebookfair#GitRepositoryResource,8,0,0
1460,TeamHG-Memex/eli5,github,https://github.com/TeamHG-Memex/eli5,https://w3id.org/notebookfair#GitRepositoryResource,10,1,2
1461,JohannaRahm/SPTAnalyser,github,https://github.com/JohannaRahm/SPTAnalyser,https://w3id.org/notebookfair#GitRepositoryResource,9,1,0
1462,SMLMS/pyErmine,github,https://github.com/SMLMS/pyErmine,https://w3id.org/notebookfair#GitRepositoryResource,0,1,0
1463,SMLMS/fossa,github,https://github.com/SMLMS/fossa,https://w3id.org/notebookfair#GitRepositoryResource,0,0,0
1464,SMLMS/ermine-tutorial,github,https://github.com/SMLMS/ermine-tutorial,https://w3id.org/notebookfair#GitRepositoryResource,6,0,0
1465,Wytamma/beastiary,github,https://github.com/Wytamma/beastiary,https://w3id.org/notebookfair#GitRepositoryResource,0,0,0
1466,davidmrutkowski/1DReflectingDiffusion,github,https://github.com/davidmrutkowski/1DReflectingDiffusion,https://w3id.org/notebookfair#GitRepositoryResource,0,0,0
1467,paulocaldas/PhotobleachingCorrectionSPT,github,https://github.com/paulocaldas/PhotobleachingCorrectionSPT,https://w3id.org/notebookfair#GitRepositoryResource,1,0,0
1468,TauferLab/Src_Metabolomics,github,https://github.com/TauferLab/Src_Metabolomics,https://w3id.org/notebookfair#GitRepositoryResource,1,0,0
1469,zimmermangroup/ActiveTransfer,github,https://github.com/zimmermangroup/ActiveTransfer,https://w3id.org/notebookfair#GitRepositoryResource,5,0,1
1470,ZimmermanGroup/ActiveTransfer,github,https://github.com/ZimmermanGroup/ActiveTransfer,https://w3id.org/notebookfair#GitRepositoryResource,5,0,1
1471,bobbypaton/Sterimol,github,https://github.com/bobbypaton/Sterimol,https://w3id.org/notebookfair#GitRepositoryResource,0,0,1
1472,INM-6/beNNch,github,https://github.com/INM-6/beNNch,https://w3id.org/notebookfair#GitRepositoryResource,0,0,1
1473,INM-6/Builder,github,https://github.com/INM-6/Builder,https://w3id.org/notebookfair#GitRepositoryResource,0,0,0
1474,INM-6/beNNch-models,github,https://github.com/INM-6/beNNch-models,https://w3id.org/notebookfair#GitRepositoryResource,0,0,1
1475,INM-6/multi-area-model,github,https://github.com/INM-6/multi-area-model,https://w3id.org/notebookfair#GitRepositoryResource,1,0,1
1476,INM-6/beNNch-plot,github,https://github.com/INM-6/beNNch-plot,https://w3id.org/notebookfair#GitRepositoryResource,0,1,0
1477,hakimel/reveal.js,github,https://github.com/hakimel/reveal.js,https://w3id.org/notebookfair#GitRepositoryResource,0,0,0
1478,rust-lang/rustc-perf,github,https://github.com/rust-lang/rustc-perf,https://w3id.org/notebookfair#GitRepositoryResource,0,0,0
1479,IDSIA/sacred,github,https://github.com/IDSIA/sacred,https://w3id.org/notebookfair#GitRepositoryResource,0,1,1
1480,engjen/cycIF_Validation,github,https://github.com/engjen/cycIF_Validation,https://w3id.org/notebookfair#GitRepositoryResource,19,0,0
1481,Biosoft-ru/pybiouml,github,https://github.com/Biosoft-ru/pybiouml,https://w3id.org/notebookfair#GitRepositoryResource,1,0,1
1482,mozilla/rhino,github,https://github.com/mozilla/rhino,https://w3id.org/notebookfair#GitRepositoryResource,0,0,0
1483,UCSD-AI4H/COVID-CT,github,https://github.com/UCSD-AI4H/COVID-CT,https://w3id.org/notebookfair#GitRepositoryResource,1,0,0
1484,ieee8023/COVID-chestxray-dataset,github,https://github.com/ieee8023/COVID-chestxray-dataset,https://w3id.org/notebookfair#GitRepositoryResource,3,0,2
1485,statmlben/Variant-SVM,github,https://github.com/statmlben/Variant-SVM,https://w3id.org/notebookfair#GitRepositoryResource,0,2,1
1486,liquidSVM/liquidSVM,github,https://github.com/liquidSVM/liquidSVM,https://w3id.org/notebookfair#GitRepositoryResource,1,1,0
1487,pyratlib/pyrat,github,https://github.com/pyratlib/pyrat,https://w3id.org/notebookfair#GitRepositoryResource,5,1,0
1488,mtinti/DH_Oligo-targeting,github,https://github.com/mtinti/DH_Oligo-targeting,https://w3id.org/notebookfair#GitRepositoryResource,19,0,0
1489,SuperDARNCanada/globus,github,https://github.com/SuperDARNCanada/globus,https://w3id.org/notebookfair#GitRepositoryResource,0,0,0
1490,volkamerlab/teachopencadd,github,https://github.com/volkamerlab/teachopencadd,https://w3id.org/notebookfair#GitRepositoryResource,29,1,0
1491,MaayanLab/sigcom-lincs,github,https://github.com/MaayanLab/sigcom-lincs,https://w3id.org/notebookfair#GitRepositoryResource,4,0,0
1492,MaayanLab/signature-commons,github,https://github.com/MaayanLab/signature-commons,https://w3id.org/notebookfair#GitRepositoryResource,0,0,0
1493,MaayanLab/AutoSigGen,github,https://github.com/MaayanLab/AutoSigGen,https://w3id.org/notebookfair#GitRepositoryResource,6,0,0
1494,PharminfoVienna/Off-target-P-ML,github,https://github.com/PharminfoVienna/Off-target-P-ML,https://w3id.org/notebookfair#GitRepositoryResource,0,0,0
1495,OmkarSaMo/Pangenome_Sec_Met,github,https://github.com/OmkarSaMo/Pangenome_Sec_Met,https://w3id.org/notebookfair#GitRepositoryResource,10,0,0
1496,biorack/simile,github,https://github.com/biorack/simile,https://w3id.org/notebookfair#GitRepositoryResource,1,0,0
1497,k1moradi/SynapseModelingUtility,github,https://github.com/k1moradi/SynapseModelingUtility,https://w3id.org/notebookfair#GitRepositoryResource,0,0,0
1498,k1moradi/MachineLearningSynapsePhysiology,github,https://github.com/k1moradi/MachineLearningSynapsePhysiology,https://w3id.org/notebookfair#GitRepositoryResource,1,0,0
1499,RudgeLab/LOICA,github,https://github.com/RudgeLab/LOICA,https://w3id.org/notebookfair#GitRepositoryResource,12,1,1
1500,danylodanylo/math-model-epileptogenesis,github,https://github.com/danylodanylo/math-model-epileptogenesis,https://w3id.org/notebookfair#GitRepositoryResource,54,0,0
1501,DataSciBurgoon/toxcast_steroidogenesis,github,https://github.com/DataSciBurgoon/toxcast_steroidogenesis,https://w3id.org/notebookfair#GitRepositoryResource,1,0,0
1502,bwicky/covid_nAb_sensor_simulation,github,https://github.com/bwicky/covid_nAb_sensor_simulation,https://w3id.org/notebookfair#GitRepositoryResource,1,0,0
1503,jalvesaq/Nvim-R,github,https://github.com/jalvesaq/Nvim-R,https://w3id.org/notebookfair#GitRepositoryResource,0,0,0
1504,jhallen/joes-sandbox,github,https://github.com/jhallen/joes-sandbox,https://w3id.org/notebookfair#GitRepositoryResource,0,0,0
1505,Rdatatable/data.table,github,https://github.com/Rdatatable/data.table,https://w3id.org/notebookfair#GitRepositoryResource,0,0,0
1506,rstudio/rstudio,github,https://github.com/rstudio/rstudio,https://w3id.org/notebookfair#GitRepositoryResource,0,0,1
1507,REditorSupport/sublime-ide-r,github,https://github.com/REditorSupport/sublime-ide-r,https://w3id.org/notebookfair#GitRepositoryResource,0,0,0
1508,randy3k/SendCode,github,https://github.com/randy3k/SendCode,https://w3id.org/notebookfair#GitRepositoryResource,0,0,0
1509,halpo/NppToR,github,https://github.com/halpo/NppToR,https://w3id.org/notebookfair#GitRepositoryResource,0,0,0
1510,oar-team/cigri,github,https://github.com/oar-team/cigri,https://w3id.org/notebookfair#GitRepositoryResource,0,0,0
1511,bowman-lab/diffnets,github,https://github.com/bowman-lab/diffnets,https://w3id.org/notebookfair#GitRepositoryResource,1,1,0
1512,josejimenezluna/delfta,github,https://github.com/josejimenezluna/delfta,https://w3id.org/notebookfair#GitRepositoryResource,3,1,0
1513,lucidrains/egnn-pytorch,github,https://github.com/lucidrains/egnn-pytorch,https://w3id.org/notebookfair#GitRepositoryResource,1,1,0
1514,pyepics/pyepics,github,https://github.com/pyepics/pyepics,https://w3id.org/notebookfair#GitRepositoryResource,0,1,1
1515,DEIB-GECO/ShallowChrome,github,https://github.com/DEIB-GECO/ShallowChrome,https://w3id.org/notebookfair#GitRepositoryResource,5,0,0
1516,Shamrat777/Lung-Disease-Classiffication,github,https://github.com/Shamrat777/Lung-Disease-Classiffication,https://w3id.org/notebookfair#GitRepositoryResource,1,0,0
1517,LiminLi-xjtu/XGSEA,github,https://github.com/LiminLi-xjtu/XGSEA,https://w3id.org/notebookfair#GitRepositoryResource,0,0,0
1518,saezlab/transcriptutorial,github,https://github.com/saezlab/transcriptutorial,https://w3id.org/notebookfair#GitRepositoryResource,0,0,0
1519,hosseinshn/AITL,github,https://github.com/hosseinshn/AITL,https://w3id.org/notebookfair#GitRepositoryResource,3,0,0
1520,NKI-CCB/PRECISE,github,https://github.com/NKI-CCB/PRECISE,https://w3id.org/notebookfair#GitRepositoryResource,0,1,1
1521,theislab/trvae_reproducibility,github,https://github.com/theislab/trvae_reproducibility,https://w3id.org/notebookfair#GitRepositoryResource,12,0,0
1522,wgmao/PLIER,github,https://github.com/wgmao/PLIER,https://w3id.org/notebookfair#GitRepositoryResource,0,0,0
1523,greenelab/multi-plier,github,https://github.com/greenelab/multi-plier,https://w3id.org/notebookfair#GitRepositoryResource,0,0,0
1524,radlab-sketch/event-quadrotor-mocap,github,https://github.com/radlab-sketch/event-quadrotor-mocap,https://w3id.org/notebookfair#GitRepositoryResource,0,0,0
1525,thw17/Pan_reassembly,github,https://github.com/thw17/Pan_reassembly,https://w3id.org/notebookfair#GitRepositoryResource,0,0,0
1526,brandcm/Pan_Demography,github,https://github.com/brandcm/Pan_Demography,https://w3id.org/notebookfair#GitRepositoryResource,1,0,0
1527,Confareneoclassico/Expenditure_modelling,github,https://github.com/Confareneoclassico/Expenditure_modelling,https://w3id.org/notebookfair#GitRepositoryResource,5,0,1
1528,CasperVector/ihep-pkg-ose,github,https://github.com/CasperVector/ihep-pkg-ose,https://w3id.org/notebookfair#GitRepositoryResource,0,0,0
1529,tskit-dev/pyslim,github,https://github.com/tskit-dev/pyslim,https://w3id.org/notebookfair#GitRepositoryResource,0,1,3
1530,elissasoroj/shadie,github,https://github.com/elissasoroj/shadie,https://w3id.org/notebookfair#GitRepositoryResource,28,1,0
1531,BruntonUWBio/ajile12-nwb-data,github,https://github.com/BruntonUWBio/ajile12-nwb-data,https://w3id.org/notebookfair#GitRepositoryResource,12,1,1
1532,tkzeng/Pangolin,github,https://github.com/tkzeng/Pangolin,https://w3id.org/notebookfair#GitRepositoryResource,1,1,0
1533,Alex-Rosenberg/cell-2015,github,https://github.com/Alex-Rosenberg/cell-2015,https://w3id.org/notebookfair#GitRepositoryResource,14,0,0
1534,gagneurlab/MMSplice_paper,github,https://github.com/gagneurlab/MMSplice_paper,https://w3id.org/notebookfair#GitRepositoryResource,15,0,0
1535,KosuriLab/MFASS,github,https://github.com/KosuriLab/MFASS,https://w3id.org/notebookfair#GitRepositoryResource,0,1,1
1536,ISYSLAB-HUST/DeepTMpred,github,https://github.com/ISYSLAB-HUST/DeepTMpred,https://w3id.org/notebookfair#GitRepositoryResource,1,0,1
1537,microsoft/nni,github,https://github.com/microsoft/nni,https://w3id.org/notebookfair#GitRepositoryResource,21,2,9
1538,BuildACell/BioCRNPyler,github,https://github.com/BuildACell/BioCRNPyler,https://w3id.org/notebookfair#GitRepositoryResource,16,1,1
1539,BuildACell/BioCRNpyler,github,https://github.com/BuildACell/BioCRNpyler,https://w3id.org/notebookfair#GitRepositoryResource,16,1,1
1540,BuildACell/bioCRNpyler,github,https://github.com/BuildACell/bioCRNpyler,https://w3id.org/notebookfair#GitRepositoryResource,16,1,1
1541,moritzmadern/Cassiopeia_LFQ,github,https://github.com/moritzmadern/Cassiopeia_LFQ,https://w3id.org/notebookfair#GitRepositoryResource,0,0,0
1542,coongroup/FAIMS-MzXML-Generator,github,https://github.com/coongroup/FAIMS-MzXML-Generator,https://w3id.org/notebookfair#GitRepositoryResource,0,0,0
1543,aojeda/PEB,github,https://github.com/aojeda/PEB,https://w3id.org/notebookfair#GitRepositoryResource,0,0,0
1544,wildrootlab/SHARCQ,github,https://github.com/wildrootlab/SHARCQ,https://w3id.org/notebookfair#GitRepositoryResource,0,0,0
1545,cortex-lab/allenCCF,github,https://github.com/cortex-lab/allenCCF,https://w3id.org/notebookfair#GitRepositoryResource,0,0,0
1546,BiGCAT-UM/WikiPathwaysInteractions,github,https://github.com/BiGCAT-UM/WikiPathwaysInteractions,https://w3id.org/notebookfair#GitRepositoryResource,7,0,0
1547,PathVisio/pathvisio.github.io,github,https://github.com/PathVisio/pathvisio.github.io,https://w3id.org/notebookfair#GitRepositoryResource,0,0,0
1548,BiGCaT-UM/WikiPathwaysInteractions,github,https://github.com/BiGCaT-UM/WikiPathwaysInteractions,https://w3id.org/notebookfair#GitRepositoryResource,7,0,0
1549,wikipathways/GPML2RDF,github,https://github.com/wikipathways/GPML2RDF,https://w3id.org/notebookfair#GitRepositoryResource,0,0,0
1550,jzjomsky/URAP_Sex_Ratio,github,https://github.com/jzjomsky/URAP_Sex_Ratio,https://w3id.org/notebookfair#GitRepositoryResource,1,0,0
1551,gerstung-lab/AML-multistage,github,https://github.com/gerstung-lab/AML-multistage,https://w3id.org/notebookfair#GitRepositoryResource,0,0,0
1552,gerstung-lab/aml-multistage,github,https://github.com/gerstung-lab/aml-multistage,https://w3id.org/notebookfair#GitRepositoryResource,0,0,0
1553,YX-IBE/AML-multistage-reproducibility-study,github,https://github.com/YX-IBE/AML-multistage-reproducibility-study,https://w3id.org/notebookfair#GitRepositoryResource,0,0,0
1554,r-lib/lintr,github,https://github.com/r-lib/lintr,https://w3id.org/notebookfair#GitRepositoryResource,0,0,0
1555,alexandrovteam/pyimzML,github,https://github.com/alexandrovteam/pyimzML,https://w3id.org/notebookfair#GitRepositoryResource,0,1,1
1556,tommyod/KDEpy,github,https://github.com/tommyod/KDEpy,https://w3id.org/notebookfair#GitRepositoryResource,6,1,1
1557,LaRoccaRaphael/MSI_recalibration,github,https://github.com/LaRoccaRaphael/MSI_recalibration,https://w3id.org/notebookfair#GitRepositoryResource,1,0,0
1558,paoloinglese/DESI_MSI_recal,github,https://github.com/paoloinglese/DESI_MSI_recal,https://w3id.org/notebookfair#GitRepositoryResource,0,0,1
1559,spacetx/starfish,github,https://github.com/spacetx/starfish,https://w3id.org/notebookfair#GitRepositoryResource,9,1,0
1560,OakesLab/AFT-Alignment_by_Fourier_Transform,github,https://github.com/OakesLab/AFT-Alignment_by_Fourier_Transform,https://w3id.org/notebookfair#GitRepositoryResource,3,0,0
1561,WhoIsJack/data-driven-analysis-lateralline,github,https://github.com/WhoIsJack/data-driven-analysis-lateralline,https://w3id.org/notebookfair#GitRepositoryResource,14,0,0
1562,helenamrusso/Malpighiaceae_supplementary,github,https://github.com/helenamrusso/Malpighiaceae_supplementary,https://w3id.org/notebookfair#GitRepositoryResource,4,0,0
1563,biocore/q2-qemistree,github,https://github.com/biocore/q2-qemistree,https://w3id.org/notebookfair#GitRepositoryResource,0,1,0
1564,PrincetonUniversity/BrainPipe,github,https://github.com/PrincetonUniversity/BrainPipe,https://w3id.org/notebookfair#GitRepositoryResource,16,2,2
1565,PrincetonUniversity/pytlas,github,https://github.com/PrincetonUniversity/pytlas,https://w3id.org/notebookfair#GitRepositoryResource,1,0,0
1566,srcastillo/TALE-Writer,github,https://github.com/srcastillo/TALE-Writer,https://w3id.org/notebookfair#GitRepositoryResource,4,0,0
1567,ZongkaiLiu/Deep-learning-enhanced-Rydberg-multifrequency-microwave-recognition,github,https://github.com/ZongkaiLiu/Deep-learning-enhanced-Rydberg-multifrequency-microwave-recognition,https://w3id.org/notebookfair#GitRepositoryResource,2,0,0
1568,madeleineernst/q2-cscs,github,https://github.com/madeleineernst/q2-cscs,https://w3id.org/notebookfair#GitRepositoryResource,0,1,0
1569,mandelbrot-project/memo_publication_examples,github,https://github.com/mandelbrot-project/memo_publication_examples,https://w3id.org/notebookfair#GitRepositoryResource,2,0,0
1570,knightlab-analyses/qemistree-analyses,github,https://github.com/knightlab-analyses/qemistree-analyses,https://w3id.org/notebookfair#GitRepositoryResource,3,0,0
1571,garrettdreyfus/python-holteandtalley,github,https://github.com/garrettdreyfus/python-holteandtalley,https://w3id.org/notebookfair#GitRepositoryResource,0,1,0
1572,rjbrewin/Two-community-phyto-model,github,https://github.com/rjbrewin/Two-community-phyto-model,https://w3id.org/notebookfair#GitRepositoryResource,1,0,1
1573,alm8517/Lung_organoid_transplantation,github,https://github.com/alm8517/Lung_organoid_transplantation,https://w3id.org/notebookfair#GitRepositoryResource,3,0,0
1574,KrishnaswamyLab/MAGIC,github,https://github.com/KrishnaswamyLab/MAGIC,https://w3id.org/notebookfair#GitRepositoryResource,2,1,2
1575,brianhie/scanorama,github,https://github.com/brianhie/scanorama,https://w3id.org/notebookfair#GitRepositoryResource,0,1,0
1576,imenFerjani/Road-Anomalies-Detection,github,https://github.com/imenFerjani/Road-Anomalies-Detection,https://w3id.org/notebookfair#GitRepositoryResource,1,0,0
1577,Fluorescence-Tools/FRETlines,github,https://github.com/Fluorescence-Tools/FRETlines,https://w3id.org/notebookfair#GitRepositoryResource,2,1,1
1578,nytimes/covid-19-data,github,https://github.com/nytimes/covid-19-data,https://w3id.org/notebookfair#GitRepositoryResource,0,0,0
1579,GoogleCloudPlatform/covid-19-open-data,github,https://github.com/GoogleCloudPlatform/covid-19-open-data,https://w3id.org/notebookfair#GitRepositoryResource,6,0,1
1580,uhlerlab/ntk_matrix_completion,github,https://github.com/uhlerlab/ntk_matrix_completion,https://w3id.org/notebookfair#GitRepositoryResource,1,0,1
1581,ruffleymr/ThujaTsugaAnalyses,github,https://github.com/ruffleymr/ThujaTsugaAnalyses,https://w3id.org/notebookfair#GitRepositoryResource,15,0,0
1582,lu-lab/frcnn-all-in-one,github,https://github.com/lu-lab/frcnn-all-in-one,https://w3id.org/notebookfair#GitRepositoryResource,2,0,1
1583,lu-lab/mi-pi,github,https://github.com/lu-lab/mi-pi,https://w3id.org/notebookfair#GitRepositoryResource,0,0,0
1584,mitchgill16/Soybean_Trait_Prediction,github,https://github.com/mitchgill16/Soybean_Trait_Prediction,https://w3id.org/notebookfair#GitRepositoryResource,14,0,0
1585,mreppert/g_spec,github,https://github.com/mreppert/g_spec,https://w3id.org/notebookfair#GitRepositoryResource,0,0,0
1586,mreppert/g_amide,github,https://github.com/mreppert/g_amide,https://w3id.org/notebookfair#GitRepositoryResource,0,0,0
1587,ngimber/ImageCorrelationSpectroscopy,github,https://github.com/ngimber/ImageCorrelationSpectroscopy,https://w3id.org/notebookfair#GitRepositoryResource,1,0,0
1588,MPBA/pyphysio,github,https://github.com/MPBA/pyphysio,https://w3id.org/notebookfair#GitRepositoryResource,4,1,0
1589,forrestbao/pyeeg,github,https://github.com/forrestbao/pyeeg,https://w3id.org/notebookfair#GitRepositoryResource,0,1,0
1590,Emognition/Emognition-wearable-dataset-2020,github,https://github.com/Emognition/Emognition-wearable-dataset-2020,https://w3id.org/notebookfair#GitRepositoryResource,4,0,1
1591,coinmetrics/data,github,https://github.com/coinmetrics/data,https://w3id.org/notebookfair#GitRepositoryResource,0,0,0
1592,SciEcon/UTXO,github,https://github.com/SciEcon/UTXO,https://w3id.org/notebookfair#GitRepositoryResource,3,0,0
1593,d-que/Lig2Apo,github,https://github.com/d-que/Lig2Apo,https://w3id.org/notebookfair#GitRepositoryResource,1,0,0
1594,cph-cachet/carp.sensing-flutter,github,https://github.com/cph-cachet/carp.sensing-flutter,https://w3id.org/notebookfair#GitRepositoryResource,0,0,0
1595,jaksticks/NOW_codes,github,https://github.com/jaksticks/NOW_codes,https://w3id.org/notebookfair#GitRepositoryResource,26,0,0
1596,StochasticBiology/boolean-efflux,github,https://github.com/StochasticBiology/boolean-efflux,https://w3id.org/notebookfair#GitRepositoryResource,0,0,0
1597,microsoft/fastmri-plus,github,https://github.com/microsoft/fastmri-plus,https://w3id.org/notebookfair#GitRepositoryResource,1,0,0
1598,facebookresearch/fastMRI,github,https://github.com/facebookresearch/fastMRI,https://w3id.org/notebookfair#GitRepositoryResource,2,1,4
1599,simslab/riboPLATE-seq,github,https://github.com/simslab/riboPLATE-seq,https://w3id.org/notebookfair#GitRepositoryResource,1,0,0
1600,luslab/briscoe-nf-tobias,github,https://github.com/luslab/briscoe-nf-tobias,https://w3id.org/notebookfair#GitRepositoryResource,0,0,0
1601,luslab/ahr-tead-motif-analysis,github,https://github.com/luslab/ahr-tead-motif-analysis,https://w3id.org/notebookfair#GitRepositoryResource,2,0,0
1602,StaafLab/SRIQ,github,https://github.com/StaafLab/SRIQ,https://w3id.org/notebookfair#GitRepositoryResource,2,0,1
1603,schreiber-lab/mlreflect,github,https://github.com/schreiber-lab/mlreflect,https://w3id.org/notebookfair#GitRepositoryResource,4,1,2
1604,rhmills/HBOT_Multiomics,github,https://github.com/rhmills/HBOT_Multiomics,https://w3id.org/notebookfair#GitRepositoryResource,3,0,0
1605,DiamondLightSource/SuRVoS2,github,https://github.com/DiamondLightSource/SuRVoS2,https://w3id.org/notebookfair#GitRepositoryResource,1,6,1
1606,DiamondLightSource/gas-hydrate-segmentation-unets,github,https://github.com/DiamondLightSource/gas-hydrate-segmentation-unets,https://w3id.org/notebookfair#GitRepositoryResource,0,0,0
1607,napari/napari,github,https://github.com/napari/napari,https://w3id.org/notebookfair#GitRepositoryResource,1,0,0
1608,rosalindfranklininstitute/RedLionfish,github,https://github.com/rosalindfranklininstitute/RedLionfish,https://w3id.org/notebookfair#GitRepositoryResource,12,1,0
1609,jnoms/SV40_transcriptome,github,https://github.com/jnoms/SV40_transcriptome,https://w3id.org/notebookfair#GitRepositoryResource,4,0,0
1610,gstarrett/oncovirus_tools,github,https://github.com/gstarrett/oncovirus_tools,https://w3id.org/notebookfair#GitRepositoryResource,0,0,0
1611,CL-CHEN-Lab/Nucleosome,github,https://github.com/CL-CHEN-Lab/Nucleosome,https://w3id.org/notebookfair#GitRepositoryResource,4,0,0
1612,akanksha-r/modulome_paeru1.0,github,https://github.com/akanksha-r/modulome_paeru1.0,https://w3id.org/notebookfair#GitRepositoryResource,10,0,0
1613,pekka-siltanen/vttopenva,github,https://github.com/pekka-siltanen/vttopenva,https://w3id.org/notebookfair#GitRepositoryResource,0,0,0
1614,adolphslab/rsDenoise,github,https://github.com/adolphslab/rsDenoise,https://w3id.org/notebookfair#GitRepositoryResource,5,0,0
1615,adolphslab/ConteDataRelease,github,https://github.com/adolphslab/ConteDataRelease,https://w3id.org/notebookfair#GitRepositoryResource,4,0,0
1616,jmtyszka/voxface,github,https://github.com/jmtyszka/voxface,https://w3id.org/notebookfair#GitRepositoryResource,0,1,0
1617,nipreps/fmriprep,github,https://github.com/nipreps/fmriprep,https://w3id.org/notebookfair#GitRepositoryResource,0,0,1
1618,ANTsX/ANTs,github,https://github.com/ANTsX/ANTs,https://w3id.org/notebookfair#GitRepositoryResource,0,0,0
1619,RobertRosenbaum/PredictiveCodingVsBackProp,github,https://github.com/RobertRosenbaum/PredictiveCodingVsBackProp,https://w3id.org/notebookfair#GitRepositoryResource,8,0,0
1620,RobertRosenbaum/Torch2PC,github,https://github.com/RobertRosenbaum/Torch2PC,https://w3id.org/notebookfair#GitRepositoryResource,1,0,0
1621,compomics/ms2pip_c,github,https://github.com/compomics/ms2pip_c,https://w3id.org/notebookfair#GitRepositoryResource,2,1,0
1622,nicksisco1932/The_SIR-qMT_toolbox,github,https://github.com/nicksisco1932/The_SIR-qMT_toolbox,https://w3id.org/notebookfair#GitRepositoryResource,1,0,0
1623,AstraZeneca/skywalkR,github,https://github.com/AstraZeneca/skywalkR,https://w3id.org/notebookfair#GitRepositoryResource,0,0,0
1624,AstraZeneca/skywalkR-graph-features,github,https://github.com/AstraZeneca/skywalkR-graph-features,https://w3id.org/notebookfair#GitRepositoryResource,2,0,0
1625,melschneider/tractability_pipeline_v2,github,https://github.com/melschneider/tractability_pipeline_v2,https://w3id.org/notebookfair#GitRepositoryResource,0,2,1
1626,taiyun/corrplot,github,https://github.com/taiyun/corrplot,https://w3id.org/notebookfair#GitRepositoryResource,0,0,0
1627,OpatzLab/HanganuOpatzToolbox,github,https://github.com/OpatzLab/HanganuOpatzToolbox,https://w3id.org/notebookfair#GitRepositoryResource,0,1,0
1628,mchini/Yang_Chini_et_al,github,https://github.com/mchini/Yang_Chini_et_al,https://w3id.org/notebookfair#GitRepositoryResource,6,0,0
1629,albumentations-team/albumentations,github,https://github.com/albumentations-team/albumentations,https://w3id.org/notebookfair#GitRepositoryResource,0,1,1
1630,mjkvaak/ImageDataAugmentor,github,https://github.com/mjkvaak/ImageDataAugmentor,https://w3id.org/notebookfair#GitRepositoryResource,3,1,1
1631,qubvel/efficientnet,github,https://github.com/qubvel/efficientnet,https://w3id.org/notebookfair#GitRepositoryResource,1,1,1
1632,Abicumaran/GBM_Complexity_I,github,https://github.com/Abicumaran/GBM_Complexity_I,https://w3id.org/notebookfair#GitRepositoryResource,1,0,0
1633,iaconogi/BigSCale2,github,https://github.com/iaconogi/BigSCale2,https://w3id.org/notebookfair#GitRepositoryResource,0,0,0
1634,sqjin/scEpath,github,https://github.com/sqjin/scEpath,https://w3id.org/notebookfair#GitRepositoryResource,0,0,0
1635,algorithmicnaturelab/OACC,github,https://github.com/algorithmicnaturelab/OACC,https://w3id.org/notebookfair#GitRepositoryResource,0,0,0
1636,Tchanders/NetworkInference.jl,github,https://github.com/Tchanders/NetworkInference.jl,https://w3id.org/notebookfair#GitRepositoryResource,0,0,0
1637,JuliaGraphs/SimpleWeightedGraphs.jl,github,https://github.com/JuliaGraphs/SimpleWeightedGraphs.jl,https://w3id.org/notebookfair#GitRepositoryResource,0,0,0
1638,scikit-learn/scikit-learn,github,https://github.com/scikit-learn/scikit-learn,https://w3id.org/notebookfair#GitRepositoryResource,0,1,2
1639,dina-lab3D/NanoNet,github,https://github.com/dina-lab3D/NanoNet,https://w3id.org/notebookfair#GitRepositoryResource,1,0,0
1640,BMClab/covid19,github,https://github.com/BMClab/covid19,https://w3id.org/notebookfair#GitRepositoryResource,11,0,0
1641,impires/DataAcquisitionADL,github,https://github.com/impires/DataAcquisitionADL,https://w3id.org/notebookfair#GitRepositoryResource,0,0,0
1642,impires/FeatureExtractionMotionlessActivities,github,https://github.com/impires/FeatureExtractionMotionlessActivities,https://w3id.org/notebookfair#GitRepositoryResource,0,0,0
1643,impires/JupyterNotebooksMotionlessActivities,github,https://github.com/impires/JupyterNotebooksMotionlessActivities,https://w3id.org/notebookfair#GitRepositoryResource,1,0,0
1644,rivas-lab/snpnet,github,https://github.com/rivas-lab/snpnet,https://w3id.org/notebookfair#GitRepositoryResource,0,0,0
1645,konradjk/loftee,github,https://github.com/konradjk/loftee,https://w3id.org/notebookfair#GitRepositoryResource,0,0,0
1646,yk-tanigawa/docker-ensembl-vep-loftee,github,https://github.com/yk-tanigawa/docker-ensembl-vep-loftee,https://w3id.org/notebookfair#GitRepositoryResource,0,0,0
1647,GelatinFrogs/Cells2Circles,github,https://github.com/GelatinFrogs/Cells2Circles,https://w3id.org/notebookfair#GitRepositoryResource,0,0,0
1648,GelatinFrogs/ME-VAE_Architecture,github,https://github.com/GelatinFrogs/ME-VAE_Architecture,https://w3id.org/notebookfair#GitRepositoryResource,0,0,0
1649,dcmoyer/invariance-tutorial,github,https://github.com/dcmoyer/invariance-tutorial,https://w3id.org/notebookfair#GitRepositoryResource,1,0,0
1650,ControlCore-Project/concore,github,https://github.com/ControlCore-Project/concore,https://w3id.org/notebookfair#GitRepositoryResource,0,0,3
1651,ControlCore-Project/Mediator,github,https://github.com/ControlCore-Project/Mediator,https://w3id.org/notebookfair#GitRepositoryResource,0,0,1
1652,controlcore-project/DHGWorkflow,github,https://github.com/controlcore-project/DHGWorkflow,https://w3id.org/notebookfair#GitRepositoryResource,0,0,1
1653,rinikerlab/restraintmaker,github,https://github.com/rinikerlab/restraintmaker,https://w3id.org/notebookfair#GitRepositoryResource,6,1,0
1654,rinikerlab/reeds,github,https://github.com/rinikerlab/reeds,https://w3id.org/notebookfair#GitRepositoryResource,6,1,1
1655,duderstadt-lab/Born-to-slide,github,https://github.com/duderstadt-lab/Born-to-slide,https://w3id.org/notebookfair#GitRepositoryResource,19,0,0
1656,berthubert/antonie2,github,https://github.com/berthubert/antonie2,https://w3id.org/notebookfair#GitRepositoryResource,2,0,0
1657,berthubert/skewdb-articles,github,https://github.com/berthubert/skewdb-articles,https://w3id.org/notebookfair#GitRepositoryResource,0,0,0
1658,codeneuro/neurofinder,github,https://github.com/codeneuro/neurofinder,https://w3id.org/notebookfair#GitRepositoryResource,0,0,0
1659,tzutalin/labelImg,github,https://github.com/tzutalin/labelImg,https://w3id.org/notebookfair#GitRepositoryResource,0,1,0
1660,fizyr/keras-retinanet,github,https://github.com/fizyr/keras-retinanet,https://w3id.org/notebookfair#GitRepositoryResource,1,1,2
1661,sofroniewn/2pRAM-paper,github,https://github.com/sofroniewn/2pRAM-paper,https://w3id.org/notebookfair#GitRepositoryResource,2,0,1
1662,nextstrain/augur,github,https://github.com/nextstrain/augur,https://w3id.org/notebookfair#GitRepositoryResource,0,1,0
1663,neherlab/treetime,github,https://github.com/neherlab/treetime,https://w3id.org/notebookfair#GitRepositoryResource,1,1,0
1664,Cibiv/IQ-TREE,github,https://github.com/Cibiv/IQ-TREE,https://w3id.org/notebookfair#GitRepositoryResource,0,0,0
1665,blab/sarscov2-adaptive-evolution,github,https://github.com/blab/sarscov2-adaptive-evolution,https://w3id.org/notebookfair#GitRepositoryResource,18,0,1
1666,nextstrain/ncov-ingest,github,https://github.com/nextstrain/ncov-ingest,https://w3id.org/notebookfair#GitRepositoryResource,0,0,0
1667,nextstrain/seasonal-flu,github,https://github.com/nextstrain/seasonal-flu,https://w3id.org/notebookfair#GitRepositoryResource,2,0,0
1668,blab/seasonal-cov-adaptive-evolution,github,https://github.com/blab/seasonal-cov-adaptive-evolution,https://w3id.org/notebookfair#GitRepositoryResource,30,0,0
1669,Reosu/modulome_mtb,github,https://github.com/Reosu/modulome_mtb,https://w3id.org/notebookfair#GitRepositoryResource,13,0,0
1670,KaiDMML/FakeNewsNet,github,https://github.com/KaiDMML/FakeNewsNet,https://w3id.org/notebookfair#GitRepositoryResource,0,0,1
1671,swkasica/pheme-rnr-knowledge-discovery,github,https://github.com/swkasica/pheme-rnr-knowledge-discovery,https://w3id.org/notebookfair#GitRepositoryResource,6,0,0
1672,dpwickland/Racial_Disparities_in_Exome_Read_Depth,github,https://github.com/dpwickland/Racial_Disparities_in_Exome_Read_Depth,https://w3id.org/notebookfair#GitRepositoryResource,3,0,0
1673,marvinm2/AOPWikiRDF,github,https://github.com/marvinm2/AOPWikiRDF,https://w3id.org/notebookfair#GitRepositoryResource,2,0,0
1674,IDLabResearch/TurtleValidator,github,https://github.com/IDLabResearch/TurtleValidator,https://w3id.org/notebookfair#GitRepositoryResource,0,0,0
1675,JuBiotech/Supplement-to-Reiter-et-al.-2022a,github,https://github.com/JuBiotech/Supplement-to-Reiter-et-al.-2022a,https://w3id.org/notebookfair#GitRepositoryResource,3,0,0
1676,arjun-ashoka/KKR_Spectral_Analysis,github,https://github.com/arjun-ashoka/KKR_Spectral_Analysis,https://w3id.org/notebookfair#GitRepositoryResource,4,0,0
1677,bihealth/NeatMS,github,https://github.com/bihealth/NeatMS,https://w3id.org/notebookfair#GitRepositoryResource,2,1,0
1678,kheleon/leukemia-paper,github,https://github.com/kheleon/leukemia-paper,https://w3id.org/notebookfair#GitRepositoryResource,1,0,0
1679,tpecot/NucleiSegmentationAndMarkerIDentification,github,https://github.com/tpecot/NucleiSegmentationAndMarkerIDentification,https://w3id.org/notebookfair#GitRepositoryResource,19,0,1
1680,tpecot/EstimationOfProteinConcentrationOverTime,github,https://github.com/tpecot/EstimationOfProteinConcentrationOverTime,https://w3id.org/notebookfair#GitRepositoryResource,0,0,0
1681,tpecot/Annotater,github,https://github.com/tpecot/Annotater,https://w3id.org/notebookfair#GitRepositoryResource,0,0,0
1682,rwightman/pytorch-image-models,github,https://github.com/rwightman/pytorch-image-models,https://w3id.org/notebookfair#GitRepositoryResource,0,1,1
1683,hachteja/Timed-Interventions,github,https://github.com/hachteja/Timed-Interventions,https://w3id.org/notebookfair#GitRepositoryResource,2,0,0
1684,indralab/pybiopax,github,https://github.com/indralab/pybiopax,https://w3id.org/notebookfair#GitRepositoryResource,5,1,1
1685,kivy/pyjnius,github,https://github.com/kivy/pyjnius,https://w3id.org/notebookfair#GitRepositoryResource,0,1,0
1686,samuelracz/rsDCCA,github,https://github.com/samuelracz/rsDCCA,https://w3id.org/notebookfair#GitRepositoryResource,0,0,0
1687,Kwan-Lab/behavioral-rigs,github,https://github.com/Kwan-Lab/behavioral-rigs,https://w3id.org/notebookfair#GitRepositoryResource,0,0,0
1688,Kwan-Lab/wang2022,github,https://github.com/Kwan-Lab/wang2022,https://w3id.org/notebookfair#GitRepositoryResource,0,0,0
1689,fhidalgor/ras_cancer_hidalgoetal,github,https://github.com/fhidalgor/ras_cancer_hidalgoetal,https://w3id.org/notebookfair#GitRepositoryResource,0,0,0
1690,fhidalgor/mutagenesis_visualization,github,https://github.com/fhidalgor/mutagenesis_visualization,https://w3id.org/notebookfair#GitRepositoryResource,8,1,1
1691,Sheeba-Samuel/REPRODUCE-ME,github,https://github.com/Sheeba-Samuel/REPRODUCE-ME,https://w3id.org/notebookfair#GitRepositoryResource,0,0,0
1692,Sheeba-Samuel/ProvBook,github,https://github.com/Sheeba-Samuel/ProvBook,https://w3id.org/notebookfair#GitRepositoryResource,0,1,0
1693,Sheeba-Samuel/CAESAREvaluation,github,https://github.com/Sheeba-Samuel/CAESAREvaluation,https://w3id.org/notebookfair#GitRepositoryResource,13,0,0
1694,Data2Semantics/prov-o-matic,github,https://github.com/Data2Semantics/prov-o-matic,https://w3id.org/notebookfair#GitRepositoryResource,5,0,1
1695,IDR/idr-metadata,github,https://github.com/IDR/idr-metadata,https://w3id.org/notebookfair#GitRepositoryResource,0,0,0
1696,jupyter/nbdime,github,https://github.com/jupyter/nbdime,https://w3id.org/notebookfair#GitRepositoryResource,56,1,0
1697,marrlab/InstantDL,github,https://github.com/marrlab/InstantDL,https://w3id.org/notebookfair#GitRepositoryResource,6,1,1
1698,HenriquesLab/ZeroCostDL4Mic,github,https://github.com/HenriquesLab/ZeroCostDL4Mic,https://w3id.org/notebookfair#GitRepositoryResource,38,0,0
1699,trasse/OpSeF-IV,github,https://github.com/trasse/OpSeF-IV,https://w3id.org/notebookfair#GitRepositoryResource,14,0,0
1700,mukamel-lab/SingleCellFusion,github,https://github.com/mukamel-lab/SingleCellFusion,https://w3id.org/notebookfair#GitRepositoryResource,5,0,0
1701,welch-lab/liger,github,https://github.com/welch-lab/liger,https://w3id.org/notebookfair#GitRepositoryResource,0,0,0
1702,lhqing/ALLCools,github,https://github.com/lhqing/ALLCools,https://w3id.org/notebookfair#GitRepositoryResource,72,0,1
1703,yupenghe/methylpy,github,https://github.com/yupenghe/methylpy,https://w3id.org/notebookfair#GitRepositoryResource,0,1,0
1704,iandday/pyharmony,github,https://github.com/iandday/pyharmony,https://w3id.org/notebookfair#GitRepositoryResource,0,1,1
1705,r3fang/SnapATAC,github,https://github.com/r3fang/SnapATAC,https://w3id.org/notebookfair#GitRepositoryResource,0,0,0
1706,AllenInstitute/scrattch.hicat,github,https://github.com/AllenInstitute/scrattch.hicat,https://w3id.org/notebookfair#GitRepositoryResource,0,0,0
1707,FangmingXie/mctseq_over_under_splitting,github,https://github.com/FangmingXie/mctseq_over_under_splitting,https://w3id.org/notebookfair#GitRepositoryResource,2,0,0
1708,lhqing/snmCAT-seq_integration,github,https://github.com/lhqing/snmCAT-seq_integration,https://w3id.org/notebookfair#GitRepositoryResource,10,0,0
1709,jterrace/pyharmony,github,https://github.com/jterrace/pyharmony,https://w3id.org/notebookfair#GitRepositoryResource,0,0,1
1710,dcalderon/rolypoly,github,https://github.com/dcalderon/rolypoly,https://w3id.org/notebookfair#GitRepositoryResource,0,0,0
1711,BRCAChallenge/federated-analysis,github,https://github.com/BRCAChallenge/federated-analysis,https://w3id.org/notebookfair#GitRepositoryResource,0,0,0
1712,openvax/pyensembl,github,https://github.com/openvax/pyensembl,https://w3id.org/notebookfair#GitRepositoryResource,0,1,1
1713,jsimonas/solo-in-drops,github,https://github.com/jsimonas/solo-in-drops,https://w3id.org/notebookfair#GitRepositoryResource,0,0,0
1714,mchirib1/Origami_Structure_Detection,github,https://github.com/mchirib1/Origami_Structure_Detection,https://w3id.org/notebookfair#GitRepositoryResource,2,0,1
1715,rkamaleswaran/VOCpath,github,https://github.com/rkamaleswaran/VOCpath,https://w3id.org/notebookfair#GitRepositoryResource,1,0,0
1716,SartajBhuvaji/Brain-Tumor-Classification-DataSet,github,https://github.com/SartajBhuvaji/Brain-Tumor-Classification-DataSet,https://w3id.org/notebookfair#GitRepositoryResource,0,0,0
1717,lzfse/lzfse,github,https://github.com/lzfse/lzfse,https://w3id.org/notebookfair#GitRepositoryResource,0,0,0
1718,google/pik,github,https://github.com/google/pik,https://w3id.org/notebookfair#GitRepositoryResource,0,0,0
1719,Cyan4973/FiniteStateEntropy,github,https://github.com/Cyan4973/FiniteStateEntropy,https://w3id.org/notebookfair#GitRepositoryResource,0,0,0
1720,ydkhatri/pyliblzfse,github,https://github.com/ydkhatri/pyliblzfse,https://w3id.org/notebookfair#GitRepositoryResource,0,1,0
1721,rygorous/ryg_rans,github,https://github.com/rygorous/ryg_rans,https://w3id.org/notebookfair#GitRepositoryResource,0,0,0
1722,JuBiotech/calibr8-paper,github,https://github.com/JuBiotech/calibr8-paper,https://w3id.org/notebookfair#GitRepositoryResource,22,0,0
1723,incf-nidash/XCEDE,github,https://github.com/incf-nidash/XCEDE,https://w3id.org/notebookfair#GitRepositoryResource,0,0,0
1724,wangmm88/BioNLP-ST-2016_BB3-event,github,https://github.com/wangmm88/BioNLP-ST-2016_BB3-event,https://w3id.org/notebookfair#GitRepositoryResource,0,0,0
1725,xcccc402/Touchscreen-version-of-PR-task-data-analyasis,github,https://github.com/xcccc402/Touchscreen-version-of-PR-task-data-analyasis,https://w3id.org/notebookfair#GitRepositoryResource,0,0,0
1726,Dowell-Lab/Nascent-Flow,github,https://github.com/Dowell-Lab/Nascent-Flow,https://w3id.org/notebookfair#GitRepositoryResource,0,0,0
1727,Dowell-Lab/Protocol-Comparisons,github,https://github.com/Dowell-Lab/Protocol-Comparisons,https://w3id.org/notebookfair#GitRepositoryResource,4,0,0
1728,Dowell-Lab/Tfit,github,https://github.com/Dowell-Lab/Tfit,https://w3id.org/notebookfair#GitRepositoryResource,0,0,0
1729,Danko-Lab/RunOnBamToBigWig,github,https://github.com/Danko-Lab/RunOnBamToBigWig,https://w3id.org/notebookfair#GitRepositoryResource,0,0,0
1730,AnnaBonkhoff/Predict_severe_complications_after_stroke,github,https://github.com/AnnaBonkhoff/Predict_severe_complications_after_stroke,https://w3id.org/notebookfair#GitRepositoryResource,8,0,0
1731,powersimmani/ACR_alphafold,github,https://github.com/powersimmani/ACR_alphafold,https://w3id.org/notebookfair#GitRepositoryResource,0,0,0
1732,takano2050/BloodVesselAnalysis,github,https://github.com/takano2050/BloodVesselAnalysis,https://w3id.org/notebookfair#GitRepositoryResource,0,0,0
1733,leemc-data-ed/blood-vessel-diameter,github,https://github.com/leemc-data-ed/blood-vessel-diameter,https://w3id.org/notebookfair#GitRepositoryResource,2,0,0
1734,UdeS-CoBIUS/G4Conservation,github,https://github.com/UdeS-CoBIUS/G4Conservation,https://w3id.org/notebookfair#GitRepositoryResource,5,0,0
1735,kundajelab/fastISM,github,https://github.com/kundajelab/fastISM,https://w3id.org/notebookfair#GitRepositoryResource,14,0,1
1736,seung-lab/RealNeuralNetworks.jl,github,https://github.com/seung-lab/RealNeuralNetworks.jl,https://w3id.org/notebookfair#GitRepositoryResource,0,0,0
1737,seung-lab/BigArrays.jl,github,https://github.com/seung-lab/BigArrays.jl,https://w3id.org/notebookfair#GitRepositoryResource,0,0,0
1738,jingpengw/realneuralnetworks-notebook,github,https://github.com/jingpengw/realneuralnetworks-notebook,https://w3id.org/notebookfair#GitRepositoryResource,26,0,0
1739,JuliaCloud/AWSSDK.jl,github,https://github.com/JuliaCloud/AWSSDK.jl,https://w3id.org/notebookfair#GitRepositoryResource,0,0,0
1740,google/neuroglancer,github,https://github.com/google/neuroglancer,https://w3id.org/notebookfair#GitRepositoryResource,1,1,0
1741,JuliaStats/Clustering.jl,github,https://github.com/JuliaStats/Clustering.jl,https://w3id.org/notebookfair#GitRepositoryResource,0,0,0
1742,bartongroup/covid19-ace2-variants,github,https://github.com/bartongroup/covid19-ace2-variants,https://w3id.org/notebookfair#GitRepositoryResource,3,0,0
1743,MatreyekLab/ACE2_variants,github,https://github.com/MatreyekLab/ACE2_variants,https://w3id.org/notebookfair#GitRepositoryResource,0,0,0
1744,pathology-dynamics/semnet-2,github,https://github.com/pathology-dynamics/semnet-2,https://w3id.org/notebookfair#GitRepositoryResource,2,1,0
1745,msang/hateval,github,https://github.com/msang/hateval,https://w3id.org/notebookfair#GitRepositoryResource,0,0,0
1746,tweepy/tweepy,github,https://github.com/tweepy/tweepy,https://w3id.org/notebookfair#GitRepositoryResource,0,1,1
1747,broadinstitute/ccle_processing,github,https://github.com/broadinstitute/ccle_processing,https://w3id.org/notebookfair#GitRepositoryResource,73,0,0
1748,kundajelab/chipseq_pipeline,github,https://github.com/kundajelab/chipseq_pipeline,https://w3id.org/notebookfair#GitRepositoryResource,0,0,1
1749,nf-core/chipseq,github,https://github.com/nf-core/chipseq,https://w3id.org/notebookfair#GitRepositoryResource,0,0,0
1750,mirnylab/pairtools,github,https://github.com/mirnylab/pairtools,https://w3id.org/notebookfair#GitRepositoryResource,5,1,1
1751,Boyle-Lab/Blacklist,github,https://github.com/Boyle-Lab/Blacklist,https://w3id.org/notebookfair#GitRepositoryResource,0,0,0
1752,linlabbcm/rose2,github,https://github.com/linlabbcm/rose2,https://w3id.org/notebookfair#GitRepositoryResource,0,1,0
1753,BradnerLab/pipeline,github,https://github.com/BradnerLab/pipeline,https://w3id.org/notebookfair#GitRepositoryResource,0,0,0
1754,jkobject/slamdunk,github,https://github.com/jkobject/slamdunk,https://w3id.org/notebookfair#GitRepositoryResource,0,1,1
1755,jkobject/AMLproject,github,https://github.com/jkobject/AMLproject,https://w3id.org/notebookfair#GitRepositoryResource,25,0,1
1756,theislab/singlecell_proteomics,github,https://github.com/theislab/singlecell_proteomics,https://w3id.org/notebookfair#GitRepositoryResource,1,0,0
1757,EtienneHouze/memorability_code,github,https://github.com/EtienneHouze/memorability_code,https://w3id.org/notebookfair#GitRepositoryResource,5,0,1
1758,SMR-83/Open_Reader,github,https://github.com/SMR-83/Open_Reader,https://w3id.org/notebookfair#GitRepositoryResource,1,0,0
1759,arash-hajikhani/Bigprod_FOS,github,https://github.com/arash-hajikhani/Bigprod_FOS,https://w3id.org/notebookfair#GitRepositoryResource,2,0,0
1760,adamsorbie/Stroke_Microbiota_reproducibility,github,https://github.com/adamsorbie/Stroke_Microbiota_reproducibility,https://w3id.org/notebookfair#GitRepositoryResource,1,0,0
1761,lichen-lab/powmic,github,https://github.com/lichen-lab/powmic,https://w3id.org/notebookfair#GitRepositoryResource,0,0,0
1762,shenxiaochenn/DLRAPom,github,https://github.com/shenxiaochenn/DLRAPom,https://w3id.org/notebookfair#GitRepositoryResource,1,0,0
1763,manuelgloeckler/ncmw,github,https://github.com/manuelgloeckler/ncmw,https://w3id.org/notebookfair#GitRepositoryResource,8,2,1
1764,nealplatt/sch_man_nwinvasion,github,https://github.com/nealplatt/sch_man_nwinvasion,https://w3id.org/notebookfair#GitRepositoryResource,12,0,0
1765,NCAR/Fields,github,https://github.com/NCAR/Fields,https://w3id.org/notebookfair#GitRepositoryResource,0,0,0
1766,enveda/RPath,github,https://github.com/enveda/RPath,https://w3id.org/notebookfair#GitRepositoryResource,7,0,1
1767,onertipaday/rcompass,github,https://github.com/onertipaday/rcompass,https://w3id.org/notebookfair#GitRepositoryResource,0,0,0
1768,marcomoretto/compass,github,https://github.com/marcomoretto/compass,https://w3id.org/notebookfair#GitRepositoryResource,0,0,1
1769,marcomoretto/pyCOMPASS,github,https://github.com/marcomoretto/pyCOMPASS,https://w3id.org/notebookfair#GitRepositoryResource,0,1,1
1770,marcomoretto/dashcompass,github,https://github.com/marcomoretto/dashcompass,https://w3id.org/notebookfair#GitRepositoryResource,0,0,1
1771,InsightSoftwareConsortium/SimpleITK-Notebooks,github,https://github.com/InsightSoftwareConsortium/SimpleITK-Notebooks,https://w3id.org/notebookfair#GitRepositoryResource,47,0,2
1772,wolny/pytorch-3dunet,github,https://github.com/wolny/pytorch-3dunet,https://w3id.org/notebookfair#GitRepositoryResource,1,1,0
1773,baiwenjia/ukbb_cardiac,github,https://github.com/baiwenjia/ukbb_cardiac,https://w3id.org/notebookfair#GitRepositoryResource,0,0,0
1774,voxelmorph/voxelmorph,github,https://github.com/voxelmorph/voxelmorph,https://w3id.org/notebookfair#GitRepositoryResource,0,1,0
1775,qmeng99/dynamic_videos,github,https://github.com/qmeng99/dynamic_videos,https://w3id.org/notebookfair#GitRepositoryResource,0,0,0
1776,Marjola89/3Dstrain_analysis,github,https://github.com/Marjola89/3Dstrain_analysis,https://w3id.org/notebookfair#GitRepositoryResource,0,0,0
1777,cusanovichlab/swabseq,github,https://github.com/cusanovichlab/swabseq,https://w3id.org/notebookfair#GitRepositoryResource,0,0,0
1778,octantbio/SwabSeq,github,https://github.com/octantbio/SwabSeq,https://w3id.org/notebookfair#GitRepositoryResource,2,0,0
1779,pachterlab/BLCSBGLKP_2020,github,https://github.com/pachterlab/BLCSBGLKP_2020,https://w3id.org/notebookfair#GitRepositoryResource,12,0,0
1780,pachterlab/kallisto,github,https://github.com/pachterlab/kallisto,https://w3id.org/notebookfair#GitRepositoryResource,1,0,0
1781,molgor/JSDM4POD,github,https://github.com/molgor/JSDM4POD,https://w3id.org/notebookfair#GitRepositoryResource,3,0,0
1782,jupyter/notebook,github,https://github.com/jupyter/notebook,https://w3id.org/notebookfair#GitRepositoryResource,15,1,0
1783,trevismd/statannotations,github,https://github.com/trevismd/statannotations,https://w3id.org/notebookfair#GitRepositoryResource,1,1,1
1784,explosion/spaCy,github,https://github.com/explosion/spaCy,https://w3id.org/notebookfair#GitRepositoryResource,0,1,2
1785,tensorflow/tensorflow,github,https://github.com/tensorflow/tensorflow,https://w3id.org/notebookfair#GitRepositoryResource,30,5,0
1786,tensorflow/hub,github,https://github.com/tensorflow/hub,https://w3id.org/notebookfair#GitRepositoryResource,41,1,0
1787,Kal-Lap/PseudotimeMethylation,github,https://github.com/Kal-Lap/PseudotimeMethylation,https://w3id.org/notebookfair#GitRepositoryResource,0,0,0
1788,alonsaguy/Rapid-CRISPR-Quantification,github,https://github.com/alonsaguy/Rapid-CRISPR-Quantification,https://w3id.org/notebookfair#GitRepositoryResource,0,0,0
1789,OpenSMFS/PyBroMo,github,https://github.com/OpenSMFS/PyBroMo,https://w3id.org/notebookfair#GitRepositoryResource,12,1,0
1790,harripd/H2MMpythonlib,github,https://github.com/harripd/H2MMpythonlib,https://w3id.org/notebookfair#GitRepositoryResource,7,1,1
1791,harripd/FRETBursts,github,https://github.com/harripd/FRETBursts,https://w3id.org/notebookfair#GitRepositoryResource,20,2,0
1792,Photon-HDF5/phconvert,github,https://github.com/Photon-HDF5/phconvert,https://w3id.org/notebookfair#GitRepositoryResource,12,1,1
1793,tritemio/PyBroMo,github,https://github.com/tritemio/PyBroMo,https://w3id.org/notebookfair#GitRepositoryResource,11,1,0
1794,multispot-software/MultichannelTimestamper,github,https://github.com/multispot-software/MultichannelTimestamper,https://w3id.org/notebookfair#GitRepositoryResource,0,0,0
1795,BrendelGroup/AEGeAn,github,https://github.com/BrendelGroup/AEGeAn,https://w3id.org/notebookfair#GitRepositoryResource,0,1,0
1796,BrendelGroup/iLoci_SLB22NARGB,github,https://github.com/BrendelGroup/iLoci_SLB22NARGB,https://w3id.org/notebookfair#GitRepositoryResource,14,0,0
1797,juancrescente/mirna_mite,github,https://github.com/juancrescente/mirna_mite,https://w3id.org/notebookfair#GitRepositoryResource,13,0,0
1798,birneylab/MIKK_genome_companion_paper,github,https://github.com/birneylab/MIKK_genome_companion_paper,https://w3id.org/notebookfair#GitRepositoryResource,3,0,0
1799,fritzsedlazeck/SURVIVOR,github,https://github.com/fritzsedlazeck/SURVIVOR,https://w3id.org/notebookfair#GitRepositoryResource,0,0,0
1800,a-slide/pycoSnake,github,https://github.com/a-slide/pycoSnake,https://w3id.org/notebookfair#GitRepositoryResource,0,2,0
1801,smehringer/SViper,github,https://github.com/smehringer/SViper,https://w3id.org/notebookfair#GitRepositoryResource,0,0,0
1802,atrisovic/dataverse-r-study,github,https://github.com/atrisovic/dataverse-r-study,https://w3id.org/notebookfair#GitRepositoryResource,17,0,1
1803,MaayanLab/drugshot,github,https://github.com/MaayanLab/drugshot,https://w3id.org/notebookfair#GitRepositoryResource,3,0,1
1804,MaayanLab/appyter-catalog,github,https://github.com/MaayanLab/appyter-catalog,https://w3id.org/notebookfair#GitRepositoryResource,108,0,110
1805,mph-/lcapy,github,https://github.com/mph-/lcapy,https://w3id.org/notebookfair#GitRepositoryResource,21,1,1
1806,chemosim-lab/OlfactoryReceptors,github,https://github.com/chemosim-lab/OlfactoryReceptors,https://w3id.org/notebookfair#GitRepositoryResource,1,0,0
1807,yoon-jimin/2021_HIV_Env_DMS,github,https://github.com/yoon-jimin/2021_HIV_Env_DMS,https://w3id.org/notebookfair#GitRepositoryResource,3,0,0
1808,PeeperLab/Rtoolbox,github,https://github.com/PeeperLab/Rtoolbox,https://w3id.org/notebookfair#GitRepositoryResource,0,0,0
1809,wavallejol/ColabChem,github,https://github.com/wavallejol/ColabChem,https://w3id.org/notebookfair#GitRepositoryResource,12,0,0
1810,ncbi/icn3d,github,https://github.com/ncbi/icn3d,https://w3id.org/notebookfair#GitRepositoryResource,0,1,0
1811,ohbm/hackathon2019,github,https://github.com/ohbm/hackathon2019,https://w3id.org/notebookfair#GitRepositoryResource,0,0,0
1812,brainiak/brainiak-aperture,github,https://github.com/brainiak/brainiak-aperture,https://w3id.org/notebookfair#GitRepositoryResource,10,0,0
1813,brainiak/rt-cloud,github,https://github.com/brainiak/rt-cloud,https://w3id.org/notebookfair#GitRepositoryResource,1,0,1
1814,rivetTDA/rivet,github,https://github.com/rivetTDA/rivet,https://w3id.org/notebookfair#GitRepositoryResource,0,0,0
1815,biavillasboas/BroadbandSpectrum,github,https://github.com/biavillasboas/BroadbandSpectrum,https://w3id.org/notebookfair#GitRepositoryResource,6,0,0
1816,rinikerlab/cyclic_peptide_at_interfaces,github,https://github.com/rinikerlab/cyclic_peptide_at_interfaces,https://w3id.org/notebookfair#GitRepositoryResource,2,0,0
1817,vasdam/Parts_characterisation,github,https://github.com/vasdam/Parts_characterisation,https://w3id.org/notebookfair#GitRepositoryResource,3,0,0
1818,ArnauMontagud/PROFILE_v2,github,https://github.com/ArnauMontagud/PROFILE_v2,https://w3id.org/notebookfair#GitRepositoryResource,1,0,0
1819,sysbio-curie/PROFILE,github,https://github.com/sysbio-curie/PROFILE,https://w3id.org/notebookfair#GitRepositoryResource,0,0,0
1820,sysbio-curie/Logical_modelling_pipeline,github,https://github.com/sysbio-curie/Logical_modelling_pipeline,https://w3id.org/notebookfair#GitRepositoryResource,0,0,0
1821,maboss-bkmc/MaBoSS-env-2.0,github,https://github.com/maboss-bkmc/MaBoSS-env-2.0,https://w3id.org/notebookfair#GitRepositoryResource,0,1,0
1822,mossmatters/MJPythonNotebooks,github,https://github.com/mossmatters/MJPythonNotebooks,https://w3id.org/notebookfair#GitRepositoryResource,9,0,1
1823,GiovannaNicora/MLVar,github,https://github.com/GiovannaNicora/MLVar,https://w3id.org/notebookfair#GitRepositoryResource,2,0,0
1824,yihan1119/Group_clone,github,https://github.com/yihan1119/Group_clone,https://w3id.org/notebookfair#GitRepositoryResource,6,0,0
1825,ComputationalSystemsBiology/OT-scOmics,github,https://github.com/ComputationalSystemsBiology/OT-scOmics,https://w3id.org/notebookfair#GitRepositoryResource,1,1,1
1826,ComputationalSystemsBiology/ot-scOmics,github,https://github.com/ComputationalSystemsBiology/ot-scOmics,https://w3id.org/notebookfair#GitRepositoryResource,1,1,1
1827,BiGCAT-UM/AOP-DB-RDF,github,https://github.com/BiGCAT-UM/AOP-DB-RDF,https://w3id.org/notebookfair#GitRepositoryResource,1,0,0
1828,data-intelligence-for-health-lab/Lpheada-Labelled-Public-HEAlth-DAtaset,github,https://github.com/data-intelligence-for-health-lab/Lpheada-Labelled-Public-HEAlth-DAtaset,https://w3id.org/notebookfair#GitRepositoryResource,3,0,0
1829,kunalchawlaa/TCGA-Oral-Cancer,github,https://github.com/kunalchawlaa/TCGA-Oral-Cancer,https://w3id.org/notebookfair#GitRepositoryResource,0,0,1
1830,divamgupta/image-segmentation-keras,github,https://github.com/divamgupta/image-segmentation-keras,https://w3id.org/notebookfair#GitRepositoryResource,0,1,1
1831,pmneila/morphsnakes,github,https://github.com/pmneila/morphsnakes,https://w3id.org/notebookfair#GitRepositoryResource,0,1,1
1832,robbinc91/cerebellar_fissures_segmentation_cnn,github,https://github.com/robbinc91/cerebellar_fissures_segmentation_cnn,https://w3id.org/notebookfair#GitRepositoryResource,0,0,0
1833,lordgrilo/AML-days-TDA-tutorial,github,https://github.com/lordgrilo/AML-days-TDA-tutorial,https://w3id.org/notebookfair#GitRepositoryResource,11,0,0
1834,braindynamicslab/dyneusr-notebooks,github,https://github.com/braindynamicslab/dyneusr-notebooks,https://w3id.org/notebookfair#GitRepositoryResource,2,0,1
1835,multinetlab-amsterdam/network_TDA_tutorial,github,https://github.com/multinetlab-amsterdam/network_TDA_tutorial,https://w3id.org/notebookfair#GitRepositoryResource,2,0,1
1836,lukassnoek/NI-edu,github,https://github.com/lukassnoek/NI-edu,https://w3id.org/notebookfair#GitRepositoryResource,22,1,1
1837,GUDHI/TDA-tutorial,github,https://github.com/GUDHI/TDA-tutorial,https://w3id.org/notebookfair#GitRepositoryResource,18,0,1
1838,nebneuron/clique-top,github,https://github.com/nebneuron/clique-top,https://w3id.org/notebookfair#GitRepositoryResource,0,0,0
1839,aestrivex/bctpy,github,https://github.com/aestrivex/bctpy,https://w3id.org/notebookfair#GitRepositoryResource,0,1,1
1840,DeniseCaiLab/ezTrack,github,https://github.com/DeniseCaiLab/ezTrack,https://w3id.org/notebookfair#GitRepositoryResource,5,0,0
1841,robbinlin/data-generation-,github,https://github.com/robbinlin/data-generation-,https://w3id.org/notebookfair#GitRepositoryResource,2,0,0
1842,physnano/rRNA_nanoSHAPE,github,https://github.com/physnano/rRNA_nanoSHAPE,https://w3id.org/notebookfair#GitRepositoryResource,7,0,0
1843,jts/nanopolish,github,https://github.com/jts/nanopolish,https://w3id.org/notebookfair#GitRepositoryResource,0,0,1
1844,nanoporetech/tombo,github,https://github.com/nanoporetech/tombo,https://w3id.org/notebookfair#GitRepositoryResource,0,1,0
1845,nanoporetech/ont_fast5_api,github,https://github.com/nanoporetech/ont_fast5_api,https://w3id.org/notebookfair#GitRepositoryResource,0,1,0
1846,Merck/BioPhi,github,https://github.com/Merck/BioPhi,https://w3id.org/notebookfair#GitRepositoryResource,0,1,0
1847,vkola-lab/peds2019,github,https://github.com/vkola-lab/peds2019,https://w3id.org/notebookfair#GitRepositoryResource,1,0,0
1848,prihoda/AbNumber,github,https://github.com/prihoda/AbNumber,https://w3id.org/notebookfair#GitRepositoryResource,1,1,0
1849,Merck/BioPhi-2021-publication,github,https://github.com/Merck/BioPhi-2021-publication,https://w3id.org/notebookfair#GitRepositoryResource,27,1,1
1850,sevahn/deconvolution,github,https://github.com/sevahn/deconvolution,https://w3id.org/notebookfair#GitRepositoryResource,32,0,0
1851,ohlerlab/SEMITONES,github,https://github.com/ohlerlab/SEMITONES,https://w3id.org/notebookfair#GitRepositoryResource,4,1,2
1852,Hsu-Che-Wei/COPILOT,github,https://github.com/Hsu-Che-Wei/COPILOT,https://w3id.org/notebookfair#GitRepositoryResource,36,0,0
1853,BUStools/BUSpaRse,github,https://github.com/BUStools/BUSpaRse,https://w3id.org/notebookfair#GitRepositoryResource,0,0,0
1854,rajewsky-lab/novosparc,github,https://github.com/rajewsky-lab/novosparc,https://w3id.org/notebookfair#GitRepositoryResource,4,1,2
1855,jenniferfranks/FSQN,github,https://github.com/jenniferfranks/FSQN,https://w3id.org/notebookfair#GitRepositoryResource,0,0,0
1856,venkatkapil24/data_molecular_fluctuations,github,https://github.com/venkatkapil24/data_molecular_fluctuations,https://w3id.org/notebookfair#GitRepositoryResource,1,0,0
1857,tseemann/barrnap,github,https://github.com/tseemann/barrnap,https://w3id.org/notebookfair#GitRepositoryResource,0,0,0
1858,marcomeola/DAIRYdb,github,https://github.com/marcomeola/DAIRYdb,https://w3id.org/notebookfair#GitRepositoryResource,0,0,0
1859,abdallahabbas20/nAMD_AutoML_Study_Code,github,https://github.com/abdallahabbas20/nAMD_AutoML_Study_Code,https://w3id.org/notebookfair#GitRepositoryResource,0,0,0
1860,reality/mimpred,github,https://github.com/reality/mimpred,https://w3id.org/notebookfair#GitRepositoryResource,11,0,0
1861,vivarium-collective/vivarium-notebooks,github,https://github.com/vivarium-collective/vivarium-notebooks,https://w3id.org/notebookfair#GitRepositoryResource,3,1,1
1862,vivarium-collective/vivarium-core,github,https://github.com/vivarium-collective/vivarium-core,https://w3id.org/notebookfair#GitRepositoryResource,1,1,2
1863,Anneser/zfish_PTH2,github,https://github.com/Anneser/zfish_PTH2,https://w3id.org/notebookfair#GitRepositoryResource,5,0,0
1864,theia-dev/Qiber3D,github,https://github.com/theia-dev/Qiber3D,https://w3id.org/notebookfair#GitRepositoryResource,3,1,2
1865,marcomusy/vedo,github,https://github.com/marcomusy/vedo,https://w3id.org/notebookfair#GitRepositoryResource,12,1,1
1866,soft-matter/pims,github,https://github.com/soft-matter/pims,https://w3id.org/notebookfair#GitRepositoryResource,1,1,0
1867,seung-lab/kimimaro,github,https://github.com/seung-lab/kimimaro,https://w3id.org/notebookfair#GitRepositoryResource,0,1,1
1868,atresen/LUTI_key_features,github,https://github.com/atresen/LUTI_key_features,https://w3id.org/notebookfair#GitRepositoryResource,6,0,0
1869,sankyoh/Tokyo2020_COVID19,github,https://github.com/sankyoh/Tokyo2020_COVID19,https://w3id.org/notebookfair#GitRepositoryResource,1,0,0
1870,alexdesiqueira/fcn_microct,github,https://github.com/alexdesiqueira/fcn_microct,https://w3id.org/notebookfair#GitRepositoryResource,1,1,1
1871,trackow/AntarcticSeaIce_NatCommun,github,https://github.com/trackow/AntarcticSeaIce_NatCommun,https://w3id.org/notebookfair#GitRepositoryResource,9,0,0
1872,Gubskiy-Ilya/iaPWI_cells,github,https://github.com/Gubskiy-Ilya/iaPWI_cells,https://w3id.org/notebookfair#GitRepositoryResource,1,0,0
1873,auranic/CellCycleTrajectory_SegmentModel,github,https://github.com/auranic/CellCycleTrajectory_SegmentModel,https://w3id.org/notebookfair#GitRepositoryResource,3,0,0
1874,tgandor/urban_oculus,github,https://github.com/tgandor/urban_oculus,https://w3id.org/notebookfair#GitRepositoryResource,73,1,1
1875,cocodataset/cocoapi,github,https://github.com/cocodataset/cocoapi,https://w3id.org/notebookfair#GitRepositoryResource,2,1,0
1876,chrelli/3DDD_social_mouse_tracker,github,https://github.com/chrelli/3DDD_social_mouse_tracker,https://w3id.org/notebookfair#GitRepositoryResource,48,1,0
1877,IntelRealSense/librealsense,github,https://github.com/IntelRealSense/librealsense,https://w3id.org/notebookfair#GitRepositoryResource,0,2,1
1878,tino/pyFirmata,github,https://github.com/tino/pyFirmata,https://w3id.org/notebookfair#GitRepositoryResource,0,1,1
1879,bearpaw/pytorch-pose,github,https://github.com/bearpaw/pytorch-pose,https://w3id.org/notebookfair#GitRepositoryResource,0,0,0
1880,jgraving/DeepPoseKit-Annotator,github,https://github.com/jgraving/DeepPoseKit-Annotator,https://w3id.org/notebookfair#GitRepositoryResource,3,1,0
1881,daavoo/pyntcloud,github,https://github.com/daavoo/pyntcloud,https://w3id.org/notebookfair#GitRepositoryResource,5,1,2
1882,matousc89/padasip,github,https://github.com/matousc89/padasip,https://w3id.org/notebookfair#GitRepositoryResource,0,1,0
1883,rlabbe/filterpy,github,https://github.com/rlabbe/filterpy,https://w3id.org/notebookfair#GitRepositoryResource,0,1,1
1884,GiocomoLab/ln-model-of-mec-neurons,github,https://github.com/GiocomoLab/ln-model-of-mec-neurons,https://w3id.org/notebookfair#GitRepositoryResource,0,0,0
1885,TheJacksonLaboratory/weinstock_full_length_16s,github,https://github.com/TheJacksonLaboratory/weinstock_full_length_16s,https://w3id.org/notebookfair#GitRepositoryResource,0,0,0
1886,mtinti/polysome,github,https://github.com/mtinti/polysome,https://w3id.org/notebookfair#GitRepositoryResource,2,0,0
1887,mtinti/polysome_coverage,github,https://github.com/mtinti/polysome_coverage,https://w3id.org/notebookfair#GitRepositoryResource,1,0,0
1888,mtinti/polysome_qc,github,https://github.com/mtinti/polysome_qc,https://w3id.org/notebookfair#GitRepositoryResource,0,0,0
1889,MannLabs/CKG,github,https://github.com/MannLabs/CKG,https://w3id.org/notebookfair#GitRepositoryResource,43,1,3
1890,mtinti/tbrucei_ibaq,github,https://github.com/mtinti/tbrucei_ibaq,https://w3id.org/notebookfair#GitRepositoryResource,0,0,0
1891,Eggeling-Lab-Microscope-Software/TRAIT2D,github,https://github.com/Eggeling-Lab-Microscope-Software/TRAIT2D,https://w3id.org/notebookfair#GitRepositoryResource,0,1,1
1892,theislab/squidpy,github,https://github.com/theislab/squidpy,https://w3id.org/notebookfair#GitRepositoryResource,0,1,3
1893,theislab/squidpy_reproducibility,github,https://github.com/theislab/squidpy_reproducibility,https://w3id.org/notebookfair#GitRepositoryResource,39,0,0
1894,somathias/cbmos,github,https://github.com/somathias/cbmos,https://w3id.org/notebookfair#GitRepositoryResource,5,1,0
1895,dmlc/minpy,github,https://github.com/dmlc/minpy,https://w3id.org/notebookfair#GitRepositoryResource,13,1,2
1896,German-BioImaging/RDM4mic,github,https://github.com/German-BioImaging/RDM4mic,https://w3id.org/notebookfair#GitRepositoryResource,0,0,0
1897,SFB-ELAINE/Semantic-Modelling-CA-Imaging,github,https://github.com/SFB-ELAINE/Semantic-Modelling-CA-Imaging,https://w3id.org/notebookfair#GitRepositoryResource,0,0,0
1898,SFB-ELAINE/Ca-imaging-RO-Crate,github,https://github.com/SFB-ELAINE/Ca-imaging-RO-Crate,https://w3id.org/notebookfair#GitRepositoryResource,0,0,0
1899,m6121/Structure-based-ELN2LOD,github,https://github.com/m6121/Structure-based-ELN2LOD,https://w3id.org/notebookfair#GitRepositoryResource,0,0,1
1900,remyeltorro/SPTAlign,github,https://github.com/remyeltorro/SPTAlign,https://w3id.org/notebookfair#GitRepositoryResource,1,0,1
1901,phpuech/TFM,github,https://github.com/phpuech/TFM,https://w3id.org/notebookfair#GitRepositoryResource,0,0,0
1902,ColeLab/ActflowToolbox,github,https://github.com/ColeLab/ActflowToolbox,https://w3id.org/notebookfair#GitRepositoryResource,1,0,0
1903,ColeLab/ColeAnticevicNetPartition,github,https://github.com/ColeLab/ColeAnticevicNetPartition,https://w3id.org/notebookfair#GitRepositoryResource,0,0,0
1904,ColeLab/CombinedFC,github,https://github.com/ColeLab/CombinedFC,https://w3id.org/notebookfair#GitRepositoryResource,2,0,0
1905,ColeLab/informationtransfermapping,github,https://github.com/ColeLab/informationtransfermapping,https://w3id.org/notebookfair#GitRepositoryResource,15,0,0
1906,ColeLab/TaskFCRemoveMeanActivity,github,https://github.com/ColeLab/TaskFCRemoveMeanActivity,https://w3id.org/notebookfair#GitRepositoryResource,2,0,1
1907,jbburt/wbplot,github,https://github.com/jbburt/wbplot,https://w3id.org/notebookfair#GitRepositoryResource,0,1,1
1908,pyenv/pyenv,github,https://github.com/pyenv/pyenv,https://w3id.org/notebookfair#GitRepositoryResource,0,0,1
1909,jessegmeyerlab/positional-SHAP,github,https://github.com/jessegmeyerlab/positional-SHAP,https://w3id.org/notebookfair#GitRepositoryResource,9,0,1
1910,knightlab-analyses/uc-severity-multiomics,github,https://github.com/knightlab-analyses/uc-severity-multiomics,https://w3id.org/notebookfair#GitRepositoryResource,6,0,0
1911,biocore/wol,github,https://github.com/biocore/wol,https://w3id.org/notebookfair#GitRepositoryResource,13,0,0
1912,purvislab/MCM_project,github,https://github.com/purvislab/MCM_project,https://w3id.org/notebookfair#GitRepositoryResource,124,0,0
1913,MozesBlom/NGSdata_tools,github,https://github.com/MozesBlom/NGSdata_tools,https://w3id.org/notebookfair#GitRepositoryResource,0,0,0
1914,ekg/Vcflib,github,https://github.com/ekg/Vcflib,https://w3id.org/notebookfair#GitRepositoryResource,0,0,0
1915,edgardomortiz/vcf2phylip,github,https://github.com/edgardomortiz/vcf2phylip,https://w3id.org/notebookfair#GitRepositoryResource,0,0,0
1916,qLSLab/ExTaxsI,github,https://github.com/qLSLab/ExTaxsI,https://w3id.org/notebookfair#GitRepositoryResource,1,1,1
1917,qLSLab/extaxsi,github,https://github.com/qLSLab/extaxsi,https://w3id.org/notebookfair#GitRepositoryResource,1,1,1
1918,mrmckain/Fast-Plast,github,https://github.com/mrmckain/Fast-Plast,https://w3id.org/notebookfair#GitRepositoryResource,0,0,0
1919,kmcdannell/helium-empirical-bayes,github,https://github.com/kmcdannell/helium-empirical-bayes,https://w3id.org/notebookfair#GitRepositoryResource,1,0,0
1920,fl16180/gtrends-tools,github,https://github.com/fl16180/gtrends-tools,https://w3id.org/notebookfair#GitRepositoryResource,0,1,0
1921,bulik/ldsc,github,https://github.com/bulik/ldsc,https://w3id.org/notebookfair#GitRepositoryResource,0,1,1
1922,ruthchia/MyastheniaGravis_AnalysisCode,github,https://github.com/ruthchia/MyastheniaGravis_AnalysisCode,https://w3id.org/notebookfair#GitRepositoryResource,1,0,0
1923,nanoporetech/read_until_api,github,https://github.com/nanoporetech/read_until_api,https://w3id.org/notebookfair#GitRepositoryResource,0,1,1
1924,richardmleggett/adaptive_sampling,github,https://github.com/richardmleggett/adaptive_sampling,https://w3id.org/notebookfair#GitRepositoryResource,0,0,0
1925,SR-Martin/Adaptive-Sequencing-Analysis-Scripts,github,https://github.com/SR-Martin/Adaptive-Sequencing-Analysis-Scripts,https://w3id.org/notebookfair#GitRepositoryResource,0,0,0
1926,richardmleggett/MMParse,github,https://github.com/richardmleggett/MMParse,https://w3id.org/notebookfair#GitRepositoryResource,0,0,0
1927,MetabolicEngineeringGroupCBMA/Pereira_et_al_2022,github,https://github.com/MetabolicEngineeringGroupCBMA/Pereira_et_al_2022,https://w3id.org/notebookfair#GitRepositoryResource,9,0,0
1928,GabrielBalabanResearch/TCRpower,github,https://github.com/GabrielBalabanResearch/TCRpower,https://w3id.org/notebookfair#GitRepositoryResource,1,1,0
1929,psychosensing/popane-2021,github,https://github.com/psychosensing/popane-2021,https://w3id.org/notebookfair#GitRepositoryResource,2,0,1
1930,jpchavat/ecd-uy,github,https://github.com/jpchavat/ecd-uy,https://w3id.org/notebookfair#GitRepositoryResource,4,0,0
1931,jefflee1103/Lee_Wing-SARS2,github,https://github.com/jefflee1103/Lee_Wing-SARS2,https://w3id.org/notebookfair#GitRepositoryResource,1,0,0
1932,fish-quant/big-fish,github,https://github.com/fish-quant/big-fish,https://w3id.org/notebookfair#GitRepositoryResource,0,1,1
1933,AlexeyAB/darknet,github,https://github.com/AlexeyAB/darknet,https://w3id.org/notebookfair#GitRepositoryResource,0,0,0
1934,saalfeldlab/render,github,https://github.com/saalfeldlab/render,https://w3id.org/notebookfair#GitRepositoryResource,0,0,0
1935,hoogenboom-group/iCAT-workflow,github,https://github.com/hoogenboom-group/iCAT-workflow,https://w3id.org/notebookfair#GitRepositoryResource,8,1,0
1936,AllenInstitute/render-python,github,https://github.com/AllenInstitute/render-python,https://w3id.org/notebookfair#GitRepositoryResource,1,1,1
1937,AllenInstitute/BigFeta,github,https://github.com/AllenInstitute/BigFeta,https://w3id.org/notebookfair#GitRepositoryResource,0,1,2
1938,hoogenboom-group/secdetect,github,https://github.com/hoogenboom-group/secdetect,https://w3id.org/notebookfair#GitRepositoryResource,11,1,0
1939,delmic/odemis,github,https://github.com/delmic/odemis,https://w3id.org/notebookfair#GitRepositoryResource,0,2,1
1940,AllenCellModeling/pytorch_integrated_cell,github,https://github.com/AllenCellModeling/pytorch_integrated_cell,https://w3id.org/notebookfair#GitRepositoryResource,10,1,1
1941,AllenCell/aicsfeature,github,https://github.com/AllenCell/aicsfeature,https://w3id.org/notebookfair#GitRepositoryResource,4,1,1
1942,CellProfiling/FeatureExtraction,github,https://github.com/CellProfiling/FeatureExtraction,https://w3id.org/notebookfair#GitRepositoryResource,0,0,0
1943,maximtrp/scikit-posthocs,github,https://github.com/maximtrp/scikit-posthocs,https://w3id.org/notebookfair#GitRepositoryResource,1,1,2
1944,gumpy-bci/gumpy,github,https://github.com/gumpy-bci/gumpy,https://w3id.org/notebookfair#GitRepositoryResource,3,1,0
1945,cerr/CERR,github,https://github.com/cerr/CERR,https://w3id.org/notebookfair#GitRepositoryResource,0,1,0
1946,bmrb-io/PyNMRSTAR,github,https://github.com/bmrb-io/PyNMRSTAR,https://w3id.org/notebookfair#GitRepositoryResource,0,2,2
1947,bmrb-io/BMRB-API,github,https://github.com/bmrb-io/BMRB-API,https://w3id.org/notebookfair#GitRepositoryResource,1,0,1
1948,bmrb-io/PyBMRB,github,https://github.com/bmrb-io/PyBMRB,https://w3id.org/notebookfair#GitRepositoryResource,0,1,2
1949,bmrb-io/RBMRB,github,https://github.com/bmrb-io/RBMRB,https://w3id.org/notebookfair#GitRepositoryResource,0,0,0
1950,lemaslab/reproducible_metabolomics_study_checklist,github,https://github.com/lemaslab/reproducible_metabolomics_study_checklist,https://w3id.org/notebookfair#GitRepositoryResource,0,0,0
1951,breno-madruga/analysis-covid-manuscripts,github,https://github.com/breno-madruga/analysis-covid-manuscripts,https://w3id.org/notebookfair#GitRepositoryResource,2,0,0
1952,fooof-tools/DevelopmentalDemo,github,https://github.com/fooof-tools/DevelopmentalDemo,https://w3id.org/notebookfair#GitRepositoryResource,2,0,1
1953,hms-dbmi/Access-to-Data-using-PIC-SURE-API,github,https://github.com/hms-dbmi/Access-to-Data-using-PIC-SURE-API,https://w3id.org/notebookfair#GitRepositoryResource,25,0,3
1954,EBISPOT/DUO,github,https://github.com/EBISPOT/DUO,https://w3id.org/notebookfair#GitRepositoryResource,0,0,0
1955,ga4gh-duri/ga4gh-duri.github.io,github,https://github.com/ga4gh-duri/ga4gh-duri.github.io,https://w3id.org/notebookfair#GitRepositoryResource,0,0,0
1956,theislab/cellrank_reproducibility,github,https://github.com/theislab/cellrank_reproducibility,https://w3id.org/notebookfair#GitRepositoryResource,34,0,0
1957,msmdev/pyGPCCA,github,https://github.com/msmdev/pyGPCCA,https://w3id.org/notebookfair#GitRepositoryResource,1,1,2
1958,computationalpathologygroup/ASAP,github,https://github.com/computationalpathologygroup/ASAP,https://w3id.org/notebookfair#GitRepositoryResource,0,0,0
1959,Kaggle/docker-python,github,https://github.com/Kaggle/docker-python,https://w3id.org/notebookfair#GitRepositoryResource,2,0,0
1960,DIAGNijmegen/panda-challenge,github,https://github.com/DIAGNijmegen/panda-challenge,https://w3id.org/notebookfair#GitRepositoryResource,1,0,1
1961,BetaGenomeNinja/EL57,github,https://github.com/BetaGenomeNinja/EL57,https://w3id.org/notebookfair#GitRepositoryResource,0,0,0
1962,LAD-PUCRS/Arena_SARS-BCG,github,https://github.com/LAD-PUCRS/Arena_SARS-BCG,https://w3id.org/notebookfair#GitRepositoryResource,0,0,0
1963,gcallander/OnlineOD,github,https://github.com/gcallander/OnlineOD,https://w3id.org/notebookfair#GitRepositoryResource,2,0,0
1964,industrial-optimization-group/Interactive-Multiobjective-Optimization-for-Finding-the-Most-Suitable-Exercise-Therapy-in-Knee-Osteo,github,https://github.com/industrial-optimization-group/Interactive-Multiobjective-Optimization-for-Finding-the-Most-Suitable-Exercise-Therapy-in-Knee-Osteo,https://w3id.org/notebookfair#GitRepositoryResource,1,0,0
1965,msel-source/meflib,github,https://github.com/msel-source/meflib,https://w3id.org/notebookfair#GitRepositoryResource,0,0,0
1966,msel-source/pymef,github,https://github.com/msel-source/pymef,https://w3id.org/notebookfair#GitRepositoryResource,0,1,0
1967,MaxvandenBoom/matmef,github,https://github.com/MaxvandenBoom/matmef,https://w3id.org/notebookfair#GitRepositoryResource,0,0,0
1968,bids-standard/bids-matlab,github,https://github.com/bids-standard/bids-matlab,https://w3id.org/notebookfair#GitRepositoryResource,6,0,2
1969,jbloomlab/SARS-CoV-2-RBD_DMS,github,https://github.com/jbloomlab/SARS-CoV-2-RBD_DMS,https://w3id.org/notebookfair#GitRepositoryResource,10,0,0
1970,juan-rodriguez-rivas/covmut,github,https://github.com/juan-rodriguez-rivas/covmut,https://w3id.org/notebookfair#GitRepositoryResource,0,0,0
1971,manning-lab/ukb-covid-gxe,github,https://github.com/manning-lab/ukb-covid-gxe,https://w3id.org/notebookfair#GitRepositoryResource,3,0,0
1972,tanaylab/tglkmeans,github,https://github.com/tanaylab/tglkmeans,https://w3id.org/notebookfair#GitRepositoryResource,0,0,0
1973,IUIDSL/kgap_lincs-idg,github,https://github.com/IUIDSL/kgap_lincs-idg,https://w3id.org/notebookfair#GitRepositoryResource,2,0,0
1974,dcdace/Domain-general,github,https://github.com/dcdace/Domain-general,https://w3id.org/notebookfair#GitRepositoryResource,2,0,1
1975,mvlasceanu/COVIDsource,github,https://github.com/mvlasceanu/COVIDsource,https://w3id.org/notebookfair#GitRepositoryResource,2,0,0
1976,farhat-lab/mtb-illumina-wgs-evaluation,github,https://github.com/farhat-lab/mtb-illumina-wgs-evaluation,https://w3id.org/notebookfair#GitRepositoryResource,26,0,0
1977,nmdp-bioinformatics/b-leader,github,https://github.com/nmdp-bioinformatics/b-leader,https://w3id.org/notebookfair#GitRepositoryResource,3,0,2
1978,poldracklab/pydeface,github,https://github.com/poldracklab/pydeface,https://w3id.org/notebookfair#GitRepositoryResource,0,1,0
1979,Furman-Lab/Peptide_docking_with_AF2_and_RosettAfold,github,https://github.com/Furman-Lab/Peptide_docking_with_AF2_and_RosettAfold,https://w3id.org/notebookfair#GitRepositoryResource,0,0,0
1980,araldi/Grigolon-et-al_GRHL1_NatureCommunications,github,https://github.com/araldi/Grigolon-et-al_GRHL1_NatureCommunications,https://w3id.org/notebookfair#GitRepositoryResource,4,0,0
1981,bids-standard/bids-starter-kit,github,https://github.com/bids-standard/bids-starter-kit,https://w3id.org/notebookfair#GitRepositoryResource,0,0,2
1982,ssehztirom/interpretable-generative-deep-learning,github,https://github.com/ssehztirom/interpretable-generative-deep-learning,https://w3id.org/notebookfair#GitRepositoryResource,3,0,0
1983,aspuru-guzik-group/routescore,github,https://github.com/aspuru-guzik-group/routescore,https://w3id.org/notebookfair#GitRepositoryResource,1,0,0
1984,seqan/lara,github,https://github.com/seqan/lara,https://w3id.org/notebookfair#GitRepositoryResource,1,0,0
1985,microsoft/vott,github,https://github.com/microsoft/vott,https://w3id.org/notebookfair#GitRepositoryResource,0,0,0
1986,juntang-zhuang/Adabelief-Optimizer,github,https://github.com/juntang-zhuang/Adabelief-Optimizer,https://w3id.org/notebookfair#GitRepositoryResource,3,10,0
1987,SDmetagenomics/AMO_Archaea_2021,github,https://github.com/SDmetagenomics/AMO_Archaea_2021,https://w3id.org/notebookfair#GitRepositoryResource,0,0,0
1988,AnantharamanLab/METABOLIC,github,https://github.com/AnantharamanLab/METABOLIC,https://w3id.org/notebookfair#GitRepositoryResource,0,0,0
1989,UCLOrengoGroup/cath-tools,github,https://github.com/UCLOrengoGroup/cath-tools,https://w3id.org/notebookfair#GitRepositoryResource,0,0,0
1990,raphael-upmc/proteinClusteringPipeline,github,https://github.com/raphael-upmc/proteinClusteringPipeline,https://w3id.org/notebookfair#GitRepositoryResource,0,0,0
1991,wilkox/gggenes,github,https://github.com/wilkox/gggenes,https://w3id.org/notebookfair#GitRepositoryResource,0,0,0
1992,rribeiro-sci/OXTR,github,https://github.com/rribeiro-sci/OXTR,https://w3id.org/notebookfair#GitRepositoryResource,1,0,0
1993,epibayes/paper-template,github,https://github.com/epibayes/paper-template,https://w3id.org/notebookfair#GitRepositoryResource,0,0,0
1994,ianlmorgan/tweezepy,github,https://github.com/ianlmorgan/tweezepy,https://w3id.org/notebookfair#GitRepositoryResource,3,1,2
1995,PGRP1546869/mt_vernon_2017_leaf,github,https://github.com/PGRP1546869/mt_vernon_2017_leaf,https://w3id.org/notebookfair#GitRepositoryResource,7,0,0
1996,maxcorlabs/Corona_Cost_Effectiveness,github,https://github.com/maxcorlabs/Corona_Cost_Effectiveness,https://w3id.org/notebookfair#GitRepositoryResource,9,0,2
1997,PhilippJunk/homelette,github,https://github.com/PhilippJunk/homelette,https://w3id.org/notebookfair#GitRepositoryResource,8,1,1
1998,jbloomlab/dms_tools2,github,https://github.com/jbloomlab/dms_tools2,https://w3id.org/notebookfair#GitRepositoryResource,9,1,0
1999,jbloomlab/2B06_DMS,github,https://github.com/jbloomlab/2B06_DMS,https://w3id.org/notebookfair#GitRepositoryResource,4,0,1
2000,theislab/scib,github,https://github.com/theislab/scib,https://w3id.org/notebookfair#GitRepositoryResource,0,1,0
2001,theislab/scib-reproducibility,github,https://github.com/theislab/scib-reproducibility,https://w3id.org/notebookfair#GitRepositoryResource,65,0,0
2002,theislab/scib-pipeline,github,https://github.com/theislab/scib-pipeline,https://w3id.org/notebookfair#GitRepositoryResource,0,0,1
2003,Hoohm/CITE-seq-Count,github,https://github.com/Hoohm/CITE-seq-Count,https://w3id.org/notebookfair#GitRepositoryResource,0,1,0
2004,klarman-cell-observatory/pegasus,github,https://github.com/klarman-cell-observatory/pegasus,https://w3id.org/notebookfair#GitRepositoryResource,0,1,2
2005,evafast/scrnaseq_paper,github,https://github.com/evafast/scrnaseq_paper,https://w3id.org/notebookfair#GitRepositoryResource,50,0,0
2006,federicomarini/GeneTonic_supplement,github,https://github.com/federicomarini/GeneTonic_supplement,https://w3id.org/notebookfair#GitRepositoryResource,0,0,0
2007,federicomarini/GeneTonic,github,https://github.com/federicomarini/GeneTonic,https://w3id.org/notebookfair#GitRepositoryResource,0,0,0
2008,RinteRface/bs4Dash,github,https://github.com/RinteRface/bs4Dash,https://w3id.org/notebookfair#GitRepositoryResource,0,0,0
2009,menchelab/BioProfiling.jl,github,https://github.com/menchelab/BioProfiling.jl,https://w3id.org/notebookfair#GitRepositoryResource,0,0,0
2010,menchelab/BioProfilingNotebooks,github,https://github.com/menchelab/BioProfilingNotebooks,https://w3id.org/notebookfair#GitRepositoryResource,10,0,0
2011,protonzilla/Neofotis2021_Pyrenoid_Hyperoxia,github,https://github.com/protonzilla/Neofotis2021_Pyrenoid_Hyperoxia,https://w3id.org/notebookfair#GitRepositoryResource,11,0,0
2012,brain-modelling-group/neural-flows,github,https://github.com/brain-modelling-group/neural-flows,https://w3id.org/notebookfair#GitRepositoryResource,0,0,0
2013,jonascremer/lagtimemodeling,github,https://github.com/jonascremer/lagtimemodeling,https://w3id.org/notebookfair#GitRepositoryResource,1,0,0
2014,LBC-LNBio/pyKVFinder,github,https://github.com/LBC-LNBio/pyKVFinder,https://w3id.org/notebookfair#GitRepositoryResource,3,1,0
2015,GJOsmak/miRNET_HCM,github,https://github.com/GJOsmak/miRNET_HCM,https://w3id.org/notebookfair#GitRepositoryResource,5,0,0
2016,afukushima/rpmm-metadata,github,https://github.com/afukushima/rpmm-metadata,https://w3id.org/notebookfair#GitRepositoryResource,0,0,0
2017,ISA-tools/MSIO,github,https://github.com/ISA-tools/MSIO,https://w3id.org/notebookfair#GitRepositoryResource,0,0,0
2018,afukushima/rRPMM,github,https://github.com/afukushima/rRPMM,https://w3id.org/notebookfair#GitRepositoryResource,0,0,0
2019,GWC-DCMB/curriculum-notebooks,github,https://github.com/GWC-DCMB/curriculum-notebooks,https://w3id.org/notebookfair#GitRepositoryResource,109,0,0
2020,nextstrain/nextclade,github,https://github.com/nextstrain/nextclade,https://w3id.org/notebookfair#GitRepositoryResource,0,0,0
2021,BaranziniLab/SPOKEsigs,github,https://github.com/BaranziniLab/SPOKEsigs,https://w3id.org/notebookfair#GitRepositoryResource,1,0,0
2022,SimonsonLab/VirtualHE_examples,github,https://github.com/SimonsonLab/VirtualHE_examples,https://w3id.org/notebookfair#GitRepositoryResource,1,0,0
2023,rbgirshick/fast-rcnn,github,https://github.com/rbgirshick/fast-rcnn,https://w3id.org/notebookfair#GitRepositoryResource,0,1,0
2024,weiliu89/caffe,github,https://github.com/weiliu89/caffe,https://w3id.org/notebookfair#GitRepositoryResource,8,0,2
2025,youngwanLEE/CenterMask,github,https://github.com/youngwanLEE/CenterMask,https://w3id.org/notebookfair#GitRepositoryResource,0,1,1
2026,scnuhealthy/Tensorflow_PersonLab,github,https://github.com/scnuhealthy/Tensorflow_PersonLab,https://w3id.org/notebookfair#GitRepositoryResource,0,0,0
2027,liruilong940607/Pose2Seg,github,https://github.com/liruilong940607/Pose2Seg,https://w3id.org/notebookfair#GitRepositoryResource,1,0,1
2028,JaviLaplaza/Pytorch-Siamese,github,https://github.com/JaviLaplaza/Pytorch-Siamese,https://w3id.org/notebookfair#GitRepositoryResource,0,0,0
2029,duonglong289/detectron2,github,https://github.com/duonglong289/detectron2,https://w3id.org/notebookfair#GitRepositoryResource,0,2,1
2030,duonglong289/centermask2,github,https://github.com/duonglong289/centermask2,https://w3id.org/notebookfair#GitRepositoryResource,0,0,0
2031,ropensci/taxize,github,https://github.com/ropensci/taxize,https://w3id.org/notebookfair#GitRepositoryResource,0,0,0
2032,georgiarichards/CVD_anticoags,github,https://github.com/georgiarichards/CVD_anticoags,https://w3id.org/notebookfair#GitRepositoryResource,1,0,0
2033,protonzilla/Light-Potentials-in-Field,github,https://github.com/protonzilla/Light-Potentials-in-Field,https://w3id.org/notebookfair#GitRepositoryResource,3,0,0
2034,MIT-LCP/mimic-omop,github,https://github.com/MIT-LCP/mimic-omop,https://w3id.org/notebookfair#GitRepositoryResource,2,0,0
2035,OHDSI/Achilles,github,https://github.com/OHDSI/Achilles,https://w3id.org/notebookfair#GitRepositoryResource,0,0,0
2036,OHDSI/Usagi,github,https://github.com/OHDSI/Usagi,https://w3id.org/notebookfair#GitRepositoryResource,0,0,0
2037,ericsuh/dirichlet,github,https://github.com/ericsuh/dirichlet,https://w3id.org/notebookfair#GitRepositoryResource,0,1,0
2038,alexander-alleman/Azotobactervinelandii_metabolicmodel,github,https://github.com/alexander-alleman/Azotobactervinelandii_metabolicmodel,https://w3id.org/notebookfair#GitRepositoryResource,11,0,0
2039,tskit-dev/msprime,github,https://github.com/tskit-dev/msprime,https://w3id.org/notebookfair#GitRepositoryResource,0,1,4
2040,tskit-dev/msprime-1.0-paper,github,https://github.com/tskit-dev/msprime-1.0-paper,https://w3id.org/notebookfair#GitRepositoryResource,0,0,1
2041,artedison/Edison_Lab_Shared_Metabolomics_UGA,github,https://github.com/artedison/Edison_Lab_Shared_Metabolomics_UGA,https://w3id.org/notebookfair#GitRepositoryResource,0,0,0
2042,artedison/RCC-staging,github,https://github.com/artedison/RCC-staging,https://w3id.org/notebookfair#GitRepositoryResource,10,0,0
2043,smkirby/combinatoriality,github,https://github.com/smkirby/combinatoriality,https://w3id.org/notebookfair#GitRepositoryResource,2,0,0
2044,pditommaso/awesome-pipeline,github,https://github.com/pditommaso/awesome-pipeline,https://w3id.org/notebookfair#GitRepositoryResource,0,0,0
2045,tleonardi/nanocompore_pipeline,github,https://github.com/tleonardi/nanocompore_pipeline,https://w3id.org/notebookfair#GitRepositoryResource,0,0,0
2046,tleonardi/nanocompore,github,https://github.com/tleonardi/nanocompore,https://w3id.org/notebookfair#GitRepositoryResource,4,0,0
2047,nanopore-wgs-consortium/NA12878,github,https://github.com/nanopore-wgs-consortium/NA12878,https://w3id.org/notebookfair#GitRepositoryResource,0,0,1
2048,tleonardi/nanocompore_paper_analyses,github,https://github.com/tleonardi/nanocompore_paper_analyses,https://w3id.org/notebookfair#GitRepositoryResource,4,0,0
2049,a-slide/MetaCompore,github,https://github.com/a-slide/MetaCompore,https://w3id.org/notebookfair#GitRepositoryResource,0,0,0
2050,peaclab/PACT,github,https://github.com/peaclab/PACT,https://w3id.org/notebookfair#GitRepositoryResource,0,0,2
2051,uvahotspot/hotspot,github,https://github.com/uvahotspot/hotspot,https://w3id.org/notebookfair#GitRepositoryResource,0,0,0
2052,tensorflow/docs-l10n,github,https://github.com/tensorflow/docs-l10n,https://w3id.org/notebookfair#GitRepositoryResource,1491,0,0
2053,UMCUGenetics/Cyclomics_consensus_pipeline,github,https://github.com/UMCUGenetics/Cyclomics_consensus_pipeline,https://w3id.org/notebookfair#GitRepositoryResource,0,0,1
2054,sein-tao/bam2m5,github,https://github.com/sein-tao/bam2m5,https://w3id.org/notebookfair#GitRepositoryResource,0,0,0
2055,UMCUGenetics/CyclomicsManuscript,github,https://github.com/UMCUGenetics/CyclomicsManuscript,https://w3id.org/notebookfair#GitRepositoryResource,4,0,0
2056,higor-sc/DL-Aedes,github,https://github.com/higor-sc/DL-Aedes,https://w3id.org/notebookfair#GitRepositoryResource,6,0,0
2057,wkentaro/labelme,github,https://github.com/wkentaro/labelme,https://w3id.org/notebookfair#GitRepositoryResource,0,1,0
2058,stcoradetti/RBseq,github,https://github.com/stcoradetti/RBseq,https://w3id.org/notebookfair#GitRepositoryResource,0,0,0
2059,weiss19/rh-seq,github,https://github.com/weiss19/rh-seq,https://w3id.org/notebookfair#GitRepositoryResource,0,0,0
2060,NBISweden/AGAT,github,https://github.com/NBISweden/AGAT,https://w3id.org/notebookfair#GitRepositoryResource,0,0,1
2061,melanieabrams-pub/RH-seq_with_barcoding,github,https://github.com/melanieabrams-pub/RH-seq_with_barcoding,https://w3id.org/notebookfair#GitRepositoryResource,1,0,0
2062,cnapy-org/CNApy,github,https://github.com/cnapy-org/CNApy,https://w3id.org/notebookfair#GitRepositoryResource,0,1,0
2063,cnapy-org/CNApy-projects,github,https://github.com/cnapy-org/CNApy-projects,https://w3id.org/notebookfair#GitRepositoryResource,0,0,0
2064,pachyderm/pachyderm,github,https://github.com/pachyderm/pachyderm,https://w3id.org/notebookfair#GitRepositoryResource,4,1,3
2065,alin-corodescu/MSc-workflows,github,https://github.com/alin-corodescu/MSc-workflows,https://w3id.org/notebookfair#GitRepositoryResource,1,0,0
2066,TheJacksonLaboratory/marea,github,https://github.com/TheJacksonLaboratory/marea,https://w3id.org/notebookfair#GitRepositoryResource,0,0,1
2067,monarch-initiative/yactp,github,https://github.com/monarch-initiative/yactp,https://w3id.org/notebookfair#GitRepositoryResource,0,0,1
2068,TheJacksonLaboratory/KCET,github,https://github.com/TheJacksonLaboratory/KCET,https://w3id.org/notebookfair#GitRepositoryResource,3,1,1
2069,monarch-initiative/embiggen,github,https://github.com/monarch-initiative/embiggen,https://w3id.org/notebookfair#GitRepositoryResource,0,1,0
2070,martibosch/lausanne-greening-scenarios,github,https://github.com/martibosch/lausanne-greening-scenarios,https://w3id.org/notebookfair#GitRepositoryResource,4,1,0
2071,RaphaelWimmer/COVID-19-Mobility-vs-Mortality,github,https://github.com/RaphaelWimmer/COVID-19-Mobility-vs-Mortality,https://w3id.org/notebookfair#GitRepositoryResource,3,0,0
2072,gpeyre/numerical-tours,github,https://github.com/gpeyre/numerical-tours,https://w3id.org/notebookfair#GitRepositoryResource,398,0,0
2073,XeBasTeX/Journal-of-Imaging-2021,github,https://github.com/XeBasTeX/Journal-of-Imaging-2021,https://w3id.org/notebookfair#GitRepositoryResource,0,0,0
2074,e-chong/Remote-Sensing,github,https://github.com/e-chong/Remote-Sensing,https://w3id.org/notebookfair#GitRepositoryResource,1,0,0
2075,phelber/eurosat,github,https://github.com/phelber/eurosat,https://w3id.org/notebookfair#GitRepositoryResource,0,0,0
2076,raoofnaushad/EuroSAT_LULC,github,https://github.com/raoofnaushad/EuroSAT_LULC,https://w3id.org/notebookfair#GitRepositoryResource,4,0,0
2077,petermchale/trfermikit,github,https://github.com/petermchale/trfermikit,https://w3id.org/notebookfair#GitRepositoryResource,9,0,1
2078,spiralgenetics/truvari,github,https://github.com/spiralgenetics/truvari,https://w3id.org/notebookfair#GitRepositoryResource,0,1,1
2079,ledovsky/alice-eeg-ml,github,https://github.com/ledovsky/alice-eeg-ml,https://w3id.org/notebookfair#GitRepositoryResource,2,0,1
2080,OverLordGoldDragon/ssqueezepy,github,https://github.com/OverLordGoldDragon/ssqueezepy,https://w3id.org/notebookfair#GitRepositoryResource,0,1,1
2081,kemerelab/ghostipy,github,https://github.com/kemerelab/ghostipy,https://w3id.org/notebookfair#GitRepositoryResource,8,1,0
2082,Usman095/Graph-DOM,github,https://github.com/Usman095/Graph-DOM,https://w3id.org/notebookfair#GitRepositoryResource,0,0,1
2083,AnnaBonkhoff/Reclassifying_stroke_lesion_anatomy,github,https://github.com/AnnaBonkhoff/Reclassifying_stroke_lesion_anatomy,https://w3id.org/notebookfair#GitRepositoryResource,1,0,0
2084,StanfordBioinformatics/trellis-mvp-terraform,github,https://github.com/StanfordBioinformatics/trellis-mvp-terraform,https://w3id.org/notebookfair#GitRepositoryResource,0,0,0
2085,StanfordBioinformatics/trellis-mvp-gatk,github,https://github.com/StanfordBioinformatics/trellis-mvp-gatk,https://w3id.org/notebookfair#GitRepositoryResource,0,0,0
2086,StanfordBioinformatics/trellis-mvp-functions,github,https://github.com/StanfordBioinformatics/trellis-mvp-functions,https://w3id.org/notebookfair#GitRepositoryResource,0,0,26
2087,StanfordBioinformatics/trellis-mvp-api,github,https://github.com/StanfordBioinformatics/trellis-mvp-api,https://w3id.org/notebookfair#GitRepositoryResource,0,0,0
2088,StanfordBioinformatics/trellis-mvp-analysis,github,https://github.com/StanfordBioinformatics/trellis-mvp-analysis,https://w3id.org/notebookfair#GitRepositoryResource,4,0,0
2089,gatk-workflows/five-dollar-genome-analysis-pipeline,github,https://github.com/gatk-workflows/five-dollar-genome-analysis-pipeline,https://w3id.org/notebookfair#GitRepositoryResource,0,0,0
2090,CBIIT/bento-mdf,github,https://github.com/CBIIT/bento-mdf,https://w3id.org/notebookfair#GitRepositoryResource,1,1,2
2091,RealTimeGenomics/rtg-tools,github,https://github.com/RealTimeGenomics/rtg-tools,https://w3id.org/notebookfair#GitRepositoryResource,0,0,0
2092,DataBiosphere/dsub,github,https://github.com/DataBiosphere/dsub,https://w3id.org/notebookfair#GitRepositoryResource,0,1,0
2093,galaxyproject/SARS-CoV-2,github,https://github.com/galaxyproject/SARS-CoV-2,https://w3id.org/notebookfair#GitRepositoryResource,15,0,2
2094,pylelab/SARS-CoV-2_SHAPE_MaP_structure,github,https://github.com/pylelab/SARS-CoV-2_SHAPE_MaP_structure,https://w3id.org/notebookfair#GitRepositoryResource,0,0,0
2095,garushyants/covid_insertions_paper,github,https://github.com/garushyants/covid_insertions_paper,https://w3id.org/notebookfair#GitRepositoryResource,0,0,0
2096,gvanhorn38/multibox,github,https://github.com/gvanhorn38/multibox,https://w3id.org/notebookfair#GitRepositoryResource,0,0,1
2097,neuroethology/MARS,github,https://github.com/neuroethology/MARS,https://w3id.org/notebookfair#GitRepositoryResource,0,0,1
2098,neuroethology/MARS_Developer,github,https://github.com/neuroethology/MARS_Developer,https://w3id.org/notebookfair#GitRepositoryResource,8,0,0
2099,neuroethology/bentoMAT,github,https://github.com/neuroethology/bentoMAT,https://w3id.org/notebookfair#GitRepositoryResource,0,0,0
2100,Harigua/ML_DD-applications,github,https://github.com/Harigua/ML_DD-applications,https://w3id.org/notebookfair#GitRepositoryResource,4,0,0
2101,hincz-lab/DeepLearning-SCDBiochip,github,https://github.com/hincz-lab/DeepLearning-SCDBiochip,https://w3id.org/notebookfair#GitRepositoryResource,4,0,0
2102,EnzoAndree/FastMLST,github,https://github.com/EnzoAndree/FastMLST,https://w3id.org/notebookfair#GitRepositoryResource,0,1,0
2103,EnzoAndree/FastMLST-Concordance,github,https://github.com/EnzoAndree/FastMLST-Concordance,https://w3id.org/notebookfair#GitRepositoryResource,2,0,0
2104,tseemann/mlst,github,https://github.com/tseemann/mlst,https://w3id.org/notebookfair#GitRepositoryResource,0,0,0
2105,sanger-pathogens/assembly-stats,github,https://github.com/sanger-pathogens/assembly-stats,https://w3id.org/notebookfair#GitRepositoryResource,0,0,0
2106,LozRiviera/BRC_Oxford2_bibliometrics,github,https://github.com/LozRiviera/BRC_Oxford2_bibliometrics,https://w3id.org/notebookfair#GitRepositoryResource,23,0,0
2107,labsyspharm/mcmicro,github,https://github.com/labsyspharm/mcmicro,https://w3id.org/notebookfair#GitRepositoryResource,0,0,0
2108,kumi-tanabe/GutMicrobiota,github,https://github.com/kumi-tanabe/GutMicrobiota,https://w3id.org/notebookfair#GitRepositoryResource,4,0,0
2109,pydata/pandas-design,github,https://github.com/pydata/pandas-design,https://w3id.org/notebookfair#GitRepositoryResource,0,0,1
2110,KCL-BMEIS/ExeTeraEval,github,https://github.com/KCL-BMEIS/ExeTeraEval,https://w3id.org/notebookfair#GitRepositoryResource,0,0,0
2111,KCL-BMEIS/ExeTera,github,https://github.com/KCL-BMEIS/ExeTera,https://w3id.org/notebookfair#GitRepositoryResource,4,1,1
2112,COSPOV/sc-SynO,github,https://github.com/COSPOV/sc-SynO,https://w3id.org/notebookfair#GitRepositoryResource,6,0,0
2113,narek-davtyan/LoRAS,github,https://github.com/narek-davtyan/LoRAS,https://w3id.org/notebookfair#GitRepositoryResource,3,1,0
2114,opencv/cvat,github,https://github.com/opencv/cvat,https://w3id.org/notebookfair#GitRepositoryResource,0,1,5
2115,jveitchmichaelis/deeplabel,github,https://github.com/jveitchmichaelis/deeplabel,https://w3id.org/notebookfair#GitRepositoryResource,0,0,0
2116,onnx/models,github,https://github.com/onnx/models,https://w3id.org/notebookfair#GitRepositoryResource,24,0,0
2117,abreheret/PixelAnnotationTool,github,https://github.com/abreheret/PixelAnnotationTool,https://w3id.org/notebookfair#GitRepositoryResource,0,0,0
2118,PetrochukM/PyTorch-NLP,github,https://github.com/PetrochukM/PyTorch-NLP,https://w3id.org/notebookfair#GitRepositoryResource,0,1,4
2119,Hitachi-Automotive-And-Industry-Lab/semantic-segmentation-editor,github,https://github.com/Hitachi-Automotive-And-Industry-Lab/semantic-segmentation-editor,https://w3id.org/notebookfair#GitRepositoryResource,0,0,0
2120,alexandre01/UltimateLabeling,github,https://github.com/alexandre01/UltimateLabeling,https://w3id.org/notebookfair#GitRepositoryResource,0,1,2
2121,microsoft/VoTT,github,https://github.com/microsoft/VoTT,https://w3id.org/notebookfair#GitRepositoryResource,0,0,0
2122,FluxML/Flux.jl,github,https://github.com/FluxML/Flux.jl,https://w3id.org/notebookfair#GitRepositoryResource,0,0,0
2123,vanvalenlab/deepcell-label,github,https://github.com/vanvalenlab/deepcell-label,https://w3id.org/notebookfair#GitRepositoryResource,0,0,1
2124,vanvalenlab/publication-figures,github,https://github.com/vanvalenlab/publication-figures,https://w3id.org/notebookfair#GitRepositoryResource,18,1,2
2125,vanvalenlab/deepcell-tf,github,https://github.com/vanvalenlab/deepcell-tf,https://w3id.org/notebookfair#GitRepositoryResource,18,1,1
2126,angelolab/ark-analysis,github,https://github.com/angelolab/ark-analysis,https://w3id.org/notebookfair#GitRepositoryResource,13,1,0
2127,vanvalenlab/kiosk-console,github,https://github.com/vanvalenlab/kiosk-console,https://w3id.org/notebookfair#GitRepositoryResource,0,0,0
2128,vanvalenlab/intro-to-deepcell,github,https://github.com/vanvalenlab/intro-to-deepcell,https://w3id.org/notebookfair#GitRepositoryResource,4,0,1
2129,Vooban/Smoothly-Blend-Image-Patches,github,https://github.com/Vooban/Smoothly-Blend-Image-Patches,https://w3id.org/notebookfair#GitRepositoryResource,0,0,1
2130,abyzovlab/CNVpytor,github,https://github.com/abyzovlab/CNVpytor,https://w3id.org/notebookfair#GitRepositoryResource,3,1,1
2131,MicrosoftResearch/Azimuth,github,https://github.com/MicrosoftResearch/Azimuth,https://w3id.org/notebookfair#GitRepositoryResource,0,1,0
2132,bakirillov/uace,github,https://github.com/bakirillov/uace,https://w3id.org/notebookfair#GitRepositoryResource,16,0,1
2133,36000/Tractometry_TRR_and_robustness,github,https://github.com/36000/Tractometry_TRR_and_robustness,https://w3id.org/notebookfair#GitRepositoryResource,3,0,0
2134,igvteam/igv.js,github,https://github.com/igvteam/igv.js,https://w3id.org/notebookfair#GitRepositoryResource,0,0,0
2135,SBRG/ChIPdb,github,https://github.com/SBRG/ChIPdb,https://w3id.org/notebookfair#GitRepositoryResource,11,0,0
2136,DepMap-Analytics/CoRe,github,https://github.com/DepMap-Analytics/CoRe,https://w3id.org/notebookfair#GitRepositoryResource,1,0,1
2137,hart-lab/bagel,github,https://github.com/hart-lab/bagel,https://w3id.org/notebookfair#GitRepositoryResource,0,0,0
2138,labthings/python-labthings,github,https://github.com/labthings/python-labthings,https://w3id.org/notebookfair#GitRepositoryResource,0,0,1
2139,MicronOxford/cockpit,github,https://github.com/MicronOxford/cockpit,https://w3id.org/notebookfair#GitRepositoryResource,0,1,0
2140,irmen/Pyro4,github,https://github.com/irmen/Pyro4,https://w3id.org/notebookfair#GitRepositoryResource,0,1,1
2141,jtc42/picamerax,github,https://github.com/jtc42/picamerax,https://w3id.org/notebookfair#GitRepositoryResource,0,1,0
2142,labthings/python-labthings-client,github,https://github.com/labthings/python-labthings-client,https://w3id.org/notebookfair#GitRepositoryResource,0,0,0
2143,waveform80/picamera,github,https://github.com/waveform80/picamera,https://w3id.org/notebookfair#GitRepositoryResource,0,1,0
2144,rmarkello/abagen,github,https://github.com/rmarkello/abagen,https://w3id.org/notebookfair#GitRepositoryResource,0,1,2
2145,netneurolab/markello_transcriptome,github,https://github.com/netneurolab/markello_transcriptome,https://w3id.org/notebookfair#GitRepositoryResource,0,1,1
2146,RittmanResearch/maybrain,github,https://github.com/RittmanResearch/maybrain,https://w3id.org/notebookfair#GitRepositoryResource,7,1,0
2147,gfucile/PRETACE,github,https://github.com/gfucile/PRETACE,https://w3id.org/notebookfair#GitRepositoryResource,1,0,0
2148,degiacom/biobox,github,https://github.com/degiacom/biobox,https://w3id.org/notebookfair#GitRepositoryResource,0,1,0
2149,Eirinits/psoKC_model,github,https://github.com/Eirinits/psoKC_model,https://w3id.org/notebookfair#GitRepositoryResource,1,0,0
2150,ShunkiKyoya/summarize_cluster_overlap,github,https://github.com/ShunkiKyoya/summarize_cluster_overlap,https://w3id.org/notebookfair#GitRepositoryResource,5,0,0
2151,ciminilab/2021_Jamali_submitted,github,https://github.com/ciminilab/2021_Jamali_submitted,https://w3id.org/notebookfair#GitRepositoryResource,1,0,0
2152,kushalkolar/MESmerize,github,https://github.com/kushalkolar/MESmerize,https://w3id.org/notebookfair#GitRepositoryResource,2,1,2
2153,kushalkolar/mesmerize_manuscript_notebooks,github,https://github.com/kushalkolar/mesmerize_manuscript_notebooks,https://w3id.org/notebookfair#GitRepositoryResource,17,0,1
2154,kushalkolar/nuset-lib,github,https://github.com/kushalkolar/nuset-lib,https://w3id.org/notebookfair#GitRepositoryResource,1,1,1
2155,ncordeirfcup/PS3M_v2,github,https://github.com/ncordeirfcup/PS3M_v2,https://w3id.org/notebookfair#GitRepositoryResource,0,0,1
2156,ncordeirfcup/SIMSEARCH,github,https://github.com/ncordeirfcup/SIMSEARCH,https://w3id.org/notebookfair#GitRepositoryResource,0,0,1
2157,ncordeirfcup/MNK_model,github,https://github.com/ncordeirfcup/MNK_model,https://w3id.org/notebookfair#GitRepositoryResource,0,0,0
2158,trondarild/Tjostheim_et_al_direct_approach_inhibition,github,https://github.com/trondarild/Tjostheim_et_al_direct_approach_inhibition,https://w3id.org/notebookfair#GitRepositoryResource,1,0,0
2159,opensafely/covid19-vaccine-coverage-tpp-emis,github,https://github.com/opensafely/covid19-vaccine-coverage-tpp-emis,https://w3id.org/notebookfair#GitRepositoryResource,0,0,2
2160,bokulich-lab/RESCRIPt,github,https://github.com/bokulich-lab/RESCRIPt,https://w3id.org/notebookfair#GitRepositoryResource,0,1,0
2161,bokulich-lab/db-benchmarks-2020,github,https://github.com/bokulich-lab/db-benchmarks-2020,https://w3id.org/notebookfair#GitRepositoryResource,11,0,0
2162,devonorourke/COIdatabases,github,https://github.com/devonorourke/COIdatabases,https://w3id.org/notebookfair#GitRepositoryResource,0,0,0
2163,martinblech/xmltodict,github,https://github.com/martinblech/xmltodict,https://w3id.org/notebookfair#GitRepositoryResource,0,1,0
2164,psf/requests,github,https://github.com/psf/requests,https://w3id.org/notebookfair#GitRepositoryResource,0,1,1
2165,mikerobeson/q2-sourmash,github,https://github.com/mikerobeson/q2-sourmash,https://w3id.org/notebookfair#GitRepositoryResource,0,1,0
2166,qLSLab/GPRuler,github,https://github.com/qLSLab/GPRuler,https://w3id.org/notebookfair#GitRepositoryResource,2,0,0
2167,ivanmysin/LFPsimpy,github,https://github.com/ivanmysin/LFPsimpy,https://w3id.org/notebookfair#GitRepositoryResource,1,1,1
2168,ivanmysin/CA1_rhythms_model,github,https://github.com/ivanmysin/CA1_rhythms_model,https://w3id.org/notebookfair#GitRepositoryResource,0,0,0
2169,bgruening/docker-galaxy-stable,github,https://github.com/bgruening/docker-galaxy-stable,https://w3id.org/notebookfair#GitRepositoryResource,0,0,0
2170,Laniakea-elixir-it/Vinyl-Wrapper,github,https://github.com/Laniakea-elixir-it/Vinyl-Wrapper,https://w3id.org/notebookfair#GitRepositoryResource,0,0,0
2171,matteo14c/CorGAT_galaxy,github,https://github.com/matteo14c/CorGAT_galaxy,https://w3id.org/notebookfair#GitRepositoryResource,0,0,0
2172,bedapub/besca_publication_results,github,https://github.com/bedapub/besca_publication_results,https://w3id.org/notebookfair#GitRepositoryResource,79,0,0
2173,bedapub/bescape,github,https://github.com/bedapub/bescape,https://w3id.org/notebookfair#GitRepositoryResource,3,1,1
2174,bedapub/besca,github,https://github.com/bedapub/besca,https://w3id.org/notebookfair#GitRepositoryResource,21,1,2
2175,bedapub/GeMS,github,https://github.com/bedapub/GeMS,https://w3id.org/notebookfair#GitRepositoryResource,2,0,1
2176,vtraag/leidenalg,github,https://github.com/vtraag/leidenalg,https://w3id.org/notebookfair#GitRepositoryResource,0,1,0
2177,Teichlab/bbknn,github,https://github.com/Teichlab/bbknn,https://w3id.org/notebookfair#GitRepositoryResource,7,1,1
2178,xuranw/MuSiC,github,https://github.com/xuranw/MuSiC,https://w3id.org/notebookfair#GitRepositoryResource,0,0,0
2179,meichendong/SCDC,github,https://github.com/meichendong/SCDC,https://w3id.org/notebookfair#GitRepositoryResource,0,0,0
2180,bedapub/besca_publication_signature_validation,github,https://github.com/bedapub/besca_publication_signature_validation,https://w3id.org/notebookfair#GitRepositoryResource,0,0,0
2181,ljournot/TopoFun,github,https://github.com/ljournot/TopoFun,https://w3id.org/notebookfair#GitRepositoryResource,1,0,0
2182,psykacek/pf4grwth,github,https://github.com/psykacek/pf4grwth,https://w3id.org/notebookfair#GitRepositoryResource,1,0,1
2183,whitews/FlowKit,github,https://github.com/whitews/FlowKit,https://w3id.org/notebookfair#GitRepositoryResource,10,1,2
2184,cytoflow/cytoflow,github,https://github.com/cytoflow/cytoflow,https://w3id.org/notebookfair#GitRepositoryResource,6,1,1
2185,ainefairbrother/MitoNuclearCOEXPlorer,github,https://github.com/ainefairbrother/MitoNuclearCOEXPlorer,https://w3id.org/notebookfair#GitRepositoryResource,0,0,0
2186,ainefairbrother/MitoNuclear_coexpression_pipeline,github,https://github.com/ainefairbrother/MitoNuclear_coexpression_pipeline,https://w3id.org/notebookfair#GitRepositoryResource,0,0,0
2187,rordenlab/dcm2niix,github,https://github.com/rordenlab/dcm2niix,https://w3id.org/notebookfair#GitRepositoryResource,0,0,0
2188,VisionandCognition/NHP-BIDS,github,https://github.com/VisionandCognition/NHP-BIDS,https://w3id.org/notebookfair#GitRepositoryResource,0,0,1
2189,VisionandCognition/NHP-Freesurfer,github,https://github.com/VisionandCognition/NHP-Freesurfer,https://w3id.org/notebookfair#GitRepositoryResource,5,0,0
2190,VisionandCognition/NHP-pycortex,github,https://github.com/VisionandCognition/NHP-pycortex,https://w3id.org/notebookfair#GitRepositoryResource,44,1,1
2191,VisionandCognition/Tracker-MRI,github,https://github.com/VisionandCognition/Tracker-MRI,https://w3id.org/notebookfair#GitRepositoryResource,0,0,0
2192,visionandcognition/NHP-BIDS,github,https://github.com/visionandcognition/NHP-BIDS,https://w3id.org/notebookfair#GitRepositoryResource,0,0,1
2193,dradri/variation2021,github,https://github.com/dradri/variation2021,https://w3id.org/notebookfair#GitRepositoryResource,1,0,0
2194,DaigoOkada/kernel_deef_tutorial,github,https://github.com/DaigoOkada/kernel_deef_tutorial,https://w3id.org/notebookfair#GitRepositoryResource,1,0,0
2195,DaigoOkada/kernel_deef_code,github,https://github.com/DaigoOkada/kernel_deef_code,https://w3id.org/notebookfair#GitRepositoryResource,0,0,0
2196,RGLab/flowStats,github,https://github.com/RGLab/flowStats,https://w3id.org/notebookfair#GitRepositoryResource,0,0,0
2197,amakate/GaoTianXiang,github,https://github.com/amakate/GaoTianXiang,https://w3id.org/notebookfair#GitRepositoryResource,13,0,0
2198,bzhanglab/AutoRT,github,https://github.com/bzhanglab/AutoRT,https://w3id.org/notebookfair#GitRepositoryResource,2,1,1
2199,bzhanglab/Benchmark_Phospho_Identification,github,https://github.com/bzhanglab/Benchmark_Phospho_Identification,https://w3id.org/notebookfair#GitRepositoryResource,4,1,0
2200,janclemenslab/das,github,https://github.com/janclemenslab/das,https://w3id.org/notebookfair#GitRepositoryResource,15,1,0
2201,janclemenslab/das_unsupervised,github,https://github.com/janclemenslab/das_unsupervised,https://w3id.org/notebookfair#GitRepositoryResource,3,1,0
2202,janclemenslab/das-menagerie,github,https://github.com/janclemenslab/das-menagerie,https://w3id.org/notebookfair#GitRepositoryResource,6,0,0
2203,timsainb/noisereduce,github,https://github.com/timsainb/noisereduce,https://w3id.org/notebookfair#GitRepositoryResource,1,1,1
2204,timsainb/avgn_paper,github,https://github.com/timsainb/avgn_paper,https://w3id.org/notebookfair#GitRepositoryResource,411,1,1
2205,philipperemy/keras-tcn,github,https://github.com/philipperemy/keras-tcn,https://w3id.org/notebookfair#GitRepositoryResource,1,1,1
2206,zarr-developers/zarr-python,github,https://github.com/zarr-developers/zarr-python,https://w3id.org/notebookfair#GitRepositoryResource,11,0,0
2207,lucashn/peakutils,github,https://github.com/lucashn/peakutils,https://w3id.org/notebookfair#GitRepositoryResource,1,1,2
2208,matchms/ms2deepscore,github,https://github.com/matchms/ms2deepscore,https://w3id.org/notebookfair#GitRepositoryResource,18,1,0
2209,pinellolab/singlecellvr,github,https://github.com/pinellolab/singlecellvr,https://w3id.org/notebookfair#GitRepositoryResource,19,1,1
2210,tcnicholas/chic,github,https://github.com/tcnicholas/chic,https://w3id.org/notebookfair#GitRepositoryResource,1,1,0
2211,SBRG/modulome_saci,github,https://github.com/SBRG/modulome_saci,https://w3id.org/notebookfair#GitRepositoryResource,15,0,0
2212,chauedwin/NumerosityHDDM,github,https://github.com/chauedwin/NumerosityHDDM,https://w3id.org/notebookfair#GitRepositoryResource,6,0,0
2213,muntisa/nano-drugs-for-glioblastoma,github,https://github.com/muntisa/nano-drugs-for-glioblastoma,https://w3id.org/notebookfair#GitRepositoryResource,7,0,0
2214,lenkavaculciakova/lesion_volume,github,https://github.com/lenkavaculciakova/lesion_volume,https://w3id.org/notebookfair#GitRepositoryResource,0,0,0
2215,messDiv/MESS,github,https://github.com/messDiv/MESS,https://w3id.org/notebookfair#GitRepositoryResource,42,1,2
2216,MurrellGroup/VOCfreq,github,https://github.com/MurrellGroup/VOCfreq,https://w3id.org/notebookfair#GitRepositoryResource,2,0,0
2217,SciTools/cartopy,github,https://github.com/SciTools/cartopy,https://w3id.org/notebookfair#GitRepositoryResource,0,1,0
2218,c-quilo/SEIR-BDLSTM,github,https://github.com/c-quilo/SEIR-BDLSTM,https://w3id.org/notebookfair#GitRepositoryResource,2,0,0
2219,viluiz/gan,github,https://github.com/viluiz/gan,https://w3id.org/notebookfair#GitRepositoryResource,20,0,0
2220,DebadityaShome/COVID-Transformer,github,https://github.com/DebadityaShome/COVID-Transformer,https://w3id.org/notebookfair#GitRepositoryResource,0,0,0
2221,jofrony/Neuromodcell,github,https://github.com/jofrony/Neuromodcell,https://w3id.org/notebookfair#GitRepositoryResource,3,1,1
2222,Hjorthmedh/Snudda,github,https://github.com/Hjorthmedh/Snudda,https://w3id.org/notebookfair#GitRepositoryResource,73,1,2
2223,jofrony/Neuromodulation-software,github,https://github.com/jofrony/Neuromodulation-software,https://w3id.org/notebookfair#GitRepositoryResource,3,0,0
2224,NeuralEnsemble/elephant,github,https://github.com/NeuralEnsemble/elephant,https://w3id.org/notebookfair#GitRepositoryResource,7,1,1
2225,mwdee/LAM1021,github,https://github.com/mwdee/LAM1021,https://w3id.org/notebookfair#GitRepositoryResource,0,0,0
2226,Jalink-lab/pde-screen-2021,github,https://github.com/Jalink-lab/pde-screen-2021,https://w3id.org/notebookfair#GitRepositoryResource,15,0,0
2227,TheDataLabScotland/openSIMD,github,https://github.com/TheDataLabScotland/openSIMD,https://w3id.org/notebookfair#GitRepositoryResource,0,0,0
2228,darribas/gds_env,github,https://github.com/darribas/gds_env,https://w3id.org/notebookfair#GitRepositoryResource,5,0,0
2229,duke-malaria-collaboratory/Sickle-trait-RNAseq,github,https://github.com/duke-malaria-collaboratory/Sickle-trait-RNAseq,https://w3id.org/notebookfair#GitRepositoryResource,9,0,0
2230,AlexanderKroll/KM_prediction,github,https://github.com/AlexanderKroll/KM_prediction,https://w3id.org/notebookfair#GitRepositoryResource,8,1,0
2231,EngqvistLab/UniRep50,github,https://github.com/EngqvistLab/UniRep50,https://w3id.org/notebookfair#GitRepositoryResource,0,1,0
2232,idiap/als-classification,github,https://github.com/idiap/als-classification,https://w3id.org/notebookfair#GitRepositoryResource,3,1,1
2233,twardlab/synapse_labeling,github,https://github.com/twardlab/synapse_labeling,https://w3id.org/notebookfair#GitRepositoryResource,1,0,0
2234,ingiehong/StackGPS,github,https://github.com/ingiehong/StackGPS,https://w3id.org/notebookfair#GitRepositoryResource,0,0,0
2235,OpenNeuroOrg/openneuro,github,https://github.com/OpenNeuroOrg/openneuro,https://w3id.org/notebookfair#GitRepositoryResource,0,0,1
2236,btmartin721/ClineHelpR,github,https://github.com/btmartin721/ClineHelpR,https://w3id.org/notebookfair#GitRepositoryResource,2,0,0
2237,tkchafin/scripts,github,https://github.com/tkchafin/scripts,https://w3id.org/notebookfair#GitRepositoryResource,0,0,0
2238,slimsuite/pafscaff,github,https://github.com/slimsuite/pafscaff,https://w3id.org/notebookfair#GitRepositoryResource,0,0,0
2239,echen102/COVID-19-TweetIDs,github,https://github.com/echen102/COVID-19-TweetIDs,https://w3id.org/notebookfair#GitRepositoryResource,0,0,0
2240,iAMB-RWTH-Aachen/Exp2Ipynb,github,https://github.com/iAMB-RWTH-Aachen/Exp2Ipynb,https://w3id.org/notebookfair#GitRepositoryResource,6,1,1
2241,Shujaat123/ECM-LSE,github,https://github.com/Shujaat123/ECM-LSE,https://w3id.org/notebookfair#GitRepositoryResource,1,0,0
2242,Amber-MD/pytraj,github,https://github.com/Amber-MD/pytraj,https://w3id.org/notebookfair#GitRepositoryResource,8,1,0
2243,hummingbird-dev/hummingage,github,https://github.com/hummingbird-dev/hummingage,https://w3id.org/notebookfair#GitRepositoryResource,1,0,0
2244,MultiplexDX/B117-RT-qPCR-design,github,https://github.com/MultiplexDX/B117-RT-qPCR-design,https://w3id.org/notebookfair#GitRepositoryResource,1,0,0
2245,Institut-Zdravotnych-Analyz/covid19-data,github,https://github.com/Institut-Zdravotnych-Analyz/covid19-data,https://w3id.org/notebookfair#GitRepositoryResource,0,0,0
2246,Twista/python-polylabel,github,https://github.com/Twista/python-polylabel,https://w3id.org/notebookfair#GitRepositoryResource,0,1,0
2247,GMendiratta/ROSETTA-for-Cancer-Mutations,github,https://github.com/GMendiratta/ROSETTA-for-Cancer-Mutations,https://w3id.org/notebookfair#GitRepositoryResource,3,0,0
2248,nvictus/pybbi,github,https://github.com/nvictus/pybbi,https://w3id.org/notebookfair#GitRepositoryResource,0,1,0
2249,4dn-dcic/pairix,github,https://github.com/4dn-dcic/pairix,https://w3id.org/notebookfair#GitRepositoryResource,0,1,0
2250,GangCaoLab/CoolBox,github,https://github.com/GangCaoLab/CoolBox,https://w3id.org/notebookfair#GitRepositoryResource,41,1,1
2251,afvillaverde/strike-goldd,github,https://github.com/afvillaverde/strike-goldd,https://w3id.org/notebookfair#GitRepositoryResource,0,0,0
2252,AMICI-dev/AMICI,github,https://github.com/AMICI-dev/AMICI,https://w3id.org/notebookfair#GitRepositoryResource,13,1,0
2253,fides-dev/fides,github,https://github.com/fides-dev/fides,https://w3id.org/notebookfair#GitRepositoryResource,1,1,1
2254,Benchmarking-Initiative/Benchmark-Models-PEtab,github,https://github.com/Benchmarking-Initiative/Benchmark-Models-PEtab,https://w3id.org/notebookfair#GitRepositoryResource,0,1,1
2255,wanglab-broad/ClusterMap,github,https://github.com/wanglab-broad/ClusterMap,https://w3id.org/notebookfair#GitRepositoryResource,3,1,0
2256,LiuLab-Bioelectronics-Harvard/ClusterMap,github,https://github.com/LiuLab-Bioelectronics-Harvard/ClusterMap,https://w3id.org/notebookfair#GitRepositoryResource,3,1,0
2257,argyelan/Publications,github,https://github.com/argyelan/Publications,https://w3id.org/notebookfair#GitRepositoryResource,3,0,0
2258,Ps7Pep/LactateDiscordance,github,https://github.com/Ps7Pep/LactateDiscordance,https://w3id.org/notebookfair#GitRepositoryResource,9,0,0
2259,roschkoenig/SodMod,github,https://github.com/roschkoenig/SodMod,https://w3id.org/notebookfair#GitRepositoryResource,6,1,0
2260,pfdominey/Narrative-Integration-Reservoir,github,https://github.com/pfdominey/Narrative-Integration-Reservoir,https://w3id.org/notebookfair#GitRepositoryResource,23,0,0
2261,brainiak/brainiak,github,https://github.com/brainiak/brainiak,https://w3id.org/notebookfair#GitRepositoryResource,13,1,8
2262,kalekiu/easyesn,github,https://github.com/kalekiu/easyesn,https://w3id.org/notebookfair#GitRepositoryResource,7,1,0
2263,immunogenomics/symphony,github,https://github.com/immunogenomics/symphony,https://w3id.org/notebookfair#GitRepositoryResource,3,0,0
2264,immunogenomics/singlecellmethods,github,https://github.com/immunogenomics/singlecellmethods,https://w3id.org/notebookfair#GitRepositoryResource,1,0,0
2265,immunogenomics/LISI,github,https://github.com/immunogenomics/LISI,https://w3id.org/notebookfair#GitRepositoryResource,0,0,0
2266,tabdelaal/scRNAseq_Benchmark,github,https://github.com/tabdelaal/scRNAseq_Benchmark,https://w3id.org/notebookfair#GitRepositoryResource,0,0,0
2267,theislab/scarches,github,https://github.com/theislab/scarches,https://w3id.org/notebookfair#GitRepositoryResource,16,1,1
2268,pinellolab/scATAC-benchmarking,github,https://github.com/pinellolab/scATAC-benchmarking,https://w3id.org/notebookfair#GitRepositoryResource,187,0,0
2269,immunogenomics/harmony2019,github,https://github.com/immunogenomics/harmony2019,https://w3id.org/notebookfair#GitRepositoryResource,4,0,0
2270,immunogenomics/symphony_reproducibility,github,https://github.com/immunogenomics/symphony_reproducibility,https://w3id.org/notebookfair#GitRepositoryResource,17,0,0
2271,learningmatter-mit/peptimizer,github,https://github.com/learningmatter-mit/peptimizer,https://w3id.org/notebookfair#GitRepositoryResource,2,0,0
2272,pikulsomesh/tutorials,github,https://github.com/pikulsomesh/tutorials,https://w3id.org/notebookfair#GitRepositoryResource,4,0,0
2273,lhqing/mouse_brain_2020,github,https://github.com/lhqing/mouse_brain_2020,https://w3id.org/notebookfair#GitRepositoryResource,1928,0,0
2274,lhqing/omb,github,https://github.com/lhqing/omb,https://w3id.org/notebookfair#GitRepositoryResource,3,1,0
2275,FunctionLab/ExPecto,github,https://github.com/FunctionLab/ExPecto,https://w3id.org/notebookfair#GitRepositoryResource,0,0,1
2276,deepmind/deepmind-research,github,https://github.com/deepmind/deepmind-research,https://w3id.org/notebookfair#GitRepositoryResource,37,10,41
2277,calico/basenji,github,https://github.com/calico/basenji,https://w3id.org/notebookfair#GitRepositoryResource,11,1,1
2278,dtamayo/spock,github,https://github.com/dtamayo/spock,https://w3id.org/notebookfair#GitRepositoryResource,15,1,0
2279,MilesCranmer/bnn_chaos_model,github,https://github.com/MilesCranmer/bnn_chaos_model,https://w3id.org/notebookfair#GitRepositoryResource,0,0,0
2280,hyperopt/hyperopt,github,https://github.com/hyperopt/hyperopt,https://w3id.org/notebookfair#GitRepositoryResource,3,1,0
2281,PyTorchLightning/pytorch-lightning,github,https://github.com/PyTorchLightning/pytorch-lightning,https://w3id.org/notebookfair#GitRepositoryResource,1,6,22
2282,Tarekro/AutoPy2Fpga,github,https://github.com/Tarekro/AutoPy2Fpga,https://w3id.org/notebookfair#GitRepositoryResource,0,0,0
2283,JupitersMight/DI2,github,https://github.com/JupitersMight/DI2,https://w3id.org/notebookfair#GitRepositoryResource,1,1,0
2284,LabTrivedi/MOrgAna,github,https://github.com/LabTrivedi/MOrgAna,https://w3id.org/notebookfair#GitRepositoryResource,2,1,0
2285,jessecanada/PTEN_Fly,github,https://github.com/jessecanada/PTEN_Fly,https://w3id.org/notebookfair#GitRepositoryResource,2,0,0
2286,francois-a/fastqtl,github,https://github.com/francois-a/fastqtl,https://w3id.org/notebookfair#GitRepositoryResource,0,1,0
2287,eQTL-Catalogue/rnaseq,github,https://github.com/eQTL-Catalogue/rnaseq,https://w3id.org/notebookfair#GitRepositoryResource,0,0,0
2288,eQTL-Catalogue/qcnorm,github,https://github.com/eQTL-Catalogue/qcnorm,https://w3id.org/notebookfair#GitRepositoryResource,0,0,0
2289,eQTL-Catalogue/genimpute,github,https://github.com/eQTL-Catalogue/genimpute,https://w3id.org/notebookfair#GitRepositoryResource,0,0,0
2290,eQTL-Catalogue/qtlmap,github,https://github.com/eQTL-Catalogue/qtlmap,https://w3id.org/notebookfair#GitRepositoryResource,0,0,0
2291,eQTL-Catalogue/colocalisation,github,https://github.com/eQTL-Catalogue/colocalisation,https://w3id.org/notebookfair#GitRepositoryResource,0,0,0
2292,eQTL-Catalogue/eQTL-Catalogue-resources,github,https://github.com/eQTL-Catalogue/eQTL-Catalogue-resources,https://w3id.org/notebookfair#GitRepositoryResource,0,0,0
2293,eQTL-Catalogue/eQTL-SumStats,github,https://github.com/eQTL-Catalogue/eQTL-SumStats,https://w3id.org/notebookfair#GitRepositoryResource,1,1,1
2294,TheRensselaerIDEA/synthetic_data,github,https://github.com/TheRensselaerIDEA/synthetic_data,https://w3id.org/notebookfair#GitRepositoryResource,1,1,0
2295,mirnylab/distiller-nf,github,https://github.com/mirnylab/distiller-nf,https://w3id.org/notebookfair#GitRepositoryResource,0,0,0
2296,mirnylab/cooler,github,https://github.com/mirnylab/cooler,https://w3id.org/notebookfair#GitRepositoryResource,0,0,2
2297,open2c/bioframe,github,https://github.com/open2c/bioframe,https://w3id.org/notebookfair#GitRepositoryResource,4,1,1
2298,hms-dbmi/hic-data-analysis-bootcamp,github,https://github.com/hms-dbmi/hic-data-analysis-bootcamp,https://w3id.org/notebookfair#GitRepositoryResource,8,0,0
2299,dekkerlab/matrix_paper,github,https://github.com/dekkerlab/matrix_paper,https://w3id.org/notebookfair#GitRepositoryResource,10,0,0
2300,TuragaLab/DECODE,github,https://github.com/TuragaLab/DECODE,https://w3id.org/notebookfair#GitRepositoryResource,4,1,0
2301,cytoscape/cytoscape-jupyter-widget,github,https://github.com/cytoscape/cytoscape-jupyter-widget,https://w3id.org/notebookfair#GitRepositoryResource,1,1,0
2302,ndexbio/ndex-jupyter-notebooks,github,https://github.com/ndexbio/ndex-jupyter-notebooks,https://w3id.org/notebookfair#GitRepositoryResource,15,0,0
2303,cytoscape/cytoscape-ismb-2020,github,https://github.com/cytoscape/cytoscape-ismb-2020,https://w3id.org/notebookfair#GitRepositoryResource,4,0,0
2304,PhoenixDL/rising,github,https://github.com/PhoenixDL/rising,https://w3id.org/notebookfair#GitRepositoryResource,5,1,1
2305,fepegar/torchio,github,https://github.com/fepegar/torchio,https://w3id.org/notebookfair#GitRepositoryResource,0,0,0
2306,ValdsteiN/OBerA-Enhanced-Changeover-Detection-in-Industry-4.0-environments-with-Machine-Learning,github,https://github.com/ValdsteiN/OBerA-Enhanced-Changeover-Detection-in-Industry-4.0-environments-with-Machine-Learning,https://w3id.org/notebookfair#GitRepositoryResource,1,0,1
2307,Koga-MD/DL-Tauopathies,github,https://github.com/Koga-MD/DL-Tauopathies,https://w3id.org/notebookfair#GitRepositoryResource,3,0,0
2308,CAMRIatUNC/isotropic_epi,github,https://github.com/CAMRIatUNC/isotropic_epi,https://w3id.org/notebookfair#GitRepositoryResource,7,0,0
2309,franciscovargas/GP_Sinkhorn,github,https://github.com/franciscovargas/GP_Sinkhorn,https://w3id.org/notebookfair#GitRepositoryResource,26,1,1
2310,KrishnaswamyLab/PHATE,github,https://github.com/KrishnaswamyLab/PHATE,https://w3id.org/notebookfair#GitRepositoryResource,2,1,2
2311,KrishnaswamyLab/TrajectoryNet,github,https://github.com/KrishnaswamyLab/TrajectoryNet,https://w3id.org/notebookfair#GitRepositoryResource,4,1,1
2312,ltsypin/Cportucalensis_observation,github,https://github.com/ltsypin/Cportucalensis_observation,https://w3id.org/notebookfair#GitRepositoryResource,2,0,0
2313,farhat-lab/gentb-site,github,https://github.com/farhat-lab/gentb-site,https://w3id.org/notebookfair#GitRepositoryResource,0,1,1
2314,linsalrob/fastq-pair,github,https://github.com/linsalrob/fastq-pair,https://w3id.org/notebookfair#GitRepositoryResource,0,0,0
2315,farhat-lab/gentb-snakemake,github,https://github.com/farhat-lab/gentb-snakemake,https://w3id.org/notebookfair#GitRepositoryResource,0,0,0
2316,farhat-lab/resdata-ng,github,https://github.com/farhat-lab/resdata-ng,https://w3id.org/notebookfair#GitRepositoryResource,0,0,0
2317,TomKellyGenetics/vioplot,github,https://github.com/TomKellyGenetics/vioplot,https://w3id.org/notebookfair#GitRepositoryResource,0,0,0
2318,enormandeau/gawn,github,https://github.com/enormandeau/gawn,https://w3id.org/notebookfair#GitRepositoryResource,0,0,0
2319,ahwillia/tensortools,github,https://github.com/ahwillia/tensortools,https://w3id.org/notebookfair#GitRepositoryResource,0,1,2
2320,taltechmicrofluidics/CP-for-droplet-analysis,github,https://github.com/taltechmicrofluidics/CP-for-droplet-analysis,https://w3id.org/notebookfair#GitRepositoryResource,0,0,0
2321,taltechmicrofluidics/Software-Analysis,github,https://github.com/taltechmicrofluidics/Software-Analysis,https://w3id.org/notebookfair#GitRepositoryResource,0,0,0
2322,twintproject/twint,github,https://github.com/twintproject/twint,https://w3id.org/notebookfair#GitRepositoryResource,0,1,1
2323,cnr-ibf-pa/hbp-bsp-hh-neuron-builder,github,https://github.com/cnr-ibf-pa/hbp-bsp-hh-neuron-builder,https://w3id.org/notebookfair#GitRepositoryResource,0,0,1
2324,BlueBrain/BluePyEfe,github,https://github.com/BlueBrain/BluePyEfe,https://w3id.org/notebookfair#GitRepositoryResource,2,1,1
2325,bharuno/SSMFN-Methylation-Analysis,github,https://github.com/bharuno/SSMFN-Methylation-Analysis,https://w3id.org/notebookfair#GitRepositoryResource,1,0,0
2326,mwu228/Summer2021,github,https://github.com/mwu228/Summer2021,https://w3id.org/notebookfair#GitRepositoryResource,12,0,0
2327,cartercompbio/NetFeatures,github,https://github.com/cartercompbio/NetFeatures,https://w3id.org/notebookfair#GitRepositoryResource,7,0,0
2328,bhattbhavesh91/GA_Sessions,github,https://github.com/bhattbhavesh91/GA_Sessions,https://w3id.org/notebookfair#GitRepositoryResource,54,0,0
2329,aponom84/lpam-clustering,github,https://github.com/aponom84/lpam-clustering,https://w3id.org/notebookfair#GitRepositoryResource,8,0,1
2330,gawthrop/GawPanCra21,github,https://github.com/gawthrop/GawPanCra21,https://w3id.org/notebookfair#GitRepositoryResource,3,0,0
2331,ouyang-lab/LISA2,github,https://github.com/ouyang-lab/LISA2,https://w3id.org/notebookfair#GitRepositoryResource,0,0,0
2332,soedinglab/prosstt,github,https://github.com/soedinglab/prosstt,https://w3id.org/notebookfair#GitRepositoryResource,14,1,0
2333,JLiLab/scRNAseq_Cerebellum,github,https://github.com/JLiLab/scRNAseq_Cerebellum,https://w3id.org/notebookfair#GitRepositoryResource,0,0,0
2334,BioDepot/nanopore-gpu,github,https://github.com/BioDepot/nanopore-gpu,https://w3id.org/notebookfair#GitRepositoryResource,0,0,0
2335,nanoporetech/bonito,github,https://github.com/nanoporetech/bonito,https://w3id.org/notebookfair#GitRepositoryResource,0,1,1
2336,ipdgc/IPDGC-Trainees,github,https://github.com/ipdgc/IPDGC-Trainees,https://w3id.org/notebookfair#GitRepositoryResource,1,0,0
2337,clacri/CASP14_MR_evaluation,github,https://github.com/clacri/CASP14_MR_evaluation,https://w3id.org/notebookfair#GitRepositoryResource,3,0,0
2338,drazen-petrov/SMArt,github,https://github.com/drazen-petrov/SMArt,https://w3id.org/notebookfair#GitRepositoryResource,4,1,1
2339,choderalab/pymbar,github,https://github.com/choderalab/pymbar,https://w3id.org/notebookfair#GitRepositoryResource,0,1,0
2340,cfe-lab/ReservoirModelling,github,https://github.com/cfe-lab/ReservoirModelling,https://w3id.org/notebookfair#GitRepositoryResource,0,0,0
2341,dbrvs/seeding,github,https://github.com/dbrvs/seeding,https://w3id.org/notebookfair#GitRepositoryResource,5,0,0
2342,NewsEye/NLP-Notebooks-Newspaper-Collections,github,https://github.com/NewsEye/NLP-Notebooks-Newspaper-Collections,https://w3id.org/notebookfair#GitRepositoryResource,3,0,0
2343,thesharmalab-team/tmap_geography,github,https://github.com/thesharmalab-team/tmap_geography,https://w3id.org/notebookfair#GitRepositoryResource,3,0,0
2344,giotto-ai/pyflagser,github,https://github.com/giotto-ai/pyflagser,https://w3id.org/notebookfair#GitRepositoryResource,0,1,2
2345,djross22/flowgatenist,github,https://github.com/djross22/flowgatenist,https://w3id.org/notebookfair#GitRepositoryResource,3,1,0
2346,ivartb/RECAST,github,https://github.com/ivartb/RECAST,https://w3id.org/notebookfair#GitRepositoryResource,0,0,0
2347,deweylab/CellO,github,https://github.com/deweylab/CellO,https://w3id.org/notebookfair#GitRepositoryResource,1,1,1
2348,LewisLabUCSD/GlyCompare,github,https://github.com/LewisLabUCSD/GlyCompare,https://w3id.org/notebookfair#GitRepositoryResource,21,1,0
2349,yiweichen04/retina_dataset,github,https://github.com/yiweichen04/retina_dataset,https://w3id.org/notebookfair#GitRepositoryResource,0,0,0
2350,SwissTPH/TBRU_RIFcost,github,https://github.com/SwissTPH/TBRU_RIFcost,https://w3id.org/notebookfair#GitRepositoryResource,2,0,1
2351,ikmb/iptoolkit,github,https://github.com/ikmb/iptoolkit,https://w3id.org/notebookfair#GitRepositoryResource,4,2,1
2352,senresearch/LiteQTL.jl,github,https://github.com/senresearch/LiteQTL.jl,https://w3id.org/notebookfair#GitRepositoryResource,1,0,0
2353,senresearch/LiteQTL-G3-supplement,github,https://github.com/senresearch/LiteQTL-G3-supplement,https://w3id.org/notebookfair#GitRepositoryResource,1,0,0
2354,broadinstitute/tensorqtl,github,https://github.com/broadinstitute/tensorqtl,https://w3id.org/notebookfair#GitRepositoryResource,2,1,1
2355,jbloom/SARS-CoV-2_PRJNA612766,github,https://github.com/jbloom/SARS-CoV-2_PRJNA612766,https://w3id.org/notebookfair#GitRepositoryResource,9,0,0
2356,lifebit-ai/SARS-CoV-2,github,https://github.com/lifebit-ai/SARS-CoV-2,https://w3id.org/notebookfair#GitRepositoryResource,0,0,0
2357,gabor1/chemrev-gpr,github,https://github.com/gabor1/chemrev-gpr,https://w3id.org/notebookfair#GitRepositoryResource,6,0,0
2358,cosmo-epfl/librascal,github,https://github.com/cosmo-epfl/librascal,https://w3id.org/notebookfair#GitRepositoryResource,14,1,1
2359,capoe/benchml,github,https://github.com/capoe/benchml,https://w3id.org/notebookfair#GitRepositoryResource,2,1,0
2360,aramis-lab/AD-ML,github,https://github.com/aramis-lab/AD-ML,https://w3id.org/notebookfair#GitRepositoryResource,1,0,0
2361,UCL/PETPVC,github,https://github.com/UCL/PETPVC,https://w3id.org/notebookfair#GitRepositoryResource,0,0,0
2362,aramis-lab/clinica,github,https://github.com/aramis-lab/clinica,https://w3id.org/notebookfair#GitRepositoryResource,0,0,0
2363,aramis-lab/clinicadl,github,https://github.com/aramis-lab/clinicadl,https://w3id.org/notebookfair#GitRepositoryResource,0,0,0
2364,g-pichler/group-testing,github,https://github.com/g-pichler/group-testing,https://w3id.org/notebookfair#GitRepositoryResource,1,1,1
2365,ucl-pond/pySuStaIn,github,https://github.com/ucl-pond/pySuStaIn,https://w3id.org/notebookfair#GitRepositoryResource,2,1,1
2366,Gaius-Augustus/BRAKER,github,https://github.com/Gaius-Augustus/BRAKER,https://w3id.org/notebookfair#GitRepositoryResource,0,0,0
2367,ekg/freebayes,github,https://github.com/ekg/freebayes,https://w3id.org/notebookfair#GitRepositoryResource,0,0,0
2368,akbee/Aging-Brain-Transcriptome,github,https://github.com/akbee/Aging-Brain-Transcriptome,https://w3id.org/notebookfair#GitRepositoryResource,6,0,0
2369,ABC-iRobotics/VisDataSurgicalSkill,github,https://github.com/ABC-iRobotics/VisDataSurgicalSkill,https://w3id.org/notebookfair#GitRepositoryResource,5,0,1
2370,SimonNgj/compssa,github,https://github.com/SimonNgj/compssa,https://w3id.org/notebookfair#GitRepositoryResource,0,0,0
2371,ternaus/robot-surgery-segmentation,github,https://github.com/ternaus/robot-surgery-segmentation,https://w3id.org/notebookfair#GitRepositoryResource,1,0,1
2372,NREL/openstudio-standards,github,https://github.com/NREL/openstudio-standards,https://w3id.org/notebookfair#GitRepositoryResource,0,0,0
2373,MUMC-MEDMIC/SIGBIO-proficiencytest,github,https://github.com/MUMC-MEDMIC/SIGBIO-proficiencytest,https://w3id.org/notebookfair#GitRepositoryResource,0,0,0
2374,MNoichl/UMAP-examples-mammoth-,github,https://github.com/MNoichl/UMAP-examples-mammoth-,https://w3id.org/notebookfair#GitRepositoryResource,1,0,0
2375,EricKenjiLee/WaveMAP_Paper,github,https://github.com/EricKenjiLee/WaveMAP_Paper,https://w3id.org/notebookfair#GitRepositoryResource,4,0,1
2376,ftheberge/Ensemble-Clustering-for-Graphs,github,https://github.com/ftheberge/Ensemble-Clustering-for-Graphs,https://w3id.org/notebookfair#GitRepositoryResource,1,0,0
2377,MYTLab/pyAggreg,github,https://github.com/MYTLab/pyAggreg,https://w3id.org/notebookfair#GitRepositoryResource,9,0,0
2378,yannie228/MIMIC-III,github,https://github.com/yannie228/MIMIC-III,https://w3id.org/notebookfair#GitRepositoryResource,0,0,0
2379,dmlc/xgboost,github,https://github.com/dmlc/xgboost,https://w3id.org/notebookfair#GitRepositoryResource,2,1,2
2380,AHallLab/PredictingCircadianTime,github,https://github.com/AHallLab/PredictingCircadianTime,https://w3id.org/notebookfair#GitRepositoryResource,2,0,0
2381,materialsproject/pymatgen,github,https://github.com/materialsproject/pymatgen,https://w3id.org/notebookfair#GitRepositoryResource,0,1,1
2382,materialsproject/custodian,github,https://github.com/materialsproject/custodian,https://w3id.org/notebookfair#GitRepositoryResource,0,1,1
2383,hackingmaterials/atomate,github,https://github.com/hackingmaterials/atomate,https://w3id.org/notebookfair#GitRepositoryResource,0,1,1
2384,espottesmith/deliberate,github,https://github.com/espottesmith/deliberate,https://w3id.org/notebookfair#GitRepositoryResource,3,1,1
2385,PhysiCell-Tools/PhysiCell-povwriter,github,https://github.com/PhysiCell-Tools/PhysiCell-povwriter,https://w3id.org/notebookfair#GitRepositoryResource,0,0,0
2386,PhysiCell-Models/breastcancer-hypoxia,github,https://github.com/PhysiCell-Models/breastcancer-hypoxia,https://w3id.org/notebookfair#GitRepositoryResource,0,0,0
2387,heberlr/Image_Classifier,github,https://github.com/heberlr/Image_Classifier,https://w3id.org/notebookfair#GitRepositoryResource,0,0,0
2388,heberlr/Motility_Calibration,github,https://github.com/heberlr/Motility_Calibration,https://w3id.org/notebookfair#GitRepositoryResource,0,0,0
2389,PublicHealthEngland/pygom,github,https://github.com/PublicHealthEngland/pygom,https://w3id.org/notebookfair#GitRepositoryResource,5,1,2
2390,publichealthengland/SIRA,github,https://github.com/publichealthengland/SIRA,https://w3id.org/notebookfair#GitRepositoryResource,2,1,0
2391,decbays/PrisonModellingSupplementaryMaterial,github,https://github.com/decbays/PrisonModellingSupplementaryMaterial,https://w3id.org/notebookfair#GitRepositoryResource,2,0,0
2392,haddocking/MD-scoring,github,https://github.com/haddocking/MD-scoring,https://w3id.org/notebookfair#GitRepositoryResource,4,0,0
2393,sanger-pathogens/snp-sites,github,https://github.com/sanger-pathogens/snp-sites,https://w3id.org/notebookfair#GitRepositoryResource,0,0,0
2394,tan0101/GSM_mSystems_2021,github,https://github.com/tan0101/GSM_mSystems_2021,https://w3id.org/notebookfair#GitRepositoryResource,11,0,0
2395,bioinfo-ut/GenomeTester4,github,https://github.com/bioinfo-ut/GenomeTester4,https://w3id.org/notebookfair#GitRepositoryResource,0,0,0
2396,sanger-pathogens/Roary,github,https://github.com/sanger-pathogens/Roary,https://w3id.org/notebookfair#GitRepositoryResource,1,0,0
2397,AMC-LAEB/Within_Host_H3vH1,github,https://github.com/AMC-LAEB/Within_Host_H3vH1,https://w3id.org/notebookfair#GitRepositoryResource,9,0,0
2398,opensafely/long-covid,github,https://github.com/opensafely/long-covid,https://w3id.org/notebookfair#GitRepositoryResource,1,0,0
2399,Mind-the-Pineapple/sklearn-rvm,github,https://github.com/Mind-the-Pineapple/sklearn-rvm,https://w3id.org/notebookfair#GitRepositoryResource,0,1,2
2400,Warvito/Normative-modelling-using-deep-autoencoders,github,https://github.com/Warvito/Normative-modelling-using-deep-autoencoders,https://w3id.org/notebookfair#GitRepositoryResource,2,0,1
2401,mhorry/SegmentedLungCXRs,github,https://github.com/mhorry/SegmentedLungCXRs,https://w3id.org/notebookfair#GitRepositoryResource,0,0,0
2402,HelmchenLabSoftware/Cascade,github,https://github.com/HelmchenLabSoftware/Cascade,https://w3id.org/notebookfair#GitRepositoryResource,4,1,0
2403,MLspike/spikes,github,https://github.com/MLspike/spikes,https://w3id.org/notebookfair#GitRepositoryResource,0,0,0
2404,HelmchenLab/CalciumSim,github,https://github.com/HelmchenLab/CalciumSim,https://w3id.org/notebookfair#GitRepositoryResource,0,0,0
2405,jewellsean/FastLZeroSpikeInference,github,https://github.com/jewellsean/FastLZeroSpikeInference,https://w3id.org/notebookfair#GitRepositoryResource,0,1,0
2406,MouseLand/suite2p,github,https://github.com/MouseLand/suite2p,https://w3id.org/notebookfair#GitRepositoryResource,8,1,0
2407,febos/urslib,github,https://github.com/febos/urslib,https://w3id.org/notebookfair#GitRepositoryResource,0,0,0
2408,febos/urs_aminors,github,https://github.com/febos/urs_aminors,https://w3id.org/notebookfair#GitRepositoryResource,1,0,0
2409,satijalab/seurat-wrappers,github,https://github.com/satijalab/seurat-wrappers,https://w3id.org/notebookfair#GitRepositoryResource,0,0,0
2410,ZJUFanLab/scCATCH,github,https://github.com/ZJUFanLab/scCATCH,https://w3id.org/notebookfair#GitRepositoryResource,0,0,0
2411,NVIDIA-AI-IOT/jetcard,github,https://github.com/NVIDIA-AI-IOT/jetcard,https://w3id.org/notebookfair#GitRepositoryResource,0,1,0
2412,totti0223/onsite_stomata_platform,github,https://github.com/totti0223/onsite_stomata_platform,https://w3id.org/notebookfair#GitRepositoryResource,2,0,0
2413,hse-scila/hierarchical-models,github,https://github.com/hse-scila/hierarchical-models,https://w3id.org/notebookfair#GitRepositoryResource,5,0,1
2414,seatgeek/fuzzywuzzy,github,https://github.com/seatgeek/fuzzywuzzy,https://w3id.org/notebookfair#GitRepositoryResource,0,1,0
2415,djwooten/natcomms-musyc2021,github,https://github.com/djwooten/natcomms-musyc2021,https://w3id.org/notebookfair#GitRepositoryResource,1,0,0
2416,tsb46/stats_history,github,https://github.com/tsb46/stats_history,https://w3id.org/notebookfair#GitRepositoryResource,1,0,1
2417,wolfgarbe/symspell,github,https://github.com/wolfgarbe/symspell,https://w3id.org/notebookfair#GitRepositoryResource,0,0,0
2418,BlueBrain/Search,github,https://github.com/BlueBrain/Search,https://w3id.org/notebookfair#GitRepositoryResource,3,1,2
2419,BlueBrain/BlueBrainGraph,github,https://github.com/BlueBrain/BlueBrainGraph,https://w3id.org/notebookfair#GitRepositoryResource,12,1,1
2420,BlueBrain/Covid-19-Lung-Infection-Simulation,github,https://github.com/BlueBrain/Covid-19-Lung-Infection-Simulation,https://w3id.org/notebookfair#GitRepositoryResource,0,0,0
2421,BlueBrain/BioExplorer,github,https://github.com/BlueBrain/BioExplorer,https://w3id.org/notebookfair#GitRepositoryResource,90,1,3
2422,barnesd8/machine_learning_for_persistence,github,https://github.com/barnesd8/machine_learning_for_persistence,https://w3id.org/notebookfair#GitRepositoryResource,4,0,0
2423,lucho8908/adaptive_template_systems,github,https://github.com/lucho8908/adaptive_template_systems,https://w3id.org/notebookfair#GitRepositoryResource,2,0,0
2424,shakshi12/AI-Explainability---BioInformatics,github,https://github.com/shakshi12/AI-Explainability---BioInformatics,https://w3id.org/notebookfair#GitRepositoryResource,10,0,0
2425,Imteaj10/Data-Analytics-for-COVID-19-Prediction-,github,https://github.com/Imteaj10/Data-Analytics-for-COVID-19-Prediction-,https://w3id.org/notebookfair#GitRepositoryResource,1,0,0
2426,shapirolab/clineage,github,https://github.com/shapirolab/clineage,https://w3id.org/notebookfair#GitRepositoryResource,2,0,1
2427,AlDanial/cloc,github,https://github.com/AlDanial/cloc,https://w3id.org/notebookfair#GitRepositoryResource,1,0,0
2428,github/linguist,github,https://github.com/github/linguist,https://w3id.org/notebookfair#GitRepositoryResource,1,0,0
2429,PonyGE/PonyGE2,github,https://github.com/PonyGE/PonyGE2,https://w3id.org/notebookfair#GitRepositoryResource,0,0,1
2430,FoodOntology/foodon,github,https://github.com/FoodOntology/foodon,https://w3id.org/notebookfair#GitRepositoryResource,0,0,0
2431,owlcs/pizza-ontology,github,https://github.com/owlcs/pizza-ontology,https://w3id.org/notebookfair#GitRepositoryResource,0,0,0
2432,acdh-oeaw/Chia,github,https://github.com/acdh-oeaw/Chia,https://w3id.org/notebookfair#GitRepositoryResource,15,0,0
2433,emcarthur/trait-h2-neanderthals,github,https://github.com/emcarthur/trait-h2-neanderthals,https://w3id.org/notebookfair#GitRepositoryResource,1,0,0
2434,yakirr/sldp,github,https://github.com/yakirr/sldp,https://w3id.org/notebookfair#GitRepositoryResource,0,1,0
2435,rcuadrat/human_microbiome_mcr,github,https://github.com/rcuadrat/human_microbiome_mcr,https://w3id.org/notebookfair#GitRepositoryResource,1,0,0
2436,stowersinstitute/LIBPB-1390-Image3C,github,https://github.com/stowersinstitute/LIBPB-1390-Image3C,https://w3id.org/notebookfair#GitRepositoryResource,5,1,1
2437,nolanlab/vortex,github,https://github.com/nolanlab/vortex,https://w3id.org/notebookfair#GitRepositoryResource,0,0,0
2438,harrelfe/Hmisc,github,https://github.com/harrelfe/Hmisc,https://w3id.org/notebookfair#GitRepositoryResource,0,0,0
2439,RGLab/ggcyto,github,https://github.com/RGLab/ggcyto,https://w3id.org/notebookfair#GitRepositoryResource,0,0,0
2440,clauswilke/ggridges,github,https://github.com/clauswilke/ggridges,https://w3id.org/notebookfair#GitRepositoryResource,0,0,0
2441,elakatos/liquidCNA_data,github,https://github.com/elakatos/liquidCNA_data,https://w3id.org/notebookfair#GitRepositoryResource,0,0,0
2442,elakatos/liquidCNA,github,https://github.com/elakatos/liquidCNA,https://w3id.org/notebookfair#GitRepositoryResource,1,0,0
2443,broadinstitute/ichorCNA,github,https://github.com/broadinstitute/ichorCNA,https://w3id.org/notebookfair#GitRepositoryResource,0,0,0
2444,e-stan/covid_19_analysis,github,https://github.com/e-stan/covid_19_analysis,https://w3id.org/notebookfair#GitRepositoryResource,44,0,0
2445,zalandoresearch/fashion-mnist,github,https://github.com/zalandoresearch/fashion-mnist,https://w3id.org/notebookfair#GitRepositoryResource,0,0,1
2446,codecheckers/codecheckers,github,https://github.com/codecheckers/codecheckers,https://w3id.org/notebookfair#GitRepositoryResource,0,0,0
2447,codecheckers/codecheck,github,https://github.com/codecheckers/codecheck,https://w3id.org/notebookfair#GitRepositoryResource,0,0,0
2448,kutaslab/fitgrid,github,https://github.com/kutaslab/fitgrid,https://w3id.org/notebookfair#GitRepositoryResource,1,1,0
2449,a1eko/treem,github,https://github.com/a1eko/treem,https://w3id.org/notebookfair#GitRepositoryResource,0,1,1
2450,hjorthmedh/Snudda,github,https://github.com/hjorthmedh/Snudda,https://w3id.org/notebookfair#GitRepositoryResource,73,1,2
2451,BlueBrain/NeuroR,github,https://github.com/BlueBrain/NeuroR,https://w3id.org/notebookfair#GitRepositoryResource,2,1,0
2452,a1eko/Treem,github,https://github.com/a1eko/Treem,https://w3id.org/notebookfair#GitRepositoryResource,0,1,1
2453,dipy/dipy,github,https://github.com/dipy/dipy,https://w3id.org/notebookfair#GitRepositoryResource,0,1,1
2454,dipy/dipy-dki-paper,github,https://github.com/dipy/dipy-dki-paper,https://w3id.org/notebookfair#GitRepositoryResource,10,0,0
2455,m-ama/PyDesigner,github,https://github.com/m-ama/PyDesigner,https://w3id.org/notebookfair#GitRepositoryResource,1,1,1
2456,NYU-DiffusionMRI/DESIGNER,github,https://github.com/NYU-DiffusionMRI/DESIGNER,https://w3id.org/notebookfair#GitRepositoryResource,0,0,0
2457,shainalu/spatial_rep,github,https://github.com/shainalu/spatial_rep,https://w3id.org/notebookfair#GitRepositoryResource,34,0,0
2458,riverlee/ATAC,github,https://github.com/riverlee/ATAC,https://w3id.org/notebookfair#GitRepositoryResource,0,0,0
2459,Edahi/NGSDataAnalysis,github,https://github.com/Edahi/NGSDataAnalysis,https://w3id.org/notebookfair#GitRepositoryResource,0,0,0
2460,EAndrade-Lotero/SODCL,github,https://github.com/EAndrade-Lotero/SODCL,https://w3id.org/notebookfair#GitRepositoryResource,1,0,0
2461,Slendercoder/Seeking_the_unicorn,github,https://github.com/Slendercoder/Seeking_the_unicorn,https://w3id.org/notebookfair#GitRepositoryResource,0,0,0
2462,mawic/abusive-language-dataset-framework,github,https://github.com/mawic/abusive-language-dataset-framework,https://w3id.org/notebookfair#GitRepositoryResource,14,0,1
2463,rmcgranaghan/Critical-Risk-Indicators-CRIs-for-the-electric-power-grid,github,https://github.com/rmcgranaghan/Critical-Risk-Indicators-CRIs-for-the-electric-power-grid,https://w3id.org/notebookfair#GitRepositoryResource,5,0,0
2464,The-Zhou-Lab/LiDAR,github,https://github.com/The-Zhou-Lab/LiDAR,https://w3id.org/notebookfair#GitRepositoryResource,3,0,0
2465,MarioniLab/EmbryoTimecourse2018,github,https://github.com/MarioniLab/EmbryoTimecourse2018,https://w3id.org/notebookfair#GitRepositoryResource,3,0,0
2466,haixingfang/LabDCT-forward-simu-model,github,https://github.com/haixingfang/LabDCT-forward-simu-model,https://w3id.org/notebookfair#GitRepositoryResource,0,0,0
2467,fastai/course-v3,github,https://github.com/fastai/course-v3,https://w3id.org/notebookfair#GitRepositoryResource,105,0,1
2468,shiveshc/CRF_Cell_ID,github,https://github.com/shiveshc/CRF_Cell_ID,https://w3id.org/notebookfair#GitRepositoryResource,0,0,0
2469,XinweiYu/fDNC_Neuron_ID,github,https://github.com/XinweiYu/fDNC_Neuron_ID,https://w3id.org/notebookfair#GitRepositoryResource,2,0,1
2470,ybarmaz/bayesian-ae-reporting,github,https://github.com/ybarmaz/bayesian-ae-reporting,https://w3id.org/notebookfair#GitRepositoryResource,1,0,0
2471,Gogarten-Lab-Team/NanoH_GBE_2020,github,https://github.com/Gogarten-Lab-Team/NanoH_GBE_2020,https://w3id.org/notebookfair#GitRepositoryResource,1,0,0
2472,SeanGosselin/tANI_Matrix,github,https://github.com/SeanGosselin/tANI_Matrix,https://w3id.org/notebookfair#GitRepositoryResource,0,0,0
2473,erinijapranckeviciene/ppolygenic,github,https://github.com/erinijapranckeviciene/ppolygenic,https://w3id.org/notebookfair#GitRepositoryResource,2,0,0
2474,jonathanking/sidechainnet,github,https://github.com/jonathanking/sidechainnet,https://w3id.org/notebookfair#GitRepositoryResource,0,1,0
2475,BDI-pathogens/OpenABM-Covid19,github,https://github.com/BDI-pathogens/OpenABM-Covid19,https://w3id.org/notebookfair#GitRepositoryResource,7,1,1
2476,BDI-pathogens/OpenABM-Covid19-model-paper,github,https://github.com/BDI-pathogens/OpenABM-Covid19-model-paper,https://w3id.org/notebookfair#GitRepositoryResource,9,0,0
2477,BDI-pathogens/covid-19_instant_tracing,github,https://github.com/BDI-pathogens/covid-19_instant_tracing,https://w3id.org/notebookfair#GitRepositoryResource,0,0,0
2478,celiamtnez/snRNA-seq2_young,github,https://github.com/celiamtnez/snRNA-seq2_young,https://w3id.org/notebookfair#GitRepositoryResource,2,0,0
2479,VeneraW/DirectionalityANalysisOrganoids,github,https://github.com/VeneraW/DirectionalityANalysisOrganoids,https://w3id.org/notebookfair#GitRepositoryResource,0,0,0
2480,webermarcolivier/statannot,github,https://github.com/webermarcolivier/statannot,https://w3id.org/notebookfair#GitRepositoryResource,1,1,1
2481,VeneraW/DirectionalityAnalysisOrganoids,github,https://github.com/VeneraW/DirectionalityAnalysisOrganoids,https://w3id.org/notebookfair#GitRepositoryResource,0,0,0
2482,makism/dyconnmap,github,https://github.com/makism/dyconnmap,https://w3id.org/notebookfair#GitRepositoryResource,9,1,2
2483,saezlab/dorothea,github,https://github.com/saezlab/dorothea,https://w3id.org/notebookfair#GitRepositoryResource,0,0,0
2484,vanheeringen-lab/ANANSE-manuscript,github,https://github.com/vanheeringen-lab/ANANSE-manuscript,https://w3id.org/notebookfair#GitRepositoryResource,4,0,0
2485,jrugis/cell_tools,github,https://github.com/jrugis/cell_tools,https://w3id.org/notebookfair#GitRepositoryResource,12,0,0
2486,e-stan/DecoID,github,https://github.com/e-stan/DecoID,https://w3id.org/notebookfair#GitRepositoryResource,2,1,1
2487,wlazarz/outliers,github,https://github.com/wlazarz/outliers,https://w3id.org/notebookfair#GitRepositoryResource,1,0,0
2488,Dfam-consortium/RepeatModeler,github,https://github.com/Dfam-consortium/RepeatModeler,https://w3id.org/notebookfair#GitRepositoryResource,0,0,0
2489,cordeiroemg/Myzus_PopGen_Workflow,github,https://github.com/cordeiroemg/Myzus_PopGen_Workflow,https://w3id.org/notebookfair#GitRepositoryResource,1,0,0
2490,bradyemer/Sex-gender-in-COVID-19-trials,github,https://github.com/bradyemer/Sex-gender-in-COVID-19-trials,https://w3id.org/notebookfair#GitRepositoryResource,0,0,0
2491,Faezov/PDBrenum,github,https://github.com/Faezov/PDBrenum,https://w3id.org/notebookfair#GitRepositoryResource,1,0,0
2492,CalculatedContent/ww-trends-2020,github,https://github.com/CalculatedContent/ww-trends-2020,https://w3id.org/notebookfair#GitRepositoryResource,18,0,1
2493,osmr/imgclsmob,github,https://github.com/osmr/imgclsmob,https://w3id.org/notebookfair#GitRepositoryResource,0,6,1
2494,TomographicImaging/CIL-Data,github,https://github.com/TomographicImaging/CIL-Data,https://w3id.org/notebookfair#GitRepositoryResource,0,1,0
2495,DiamondLightSource/Savu,github,https://github.com/DiamondLightSource/Savu,https://w3id.org/notebookfair#GitRepositoryResource,0,2,0
2496,bioinformatics-polito/PhyliCS,github,https://github.com/bioinformatics-polito/PhyliCS,https://w3id.org/notebookfair#GitRepositoryResource,0,1,0
2497,bioinformatics-polito/PhyliCS_usage,github,https://github.com/bioinformatics-polito/PhyliCS_usage,https://w3id.org/notebookfair#GitRepositoryResource,5,0,0
2498,bioinformatics-polito/SCTools,github,https://github.com/bioinformatics-polito/SCTools,https://w3id.org/notebookfair#GitRepositoryResource,0,0,0
2499,ClancyLabUCD/Multitask_network,github,https://github.com/ClancyLabUCD/Multitask_network,https://w3id.org/notebookfair#GitRepositoryResource,1,0,0
2500,BleekerLab/natural-insecticides-thrips-whiteflies,github,https://github.com/BleekerLab/natural-insecticides-thrips-whiteflies,https://w3id.org/notebookfair#GitRepositoryResource,8,0,0
2501,Acribbs/TallyNN,github,https://github.com/Acribbs/TallyNN,https://w3id.org/notebookfair#GitRepositoryResource,4,1,0
2502,Acribbs/UMI-tools,github,https://github.com/Acribbs/UMI-tools,https://w3id.org/notebookfair#GitRepositoryResource,0,1,2
2503,HuyenNguyenHelen/JMLA_CORD19-DS,github,https://github.com/HuyenNguyenHelen/JMLA_CORD19-DS,https://w3id.org/notebookfair#GitRepositoryResource,0,0,0
2504,CoXPath/CoXPath,github,https://github.com/CoXPath/CoXPath,https://w3id.org/notebookfair#GitRepositoryResource,7,0,1
2505,ebmdatalab/antidepressant-trends-paper,github,https://github.com/ebmdatalab/antidepressant-trends-paper,https://w3id.org/notebookfair#GitRepositoryResource,3,0,0
2506,code56/nodeServerSimpleFig,github,https://github.com/code56/nodeServerSimpleFig,https://w3id.org/notebookfair#GitRepositoryResource,0,0,0
2507,code56/prototype_article_interactive_figure,github,https://github.com/code56/prototype_article_interactive_figure,https://w3id.org/notebookfair#GitRepositoryResource,0,0,0
2508,omimo/PyMO,github,https://github.com/omimo/PyMO,https://w3id.org/notebookfair#GitRepositoryResource,2,1,0
2509,Ckvalencia/hello-world,github,https://github.com/Ckvalencia/hello-world,https://w3id.org/notebookfair#GitRepositoryResource,1,0,0
2510,jdpulgarin/Tennis-MoCap,github,https://github.com/jdpulgarin/Tennis-MoCap,https://w3id.org/notebookfair#GitRepositoryResource,0,0,0
2511,chenhajaj/COVID19PredictionModel,github,https://github.com/chenhajaj/COVID19PredictionModel,https://w3id.org/notebookfair#GitRepositoryResource,2,0,0
2512,richford/AFQ-Insight,github,https://github.com/richford/AFQ-Insight,https://w3id.org/notebookfair#GitRepositoryResource,0,1,0
2513,richford/afq-insight-paper,github,https://github.com/richford/afq-insight-paper,https://w3id.org/notebookfair#GitRepositoryResource,27,0,0
2514,richford/afq-insight,github,https://github.com/richford/afq-insight,https://w3id.org/notebookfair#GitRepositoryResource,0,1,0
2515,Warvito/neurocombat_sklearn,github,https://github.com/Warvito/neurocombat_sklearn,https://w3id.org/notebookfair#GitRepositoryResource,0,1,0
2516,Nevermore520/NeuronTools,github,https://github.com/Nevermore520/NeuronTools,https://w3id.org/notebookfair#GitRepositoryResource,0,0,0
2517,lhgarciaa/sc_project,github,https://github.com/lhgarciaa/sc_project,https://w3id.org/notebookfair#GitRepositoryResource,0,0,1
2518,lhgarciaa/sc_analysis,github,https://github.com/lhgarciaa/sc_analysis,https://w3id.org/notebookfair#GitRepositoryResource,3,0,0
2519,pelkmanslab/TissueMAPS,github,https://github.com/pelkmanslab/TissueMAPS,https://w3id.org/notebookfair#GitRepositoryResource,0,7,6
2520,scikit-learn-contrib/skope-rules,github,https://github.com/scikit-learn-contrib/skope-rules,https://w3id.org/notebookfair#GitRepositoryResource,2,1,1
2521,bjcriel/PhaLP,github,https://github.com/bjcriel/PhaLP,https://w3id.org/notebookfair#GitRepositoryResource,7,0,0
2522,biaslab/ExtendedVMP,github,https://github.com/biaslab/ExtendedVMP,https://w3id.org/notebookfair#GitRepositoryResource,25,0,0
2523,biaslab/ForneyLab.jl,github,https://github.com/biaslab/ForneyLab.jl,https://w3id.org/notebookfair#GitRepositoryResource,22,0,0
2524,bittremieux/falcon,github,https://github.com/bittremieux/falcon,https://w3id.org/notebookfair#GitRepositoryResource,0,1,0
2525,NaturalHistoryMuseum/pyzbar,github,https://github.com/NaturalHistoryMuseum/pyzbar,https://w3id.org/notebookfair#GitRepositoryResource,0,1,1
2526,iotaledger/kerl,github,https://github.com/iotaledger/kerl,https://w3id.org/notebookfair#GitRepositoryResource,0,0,0
2527,iotaledger/iota.js,github,https://github.com/iotaledger/iota.js,https://w3id.org/notebookfair#GitRepositoryResource,0,0,0
2528,iotaledger/mam.js,github,https://github.com/iotaledger/mam.js,https://w3id.org/notebookfair#GitRepositoryResource,0,0,0
2529,iotaledger/protocol-rfcs,github,https://github.com/iotaledger/protocol-rfcs,https://w3id.org/notebookfair#GitRepositoryResource,0,0,0
2530,bvhpatel/SODA,github,https://github.com/bvhpatel/SODA,https://w3id.org/notebookfair#GitRepositoryResource,1,0,0
2531,SciCrunch/NIF-Ontology,github,https://github.com/SciCrunch/NIF-Ontology,https://w3id.org/notebookfair#GitRepositoryResource,0,0,0
2532,SciGraph/SciGraph,github,https://github.com/SciGraph/SciGraph,https://w3id.org/notebookfair#GitRepositoryResource,0,0,0
2533,ABI-Software/scaffoldmaker,github,https://github.com/ABI-Software/scaffoldmaker,https://w3id.org/notebookfair#GitRepositoryResource,0,1,0
2534,open-physiology/apinatomy-models,github,https://github.com/open-physiology/apinatomy-models,https://w3id.org/notebookfair#GitRepositoryResource,0,0,0
2535,metasub/metasub_utils,github,https://github.com/metasub/metasub_utils,https://w3id.org/notebookfair#GitRepositoryResource,0,11,11
2536,snayfach/IGGdb,github,https://github.com/snayfach/IGGdb,https://w3id.org/notebookfair#GitRepositoryResource,0,0,0
2537,mikkelschubert/adapterremoval,github,https://github.com/mikkelschubert/adapterremoval,https://w3id.org/notebookfair#GitRepositoryResource,0,0,0
2538,fbreitwieser/krakenuniq,github,https://github.com/fbreitwieser/krakenuniq,https://w3id.org/notebookfair#GitRepositoryResource,0,0,0
2539,marbl/Mash,github,https://github.com/marbl/Mash,https://w3id.org/notebookfair#GitRepositoryResource,0,0,0
2540,bbuchfink/diamond,github,https://github.com/bbuchfink/diamond,https://w3id.org/notebookfair#GitRepositoryResource,0,0,0
2541,ablab/spades,github,https://github.com/ablab/spades,https://w3id.org/notebookfair#GitRepositoryResource,1,0,0
2542,Ecogenomics/CheckM,github,https://github.com/Ecogenomics/CheckM,https://w3id.org/notebookfair#GitRepositoryResource,0,1,0
2543,mummer4/mummer,github,https://github.com/mummer4/mummer,https://w3id.org/notebookfair#GitRepositoryResource,0,0,0
2544,jianshu93/GTDB_Tk,github,https://github.com/jianshu93/GTDB_Tk,https://w3id.org/notebookfair#GitRepositoryResource,0,1,0
2545,dcouvin/CRISPRCasFinder,github,https://github.com/dcouvin/CRISPRCasFinder,https://w3id.org/notebookfair#GitRepositoryResource,0,0,0
2546,cran/dendextend,github,https://github.com/cran/dendextend,https://w3id.org/notebookfair#GitRepositoryResource,0,0,0
2547,cdeanj/resistomeanalyzer,github,https://github.com/cdeanj/resistomeanalyzer,https://w3id.org/notebookfair#GitRepositoryResource,0,0,0
2548,MetaSUB/CAP2,github,https://github.com/MetaSUB/CAP2,https://w3id.org/notebookfair#GitRepositoryResource,0,1,1
2549,dcdanko/capalyzer,github,https://github.com/dcdanko/capalyzer,https://w3id.org/notebookfair#GitRepositoryResource,0,1,1
2550,MetaSUB/main_paper_figures,github,https://github.com/MetaSUB/main_paper_figures,https://w3id.org/notebookfair#GitRepositoryResource,12,0,1
2551,MetaSUB/MetaSUB-metadata,github,https://github.com/MetaSUB/MetaSUB-metadata,https://w3id.org/notebookfair#GitRepositoryResource,0,1,0
2552,EnJunChoong/MBTI_JP_Prediction,github,https://github.com/EnJunChoong/MBTI_JP_Prediction,https://w3id.org/notebookfair#GitRepositoryResource,3,0,0
2553,a-slide/DNA_photolitography_seq,github,https://github.com/a-slide/DNA_photolitography_seq,https://w3id.org/notebookfair#GitRepositoryResource,2,0,0
2554,cam4ani/snakes,github,https://github.com/cam4ani/snakes,https://w3id.org/notebookfair#GitRepositoryResource,9,0,0
2555,cpollack736/telemedicine_covid19,github,https://github.com/cpollack736/telemedicine_covid19,https://w3id.org/notebookfair#GitRepositoryResource,1,0,0
2556,npnl/Hippocampal_Segmentation,github,https://github.com/npnl/Hippocampal_Segmentation,https://w3id.org/notebookfair#GitRepositoryResource,0,0,0
2557,onnx/onnx,github,https://github.com/onnx/onnx,https://w3id.org/notebookfair#GitRepositoryResource,7,1,2
2558,djoshea/matudp,github,https://github.com/djoshea/matudp,https://w3id.org/notebookfair#GitRepositoryResource,0,0,0
2559,MouseLand/rastermap,github,https://github.com/MouseLand/rastermap,https://w3id.org/notebookfair#GitRepositoryResource,3,1,0
2560,machenslab/dPCA,github,https://github.com/machenslab/dPCA,https://w3id.org/notebookfair#GitRepositoryResource,1,1,1
2561,djoshea/obci,github,https://github.com/djoshea/obci,https://w3id.org/notebookfair#GitRepositoryResource,0,1,0
2562,cortex-lab/Suite2P,github,https://github.com/cortex-lab/Suite2P,https://w3id.org/notebookfair#GitRepositoryResource,0,0,0
2563,ocornut/imgui,github,https://github.com/ocornut/imgui,https://w3id.org/notebookfair#GitRepositoryResource,0,0,0
2564,reynoldsk/allostery-in-dhfr,github,https://github.com/reynoldsk/allostery-in-dhfr,https://w3id.org/notebookfair#GitRepositoryResource,4,0,0
2565,SystemsGenetics/GSForge,github,https://github.com/SystemsGenetics/GSForge,https://w3id.org/notebookfair#GitRepositoryResource,8,1,1
2566,SystemsGenetics/KINC.R,github,https://github.com/SystemsGenetics/KINC.R,https://w3id.org/notebookfair#GitRepositoryResource,0,0,0
2567,haugjo/TueEyeQ,github,https://github.com/haugjo/TueEyeQ,https://w3id.org/notebookfair#GitRepositoryResource,1,0,0
2568,brettbj/association-robustness,github,https://github.com/brettbj/association-robustness,https://w3id.org/notebookfair#GitRepositoryResource,3,0,0
2569,mghcomputationalpathology/slim,github,https://github.com/mghcomputationalpathology/slim,https://w3id.org/notebookfair#GitRepositoryResource,0,0,0
2570,gerstung-lab/tensorsignatures,github,https://github.com/gerstung-lab/tensorsignatures,https://w3id.org/notebookfair#GitRepositoryResource,4,1,1
2571,beoutbreakprepared/nCoV2019,github,https://github.com/beoutbreakprepared/nCoV2019,https://w3id.org/notebookfair#GitRepositoryResource,0,0,1
2572,Benjamin-Vincent-Lab/Landscape-and-Selection-of-Vaccine-Epitopes-in-SARS-CoV-2,github,https://github.com/Benjamin-Vincent-Lab/Landscape-and-Selection-of-Vaccine-Epitopes-in-SARS-CoV-2,https://w3id.org/notebookfair#GitRepositoryResource,21,0,1
2573,ycliu1987/Paper-of-SERS-for-Ammonia,github,https://github.com/ycliu1987/Paper-of-SERS-for-Ammonia,https://w3id.org/notebookfair#GitRepositoryResource,1,0,0
2574,MagGeo/MagGeo-Annotation-Program,github,https://github.com/MagGeo/MagGeo-Annotation-Program,https://w3id.org/notebookfair#GitRepositoryResource,8,0,0
2575,karenunez/moDC_model_differentiation,github,https://github.com/karenunez/moDC_model_differentiation,https://w3id.org/notebookfair#GitRepositoryResource,1,0,0
2576,Molmed/Krali-Palle_2021,github,https://github.com/Molmed/Krali-Palle_2021,https://w3id.org/notebookfair#GitRepositoryResource,12,0,1
2577,erdogant/kaplanmeier,github,https://github.com/erdogant/kaplanmeier,https://w3id.org/notebookfair#GitRepositoryResource,0,1,2
2578,seung-lab/connected-components-3d,github,https://github.com/seung-lab/connected-components-3d,https://w3id.org/notebookfair#GitRepositoryResource,0,1,1
2579,eilslabs/ssam,github,https://github.com/eilslabs/ssam,https://w3id.org/notebookfair#GitRepositoryResource,0,1,1
2580,HiDiHlabs/ssam_example,github,https://github.com/HiDiHlabs/ssam_example,https://w3id.org/notebookfair#GitRepositoryResource,3,0,0
2581,bio-phys/capriqorn,github,https://github.com/bio-phys/capriqorn,https://w3id.org/notebookfair#GitRepositoryResource,0,1,0
2582,bussilab/saxs-md-gac,github,https://github.com/bussilab/saxs-md-gac,https://w3id.org/notebookfair#GitRepositoryResource,1,0,0
2583,rcannood/GillespieSSA2,github,https://github.com/rcannood/GillespieSSA2,https://w3id.org/notebookfair#GitRepositoryResource,0,0,0
2584,Tarun-Mahajan/Stochastic_Simulation_HIV_Noise,github,https://github.com/Tarun-Mahajan/Stochastic_Simulation_HIV_Noise,https://w3id.org/notebookfair#GitRepositoryResource,1,0,0
2585,CompBioLj/GEMS_and_MEMS,github,https://github.com/CompBioLj/GEMS_and_MEMS,https://w3id.org/notebookfair#GitRepositoryResource,7,0,0
2586,burtonrj/CytoPy,github,https://github.com/burtonrj/CytoPy,https://w3id.org/notebookfair#GitRepositoryResource,0,1,0
2587,burtonrj/CytoPyManuscript,github,https://github.com/burtonrj/CytoPyManuscript,https://w3id.org/notebookfair#GitRepositoryResource,17,0,0
2588,MongoEngine/mongoengine,github,https://github.com/MongoEngine/mongoengine,https://w3id.org/notebookfair#GitRepositoryResource,0,1,1
2589,pachterlab/GRNP_2020,github,https://github.com/pachterlab/GRNP_2020,https://w3id.org/notebookfair#GitRepositoryResource,55,0,0
2590,lisa55asil/KatharoSeq_ipynb,github,https://github.com/lisa55asil/KatharoSeq_ipynb,https://w3id.org/notebookfair#GitRepositoryResource,1,0,0
2591,shihuang047/crossRanger,github,https://github.com/shihuang047/crossRanger,https://w3id.org/notebookfair#GitRepositoryResource,0,0,0
2592,JinmiaoChenLab/Batch-effect-removal-benchmarking,github,https://github.com/JinmiaoChenLab/Batch-effect-removal-benchmarking,https://w3id.org/notebookfair#GitRepositoryResource,46,0,0
2593,slowkow/harmonypy,github,https://github.com/slowkow/harmonypy,https://w3id.org/notebookfair#GitRepositoryResource,0,1,1
2594,RBVI/scNetViz,github,https://github.com/RBVI/scNetViz,https://w3id.org/notebookfair#GitRepositoryResource,0,0,0
2595,unelg/CutLang,github,https://github.com/unelg/CutLang,https://w3id.org/notebookfair#GitRepositoryResource,13,0,1
2596,ADL4HEP/ADLLHCanalyses,github,https://github.com/ADL4HEP/ADLLHCanalyses,https://w3id.org/notebookfair#GitRepositoryResource,0,0,0
2597,gordonwatts/LINQtoROOT,github,https://github.com/gordonwatts/LINQtoROOT,https://w3id.org/notebookfair#GitRepositoryResource,0,0,0
2598,lgray/AwkwardQL,github,https://github.com/lgray/AwkwardQL,https://w3id.org/notebookfair#GitRepositoryResource,5,1,0
2599,diana-hep/femtocode,github,https://github.com/diana-hep/femtocode,https://w3id.org/notebookfair#GitRepositoryResource,0,6,0
2600,jpivarski/PartiQL,github,https://github.com/jpivarski/PartiQL,https://w3id.org/notebookfair#GitRepositoryResource,4,0,0
2601,bfurtwa/SCeptre,github,https://github.com/bfurtwa/SCeptre,https://w3id.org/notebookfair#GitRepositoryResource,9,1,0
2602,ParisaH-Lab/publications,github,https://github.com/ParisaH-Lab/publications,https://w3id.org/notebookfair#GitRepositoryResource,0,0,0
2603,galaxyproject/TIS_methods_review,github,https://github.com/galaxyproject/TIS_methods_review,https://w3id.org/notebookfair#GitRepositoryResource,2,0,0
2604,brenna-levine/atrox_LTSS,github,https://github.com/brenna-levine/atrox_LTSS,https://w3id.org/notebookfair#GitRepositoryResource,1,0,0
2605,hongru/canvas2image,github,https://github.com/hongru/canvas2image,https://w3id.org/notebookfair#GitRepositoryResource,0,0,0
2606,JakeWharton/timber,github,https://github.com/JakeWharton/timber,https://w3id.org/notebookfair#GitRepositoryResource,0,0,0
2607,dm77/barcodescanner,github,https://github.com/dm77/barcodescanner,https://w3id.org/notebookfair#GitRepositoryResource,0,0,0
2608,yuriy-budiyev/code-scanner,github,https://github.com/yuriy-budiyev/code-scanner,https://w3id.org/notebookfair#GitRepositoryResource,0,0,0
2609,google/gson,github,https://github.com/google/gson,https://w3id.org/notebookfair#GitRepositoryResource,0,0,0
2610,sqlcipher/android-database-sqlcipher,github,https://github.com/sqlcipher/android-database-sqlcipher,https://w3id.org/notebookfair#GitRepositoryResource,0,0,0
2611,itext/itextpdf,github,https://github.com/itext/itextpdf,https://w3id.org/notebookfair#GitRepositoryResource,0,0,0
2612,kris-geyer/UsageLoggerPublished,github,https://github.com/kris-geyer/UsageLoggerPublished,https://w3id.org/notebookfair#GitRepositoryResource,3,0,0
2613,kris-geyer/psychvalidaitor,github,https://github.com/kris-geyer/psychvalidaitor,https://w3id.org/notebookfair#GitRepositoryResource,0,0,0
2614,zxing/zxing,github,https://github.com/zxing/zxing,https://w3id.org/notebookfair#GitRepositoryResource,0,0,0
2615,CapPow/pyzbar,github,https://github.com/CapPow/pyzbar,https://w3id.org/notebookfair#GitRepositoryResource,0,1,0
2616,NaturalHistoryMuseum/gouda,github,https://github.com/NaturalHistoryMuseum/gouda,https://w3id.org/notebookfair#GitRepositoryResource,0,1,0
2617,CapPow/HerbASAP,github,https://github.com/CapPow/HerbASAP,https://w3id.org/notebookfair#GitRepositoryResource,9,0,1
2618,CapPow/VARP_supplimental,github,https://github.com/CapPow/VARP_supplimental,https://w3id.org/notebookfair#GitRepositoryResource,1,0,1
2619,big-data-lab-team/container-vulnerabilities-paper,github,https://github.com/big-data-lab-team/container-vulnerabilities-paper,https://w3id.org/notebookfair#GitRepositoryResource,1,0,1
2620,anchore/anchore-engine,github,https://github.com/anchore/anchore-engine,https://w3id.org/notebookfair#GitRepositoryResource,0,1,1
2621,future-architect/vuls,github,https://github.com/future-architect/vuls,https://w3id.org/notebookfair#GitRepositoryResource,0,0,0
2622,quay/clair,github,https://github.com/quay/clair,https://w3id.org/notebookfair#GitRepositoryResource,0,0,0
2623,arminc/clair-scanner,github,https://github.com/arminc/clair-scanner,https://w3id.org/notebookfair#GitRepositoryResource,0,0,0
2624,singularityhub/stools,github,https://github.com/singularityhub/stools,https://w3id.org/notebookfair#GitRepositoryResource,0,1,1
2625,ReproNim/neurodocker,github,https://github.com/ReproNim/neurodocker,https://w3id.org/notebookfair#GitRepositoryResource,0,1,0
2626,GoogleCloudPlatform/qupath-chcapi-extension,github,https://github.com/GoogleCloudPlatform/qupath-chcapi-extension,https://w3id.org/notebookfair#GitRepositoryResource,0,0,0
2627,GoogleCloudPlatform/wsi-to-dicom-converter,github,https://github.com/GoogleCloudPlatform/wsi-to-dicom-converter,https://w3id.org/notebookfair#GitRepositoryResource,0,0,0
2628,googlegenomics/gcp-variant-transforms,github,https://github.com/googlegenomics/gcp-variant-transforms,https://w3id.org/notebookfair#GitRepositoryResource,1,1,1
2629,GoogleCloudPlatform/dicomweb-wsi-viewer,github,https://github.com/GoogleCloudPlatform/dicomweb-wsi-viewer,https://w3id.org/notebookfair#GitRepositoryResource,0,0,0
2630,Dowell-Lab/ChIP-Flow,github,https://github.com/Dowell-Lab/ChIP-Flow,https://w3id.org/notebookfair#GitRepositoryResource,0,0,0
2631,Dowell-Lab/TFEA,github,https://github.com/Dowell-Lab/TFEA,https://w3id.org/notebookfair#GitRepositoryResource,6,1,1
2632,Dowell-Lab/mumerge,github,https://github.com/Dowell-Lab/mumerge,https://w3id.org/notebookfair#GitRepositoryResource,0,1,1
2633,HipSTR-Tool/HipSTR-references,github,https://github.com/HipSTR-Tool/HipSTR-references,https://w3id.org/notebookfair#GitRepositoryResource,0,0,0
2634,tecdatalab/biostructure,github,https://github.com/tecdatalab/biostructure,https://w3id.org/notebookfair#GitRepositoryResource,4,2,3
2635,tecdatalab/datasets,github,https://github.com/tecdatalab/datasets,https://w3id.org/notebookfair#GitRepositoryResource,0,0,0
2636,SEpapoulis/ODElib,github,https://github.com/SEpapoulis/ODElib,https://w3id.org/notebookfair#GitRepositoryResource,1,1,1
2637,SEpapoulis/EscalationAndDe-escalationOfRM,github,https://github.com/SEpapoulis/EscalationAndDe-escalationOfRM,https://w3id.org/notebookfair#GitRepositoryResource,7,0,0
2638,schatzlab/crossstitch,github,https://github.com/schatzlab/crossstitch,https://w3id.org/notebookfair#GitRepositoryResource,0,0,0
2639,aertslab/AS_variant_pipeline,github,https://github.com/aertslab/AS_variant_pipeline,https://w3id.org/notebookfair#GitRepositoryResource,5,0,0
2640,aertslab/DeepMEL,github,https://github.com/aertslab/DeepMEL,https://w3id.org/notebookfair#GitRepositoryResource,3,0,0
2641,dmvieira/driftage,github,https://github.com/dmvieira/driftage,https://w3id.org/notebookfair#GitRepositoryResource,2,1,9
2642,pachterlab/colosseum,github,https://github.com/pachterlab/colosseum,https://w3id.org/notebookfair#GitRepositoryResource,5,1,1
2643,pachterlab/BKMGP_2021,github,https://github.com/pachterlab/BKMGP_2021,https://w3id.org/notebookfair#GitRepositoryResource,5,1,1
2644,pachterlab/pegasus,github,https://github.com/pachterlab/pegasus,https://w3id.org/notebookfair#GitRepositoryResource,0,0,0
2645,FCN-ESE/JERICHO-E-usage,github,https://github.com/FCN-ESE/JERICHO-E-usage,https://w3id.org/notebookfair#GitRepositoryResource,1,0,0
2646,marcoalt/Colab,github,https://github.com/marcoalt/Colab,https://w3id.org/notebookfair#GitRepositoryResource,1,0,0
2647,allie-walker/Natural-product-function,github,https://github.com/allie-walker/Natural-product-function,https://w3id.org/notebookfair#GitRepositoryResource,1,0,1
2648,arunneru/theta_gates_reliable_sequences_mEC,github,https://github.com/arunneru/theta_gates_reliable_sequences_mEC,https://w3id.org/notebookfair#GitRepositoryResource,2,0,0
2649,LauraKateYoung/ERICA,github,https://github.com/LauraKateYoung/ERICA,https://w3id.org/notebookfair#GitRepositoryResource,6,0,0
2650,tjiagoM/gtex-transcriptome-modelling,github,https://github.com/tjiagoM/gtex-transcriptome-modelling,https://w3id.org/notebookfair#GitRepositoryResource,7,0,0
2651,coskunlab/SpatialViz,github,https://github.com/coskunlab/SpatialViz,https://w3id.org/notebookfair#GitRepositoryResource,9,0,0
2652,cpreid2/gdc-rnaseq-tool,github,https://github.com/cpreid2/gdc-rnaseq-tool,https://w3id.org/notebookfair#GitRepositoryResource,1,0,1
2653,HuLiLab/NetDecoder,github,https://github.com/HuLiLab/NetDecoder,https://w3id.org/notebookfair#GitRepositoryResource,0,0,0
2654,HuLiLab/GBM_CCN1,github,https://github.com/HuLiLab/GBM_CCN1,https://w3id.org/notebookfair#GitRepositoryResource,1,0,0
2655,gotec/git2net,github,https://github.com/gotec/git2net,https://w3id.org/notebookfair#GitRepositoryResource,0,0,1
2656,TReAD-Lab/Cooper_NatComm_2021,github,https://github.com/TReAD-Lab/Cooper_NatComm_2021,https://w3id.org/notebookfair#GitRepositoryResource,2,0,0
2657,Hughes-Genome-Group/MLVPanel,github,https://github.com/Hughes-Genome-Group/MLVPanel,https://w3id.org/notebookfair#GitRepositoryResource,0,0,0
2658,Hughes-Genome-Group/CIView,github,https://github.com/Hughes-Genome-Group/CIView,https://w3id.org/notebookfair#GitRepositoryResource,0,0,0
2659,mleibman/SlickGrid,github,https://github.com/mleibman/SlickGrid,https://w3id.org/notebookfair#GitRepositoryResource,0,0,0
2660,Hughes-Genome-Group/mlv,github,https://github.com/Hughes-Genome-Group/mlv,https://w3id.org/notebookfair#GitRepositoryResource,0,0,1
2661,WebLogo/weblogo,github,https://github.com/WebLogo/weblogo,https://w3id.org/notebookfair#GitRepositoryResource,0,1,1
2662,MaayanLab/genesetr,github,https://github.com/MaayanLab/genesetr,https://w3id.org/notebookfair#GitRepositoryResource,0,0,0
2663,MaayanLab/KEA3webData,github,https://github.com/MaayanLab/KEA3webData,https://w3id.org/notebookfair#GitRepositoryResource,26,0,0
2664,maayanlab/KEA3web,github,https://github.com/maayanlab/KEA3web,https://w3id.org/notebookfair#GitRepositoryResource,0,0,0
2665,biosimulations/Biosimulations,github,https://github.com/biosimulations/Biosimulations,https://w3id.org/notebookfair#GitRepositoryResource,0,0,4
2666,npavlovikj/ProkEvo,github,https://github.com/npavlovikj/ProkEvo,https://w3id.org/notebookfair#GitRepositoryResource,2,0,0
2667,nmquijada/tormes,github,https://github.com/nmquijada/tormes,https://w3id.org/notebookfair#GitRepositoryResource,0,0,0
2668,tseemann/nullarbor,github,https://github.com/tseemann/nullarbor,https://w3id.org/notebookfair#GitRepositoryResource,0,0,0
2669,oschwengers/asap,github,https://github.com/oschwengers/asap,https://w3id.org/notebookfair#GitRepositoryResource,0,0,0
2670,bactopia/bactopia,github,https://github.com/bactopia/bactopia,https://w3id.org/notebookfair#GitRepositoryResource,0,1,0
2671,rvalieris/parallel-fastq-dump,github,https://github.com/rvalieris/parallel-fastq-dump,https://w3id.org/notebookfair#GitRepositoryResource,0,1,0
2672,harrispopgen/mushi-pipelines,github,https://github.com/harrispopgen/mushi-pipelines,https://w3id.org/notebookfair#GitRepositoryResource,3,0,0
2673,MinaYounan-CS/ClRe,github,https://github.com/MinaYounan-CS/ClRe,https://w3id.org/notebookfair#GitRepositoryResource,1,0,0
2674,welch-lab/MichiGAN,github,https://github.com/welch-lab/MichiGAN,https://w3id.org/notebookfair#GitRepositoryResource,6,0,0
2675,czbiohub/tabula-muris,github,https://github.com/czbiohub/tabula-muris,https://w3id.org/notebookfair#GitRepositoryResource,9,0,0
2676,deepmind/dsprites-dataset,github,https://github.com/deepmind/dsprites-dataset,https://w3id.org/notebookfair#GitRepositoryResource,1,0,0
2677,paul-kassebaum-mathworks/circularGraph,github,https://github.com/paul-kassebaum-mathworks/circularGraph,https://w3id.org/notebookfair#GitRepositoryResource,0,0,0
2678,stanfordmlgroup/DLBCL-Morph,github,https://github.com/stanfordmlgroup/DLBCL-Morph,https://w3id.org/notebookfair#GitRepositoryResource,3,0,0
2679,DIAL-RPI/CVD-Risk-Estimator,github,https://github.com/DIAL-RPI/CVD-Risk-Estimator,https://w3id.org/notebookfair#GitRepositoryResource,1,0,0
2680,int-brain-lab/paper-behavior,github,https://github.com/int-brain-lab/paper-behavior,https://w3id.org/notebookfair#GitRepositoryResource,2,0,1
2681,axiezai/complex_laplacian,github,https://github.com/axiezai/complex_laplacian,https://w3id.org/notebookfair#GitRepositoryResource,7,0,0
2682,robertbuecker/diffractem,github,https://github.com/robertbuecker/diffractem,https://w3id.org/notebookfair#GitRepositoryResource,0,1,2
2683,robertbuecker/serialed-examples,github,https://github.com/robertbuecker/serialed-examples,https://w3id.org/notebookfair#GitRepositoryResource,6,0,1
2684,kevincma/covid19-race-ethnicity-model,github,https://github.com/kevincma/covid19-race-ethnicity-model,https://w3id.org/notebookfair#GitRepositoryResource,1,0,0
2685,facebookresearch/Detectron,github,https://github.com/facebookresearch/Detectron,https://w3id.org/notebookfair#GitRepositoryResource,0,1,1
2686,neclipse/Metal_defects_detection,github,https://github.com/neclipse/Metal_defects_detection,https://w3id.org/notebookfair#GitRepositoryResource,16,0,0
2687,BioinfoNet/Status-of-OpenScienceKE-LiteratureSearch,github,https://github.com/BioinfoNet/Status-of-OpenScienceKE-LiteratureSearch,https://w3id.org/notebookfair#GitRepositoryResource,0,0,0
2688,BioinfoNet/Data-mining,github,https://github.com/BioinfoNet/Data-mining,https://w3id.org/notebookfair#GitRepositoryResource,8,0,0
2689,OmnesRes/prepub,github,https://github.com/OmnesRes/prepub,https://w3id.org/notebookfair#GitRepositoryResource,0,0,0
2690,BioinfoNet/LowCostOpenAccess,github,https://github.com/BioinfoNet/LowCostOpenAccess,https://w3id.org/notebookfair#GitRepositoryResource,0,0,0
2691,dami82/easyPubMed,github,https://github.com/dami82/easyPubMed,https://w3id.org/notebookfair#GitRepositoryResource,0,0,0
2692,aureliojargas/sed.sf.net,github,https://github.com/aureliojargas/sed.sf.net,https://w3id.org/notebookfair#GitRepositoryResource,0,0,0
2693,thrash-lab/sparse-growth-curve,github,https://github.com/thrash-lab/sparse-growth-curve,https://w3id.org/notebookfair#GitRepositoryResource,3,0,0
2694,jmcnamara/XlsxWriter,github,https://github.com/jmcnamara/XlsxWriter,https://w3id.org/notebookfair#GitRepositoryResource,0,1,0
2695,dockstore/dockstore,github,https://github.com/dockstore/dockstore,https://w3id.org/notebookfair#GitRepositoryResource,1,0,2
2696,lauzingaretti/DeepAFS,github,https://github.com/lauzingaretti/DeepAFS,https://w3id.org/notebookfair#GitRepositoryResource,3,0,1
2697,JonETJakobsson/scConnect,github,https://github.com/JonETJakobsson/scConnect,https://w3id.org/notebookfair#GitRepositoryResource,1,1,2
2698,JonETJakobsson/Connectivity-paper,github,https://github.com/JonETJakobsson/Connectivity-paper,https://w3id.org/notebookfair#GitRepositoryResource,8,0,1
2699,kemplab/ML-radiation,github,https://github.com/kemplab/ML-radiation,https://w3id.org/notebookfair#GitRepositoryResource,14,0,0
2700,kemplab/FBA-pipeline,github,https://github.com/kemplab/FBA-pipeline,https://w3id.org/notebookfair#GitRepositoryResource,18,0,1
2701,OpenTreeOfLife/amendments-1,github,https://github.com/OpenTreeOfLife/amendments-1,https://w3id.org/notebookfair#GitRepositoryResource,0,0,0
2702,OpenTreeOfLife/germinator,github,https://github.com/OpenTreeOfLife/germinator,https://w3id.org/notebookfair#GitRepositoryResource,0,0,0
2703,OpenTreeOfLife/python-opentree,github,https://github.com/OpenTreeOfLife/python-opentree,https://w3id.org/notebookfair#GitRepositoryResource,3,1,1
2704,taavi/ipython_nose,github,https://github.com/taavi/ipython_nose,https://w3id.org/notebookfair#GitRepositoryResource,2,1,1
2705,krassowski/jupyterlab-lsp,github,https://github.com/krassowski/jupyterlab-lsp,https://w3id.org/notebookfair#GitRepositoryResource,23,3,0
2706,mlshapiro/jupyterlab-flake8,github,https://github.com/mlshapiro/jupyterlab-flake8,https://w3id.org/notebookfair#GitRepositoryResource,0,1,0
2707,parente/nbestimate,github,https://github.com/parente/nbestimate,https://w3id.org/notebookfair#GitRepositoryResource,2,0,1
2708,JoaoFelipe/ipython-unittest,github,https://github.com/JoaoFelipe/ipython-unittest,https://w3id.org/notebookfair#GitRepositoryResource,6,1,0
2709,udacity/deep-learning,github,https://github.com/udacity/deep-learning,https://w3id.org/notebookfair#GitRepositoryResource,50,0,11
2710,nprksh/landslide-mapping-with-cnn,github,https://github.com/nprksh/landslide-mapping-with-cnn,https://w3id.org/notebookfair#GitRepositoryResource,1,0,0
2711,georgiarichards/opioid_emls_maps,github,https://github.com/georgiarichards/opioid_emls_maps,https://w3id.org/notebookfair#GitRepositoryResource,2,0,1
2712,LabBandSB/re-Searcher,github,https://github.com/LabBandSB/re-Searcher,https://w3id.org/notebookfair#GitRepositoryResource,0,0,1
2713,OpenMendel/TraitSimulation.jl,github,https://github.com/OpenMendel/TraitSimulation.jl,https://w3id.org/notebookfair#GitRepositoryResource,4,0,0
2714,arjunkhakhar/Viparinama,github,https://github.com/arjunkhakhar/Viparinama,https://w3id.org/notebookfair#GitRepositoryResource,1,0,0
2715,mitmedialab/cognimates-vm,github,https://github.com/mitmedialab/cognimates-vm,https://w3id.org/notebookfair#GitRepositoryResource,0,0,0
2716,Noufst/DeepScratch,github,https://github.com/Noufst/DeepScratch,https://w3id.org/notebookfair#GitRepositoryResource,0,0,0
2717,ecraft2learn/ai,github,https://github.com/ecraft2learn/ai,https://w3id.org/notebookfair#GitRepositoryResource,3,0,0
2718,googlecreativelab/teachablemachine-community,github,https://github.com/googlecreativelab/teachablemachine-community,https://w3id.org/notebookfair#GitRepositoryResource,0,0,0
2719,IBM/taxinomitis,github,https://github.com/IBM/taxinomitis,https://w3id.org/notebookfair#GitRepositoryResource,0,0,1
2720,kylecorry31/ML4K-AI-Extension,github,https://github.com/kylecorry31/ML4K-AI-Extension,https://w3id.org/notebookfair#GitRepositoryResource,0,0,0
2721,biolab/orange3,github,https://github.com/biolab/orange3,https://w3id.org/notebookfair#GitRepositoryResource,1,2,1
2722,mit-cml/appinventor-extensions,github,https://github.com/mit-cml/appinventor-extensions,https://w3id.org/notebookfair#GitRepositoryResource,0,0,1
2723,Calysto/metakernel,github,https://github.com/Calysto/metakernel,https://w3id.org/notebookfair#GitRepositoryResource,7,0,1
2724,rusty1s/pytorch_geometric,github,https://github.com/rusty1s/pytorch_geometric,https://w3id.org/notebookfair#GitRepositoryResource,0,1,1
2725,mdtraj/mdtraj,github,https://github.com/mdtraj/mdtraj,https://w3id.org/notebookfair#GitRepositoryResource,14,1,1
2726,biotite-dev/biotite,github,https://github.com/biotite-dev/biotite,https://w3id.org/notebookfair#GitRepositoryResource,0,1,0
2727,Cai-Lab-at-University-of-Michigan/MiCV,github,https://github.com/Cai-Lab-at-University-of-Michigan/MiCV,https://w3id.org/notebookfair#GitRepositoryResource,0,0,1
2728,dswah/pyGAM,github,https://github.com/dswah/pyGAM,https://w3id.org/notebookfair#GitRepositoryResource,2,0,0
2729,danielramskold/additive_risk_heterogeneity_multiplicative_risk_synergism2,github,https://github.com/danielramskold/additive_risk_heterogeneity_multiplicative_risk_synergism2,https://w3id.org/notebookfair#GitRepositoryResource,5,0,0
2730,menzzana/geisa,github,https://github.com/menzzana/geisa,https://w3id.org/notebookfair#GitRepositoryResource,0,0,0
2731,ShujiaHuang/geneview,github,https://github.com/ShujiaHuang/geneview,https://w3id.org/notebookfair#GitRepositoryResource,4,1,1
2732,philip-mach/herd-immunity,github,https://github.com/philip-mach/herd-immunity,https://w3id.org/notebookfair#GitRepositoryResource,2,1,0
2733,volkamerlab/DL_in_VS_review,github,https://github.com/volkamerlab/DL_in_VS_review,https://w3id.org/notebookfair#GitRepositoryResource,2,0,0
2734,babakkhavari/Clustering,github,https://github.com/babakkhavari/Clustering,https://w3id.org/notebookfair#GitRepositoryResource,2,0,0
2735,Hurley-Lab/GUVquantification,github,https://github.com/Hurley-Lab/GUVquantification,https://w3id.org/notebookfair#GitRepositoryResource,2,0,0
2736,google-research/google-research,github,https://github.com/google-research/google-research,https://w3id.org/notebookfair#GitRepositoryResource,240,33,406
2737,cortex-lab/phy,github,https://github.com/cortex-lab/phy,https://w3id.org/notebookfair#GitRepositoryResource,0,1,1
2738,zhoupc/OASIS_matlab,github,https://github.com/zhoupc/OASIS_matlab,https://w3id.org/notebookfair#GitRepositoryResource,0,0,0
2739,cvhciKIT/sloth,github,https://github.com/cvhciKIT/sloth,https://w3id.org/notebookfair#GitRepositoryResource,0,1,0
2740,GokulEpiphany/contests-final-code,github,https://github.com/GokulEpiphany/contests-final-code,https://w3id.org/notebookfair#GitRepositoryResource,155,0,0
2741,weinberz/sarsnotch,github,https://github.com/weinberz/sarsnotch,https://w3id.org/notebookfair#GitRepositoryResource,13,0,0
2742,semeniuta/vcalib,github,https://github.com/semeniuta/vcalib,https://w3id.org/notebookfair#GitRepositoryResource,0,0,0
2743,semeniuta/subset-calib-data,github,https://github.com/semeniuta/subset-calib-data,https://w3id.org/notebookfair#GitRepositoryResource,1,0,0
2744,jessecanada/MAPS,github,https://github.com/jessecanada/MAPS,https://w3id.org/notebookfair#GitRepositoryResource,5,0,1
2745,snakemake/snakefmt,github,https://github.com/snakemake/snakefmt,https://w3id.org/notebookfair#GitRepositoryResource,0,0,0
2746,snakemake-profiles/doc,github,https://github.com/snakemake-profiles/doc,https://w3id.org/notebookfair#GitRepositoryResource,0,0,0
2747,CancerDataScience/HistomicsML2,github,https://github.com/CancerDataScience/HistomicsML2,https://w3id.org/notebookfair#GitRepositoryResource,0,1,0
2748,blab/mumps-seq,github,https://github.com/blab/mumps-seq,https://w3id.org/notebookfair#GitRepositoryResource,0,0,0
2749,blab/mumps-wa-phylodynamics,github,https://github.com/blab/mumps-wa-phylodynamics,https://w3id.org/notebookfair#GitRepositoryResource,12,1,1
2750,lmoncla/illumina_pipeline,github,https://github.com/lmoncla/illumina_pipeline,https://w3id.org/notebookfair#GitRepositoryResource,0,0,0
2751,evogytis/baltic,github,https://github.com/evogytis/baltic,https://w3id.org/notebookfair#GitRepositoryResource,3,1,1
2752,byooooo/dispersant_screening_PAL,github,https://github.com/byooooo/dispersant_screening_PAL,https://w3id.org/notebookfair#GitRepositoryResource,27,1,878
2753,kjappelbaum/pyepal,github,https://github.com/kjappelbaum/pyepal,https://w3id.org/notebookfair#GitRepositoryResource,7,1,0
2754,tisimst/pyDOE,github,https://github.com/tisimst/pyDOE,https://w3id.org/notebookfair#GitRepositoryResource,0,1,0
2755,SheffieldML/GPy,github,https://github.com/SheffieldML/GPy,https://w3id.org/notebookfair#GitRepositoryResource,0,1,1
2756,FlashRepo/epsilon-PAL,github,https://github.com/FlashRepo/epsilon-PAL,https://w3id.org/notebookfair#GitRepositoryResource,0,0,0
2757,google/neural-tangents,github,https://github.com/google/neural-tangents,https://w3id.org/notebookfair#GitRepositoryResource,11,1,1
2758,rmsolgi/geneticalgorithm,github,https://github.com/rmsolgi/geneticalgorithm,https://w3id.org/notebookfair#GitRepositoryResource,0,1,0
2759,phi-grib/flame,github,https://github.com/phi-grib/flame,https://w3id.org/notebookfair#GitRepositoryResource,0,1,0
2760,phi-grib/flame_API,github,https://github.com/phi-grib/flame_API,https://w3id.org/notebookfair#GitRepositoryResource,0,0,0
2761,phi-grib/flameWeb2,github,https://github.com/phi-grib/flameWeb2,https://w3id.org/notebookfair#GitRepositoryResource,0,0,0
2762,chembl/ChEMBL_Structure_Pipeline,github,https://github.com/chembl/ChEMBL_Structure_Pipeline,https://w3id.org/notebookfair#GitRepositoryResource,0,1,0
2763,donlnz/nonconformist,github,https://github.com/donlnz/nonconformist,https://w3id.org/notebookfair#GitRepositoryResource,1,1,0
2764,hms-dbmi/dropEst,github,https://github.com/hms-dbmi/dropEst,https://w3id.org/notebookfair#GitRepositoryResource,0,0,1
2765,Ken-Lau-Lab/STAR_Protocol,github,https://github.com/Ken-Lau-Lab/STAR_Protocol,https://w3id.org/notebookfair#GitRepositoryResource,4,0,1
2766,hpcng/singularity,github,https://github.com/hpcng/singularity,https://w3id.org/notebookfair#GitRepositoryResource,0,0,0
2767,broadinstitute/gatk,github,https://github.com/broadinstitute/gatk,https://w3id.org/notebookfair#GitRepositoryResource,1,1,0
2768,pezmaster31/bamtools,github,https://github.com/pezmaster31/bamtools,https://w3id.org/notebookfair#GitRepositoryResource,0,0,0
2769,boostorg/boost,github,https://github.com/boostorg/boost,https://w3id.org/notebookfair#GitRepositoryResource,0,0,0
2770,madler/zlib,github,https://github.com/madler/zlib,https://w3id.org/notebookfair#GitRepositoryResource,0,0,0
2771,kharchenkolab/dropEst,github,https://github.com/kharchenkolab/dropEst,https://w3id.org/notebookfair#GitRepositoryResource,0,0,1
2772,RcppCore/Rcpp,github,https://github.com/RcppCore/Rcpp,https://w3id.org/notebookfair#GitRepositoryResource,0,0,0
2773,RcppCore/RcppEigen,github,https://github.com/RcppCore/RcppEigen,https://w3id.org/notebookfair#GitRepositoryResource,0,0,0
2774,eddelbuettel/rinside,github,https://github.com/eddelbuettel/rinside,https://w3id.org/notebookfair#GitRepositoryResource,0,0,0
2775,cran/Matrix,github,https://github.com/cran/Matrix,https://w3id.org/notebookfair#GitRepositoryResource,0,0,0
2776,liuqivandy/scRNABatchQC,github,https://github.com/liuqivandy/scRNABatchQC,https://w3id.org/notebookfair#GitRepositoryResource,0,0,0
2777,Ken-Lau-Lab/dropkick,github,https://github.com/Ken-Lau-Lab/dropkick,https://w3id.org/notebookfair#GitRepositoryResource,1,1,1
2778,networkx/networkx,github,https://github.com/networkx/networkx,https://w3id.org/notebookfair#GitRepositoryResource,0,1,0
2779,igraph/python-igraph,github,https://github.com/igraph/python-igraph,https://w3id.org/notebookfair#GitRepositoryResource,0,1,1
2780,PythonOT/POT,github,https://github.com/PythonOT/POT,https://w3id.org/notebookfair#GitRepositoryResource,0,1,2
2781,Ken-Lau-Lab/NVR,github,https://github.com/Ken-Lau-Lab/NVR,https://w3id.org/notebookfair#GitRepositoryResource,5,1,0
2782,KenLauLab/STAR_Protocol,github,https://github.com/KenLauLab/STAR_Protocol,https://w3id.org/notebookfair#GitRepositoryResource,4,0,1
2783,KenLauLab/dropkick,github,https://github.com/KenLauLab/dropkick,https://w3id.org/notebookfair#GitRepositoryResource,1,1,1
2784,jupyter/jupyter.github.io,github,https://github.com/jupyter/jupyter.github.io,https://w3id.org/notebookfair#GitRepositoryResource,0,0,0
2785,rstudio/hex-stickers,github,https://github.com/rstudio/hex-stickers,https://w3id.org/notebookfair#GitRepositoryResource,0,0,0
2786,daweiliucsd/Cov19-model,github,https://github.com/daweiliucsd/Cov19-model,https://w3id.org/notebookfair#GitRepositoryResource,2,0,0
2787,SIMEXP/dashQC_fmri,github,https://github.com/SIMEXP/dashQC_fmri,https://w3id.org/notebookfair#GitRepositoryResource,0,1,0
2788,ntraut/QCApp,github,https://github.com/ntraut/QCApp,https://w3id.org/notebookfair#GitRepositoryResource,0,0,0
2789,pennbbl/qsiprep,github,https://github.com/pennbbl/qsiprep,https://w3id.org/notebookfair#GitRepositoryResource,0,2,2
2790,CAIsr/uniQC,github,https://github.com/CAIsr/uniQC,https://w3id.org/notebookfair#GitRepositoryResource,0,0,0
2791,NIRALUser/DTIPrep,github,https://github.com/NIRALUser/DTIPrep,https://w3id.org/notebookfair#GitRepositoryResource,0,0,0
2792,preprocessed-connectomes-project/quality-assessment-protocol,github,https://github.com/preprocessed-connectomes-project/quality-assessment-protocol,https://w3id.org/notebookfair#GitRepositoryResource,0,1,1
2793,OpenNeuroLab/BrainBox,github,https://github.com/OpenNeuroLab/BrainBox,https://w3id.org/notebookfair#GitRepositoryResource,0,0,0
2794,poldracklab/mriqc,github,https://github.com/poldracklab/mriqc,https://w3id.org/notebookfair#GitRepositoryResource,6,0,0
2795,npnl/pals,github,https://github.com/npnl/pals,https://w3id.org/notebookfair#GitRepositoryResource,0,1,1
2796,rtQC-group/rtQC,github,https://github.com/rtQC-group/rtQC,https://w3id.org/notebookfair#GitRepositoryResource,0,0,0
2797,raamana/visualqc,github,https://github.com/raamana/visualqc,https://w3id.org/notebookfair#GitRepositoryResource,0,0,1
2798,OpenNeuroLab/mindcontrol,github,https://github.com/OpenNeuroLab/mindcontrol,https://w3id.org/notebookfair#GitRepositoryResource,0,0,0
2799,yeatmanlab/AFQ-Browser,github,https://github.com/yeatmanlab/AFQ-Browser,https://w3id.org/notebookfair#GitRepositoryResource,2,1,2
2800,OpenNeuroLab/braindr,github,https://github.com/OpenNeuroLab/braindr,https://w3id.org/notebookfair#GitRepositoryResource,0,0,0
2801,SwipesForScience/SwipesForScience,github,https://github.com/SwipesForScience/SwipesForScience,https://w3id.org/notebookfair#GitRepositoryResource,0,0,0
2802,poldracklab/fmriprep,github,https://github.com/poldracklab/fmriprep,https://w3id.org/notebookfair#GitRepositoryResource,0,0,1
2803,Qoala-T/QC,github,https://github.com/Qoala-T/QC,https://w3id.org/notebookfair#GitRepositoryResource,2,0,0
2804,xgrg/snaprate,github,https://github.com/xgrg/snaprate,https://w3id.org/notebookfair#GitRepositoryResource,0,0,2
2805,xgrg/nisnap,github,https://github.com/xgrg/nisnap,https://w3id.org/notebookfair#GitRepositoryResource,0,1,1
2806,rii-mango/Papaya,github,https://github.com/rii-mango/Papaya,https://w3id.org/notebookfair#GitRepositoryResource,0,0,0
2807,antonio-mora/paperCode,github,https://github.com/antonio-mora/paperCode,https://w3id.org/notebookfair#GitRepositoryResource,0,0,0
2808,cgohlke/tifffile,github,https://github.com/cgohlke/tifffile,https://w3id.org/notebookfair#GitRepositoryResource,0,1,0
2809,zhixuhao/unet,github,https://github.com/zhixuhao/unet,https://w3id.org/notebookfair#GitRepositoryResource,2,0,0
2810,RosettaCommons/PyRosetta.notebooks,github,https://github.com/RosettaCommons/PyRosetta.notebooks,https://w3id.org/notebookfair#GitRepositoryResource,141,0,0
2811,HelloYiHan/DriverML,github,https://github.com/HelloYiHan/DriverML,https://w3id.org/notebookfair#GitRepositoryResource,0,0,0
2812,aqlaboratory/rgn,github,https://github.com/aqlaboratory/rgn,https://w3id.org/notebookfair#GitRepositoryResource,0,0,0
2813,atomistic-machine-learning/SchNOrb,github,https://github.com/atomistic-machine-learning/SchNOrb,https://w3id.org/notebookfair#GitRepositoryResource,0,1,0
2814,isayev/ReLeaSE,github,https://github.com/isayev/ReLeaSE,https://w3id.org/notebookfair#GitRepositoryResource,3,0,0
2815,MolecularAI/aizynthfinder,github,https://github.com/MolecularAI/aizynthfinder,https://w3id.org/notebookfair#GitRepositoryResource,1,0,0
2816,haichengyi/ACP-DL,github,https://github.com/haichengyi/ACP-DL,https://w3id.org/notebookfair#GitRepositoryResource,0,0,0
2817,insilicomedicine/GENTRL,github,https://github.com/insilicomedicine/GENTRL,https://w3id.org/notebookfair#GitRepositoryResource,3,1,0
2818,aalto-ics-kepaco/comboFM,github,https://github.com/aalto-ics-kepaco/comboFM,https://w3id.org/notebookfair#GitRepositoryResource,0,0,0
2819,geffy/tffm,github,https://github.com/geffy/tffm,https://w3id.org/notebookfair#GitRepositoryResource,2,1,0
2820,haiping1010/IVS2Vec,github,https://github.com/haiping1010/IVS2Vec,https://w3id.org/notebookfair#GitRepositoryResource,0,0,0
2821,sysu-yanglab/DLIGAND2,github,https://github.com/sysu-yanglab/DLIGAND2,https://w3id.org/notebookfair#GitRepositoryResource,0,0,0
2822,cansyl/DEEPscreen,github,https://github.com/cansyl/DEEPscreen,https://w3id.org/notebookfair#GitRepositoryResource,0,0,1
2823,bm2-lab/FL-QSAR,github,https://github.com/bm2-lab/FL-QSAR,https://w3id.org/notebookfair#GitRepositoryResource,0,0,0
2824,meta-QSAR/simple-tree,github,https://github.com/meta-QSAR/simple-tree,https://w3id.org/notebookfair#GitRepositoryResource,0,0,0
2825,meta-QSAR/drug-target-descriptors,github,https://github.com/meta-QSAR/drug-target-descriptors,https://w3id.org/notebookfair#GitRepositoryResource,0,0,0
2826,bigchem/transformer-cnn,github,https://github.com/bigchem/transformer-cnn,https://w3id.org/notebookfair#GitRepositoryResource,0,0,0
2827,Abdulk084/Chemception,github,https://github.com/Abdulk084/Chemception,https://w3id.org/notebookfair#GitRepositoryResource,1,0,0
2828,crong-k/pyqsar_tutorial,github,https://github.com/crong-k/pyqsar_tutorial,https://w3id.org/notebookfair#GitRepositoryResource,3,0,0
2829,Svvord/visar,github,https://github.com/Svvord/visar,https://w3id.org/notebookfair#GitRepositoryResource,3,1,0
2830,linwang1982/DRIMC,github,https://github.com/linwang1982/DRIMC,https://w3id.org/notebookfair#GitRepositoryResource,0,0,0
2831,ChengF-Lab/deepDR,github,https://github.com/ChengF-Lab/deepDR,https://w3id.org/notebookfair#GitRepositoryResource,0,0,0
2832,Case-esaC/iDrug,github,https://github.com/Case-esaC/iDrug,https://w3id.org/notebookfair#GitRepositoryResource,0,0,0
2833,zcwang0702/BiFusion,github,https://github.com/zcwang0702/BiFusion,https://w3id.org/notebookfair#GitRepositoryResource,0,0,0
2834,ncordeirfcup/QSAR-Co-X,github,https://github.com/ncordeirfcup/QSAR-Co-X,https://w3id.org/notebookfair#GitRepositoryResource,0,0,1
2835,GIST-CSBL/DeepConv-DTI,github,https://github.com/GIST-CSBL/DeepConv-DTI,https://w3id.org/notebookfair#GitRepositoryResource,0,0,0
2836,Open-ss/NegStacking,github,https://github.com/Open-ss/NegStacking,https://w3id.org/notebookfair#GitRepositoryResource,0,0,0
2837,kexinhuang12345/DeepPurpose,github,https://github.com/kexinhuang12345/DeepPurpose,https://w3id.org/notebookfair#GitRepositoryResource,34,1,1
2838,a96123155/DTI-CDF,github,https://github.com/a96123155/DTI-CDF,https://w3id.org/notebookfair#GitRepositoryResource,0,0,0
2839,cansyl/MDeePred,github,https://github.com/cansyl/MDeePred,https://w3id.org/notebookfair#GitRepositoryResource,0,0,0
2840,CS-BIO/IDDkin,github,https://github.com/CS-BIO/IDDkin,https://w3id.org/notebookfair#GitRepositoryResource,0,0,0
2841,wanwenzeng/deepdrug,github,https://github.com/wanwenzeng/deepdrug,https://w3id.org/notebookfair#GitRepositoryResource,0,0,0
2842,hkmztrk/DeepDTA,github,https://github.com/hkmztrk/DeepDTA,https://w3id.org/notebookfair#GitRepositoryResource,0,0,0
2843,Shen-Lab/DeepAffinity,github,https://github.com/Shen-Lab/DeepAffinity,https://w3id.org/notebookfair#GitRepositoryResource,0,0,0
2844,artem-lysenko/TargeTox,github,https://github.com/artem-lysenko/TargeTox,https://w3id.org/notebookfair#GitRepositoryResource,0,0,0
2845,kgayvert/PrOCTOR,github,https://github.com/kgayvert/PrOCTOR,https://w3id.org/notebookfair#GitRepositoryResource,0,0,0
2846,habi/zmk-tooth-cohort,github,https://github.com/habi/zmk-tooth-cohort,https://w3id.org/notebookfair#GitRepositoryResource,5,0,1
2847,ingewortel/artistoo,github,https://github.com/ingewortel/artistoo,https://w3id.org/notebookfair#GitRepositoryResource,0,0,0
2848,ingewortel/artistoo-supplements,github,https://github.com/ingewortel/artistoo-supplements,https://w3id.org/notebookfair#GitRepositoryResource,0,0,0
2849,ingewortel/2020-ucsp,github,https://github.com/ingewortel/2020-ucsp,https://w3id.org/notebookfair#GitRepositoryResource,0,0,0
2850,kassambara/factoextra,github,https://github.com/kassambara/factoextra,https://w3id.org/notebookfair#GitRepositoryResource,0,0,0
2851,pertzlab/CODEX,github,https://github.com/pertzlab/CODEX,https://w3id.org/notebookfair#GitRepositoryResource,4,0,0
2852,michaelbale/python_stuff,github,https://github.com/michaelbale/python_stuff,https://w3id.org/notebookfair#GitRepositoryResource,0,0,0
2853,michaelbale/cher_bale,github,https://github.com/michaelbale/cher_bale,https://w3id.org/notebookfair#GitRepositoryResource,1,0,0
2854,microsoft/CameraTraps,github,https://github.com/microsoft/CameraTraps,https://w3id.org/notebookfair#GitRepositoryResource,69,2,1
2855,u-infuse/u-infuse,github,https://github.com/u-infuse/u-infuse,https://w3id.org/notebookfair#GitRepositoryResource,5,0,0
2856,amohamed71515/classification-model,github,https://github.com/amohamed71515/classification-model,https://w3id.org/notebookfair#GitRepositoryResource,0,0,0
2857,naviprem/ids-deep-learning,github,https://github.com/naviprem/ids-deep-learning,https://w3id.org/notebookfair#GitRepositoryResource,0,0,0
2858,YujiSue/RScript,github,https://github.com/YujiSue/RScript,https://w3id.org/notebookfair#GitRepositoryResource,0,0,0
2859,YujiSue/python,github,https://github.com/YujiSue/python,https://w3id.org/notebookfair#GitRepositoryResource,2,0,0
2860,iontorrent/TS,github,https://github.com/iontorrent/TS,https://w3id.org/notebookfair#GitRepositoryResource,0,1,1
2861,YujiSue/YujiSue.github.io,github,https://github.com/YujiSue/YujiSue.github.io,https://w3id.org/notebookfair#GitRepositoryResource,0,0,0
2862,YujiSue/BioInfoTools,github,https://github.com/YujiSue/BioInfoTools,https://w3id.org/notebookfair#GitRepositoryResource,6,0,0
2863,YujiSue/IJPlugIns,github,https://github.com/YujiSue/IJPlugIns,https://w3id.org/notebookfair#GitRepositoryResource,0,0,0
2864,YujiSue/Sutoku,github,https://github.com/YujiSue/Sutoku,https://w3id.org/notebookfair#GitRepositoryResource,0,0,0
2865,cristinagwilson/data-foraging-in-human-robot-teams,github,https://github.com/cristinagwilson/data-foraging-in-human-robot-teams,https://w3id.org/notebookfair#GitRepositoryResource,3,0,0
2866,Rothamsted/knetbuilder,github,https://github.com/Rothamsted/knetbuilder,https://w3id.org/notebookfair#GitRepositoryResource,0,0,0
2867,Rothamsted/knetminer,github,https://github.com/Rothamsted/knetminer,https://w3id.org/notebookfair#GitRepositoryResource,0,0,0
2868,samply/blaze,github,https://github.com/samply/blaze,https://w3id.org/notebookfair#GitRepositoryResource,0,0,0
2869,fhirbase/fhirbase,github,https://github.com/fhirbase/fhirbase,https://w3id.org/notebookfair#GitRepositoryResource,0,0,0
2870,juliangruendner/criteria-based-selection-fhir,github,https://github.com/juliangruendner/criteria-based-selection-fhir,https://w3id.org/notebookfair#GitRepositoryResource,2,0,1
2871,MaayanLab/Drugmonizome,github,https://github.com/MaayanLab/Drugmonizome,https://w3id.org/notebookfair#GitRepositoryResource,34,0,0
2872,MaayanLab/Drugmonizome-ML,github,https://github.com/MaayanLab/Drugmonizome-ML,https://w3id.org/notebookfair#GitRepositoryResource,1,0,1
2873,DeepLabCut/DeepLabCut,github,https://github.com/DeepLabCut/DeepLabCut,https://w3id.org/notebookfair#GitRepositoryResource,14,1,1
2874,DeepLabCut/DLCutils,github,https://github.com/DeepLabCut/DLCutils,https://w3id.org/notebookfair#GitRepositoryResource,1,0,0
2875,maceng4/Monodelphis_Ladder_Rung,github,https://github.com/maceng4/Monodelphis_Ladder_Rung,https://w3id.org/notebookfair#GitRepositoryResource,5,0,0
2876,WenChentao/3DeeCellTracker,github,https://github.com/WenChentao/3DeeCellTracker,https://w3id.org/notebookfair#GitRepositoryResource,3,1,0
2877,siavashk/pycpd,github,https://github.com/siavashk/pycpd,https://w3id.org/notebookfair#GitRepositoryResource,0,1,1
2878,OpenQBMM/OpenQBMM,github,https://github.com/OpenQBMM/OpenQBMM,https://w3id.org/notebookfair#GitRepositoryResource,0,0,0
2879,ReproducibilityInPublishing/j.jcp.2016.10.049,github,https://github.com/ReproducibilityInPublishing/j.jcp.2016.10.049,https://w3id.org/notebookfair#GitRepositoryResource,1,0,0
2880,ReproducibilityInPublishing/j.ces.2015.04.005,github,https://github.com/ReproducibilityInPublishing/j.ces.2015.04.005,https://w3id.org/notebookfair#GitRepositoryResource,1,0,0
2881,ReproducibilityInPublishing/j.jcp.2016.07.031,github,https://github.com/ReproducibilityInPublishing/j.jcp.2016.07.031,https://w3id.org/notebookfair#GitRepositoryResource,1,0,0
2882,ReproducibilityInPublishing/j.jcp.2016.08.012,github,https://github.com/ReproducibilityInPublishing/j.jcp.2016.08.012,https://w3id.org/notebookfair#GitRepositoryResource,1,0,0
2883,ReproducibilityInPublishing/10.1016_S0377-0427-03-00650-2,github,https://github.com/ReproducibilityInPublishing/10.1016_S0377-0427-03-00650-2,https://w3id.org/notebookfair#GitRepositoryResource,1,0,0
2884,alan-turing-institute/mogp_emulator,github,https://github.com/alan-turing-institute/mogp_emulator,https://w3id.org/notebookfair#GitRepositoryResource,0,1,2
2885,djgroen/FabSim3,github,https://github.com/djgroen/FabSim3,https://w3id.org/notebookfair#GitRepositoryResource,0,0,1
2886,djgroen/flee-release,github,https://github.com/djgroen/flee-release,https://w3id.org/notebookfair#GitRepositoryResource,0,0,0
2887,djgroen/FabCovid19,github,https://github.com/djgroen/FabCovid19,https://w3id.org/notebookfair#GitRepositoryResource,0,0,0
2888,UCL-CCS/EasyVVUQ,github,https://github.com/UCL-CCS/EasyVVUQ,https://w3id.org/notebookfair#GitRepositoryResource,21,1,2
2889,multiscale/muscle3,github,https://github.com/multiscale/muscle3,https://w3id.org/notebookfair#GitRepositoryResource,0,1,1
2890,wedeling/FabUQCampaign,github,https://github.com/wedeling/FabUQCampaign,https://w3id.org/notebookfair#GitRepositoryResource,0,0,0
2891,mikkokemppainen/Jupyter_notebooks,github,https://github.com/mikkokemppainen/Jupyter_notebooks,https://w3id.org/notebookfair#GitRepositoryResource,5,0,0
2892,hoisunglab/FRET_3colorCW,github,https://github.com/hoisunglab/FRET_3colorCW,https://w3id.org/notebookfair#GitRepositoryResource,0,0,0
2893,liu-kan/gSMFRETda,github,https://github.com/liu-kan/gSMFRETda,https://w3id.org/notebookfair#GitRepositoryResource,0,0,0
2894,Fluorescence-Tools/ChiSurf,github,https://github.com/Fluorescence-Tools/ChiSurf,https://w3id.org/notebookfair#GitRepositoryResource,2,1,0
2895,ckinzthompson/biasd,github,https://github.com/ckinzthompson/biasd,https://w3id.org/notebookfair#GitRepositoryResource,0,0,0
2896,GonzalezBiophysicsLab/hFRET,github,https://github.com/GonzalezBiophysicsLab/hFRET,https://w3id.org/notebookfair#GitRepositoryResource,0,0,0
2897,LandesLab/STaSI,github,https://github.com/LandesLab/STaSI,https://w3id.org/notebookfair#GitRepositoryResource,0,0,0
2898,RNA-FRETools/fluordynamics,github,https://github.com/RNA-FRETools/fluordynamics,https://w3id.org/notebookfair#GitRepositoryResource,0,0,0
2899,RNA-FRETools/fretraj,github,https://github.com/RNA-FRETools/fretraj,https://w3id.org/notebookfair#GitRepositoryResource,0,0,0
2900,Fluorescence-Tools/LabelLib,github,https://github.com/Fluorescence-Tools/LabelLib,https://w3id.org/notebookfair#GitRepositoryResource,0,1,0
2901,tritemio/FRETBursts,github,https://github.com/tritemio/FRETBursts,https://w3id.org/notebookfair#GitRepositoryResource,18,2,0
2902,ihmwg/FLR-dictionary,github,https://github.com/ihmwg/FLR-dictionary,https://w3id.org/notebookfair#GitRepositoryResource,0,0,0
2903,i-shah/genra-py,github,https://github.com/i-shah/genra-py,https://w3id.org/notebookfair#GitRepositoryResource,3,1,1
2904,1KFG/Phylogenomics_HMMs,github,https://github.com/1KFG/Phylogenomics_HMMs,https://w3id.org/notebookfair#GitRepositoryResource,0,0,0
2905,Brookesloci/fungi_intron_paper_2020,github,https://github.com/Brookesloci/fungi_intron_paper_2020,https://w3id.org/notebookfair#GitRepositoryResource,12,0,0
2906,hmatsu1226/HyPhyTree,github,https://github.com/hmatsu1226/HyPhyTree,https://w3id.org/notebookfair#GitRepositoryResource,1,0,0
2907,makovalab-psu/overlaps,github,https://github.com/makovalab-psu/overlaps,https://w3id.org/notebookfair#GitRepositoryResource,8,0,0
2908,OLC-Bioinformatics/COWBAT,github,https://github.com/OLC-Bioinformatics/COWBAT,https://w3id.org/notebookfair#GitRepositoryResource,0,1,0
2909,OLC-Bioinformatics/sipprverse,github,https://github.com/OLC-Bioinformatics/sipprverse,https://w3id.org/notebookfair#GitRepositoryResource,0,1,0
2910,soda460/FindVir,github,https://github.com/soda460/FindVir,https://w3id.org/notebookfair#GitRepositoryResource,1,0,0
2911,dvera/albacore,github,https://github.com/dvera/albacore,https://w3id.org/notebookfair#GitRepositoryResource,0,0,0
2912,rrwick/Filtlong,github,https://github.com/rrwick/Filtlong,https://w3id.org/notebookfair#GitRepositoryResource,0,0,0
2913,soda460/GENcontext,github,https://github.com/soda460/GENcontext,https://w3id.org/notebookfair#GitRepositoryResource,0,0,0
2914,soda460/arg_ast,github,https://github.com/soda460/arg_ast,https://w3id.org/notebookfair#GitRepositoryResource,0,0,0
2915,TheaWhitman/NEON_PyOM,github,https://github.com/TheaWhitman/NEON_PyOM,https://w3id.org/notebookfair#GitRepositoryResource,13,0,0
2916,BCM-CRISPR/BCM-CRISPR.github.io,github,https://github.com/BCM-CRISPR/BCM-CRISPR.github.io,https://w3id.org/notebookfair#GitRepositoryResource,2,0,0
2917,seyuboglu/weakly-supervised-petct,github,https://github.com/seyuboglu/weakly-supervised-petct,https://w3id.org/notebookfair#GitRepositoryResource,4,1,0
2918,IBM/wntrac,github,https://github.com/IBM/wntrac,https://w3id.org/notebookfair#GitRepositoryResource,9,0,1
2919,adaptivegenome/repeatseq,github,https://github.com/adaptivegenome/repeatseq,https://w3id.org/notebookfair#GitRepositoryResource,0,0,0
2920,nkinney06/dockerizedEBML,github,https://github.com/nkinney06/dockerizedEBML,https://w3id.org/notebookfair#GitRepositoryResource,7,0,0
2921,ThierryMondeel/HCC_flux_balance_analysis,github,https://github.com/ThierryMondeel/HCC_flux_balance_analysis,https://w3id.org/notebookfair#GitRepositoryResource,6,0,0
2922,WillKoehrsen/wikipedia-data-science,github,https://github.com/WillKoehrsen/wikipedia-data-science,https://w3id.org/notebookfair#GitRepositoryResource,6,0,0
2923,MaastrichtU-IDS/semantic-enhancement,github,https://github.com/MaastrichtU-IDS/semantic-enhancement,https://w3id.org/notebookfair#GitRepositoryResource,0,0,0
2924,hmvantol/localization_pipeline,github,https://github.com/hmvantol/localization_pipeline,https://w3id.org/notebookfair#GitRepositoryResource,0,0,0
2925,peterjc/pico_galaxy,github,https://github.com/peterjc/pico_galaxy,https://w3id.org/notebookfair#GitRepositoryResource,0,0,0
2926,hmvantol/diatom-FBA-notebook,github,https://github.com/hmvantol/diatom-FBA-notebook,https://w3id.org/notebookfair#GitRepositoryResource,1,0,0
2927,hmvantol/diatom-dFBA,github,https://github.com/hmvantol/diatom-dFBA,https://w3id.org/notebookfair#GitRepositoryResource,0,0,0
2928,m-guggenmos/megmvpa,github,https://github.com/m-guggenmos/megmvpa,https://w3id.org/notebookfair#GitRepositoryResource,6,0,0
2929,meglab/acSST,github,https://github.com/meglab/acSST,https://w3id.org/notebookfair#GitRepositoryResource,1,0,0
2930,sepehrgolriz/GeVa_NeIF,github,https://github.com/sepehrgolriz/GeVa_NeIF,https://w3id.org/notebookfair#GitRepositoryResource,3,0,0
2931,pharmacome/curation,github,https://github.com/pharmacome/curation,https://w3id.org/notebookfair#GitRepositoryResource,0,0,0
2932,ComputationalSystemsBiology/scNET,github,https://github.com/ComputationalSystemsBiology/scNET,https://w3id.org/notebookfair#GitRepositoryResource,1,0,0
2933,georgiarichards/CatalogueofOpioids,github,https://github.com/georgiarichards/CatalogueofOpioids,https://w3id.org/notebookfair#GitRepositoryResource,1,0,0
2934,brainglobe/brainrender,github,https://github.com/brainglobe/brainrender,https://w3id.org/notebookfair#GitRepositoryResource,3,1,0
2935,Yaoyao-Hao/BrainMesh,github,https://github.com/Yaoyao-Hao/BrainMesh,https://w3id.org/notebookfair#GitRepositoryResource,0,0,0
2936,savan77/EmotionDetectionBERT,github,https://github.com/savan77/EmotionDetectionBERT,https://w3id.org/notebookfair#GitRepositoryResource,1,0,1
2937,ntakata/flexible-annotation-atlas,github,https://github.com/ntakata/flexible-annotation-atlas,https://w3id.org/notebookfair#GitRepositoryResource,20,0,0
2938,JuliaDynamics/DrWatson.jl,github,https://github.com/JuliaDynamics/DrWatson.jl,https://w3id.org/notebookfair#GitRepositoryResource,0,0,0
2939,fonsp/Pluto.jl,github,https://github.com/fonsp/Pluto.jl,https://w3id.org/notebookfair#GitRepositoryResource,0,0,0
2940,perrierlab/Carlsen_et_al_2021,github,https://github.com/perrierlab/Carlsen_et_al_2021,https://w3id.org/notebookfair#GitRepositoryResource,5,0,0
2941,intonumbers/pubmed-insights,github,https://github.com/intonumbers/pubmed-insights,https://w3id.org/notebookfair#GitRepositoryResource,1,0,1
2942,biocore/empress,github,https://github.com/biocore/empress,https://w3id.org/notebookfair#GitRepositoryResource,0,1,0
2943,knightlab-analyses/empress-analyses,github,https://github.com/knightlab-analyses/empress-analyses,https://w3id.org/notebookfair#GitRepositoryResource,4,0,0
2944,wasade/improved-octo-waddle,github,https://github.com/wasade/improved-octo-waddle,https://w3id.org/notebookfair#GitRepositoryResource,2,1,0
2945,eligrey/FileSaver.js,github,https://github.com/eligrey/FileSaver.js,https://w3id.org/notebookfair#GitRepositoryResource,0,0,0
2946,davidtaylorhq/qunit-puppeteer,github,https://github.com/davidtaylorhq/qunit-puppeteer,https://w3id.org/notebookfair#GitRepositoryResource,0,0,0
2947,rochoa85/pepfun,github,https://github.com/rochoa85/pepfun,https://w3id.org/notebookfair#GitRepositoryResource,1,0,0
2948,rochoa85/PepFun,github,https://github.com/rochoa85/PepFun,https://w3id.org/notebookfair#GitRepositoryResource,1,0,0
2949,NABSA/gbfs,github,https://github.com/NABSA/gbfs,https://w3id.org/notebookfair#GitRepositoryResource,0,0,0
2950,tseemann/snippy,github,https://github.com/tseemann/snippy,https://w3id.org/notebookfair#GitRepositoryResource,0,0,0
2951,davideyre/runListCompare,github,https://github.com/davideyre/runListCompare,https://w3id.org/notebookfair#GitRepositoryResource,0,0,0
2952,bawee/blastable,github,https://github.com/bawee/blastable,https://w3id.org/notebookfair#GitRepositoryResource,0,0,0
2953,iAMB-RWTH-Aachen/Opol-GSMM,github,https://github.com/iAMB-RWTH-Aachen/Opol-GSMM,https://w3id.org/notebookfair#GitRepositoryResource,3,0,0
2954,balthapaixao/Covid19_BR_underreport,github,https://github.com/balthapaixao/Covid19_BR_underreport,https://w3id.org/notebookfair#GitRepositoryResource,2,0,0
2955,pdkit/pdkit,github,https://github.com/pdkit/pdkit,https://w3id.org/notebookfair#GitRepositoryResource,12,1,2
2956,DEIB-GECO/GeneNetFusion,github,https://github.com/DEIB-GECO/GeneNetFusion,https://w3id.org/notebookfair#GitRepositoryResource,2,0,1
2957,NDHall/coge_tools,github,https://github.com/NDHall/coge_tools,https://w3id.org/notebookfair#GitRepositoryResource,16,0,0
2958,NDHall/ggOrtho,github,https://github.com/NDHall/ggOrtho,https://w3id.org/notebookfair#GitRepositoryResource,0,0,0
2959,NDHall/pysam_tools,github,https://github.com/NDHall/pysam_tools,https://w3id.org/notebookfair#GitRepositoryResource,0,0,0
2960,allera/Llera_elife_2019_1,github,https://github.com/allera/Llera_elife_2019_1,https://w3id.org/notebookfair#GitRepositoryResource,0,0,0
2961,ntimonid/Connectomic-Composition-Predictor-CCP-,github,https://github.com/ntimonid/Connectomic-Composition-Predictor-CCP-,https://w3id.org/notebookfair#GitRepositoryResource,12,0,0
2962,vafaei-ar/drama,github,https://github.com/vafaei-ar/drama,https://w3id.org/notebookfair#GitRepositoryResource,26,1,1
2963,rstudio/tensorflow,github,https://github.com/rstudio/tensorflow,https://w3id.org/notebookfair#GitRepositoryResource,0,0,0
2964,rhmills/VAKI_Exosome_Proteomics,github,https://github.com/rhmills/VAKI_Exosome_Proteomics,https://w3id.org/notebookfair#GitRepositoryResource,1,0,0
2965,as4401s/COVID-19-X_ray-image-classification,github,https://github.com/as4401s/COVID-19-X_ray-image-classification,https://w3id.org/notebookfair#GitRepositoryResource,6,0,0
2966,piotrsobecki/PCa-CNNs,github,https://github.com/piotrsobecki/PCa-CNNs,https://w3id.org/notebookfair#GitRepositoryResource,4,0,1
2967,Smart-Robotic-Viticulture/MaskStomata,github,https://github.com/Smart-Robotic-Viticulture/MaskStomata,https://w3id.org/notebookfair#GitRepositoryResource,3,0,0
2968,emckiernan/electrophys,github,https://github.com/emckiernan/electrophys,https://w3id.org/notebookfair#GitRepositoryResource,20,0,0
2969,BackyardBrains/Spike-Recorder-IOS,github,https://github.com/BackyardBrains/Spike-Recorder-IOS,https://w3id.org/notebookfair#GitRepositoryResource,0,0,0
2970,LymeMIND/LM2-study-supporting-materials,github,https://github.com/LymeMIND/LM2-study-supporting-materials,https://w3id.org/notebookfair#GitRepositoryResource,1,0,0
2971,zshah-HBKU/COVID-19-Literature-Mining-,github,https://github.com/zshah-HBKU/COVID-19-Literature-Mining-,https://w3id.org/notebookfair#GitRepositoryResource,1,0,0
2972,Kohulan/DECIMER-Image-Segmentation,github,https://github.com/Kohulan/DECIMER-Image-Segmentation,https://w3id.org/notebookfair#GitRepositoryResource,2,1,0
2973,Belval/pdf2image,github,https://github.com/Belval/pdf2image,https://w3id.org/notebookfair#GitRepositoryResource,0,1,1
2974,neurodata/neuroparc,github,https://github.com/neurodata/neuroparc,https://w3id.org/notebookfair#GitRepositoryResource,3,0,0
2975,leonharrington/zanalyzer,github,https://github.com/leonharrington/zanalyzer,https://w3id.org/notebookfair#GitRepositoryResource,0,0,0
2976,nychealth/coronavirus-data,github,https://github.com/nychealth/coronavirus-data,https://w3id.org/notebookfair#GitRepositoryResource,0,0,0
2977,ninarouhani/2021_RouhaniNiv,github,https://github.com/ninarouhani/2021_RouhaniNiv,https://w3id.org/notebookfair#GitRepositoryResource,1,0,0
2978,ulkursln/MAGiC,github,https://github.com/ulkursln/MAGiC,https://w3id.org/notebookfair#GitRepositoryResource,0,0,0
2979,ulkursln/Dialogue-Act-Annotation,github,https://github.com/ulkursln/Dialogue-Act-Annotation,https://w3id.org/notebookfair#GitRepositoryResource,0,0,0
2980,ulkursln/R-scripts,github,https://github.com/ulkursln/R-scripts,https://w3id.org/notebookfair#GitRepositoryResource,0,0,0
2981,qubilab/CNN-for-skin-lesion-classification,github,https://github.com/qubilab/CNN-for-skin-lesion-classification,https://w3id.org/notebookfair#GitRepositoryResource,2,0,0
2982,KaimingHe/deep-residual-networks,github,https://github.com/KaimingHe/deep-residual-networks,https://w3id.org/notebookfair#GitRepositoryResource,0,0,0
2983,MaayanLab/appyter,github,https://github.com/MaayanLab/appyter,https://w3id.org/notebookfair#GitRepositoryResource,3,1,4
2984,sveltejs/svelte,github,https://github.com/sveltejs/svelte,https://w3id.org/notebookfair#GitRepositoryResource,0,0,0
2985,niklastoe/classifier_metric_uncertainty,github,https://github.com/niklastoe/classifier_metric_uncertainty,https://w3id.org/notebookfair#GitRepositoryResource,2,0,1
2986,aertslab/SCENIC,github,https://github.com/aertslab/SCENIC,https://w3id.org/notebookfair#GitRepositoryResource,2,0,0
2987,timoast/signac,github,https://github.com/timoast/signac,https://w3id.org/notebookfair#GitRepositoryResource,0,0,0
2988,ReddingLab/Learning,github,https://github.com/ReddingLab/Learning,https://w3id.org/notebookfair#GitRepositoryResource,9,0,0
2989,ReddingLab/Keenen_et_al_bioRxiv_2020.10.30.362772,github,https://github.com/ReddingLab/Keenen_et_al_bioRxiv_2020.10.30.362772,https://w3id.org/notebookfair#GitRepositoryResource,6,0,0
2990,mrc-ide/skygrowth,github,https://github.com/mrc-ide/skygrowth,https://w3id.org/notebookfair#GitRepositoryResource,0,0,0
2991,tidyverse/lubridate,github,https://github.com/tidyverse/lubridate,https://w3id.org/notebookfair#GitRepositoryResource,0,0,0
2992,rrwick/Porechop,github,https://github.com/rrwick/Porechop,https://w3id.org/notebookfair#GitRepositoryResource,0,1,0
2993,choderalab/openmmtools,github,https://github.com/choderalab/openmmtools,https://w3id.org/notebookfair#GitRepositoryResource,0,1,0
2994,choderalab/rbd-ace2-contact-analysis,github,https://github.com/choderalab/rbd-ace2-contact-analysis,https://w3id.org/notebookfair#GitRepositoryResource,0,0,0
2995,dpascall/SARS-CoV-2-mutation-analysis,github,https://github.com/dpascall/SARS-CoV-2-mutation-analysis,https://w3id.org/notebookfair#GitRepositoryResource,0,0,0
2996,thorn-lab/coronavirus_structural_task_force,github,https://github.com/thorn-lab/coronavirus_structural_task_force,https://w3id.org/notebookfair#GitRepositoryResource,0,0,1
2997,wormsenseLab/AnalysisFunction,github,https://github.com/wormsenseLab/AnalysisFunction,https://w3id.org/notebookfair#GitRepositoryResource,0,0,0
2998,wormsenseLab/JupyterNotebooksDEGENaCPharm,github,https://github.com/wormsenseLab/JupyterNotebooksDEGENaCPharm,https://w3id.org/notebookfair#GitRepositoryResource,11,0,0
2999,kheleon/mrt-paper,github,https://github.com/kheleon/mrt-paper,https://w3id.org/notebookfair#GitRepositoryResource,2,0,0
3000,edzuf/CrisprOpenDB,github,https://github.com/edzuf/CrisprOpenDB,https://w3id.org/notebookfair#GitRepositoryResource,1,1,0
3001,alanderos91/BioSimulator.jl,github,https://github.com/alanderos91/BioSimulator.jl,https://w3id.org/notebookfair#GitRepositoryResource,0,0,0
3002,PiyushKyushu/COVID-19-News,github,https://github.com/PiyushKyushu/COVID-19-News,https://w3id.org/notebookfair#GitRepositoryResource,8,0,0
3003,ddangelov/Top2Vec,github,https://github.com/ddangelov/Top2Vec,https://w3id.org/notebookfair#GitRepositoryResource,1,1,1
3004,g2glab/x2,github,https://github.com/g2glab/x2,https://w3id.org/notebookfair#GitRepositoryResource,0,0,0
3005,bergmanlab/transposons,github,https://github.com/bergmanlab/transposons,https://w3id.org/notebookfair#GitRepositoryResource,0,0,0
3006,deepchem/deepchem,github,https://github.com/deepchem/deepchem,https://w3id.org/notebookfair#GitRepositoryResource,48,1,1
3007,reymond-group/mhfp,github,https://github.com/reymond-group/mhfp,https://w3id.org/notebookfair#GitRepositoryResource,0,1,0
3008,AlfonsoTGarcia-Sosa/ML,github,https://github.com/AlfonsoTGarcia-Sosa/ML,https://w3id.org/notebookfair#GitRepositoryResource,9,0,0
3009,katarinabraun/SARSCoV2_transmission_in_domestic_cats,github,https://github.com/katarinabraun/SARSCoV2_transmission_in_domestic_cats,https://w3id.org/notebookfair#GitRepositoryResource,6,0,0
3010,gagekmoreno/SARS_CoV-2_Zequencer,github,https://github.com/gagekmoreno/SARS_CoV-2_Zequencer,https://w3id.org/notebookfair#GitRepositoryResource,0,0,0
3011,chasewnelson/SNPgenie,github,https://github.com/chasewnelson/SNPgenie,https://w3id.org/notebookfair#GitRepositoryResource,0,0,0
3012,MetabolicEngineeringGroupCBMA/Silva_et_al_2020,github,https://github.com/MetabolicEngineeringGroupCBMA/Silva_et_al_2020,https://w3id.org/notebookfair#GitRepositoryResource,7,0,0
3013,maslov-group/ML_human_gut,github,https://github.com/maslov-group/ML_human_gut,https://w3id.org/notebookfair#GitRepositoryResource,15,0,0
3014,henriksson-lab/genepub,github,https://github.com/henriksson-lab/genepub,https://w3id.org/notebookfair#GitRepositoryResource,3,0,1
3015,ChristianMarzahl/Exact,github,https://github.com/ChristianMarzahl/Exact,https://w3id.org/notebookfair#GitRepositoryResource,11,0,1
3016,ChristianMarzahl/EXACT-Sync,github,https://github.com/ChristianMarzahl/EXACT-Sync,https://w3id.org/notebookfair#GitRepositoryResource,2,1,1
3017,fruitflybrain/neuroarch,github,https://github.com/fruitflybrain/neuroarch,https://w3id.org/notebookfair#GitRepositoryResource,0,1,0
3018,janelia-flyem/ConnectomeHackathon2015,github,https://github.com/janelia-flyem/ConnectomeHackathon2015,https://w3id.org/notebookfair#GitRepositoryResource,0,0,0
3019,FlyBrainLab/Tutorials,github,https://github.com/FlyBrainLab/Tutorials,https://w3id.org/notebookfair#GitRepositoryResource,13,0,0
3020,FlyBrainLab/FlyBrainLab,github,https://github.com/FlyBrainLab/FlyBrainLab,https://w3id.org/notebookfair#GitRepositoryResource,0,0,0
3021,FlyBrainLab/CXcircuits,github,https://github.com/FlyBrainLab/CXcircuits,https://w3id.org/notebookfair#GitRepositoryResource,3,1,0
3022,NVIDIA/nvidia-docker,github,https://github.com/NVIDIA/nvidia-docker,https://w3id.org/notebookfair#GitRepositoryResource,0,0,0
3023,fruitflybrain/ffbo.processor,github,https://github.com/fruitflybrain/ffbo.processor,https://w3id.org/notebookfair#GitRepositoryResource,0,1,0
3024,fruitflybrain/ffbo.neuroarch_component,github,https://github.com/fruitflybrain/ffbo.neuroarch_component,https://w3id.org/notebookfair#GitRepositoryResource,0,1,0
3025,neurokernel/neurokernel,github,https://github.com/neurokernel/neurokernel,https://w3id.org/notebookfair#GitRepositoryResource,2,1,0
3026,neurokernel/neurodriver,github,https://github.com/neurokernel/neurodriver,https://w3id.org/notebookfair#GitRepositoryResource,3,1,0
3027,fruitflybrain/ffbo.neurokernel_component,github,https://github.com/fruitflybrain/ffbo.neurokernel_component,https://w3id.org/notebookfair#GitRepositoryResource,0,1,0
3028,fruitflybrain/ffbo.nlp_component,github,https://github.com/fruitflybrain/ffbo.nlp_component,https://w3id.org/notebookfair#GitRepositoryResource,0,1,0
3029,timjedwar/Vangl2-cell-morpho,github,https://github.com/timjedwar/Vangl2-cell-morpho,https://w3id.org/notebookfair#GitRepositoryResource,1,0,0
3030,DaleMoulding/Fiji-Macros,github,https://github.com/DaleMoulding/Fiji-Macros,https://w3id.org/notebookfair#GitRepositoryResource,0,0,0
3031,HayLab/Split-ClvR,github,https://github.com/HayLab/Split-ClvR,https://w3id.org/notebookfair#GitRepositoryResource,1,0,0
3032,rstudio/rmarkdown,github,https://github.com/rstudio/rmarkdown,https://w3id.org/notebookfair#GitRepositoryResource,0,0,0
3033,LM-UGent/SPeDE,github,https://github.com/LM-UGent/SPeDE,https://w3id.org/notebookfair#GitRepositoryResource,2,0,0
3034,4DNucleome/PartSeg,github,https://github.com/4DNucleome/PartSeg,https://w3id.org/notebookfair#GitRepositoryResource,1,1,0
3035,zhouyunyan/PIGC,github,https://github.com/zhouyunyan/PIGC,https://w3id.org/notebookfair#GitRepositoryResource,0,0,0
3036,NBISweden/contigtax,github,https://github.com/NBISweden/contigtax,https://w3id.org/notebookfair#GitRepositoryResource,0,1,1
3037,andnischneider/its_workflow,github,https://github.com/andnischneider/its_workflow,https://w3id.org/notebookfair#GitRepositoryResource,0,0,0
3038,loalon/Rtoolbox,github,https://github.com/loalon/Rtoolbox,https://w3id.org/notebookfair#GitRepositoryResource,0,0,0
3039,bschiffthaler/gofer2,github,https://github.com/bschiffthaler/gofer2,https://w3id.org/notebookfair#GitRepositoryResource,0,0,0
3040,UPSCb/UPSCb-common,github,https://github.com/UPSCb/UPSCb-common,https://w3id.org/notebookfair#GitRepositoryResource,0,0,0
3041,knightlab-analyses/Saliva_quantification_study,github,https://github.com/knightlab-analyses/Saliva_quantification_study,https://w3id.org/notebookfair#GitRepositoryResource,12,0,0
3042,stelmo/iNlan20,github,https://github.com/stelmo/iNlan20,https://w3id.org/notebookfair#GitRepositoryResource,4,0,0
3043,TransDecoder/TransDecoder,github,https://github.com/TransDecoder/TransDecoder,https://w3id.org/notebookfair#GitRepositoryResource,0,0,0
3044,mtinti/nucleotide_sugar,github,https://github.com/mtinti/nucleotide_sugar,https://w3id.org/notebookfair#GitRepositoryResource,1,0,1
3045,iomega/spec2vec_gnps_data_analysis,github,https://github.com/iomega/spec2vec_gnps_data_analysis,https://w3id.org/notebookfair#GitRepositoryResource,24,1,0
3046,matchms/matchms,github,https://github.com/matchms/matchms,https://w3id.org/notebookfair#GitRepositoryResource,0,1,0
3047,iomega/spec2vec,github,https://github.com/iomega/spec2vec,https://w3id.org/notebookfair#GitRepositoryResource,0,1,0
3048,neurojacob/blum_et_al_2020,github,https://github.com/neurojacob/blum_et_al_2020,https://w3id.org/notebookfair#GitRepositoryResource,1,0,0
3049,wagenadl/sbemalign,github,https://github.com/wagenadl/sbemalign,https://w3id.org/notebookfair#GitRepositoryResource,0,0,0
3050,wagenadl/sbemviewer,github,https://github.com/wagenadl/sbemviewer,https://w3id.org/notebookfair#GitRepositoryResource,0,0,0
3051,wagenadl/gvox,github,https://github.com/wagenadl/gvox,https://w3id.org/notebookfair#GitRepositoryResource,0,0,0
3052,wagenadl/leechem,github,https://github.com/wagenadl/leechem,https://w3id.org/notebookfair#GitRepositoryResource,4,0,0
3053,wagenadl/leechem-public,github,https://github.com/wagenadl/leechem-public,https://w3id.org/notebookfair#GitRepositoryResource,4,0,0
3054,NCAR/PostProcessForecasts,github,https://github.com/NCAR/PostProcessForecasts,https://w3id.org/notebookfair#GitRepositoryResource,5,0,0
3055,chfc-cmi/misas,github,https://github.com/chfc-cmi/misas,https://w3id.org/notebookfair#GitRepositoryResource,11,1,0
3056,minimaxir/optillusion-animation,github,https://github.com/minimaxir/optillusion-animation,https://w3id.org/notebookfair#GitRepositoryResource,0,0,0
3057,KarolChlasta/ADReSS-Challenge2020,github,https://github.com/KarolChlasta/ADReSS-Challenge2020,https://w3id.org/notebookfair#GitRepositoryResource,12,0,0
3058,airanmehr/ESAP,github,https://github.com/airanmehr/ESAP,https://w3id.org/notebookfair#GitRepositoryResource,1,0,0
3059,Identity-lab/Tutorial-on-salient-social-Identity-detection-model,github,https://github.com/Identity-lab/Tutorial-on-salient-social-Identity-detection-model,https://w3id.org/notebookfair#GitRepositoryResource,3,0,0
3060,malikaratnayake/HyDaT_Tracker,github,https://github.com/malikaratnayake/HyDaT_Tracker,https://w3id.org/notebookfair#GitRepositoryResource,3,0,1
3061,deep-diver/Soccer-Ball-Detection-YOLOv2,github,https://github.com/deep-diver/Soccer-Ball-Detection-YOLOv2,https://w3id.org/notebookfair#GitRepositoryResource,1,0,0
3062,thtrieu/darkflow,github,https://github.com/thtrieu/darkflow,https://w3id.org/notebookfair#GitRepositoryResource,0,1,0
3063,iuni-cadre/Fellow3-MCAP,github,https://github.com/iuni-cadre/Fellow3-MCAP,https://w3id.org/notebookfair#GitRepositoryResource,3,0,1
3064,Aurora-Network-Global/sdg-queries,github,https://github.com/Aurora-Network-Global/sdg-queries,https://w3id.org/notebookfair#GitRepositoryResource,0,0,0
3065,PayneLab/cptac,github,https://github.com/PayneLab/cptac,https://w3id.org/notebookfair#GitRepositoryResource,17,1,0
3066,lanery/iCAT-workflow,github,https://github.com/lanery/iCAT-workflow,https://w3id.org/notebookfair#GitRepositoryResource,8,1,0
3067,AgileBioFoundry/multiomicspaper,github,https://github.com/AgileBioFoundry/multiomicspaper,https://w3id.org/notebookfair#GitRepositoryResource,5,0,0
3068,JBEI/OMG,github,https://github.com/JBEI/OMG,https://w3id.org/notebookfair#GitRepositoryResource,1,0,0
3069,JBEI/ice,github,https://github.com/JBEI/ice,https://w3id.org/notebookfair#GitRepositoryResource,0,0,0
3070,JBEI/EDD,github,https://github.com/JBEI/EDD,https://w3id.org/notebookfair#GitRepositoryResource,0,0,1
3071,JBEI/edd-utils,github,https://github.com/JBEI/edd-utils,https://w3id.org/notebookfair#GitRepositoryResource,2,1,0
3072,JBEI/ART,github,https://github.com/JBEI/ART,https://w3id.org/notebookfair#GitRepositoryResource,6,0,0
3073,leylabmpi/Methanomassilii,github,https://github.com/leylabmpi/Methanomassilii,https://w3id.org/notebookfair#GitRepositoryResource,15,0,0
3074,NaegleLab/KinPred,github,https://github.com/NaegleLab/KinPred,https://w3id.org/notebookfair#GitRepositoryResource,14,0,0
3075,zhanxw/MB-GAN,github,https://github.com/zhanxw/MB-GAN,https://w3id.org/notebookfair#GitRepositoryResource,2,0,0
3076,zechnerlab/Compartor,github,https://github.com/zechnerlab/Compartor,https://w3id.org/notebookfair#GitRepositoryResource,7,1,1
3077,silmae/desmiler,github,https://github.com/silmae/desmiler,https://w3id.org/notebookfair#GitRepositoryResource,0,0,0
3078,coskunlab/Ion-Beam-Tomography,github,https://github.com/coskunlab/Ion-Beam-Tomography,https://w3id.org/notebookfair#GitRepositoryResource,34,0,0
3079,dpeerlab/pdac-tumorigenesis-scATAC,github,https://github.com/dpeerlab/pdac-tumorigenesis-scATAC,https://w3id.org/notebookfair#GitRepositoryResource,2,0,0
3080,pietromicheli/CA3-CA1_SynapticModel,github,https://github.com/pietromicheli/CA3-CA1_SynapticModel,https://w3id.org/notebookfair#GitRepositoryResource,1,0,0
3081,tbwxmu/2019-nCov,github,https://github.com/tbwxmu/2019-nCov,https://w3id.org/notebookfair#GitRepositoryResource,0,0,0
3082,marcossantanaioc/De_novo_design_SARSCOV2,github,https://github.com/marcossantanaioc/De_novo_design_SARSCOV2,https://w3id.org/notebookfair#GitRepositoryResource,2,0,0
3083,ubercomrade/MultiDeNA,github,https://github.com/ubercomrade/MultiDeNA,https://w3id.org/notebookfair#GitRepositoryResource,0,1,0
3084,SIMEXP/dynamic-states-parcellations,github,https://github.com/SIMEXP/dynamic-states-parcellations,https://w3id.org/notebookfair#GitRepositoryResource,1,1,1
3085,farhat-lab/in-host-Mtbc-dynamics,github,https://github.com/farhat-lab/in-host-Mtbc-dynamics,https://w3id.org/notebookfair#GitRepositoryResource,38,0,0
3086,SSI-Metabolomics/Autism_SupplementaryMaterial,github,https://github.com/SSI-Metabolomics/Autism_SupplementaryMaterial,https://w3id.org/notebookfair#GitRepositoryResource,3,0,0
3087,TomKellyGenetics/leiden,github,https://github.com/TomKellyGenetics/leiden,https://w3id.org/notebookfair#GitRepositoryResource,0,0,0
3088,ocbe-uio/DIscBIO,github,https://github.com/ocbe-uio/DIscBIO,https://w3id.org/notebookfair#GitRepositoryResource,10,0,0
3089,KaliLab/HippoUnit_demo,github,https://github.com/KaliLab/HippoUnit_demo,https://w3id.org/notebookfair#GitRepositoryResource,12,0,0
3090,sasaray/HippoUnit_demo,github,https://github.com/sasaray/HippoUnit_demo,https://w3id.org/notebookfair#GitRepositoryResource,12,0,0
3091,Csenevirathna/InfluenceCascades,github,https://github.com/Csenevirathna/InfluenceCascades,https://w3id.org/notebookfair#GitRepositoryResource,1,0,0
3092,SBRG/MASSpy,github,https://github.com/SBRG/MASSpy,https://w3id.org/notebookfair#GitRepositoryResource,37,1,0
3093,SBRG/MASSpy-publication,github,https://github.com/SBRG/MASSpy-publication,https://w3id.org/notebookfair#GitRepositoryResource,22,0,0
3094,opencobra/MASSef,github,https://github.com/opencobra/MASSef,https://w3id.org/notebookfair#GitRepositoryResource,0,0,1
3095,sysbio-curie/MaBoSS_test,github,https://github.com/sysbio-curie/MaBoSS_test,https://w3id.org/notebookfair#GitRepositoryResource,3,1,1
3096,sysbio-curie/PROFILE_BRAF_Model,github,https://github.com/sysbio-curie/PROFILE_BRAF_Model,https://w3id.org/notebookfair#GitRepositoryResource,0,0,0
3097,editasmedicine/uditas,github,https://github.com/editasmedicine/uditas,https://w3id.org/notebookfair#GitRepositoryResource,0,1,0
3098,coskunlab/Spatially-resolved-3D-metabolomic-profiling,github,https://github.com/coskunlab/Spatially-resolved-3D-metabolomic-profiling,https://w3id.org/notebookfair#GitRepositoryResource,12,0,0
3099,ictr/covid19-outbreak-simulator,github,https://github.com/ictr/covid19-outbreak-simulator,https://w3id.org/notebookfair#GitRepositoryResource,5,1,0
3100,DessimozLab/f1000_PhylogeneticTree,github,https://github.com/DessimozLab/f1000_PhylogeneticTree,https://w3id.org/notebookfair#GitRepositoryResource,0,0,1
3101,KULL-Centre/DEERpredict,github,https://github.com/KULL-Centre/DEERpredict,https://w3id.org/notebookfair#GitRepositoryResource,4,1,1
3102,MDAnalysis/RotamerConvolveMD,github,https://github.com/MDAnalysis/RotamerConvolveMD,https://w3id.org/notebookfair#GitRepositoryResource,0,1,0
3103,miura/reproducible_bioimage_analysis,github,https://github.com/miura/reproducible_bioimage_analysis,https://w3id.org/notebookfair#GitRepositoryResource,0,0,0
3104,BigDataAnalyticsGroup/bigdataengineering,github,https://github.com/BigDataAnalyticsGroup/bigdataengineering,https://w3id.org/notebookfair#GitRepositoryResource,24,0,0
3105,fhircat/CORD-19-on-FHIR,github,https://github.com/fhircat/CORD-19-on-FHIR,https://w3id.org/notebookfair#GitRepositoryResource,0,0,0
3106,SuLab/Gene_Wiki_SARS-CoV,github,https://github.com/SuLab/Gene_Wiki_SARS-CoV,https://w3id.org/notebookfair#GitRepositoryResource,1,1,1
3107,SuLab/scheduled-bots,github,https://github.com/SuLab/scheduled-bots,https://w3id.org/notebookfair#GitRepositoryResource,20,1,2
3108,SuLab/WikidataIntegrator,github,https://github.com/SuLab/WikidataIntegrator,https://w3id.org/notebookfair#GitRepositoryResource,9,1,1
3109,bridgedb/Wikidata2Bridgedb,github,https://github.com/bridgedb/Wikidata2Bridgedb,https://w3id.org/notebookfair#GitRepositoryResource,0,0,0
3110,wikipathways/SARS-CoV-2-WikiPathways,github,https://github.com/wikipathways/SARS-CoV-2-WikiPathways,https://w3id.org/notebookfair#GitRepositoryResource,0,0,0
3111,ietheredge/VisionEngine,github,https://github.com/ietheredge/VisionEngine,https://w3id.org/notebookfair#GitRepositoryResource,3,1,0
3112,regicid/Deprivation-antisociality,github,https://github.com/regicid/Deprivation-antisociality,https://w3id.org/notebookfair#GitRepositoryResource,2,0,0
3113,nextstrain/measles,github,https://github.com/nextstrain/measles,https://w3id.org/notebookfair#GitRepositoryResource,0,0,0
3114,wesleymsmith/MembraneFootprintInteractionModel,github,https://github.com/wesleymsmith/MembraneFootprintInteractionModel,https://w3id.org/notebookfair#GitRepositoryResource,1,0,0
3115,reneejiang/cg_pip2_topology_files,github,https://github.com/reneejiang/cg_pip2_topology_files,https://w3id.org/notebookfair#GitRepositoryResource,0,0,0
3116,wesleymsmith/Piezo_Membrane_Gauss_2D_Model,github,https://github.com/wesleymsmith/Piezo_Membrane_Gauss_2D_Model,https://w3id.org/notebookfair#GitRepositoryResource,2,0,0
3117,AngelikaZa/SCFC,github,https://github.com/AngelikaZa/SCFC,https://w3id.org/notebookfair#GitRepositoryResource,3,0,0
3118,schloi/MARVEL,github,https://github.com/schloi/MARVEL,https://w3id.org/notebookfair#GitRepositoryResource,0,0,0
3119,Dfam-consortium/TETools,github,https://github.com/Dfam-consortium/TETools,https://w3id.org/notebookfair#GitRepositoryResource,0,0,0
3120,daler/gffutils,github,https://github.com/daler/gffutils,https://w3id.org/notebookfair#GitRepositoryResource,0,1,1
3121,PuttickMacroevolution/MCMCtreeR,github,https://github.com/PuttickMacroevolution/MCMCtreeR,https://w3id.org/notebookfair#GitRepositoryResource,0,0,0
3122,labtanaka/meyer_lungfish,github,https://github.com/labtanaka/meyer_lungfish,https://w3id.org/notebookfair#GitRepositoryResource,5,0,0
3123,rivas-lab/biomarkers,github,https://github.com/rivas-lab/biomarkers,https://w3id.org/notebookfair#GitRepositoryResource,42,0,0
3124,frankkramer-lab/MIScnn,github,https://github.com/frankkramer-lab/MIScnn,https://w3id.org/notebookfair#GitRepositoryResource,7,1,1
3125,neheller/kits19,github,https://github.com/neheller/kits19,https://w3id.org/notebookfair#GitRepositoryResource,0,0,1
3126,MathCancer/liver-mechanobiology,github,https://github.com/MathCancer/liver-mechanobiology,https://w3id.org/notebookfair#GitRepositoryResource,0,0,0
3127,pyBRAvo/pyBRAvo,github,https://github.com/pyBRAvo/pyBRAvo,https://w3id.org/notebookfair#GitRepositoryResource,7,0,0
3128,nf-core/rnaseq,github,https://github.com/nf-core/rnaseq,https://w3id.org/notebookfair#GitRepositoryResource,0,0,0
3129,metagenome-atlas/atlas,github,https://github.com/metagenome-atlas/atlas,https://w3id.org/notebookfair#GitRepositoryResource,0,1,0
3130,sunbeam-labs/sunbeam,github,https://github.com/sunbeam-labs/sunbeam,https://w3id.org/notebookfair#GitRepositoryResource,0,1,1
3131,dib-lab/dammit,github,https://github.com/dib-lab/dammit,https://w3id.org/notebookfair#GitRepositoryResource,2,1,2
3132,dib-lab/elvers,github,https://github.com/dib-lab/elvers,https://w3id.org/notebookfair#GitRepositoryResource,0,1,1
3133,snakemake-workflows/chipseq,github,https://github.com/snakemake-workflows/chipseq,https://w3id.org/notebookfair#GitRepositoryResource,0,0,0
3134,nf-core/sarek,github,https://github.com/nf-core/sarek,https://w3id.org/notebookfair#GitRepositoryResource,0,0,0
3135,EBI-Metagenomics/pipeline-v5,github,https://github.com/EBI-Metagenomics/pipeline-v5,https://w3id.org/notebookfair#GitRepositoryResource,0,0,1
3136,gatk-workflows/gatk4-data-processing,github,https://github.com/gatk-workflows/gatk4-data-processing,https://w3id.org/notebookfair#GitRepositoryResource,0,0,0
3137,mamba-org/mamba,github,https://github.com/mamba-org/mamba,https://w3id.org/notebookfair#GitRepositoryResource,0,2,0
3138,dib-lab/dib-MMETSP,github,https://github.com/dib-lab/dib-MMETSP,https://w3id.org/notebookfair#GitRepositoryResource,0,0,0
3139,ngs-docs/2020-ggg-201b-rnaseq,github,https://github.com/ngs-docs/2020-ggg-201b-rnaseq,https://w3id.org/notebookfair#GitRepositoryResource,0,0,0
3140,will-rowe/genome-sketching,github,https://github.com/will-rowe/genome-sketching,https://w3id.org/notebookfair#GitRepositoryResource,10,0,0
3141,dib-lab/2020-workflows-paper,github,https://github.com/dib-lab/2020-workflows-paper,https://w3id.org/notebookfair#GitRepositoryResource,1,0,0
3142,VictorCalderon/Isabela_Resistance,github,https://github.com/VictorCalderon/Isabela_Resistance,https://w3id.org/notebookfair#GitRepositoryResource,4,0,0
3143,berebolledo/mtDNA22q,github,https://github.com/berebolledo/mtDNA22q,https://w3id.org/notebookfair#GitRepositoryResource,1,0,0
3144,nselem/ActDES,github,https://github.com/nselem/ActDES,https://w3id.org/notebookfair#GitRepositoryResource,1,0,0
3145,nselem/myrast,github,https://github.com/nselem/myrast,https://w3id.org/notebookfair#GitRepositoryResource,0,0,0
3146,jbloomlab/SangerMutantLibraryAnalysis,github,https://github.com/jbloomlab/SangerMutantLibraryAnalysis,https://w3id.org/notebookfair#GitRepositoryResource,0,0,0
3147,KennedyLabUW/Duplex-Sequencing,github,https://github.com/KennedyLabUW/Duplex-Sequencing,https://w3id.org/notebookfair#GitRepositoryResource,0,0,0
3148,RGellerLab/CVB3_Capsid_DMS,github,https://github.com/RGellerLab/CVB3_Capsid_DMS,https://w3id.org/notebookfair#GitRepositoryResource,1,0,0
3149,papaemmelab/Gao_NC_CH,github,https://github.com/papaemmelab/Gao_NC_CH,https://w3id.org/notebookfair#GitRepositoryResource,2,0,0
3150,quadram-institute-bioscience/2020.Salmonella_biofilm,github,https://github.com/quadram-institute-bioscience/2020.Salmonella_biofilm,https://w3id.org/notebookfair#GitRepositoryResource,2,0,0
3151,lich-uct/fip,github,https://github.com/lich-uct/fip,https://w3id.org/notebookfair#GitRepositoryResource,1,1,0
3152,lich-uct/syba,github,https://github.com/lich-uct/syba,https://w3id.org/notebookfair#GitRepositoryResource,3,1,0
3153,cellsmb/em-stellar,github,https://github.com/cellsmb/em-stellar,https://w3id.org/notebookfair#GitRepositoryResource,1,0,0
3154,AgileBioFoundry/Rt_IFO0880,github,https://github.com/AgileBioFoundry/Rt_IFO0880,https://w3id.org/notebookfair#GitRepositoryResource,17,0,0
3155,biologger/htqpcr_validation_data,github,https://github.com/biologger/htqpcr_validation_data,https://w3id.org/notebookfair#GitRepositoryResource,2,0,0
3156,KrishnaswamyLab/magic,github,https://github.com/KrishnaswamyLab/magic,https://w3id.org/notebookfair#GitRepositoryResource,2,1,2
3157,shians/cellbench,github,https://github.com/shians/cellbench,https://w3id.org/notebookfair#GitRepositoryResource,0,0,0
3158,LuyiTian/sc_mixology,github,https://github.com/LuyiTian/sc_mixology,https://w3id.org/notebookfair#GitRepositoryResource,0,0,0
3159,EisenRa/2020_SHNW_Faecal_16S,github,https://github.com/EisenRa/2020_SHNW_Faecal_16S,https://w3id.org/notebookfair#GitRepositoryResource,1,0,0
3160,biota/sourcetracker2,github,https://github.com/biota/sourcetracker2,https://w3id.org/notebookfair#GitRepositoryResource,3,1,0
3161,tiagolbiotech/cyanobiome,github,https://github.com/tiagolbiotech/cyanobiome,https://w3id.org/notebookfair#GitRepositoryResource,7,0,0
3162,althonos/pyrodigal,github,https://github.com/althonos/pyrodigal,https://w3id.org/notebookfair#GitRepositoryResource,0,1,4
3163,ku-cbd/PhageBoost,github,https://github.com/ku-cbd/PhageBoost,https://w3id.org/notebookfair#GitRepositoryResource,2,1,1
3164,anuprulez/galaxy_tool_recommendation,github,https://github.com/anuprulez/galaxy_tool_recommendation,https://w3id.org/notebookfair#GitRepositoryResource,4,0,1
3165,vcflib/vcflib,github,https://github.com/vcflib/vcflib,https://w3id.org/notebookfair#GitRepositoryResource,0,0,0
3166,galaxyproject/galaxy-test-data,github,https://github.com/galaxyproject/galaxy-test-data,https://w3id.org/notebookfair#GitRepositoryResource,0,0,0
3167,usegalaxy-eu/galaxy,github,https://github.com/usegalaxy-eu/galaxy,https://w3id.org/notebookfair#GitRepositoryResource,4,1,1
3168,ysudha/NetDI,github,https://github.com/ysudha/NetDI,https://w3id.org/notebookfair#GitRepositoryResource,4,0,0
3169,ComputationalSystemsBiology/momix-notebook,github,https://github.com/ComputationalSystemsBiology/momix-notebook,https://w3id.org/notebookfair#GitRepositoryResource,3,0,0
3170,bioFAM/MOFA,github,https://github.com/bioFAM/MOFA,https://w3id.org/notebookfair#GitRepositoryResource,0,1,0
3171,rdevito/MSFA,github,https://github.com/rdevito/MSFA,https://w3id.org/notebookfair#GitRepositoryResource,0,0,0
3172,marinkaz/scikit-fusion,github,https://github.com/marinkaz/scikit-fusion,https://w3id.org/notebookfair#GitRepositoryResource,0,1,1
3173,nipy/heudiconv,github,https://github.com/nipy/heudiconv,https://w3id.org/notebookfair#GitRepositoryResource,0,1,2
3174,poldracklab/niworkflows,github,https://github.com/poldracklab/niworkflows,https://w3id.org/notebookfair#GitRepositoryResource,0,0,1
3175,ncullen93/neurocombat,github,https://github.com/ncullen93/neurocombat,https://w3id.org/notebookfair#GitRepositoryResource,0,1,0
3176,satra/mapalign,github,https://github.com/satra/mapalign,https://w3id.org/notebookfair#GitRepositoryResource,2,1,1
3177,netneurolab/markello_ppmisnf,github,https://github.com/netneurolab/markello_ppmisnf,https://w3id.org/notebookfair#GitRepositoryResource,0,0,1
3178,Samsung/veles,github,https://github.com/Samsung/veles,https://w3id.org/notebookfair#GitRepositoryResource,2,1,1
3179,eloiza-dias/Dataset_BMC,github,https://github.com/eloiza-dias/Dataset_BMC,https://w3id.org/notebookfair#GitRepositoryResource,10,0,0
3180,blaineylab/DENTseq,github,https://github.com/blaineylab/DENTseq,https://w3id.org/notebookfair#GitRepositoryResource,1,0,0
3181,bioinfohk/evangelist,github,https://github.com/bioinfohk/evangelist,https://w3id.org/notebookfair#GitRepositoryResource,3,0,1
3182,bioinfohk/evangelist_plots,github,https://github.com/bioinfohk/evangelist_plots,https://w3id.org/notebookfair#GitRepositoryResource,0,0,0
3183,KirstenHilger/AttentionGo1,github,https://github.com/KirstenHilger/AttentionGo1,https://w3id.org/notebookfair#GitRepositoryResource,1,0,0
3184,TheSSJ2612/Real-Time-Medical-Mask-Detection,github,https://github.com/TheSSJ2612/Real-Time-Medical-Mask-Detection,https://w3id.org/notebookfair#GitRepositoryResource,0,0,0
3185,SchubertLab/JessEV,github,https://github.com/SchubertLab/JessEV,https://w3id.org/notebookfair#GitRepositoryResource,0,0,0
3186,kjappelbaum/colorjeopardy,github,https://github.com/kjappelbaum/colorjeopardy,https://w3id.org/notebookfair#GitRepositoryResource,0,0,1
3187,kjappelbaum/colorcalibrator,github,https://github.com/kjappelbaum/colorcalibrator,https://w3id.org/notebookfair#GitRepositoryResource,0,0,1
3188,kjappelbaum/colorml,github,https://github.com/kjappelbaum/colorml,https://w3id.org/notebookfair#GitRepositoryResource,34,1,84
3189,kjappelbaum/mofcolorizer,github,https://github.com/kjappelbaum/mofcolorizer,https://w3id.org/notebookfair#GitRepositoryResource,0,1,1
3190,gtaylor/python-colormath,github,https://github.com/gtaylor/python-colormath,https://w3id.org/notebookfair#GitRepositoryResource,0,1,1
3191,colour-science/colour-checker-detection,github,https://github.com/colour-science/colour-checker-detection,https://w3id.org/notebookfair#GitRepositoryResource,1,1,1
3192,colour-science/colour,github,https://github.com/colour-science/colour,https://w3id.org/notebookfair#GitRepositoryResource,0,1,1
3193,materialsproject/crystaltoolkit,github,https://github.com/materialsproject/crystaltoolkit,https://w3id.org/notebookfair#GitRepositoryResource,0,1,1
3194,dokku/dokku,github,https://github.com/dokku/dokku,https://w3id.org/notebookfair#GitRepositoryResource,0,0,4
3195,eternnoir/pyTelegramBotAPI,github,https://github.com/eternnoir/pyTelegramBotAPI,https://w3id.org/notebookfair#GitRepositoryResource,0,1,1
3196,cheminfo/xrd-analysis,github,https://github.com/cheminfo/xrd-analysis,https://w3id.org/notebookfair#GitRepositoryResource,0,0,0
3197,cheminfo/rest-on-couch,github,https://github.com/cheminfo/rest-on-couch,https://w3id.org/notebookfair#GitRepositoryResource,0,0,0
3198,npellet/visualizer,github,https://github.com/npellet/visualizer,https://w3id.org/notebookfair#GitRepositoryResource,0,0,0
3199,lcwheeler/enzo,github,https://github.com/lcwheeler/enzo,https://w3id.org/notebookfair#GitRepositoryResource,1,1,0
3200,nattafahhm/supporting-materials-sensors20,github,https://github.com/nattafahhm/supporting-materials-sensors20,https://w3id.org/notebookfair#GitRepositoryResource,0,0,0
3201,CHIResearch/IEEEVideo,github,https://github.com/CHIResearch/IEEEVideo,https://w3id.org/notebookfair#GitRepositoryResource,3,0,0
3202,lead-ratings/gender-guesser,github,https://github.com/lead-ratings/gender-guesser,https://w3id.org/notebookfair#GitRepositoryResource,0,1,0
3203,aabc/ipt-netflow,github,https://github.com/aabc/ipt-netflow,https://w3id.org/notebookfair#GitRepositoryResource,0,0,0
3204,momentoscope/hextof-processor,github,https://github.com/momentoscope/hextof-processor,https://w3id.org/notebookfair#GitRepositoryResource,8,2,1
3205,mpes-kit/mpes,github,https://github.com/mpes-kit/mpes,https://w3id.org/notebookfair#GitRepositoryResource,6,1,1
3206,nateraluis/bicycle-network-growth,github,https://github.com/nateraluis/bicycle-network-growth,https://w3id.org/notebookfair#GitRepositoryResource,3,0,0
3207,aguilar-gomez/SingleCellLineageAnalysis,github,https://github.com/aguilar-gomez/SingleCellLineageAnalysis,https://w3id.org/notebookfair#GitRepositoryResource,3,0,0
3208,gcharvin/phyloCell,github,https://github.com/gcharvin/phyloCell,https://w3id.org/notebookfair#GitRepositoryResource,0,0,0
3209,cire-org/Identification-and-Computational-Analysis-of-Mutations-in-SARS-CoV-2-,github,https://github.com/cire-org/Identification-and-Computational-Analysis-of-Mutations-in-SARS-CoV-2-,https://w3id.org/notebookfair#GitRepositoryResource,0,0,0
3210,joewandy/hlda,github,https://github.com/joewandy/hlda,https://w3id.org/notebookfair#GitRepositoryResource,2,1,0
3211,ODonnell-Lipidomics/LipidFinder,github,https://github.com/ODonnell-Lipidomics/LipidFinder,https://w3id.org/notebookfair#GitRepositoryResource,2,1,1
3212,mbeisen/Berrocal_2020,github,https://github.com/mbeisen/Berrocal_2020,https://w3id.org/notebookfair#GitRepositoryResource,1,0,0
3213,mikelove/awesome-multi-omics,github,https://github.com/mikelove/awesome-multi-omics,https://w3id.org/notebookfair#GitRepositoryResource,0,0,0
3214,krassowski/multi-omics-state-of-the-field,github,https://github.com/krassowski/multi-omics-state-of-the-field,https://w3id.org/notebookfair#GitRepositoryResource,11,0,1
3215,ConesaLab/MultiPower,github,https://github.com/ConesaLab/MultiPower,https://w3id.org/notebookfair#GitRepositoryResource,0,0,0
3216,kmezhoud/bioCancer,github,https://github.com/kmezhoud/bioCancer,https://w3id.org/notebookfair#GitRepositoryResource,0,0,0
3217,pachterlab/bcl2fastq,github,https://github.com/pachterlab/bcl2fastq,https://w3id.org/notebookfair#GitRepositoryResource,0,0,0
3218,pachterlab/bcltools,github,https://github.com/pachterlab/bcltools,https://w3id.org/notebookfair#GitRepositoryResource,0,1,1
3219,GT-NucleicAcids/pnab,github,https://github.com/GT-NucleicAcids/pnab,https://w3id.org/notebookfair#GitRepositoryResource,1,0,0
3220,pybind/pybind11,github,https://github.com/pybind/pybind11,https://w3id.org/notebookfair#GitRepositoryResource,0,1,2
3221,ncfrey/pytopomat,github,https://github.com/ncfrey/pytopomat,https://w3id.org/notebookfair#GitRepositoryResource,1,1,2
3222,CitrineInformatics/MPEA_dataset,github,https://github.com/CitrineInformatics/MPEA_dataset,https://w3id.org/notebookfair#GitRepositoryResource,10,0,1
3223,ankitrohatgi/WebPlotDigitizer,github,https://github.com/ankitrohatgi/WebPlotDigitizer,https://w3id.org/notebookfair#GitRepositoryResource,5,0,0
3224,CitrineInformatics/python-citrination-client,github,https://github.com/CitrineInformatics/python-citrination-client,https://w3id.org/notebookfair#GitRepositoryResource,0,1,1
3225,jorgemf/DeepLatentMicrobiome,github,https://github.com/jorgemf/DeepLatentMicrobiome,https://w3id.org/notebookfair#GitRepositoryResource,26,0,1
3226,barrinalo/Ventiliser,github,https://github.com/barrinalo/Ventiliser,https://w3id.org/notebookfair#GitRepositoryResource,0,1,0
3227,remis/mining-discovery-with-deep-learning,github,https://github.com/remis/mining-discovery-with-deep-learning,https://w3id.org/notebookfair#GitRepositoryResource,2,0,0
3228,KnurpsBram/PyTorch-PatternNet,github,https://github.com/KnurpsBram/PyTorch-PatternNet,https://w3id.org/notebookfair#GitRepositoryResource,0,0,0
3229,elija-feigl/FitViewer,github,https://github.com/elija-feigl/FitViewer,https://w3id.org/notebookfair#GitRepositoryResource,1,0,0
3230,gitesei/SI-intimin,github,https://github.com/gitesei/SI-intimin,https://w3id.org/notebookfair#GitRepositoryResource,2,0,0
3231,DanChitwood/grapevine_shoots,github,https://github.com/DanChitwood/grapevine_shoots,https://w3id.org/notebookfair#GitRepositoryResource,24,0,0
3232,DanChitwood/PlantsAndPython,github,https://github.com/DanChitwood/PlantsAndPython,https://w3id.org/notebookfair#GitRepositoryResource,15,0,0
3233,solldavid/6DOF_processing_tutorial,github,https://github.com/solldavid/6DOF_processing_tutorial,https://w3id.org/notebookfair#GitRepositoryResource,1,0,1
3234,biocommons/biocommons.seqrepo,github,https://github.com/biocommons/biocommons.seqrepo,https://w3id.org/notebookfair#GitRepositoryResource,3,1,0
3235,sysbio-curie/ICI,github,https://github.com/sysbio-curie/ICI,https://w3id.org/notebookfair#GitRepositoryResource,2,0,0
3236,RamaniLab/SAMOSA,github,https://github.com/RamaniLab/SAMOSA,https://w3id.org/notebookfair#GitRepositoryResource,1,0,0
3237,drug2ways/drug2ways,github,https://github.com/drug2ways/drug2ways,https://w3id.org/notebookfair#GitRepositoryResource,0,1,0
3238,drug2ways/results,github,https://github.com/drug2ways/results,https://w3id.org/notebookfair#GitRepositoryResource,10,0,0
3239,stefanradev93/DBN,github,https://github.com/stefanradev93/DBN,https://w3id.org/notebookfair#GitRepositoryResource,14,0,0
3240,stefanradev93/BayesFlow,github,https://github.com/stefanradev93/BayesFlow,https://w3id.org/notebookfair#GitRepositoryResource,7,1,0
3241,papaemmelab/cookiecutter-toil,github,https://github.com/papaemmelab/cookiecutter-toil,https://w3id.org/notebookfair#GitRepositoryResource,0,2,2
3242,Rebilly/ReDoc,github,https://github.com/Rebilly/ReDoc,https://w3id.org/notebookfair#GitRepositoryResource,0,0,0
3243,audreyr/cookiecutter,github,https://github.com/audreyr/cookiecutter,https://w3id.org/notebookfair#GitRepositoryResource,0,1,5
3244,pydanny/cookiecutter-djangopackage,github,https://github.com/pydanny/cookiecutter-djangopackage,https://w3id.org/notebookfair#GitRepositoryResource,0,1,2
3245,alex/django-taggit,github,https://github.com/alex/django-taggit,https://w3id.org/notebookfair#GitRepositoryResource,0,1,0
3246,axnsan12/drf-yasg,github,https://github.com/axnsan12/drf-yasg,https://w3id.org/notebookfair#GitRepositoryResource,0,1,2
3247,philipn/django-rest-framework-filters,github,https://github.com/philipn/django-rest-framework-filters,https://w3id.org/notebookfair#GitRepositoryResource,0,1,0
3248,carltongibson/django-filter,github,https://github.com/carltongibson/django-filter,https://w3id.org/notebookfair#GitRepositoryResource,0,1,0
3249,wimglenn/djangorestframework-queryfields,github,https://github.com/wimglenn/djangorestframework-queryfields,https://w3id.org/notebookfair#GitRepositoryResource,0,1,0
3250,Tivix/django-rest-auth,github,https://github.com/Tivix/django-rest-auth,https://w3id.org/notebookfair#GitRepositoryResource,0,1,0
3251,etianen/django-reversion,github,https://github.com/etianen/django-reversion,https://w3id.org/notebookfair#GitRepositoryResource,0,1,0
3252,audreyr/cookiecutter-pypackage,github,https://github.com/audreyr/cookiecutter-pypackage,https://w3id.org/notebookfair#GitRepositoryResource,0,2,0
3253,pallets/click,github,https://github.com/pallets/click,https://w3id.org/notebookfair#GitRepositoryResource,0,10,0
3254,ambv/black,github,https://github.com/ambv/black,https://w3id.org/notebookfair#GitRepositoryResource,6,0,1
3255,papaemmelab/toil_container,github,https://github.com/papaemmelab/toil_container,https://w3id.org/notebookfair#GitRepositoryResource,0,1,1
3256,DataBiosphere/toil,github,https://github.com/DataBiosphere/toil,https://w3id.org/notebookfair#GitRepositoryResource,0,1,1
3257,vgteam/toil-vg,github,https://github.com/vgteam/toil-vg,https://w3id.org/notebookfair#GitRepositoryResource,0,1,0
3258,vistalab/scitran,github,https://github.com/vistalab/scitran,https://w3id.org/notebookfair#GitRepositoryResource,1,0,0
3259,MRtrix3/MRtrix3,github,https://github.com/MRtrix3/MRtrix3,https://w3id.org/notebookfair#GitRepositoryResource,0,0,1
3260,vistalab/RTP-bvec-flip-detect,github,https://github.com/vistalab/RTP-bvec-flip-detect,https://w3id.org/notebookfair#GitRepositoryResource,0,1,3
3261,vistalab/RTP-pipeline,github,https://github.com/vistalab/RTP-pipeline,https://w3id.org/notebookfair#GitRepositoryResource,0,0,0
3262,garikoitz/paper-scidata,github,https://github.com/garikoitz/paper-scidata,https://w3id.org/notebookfair#GitRepositoryResource,1,0,0
3263,garikoitz/paper-reproducibility,github,https://github.com/garikoitz/paper-reproducibility,https://w3id.org/notebookfair#GitRepositoryResource,0,0,0
3264,vistalab/RTP-preproc,github,https://github.com/vistalab/RTP-preproc,https://w3id.org/notebookfair#GitRepositoryResource,0,0,1
3265,mcallaghan/rapid-screening,github,https://github.com/mcallaghan/rapid-screening,https://w3id.org/notebookfair#GitRepositoryResource,7,0,0
3266,DeepPathology/MITOS_WSI_CMC,github,https://github.com/DeepPathology/MITOS_WSI_CMC,https://w3id.org/notebookfair#GitRepositoryResource,9,0,0
3267,junlabucsd/mm3,github,https://github.com/junlabucsd/mm3,https://w3id.org/notebookfair#GitRepositoryResource,3,0,0
3268,jmetz/mmhelper,github,https://github.com/jmetz/mmhelper,https://w3id.org/notebookfair#GitRepositoryResource,0,1,0
3269,fjug/MoMA,github,https://github.com/fjug/MoMA,https://w3id.org/notebookfair#GitRepositoryResource,0,0,0
3270,Uauy-Lab/pangenome-web,github,https://github.com/Uauy-Lab/pangenome-web,https://w3id.org/notebookfair#GitRepositoryResource,0,0,0
3271,Uauy-Lab/pangenome-haplotypes,github,https://github.com/Uauy-Lab/pangenome-haplotypes,https://w3id.org/notebookfair#GitRepositoryResource,1,0,0
3272,Uauy-Lab/bioruby-pangenome,github,https://github.com/Uauy-Lab/bioruby-pangenome,https://w3id.org/notebookfair#GitRepositoryResource,0,0,0
3273,sysbio-curie/ClinTrajan,github,https://github.com/sysbio-curie/ClinTrajan,https://w3id.org/notebookfair#GitRepositoryResource,6,0,0
3274,sysbio-curie/scikit-dimension,github,https://github.com/sysbio-curie/scikit-dimension,https://w3id.org/notebookfair#GitRepositoryResource,2,1,1
3275,sysbio-curie/ElPiGraph.P,github,https://github.com/sysbio-curie/ElPiGraph.P,https://w3id.org/notebookfair#GitRepositoryResource,1,1,1
3276,CamDavidsonPilon/lifelines,github,https://github.com/CamDavidsonPilon/lifelines,https://w3id.org/notebookfair#GitRepositoryResource,16,1,0
3277,chitnislabnih/dallenogare2019,github,https://github.com/chitnislabnih/dallenogare2019,https://w3id.org/notebookfair#GitRepositoryResource,11,0,0
3278,MRCIEU/epigraphdb,github,https://github.com/MRCIEU/epigraphdb,https://w3id.org/notebookfair#GitRepositoryResource,5,0,0
3279,visanuwan/prodmx,github,https://github.com/visanuwan/prodmx,https://w3id.org/notebookfair#GitRepositoryResource,2,1,0
3280,jgmeyerucsd/DI2A,github,https://github.com/jgmeyerucsd/DI2A,https://w3id.org/notebookfair#GitRepositoryResource,8,0,0
3281,rdgao/field-echos,github,https://github.com/rdgao/field-echos,https://w3id.org/notebookfair#GitRepositoryResource,25,0,2
3282,rudyvdbrink/Surface_projection,github,https://github.com/rudyvdbrink/Surface_projection,https://w3id.org/notebookfair#GitRepositoryResource,0,0,0
3283,rudyvdbrink/surface_projection,github,https://github.com/rudyvdbrink/surface_projection,https://w3id.org/notebookfair#GitRepositoryResource,0,0,0
3284,nipy/nibabel,github,https://github.com/nipy/nibabel,https://w3id.org/notebookfair#GitRepositoryResource,2,0,1
3285,reynoldsk/titratableCRISPRi,github,https://github.com/reynoldsk/titratableCRISPRi,https://w3id.org/notebookfair#GitRepositoryResource,11,0,0
3286,PRIME-RE/prime-re.github.io,github,https://github.com/PRIME-RE/prime-re.github.io,https://w3id.org/notebookfair#GitRepositoryResource,1,0,0
3287,PRIME-RE/RheMAP,github,https://github.com/PRIME-RE/RheMAP,https://w3id.org/notebookfair#GitRepositoryResource,3,0,0
3288,HumanBrainED/NHP-BrainExtraction,github,https://github.com/HumanBrainED/NHP-BrainExtraction,https://w3id.org/notebookfair#GitRepositoryResource,0,0,0
3289,Macatools/macapype,github,https://github.com/Macatools/macapype,https://w3id.org/notebookfair#GitRepositoryResource,0,1,0
3290,iitzco/deepbrain,github,https://github.com/iitzco/deepbrain,https://w3id.org/notebookfair#GitRepositoryResource,0,1,1
3291,neurospin/pypreclin,github,https://github.com/neurospin/pypreclin,https://w3id.org/notebookfair#GitRepositoryResource,0,1,0
3292,sahahn/BPt,github,https://github.com/sahahn/BPt,https://w3id.org/notebookfair#GitRepositoryResource,18,1,0
3293,sahahn/BPt_app,github,https://github.com/sahahn/BPt_app,https://w3id.org/notebookfair#GitRepositoryResource,0,0,0
3294,ELIFE-ASU/PyInform,github,https://github.com/ELIFE-ASU/PyInform,https://w3id.org/notebookfair#GitRepositoryResource,0,1,1
3295,chriscainx/mnnpy,github,https://github.com/chriscainx/mnnpy,https://w3id.org/notebookfair#GitRepositoryResource,0,1,1
3296,EBosi/scPanBetaT2D,github,https://github.com/EBosi/scPanBetaT2D,https://w3id.org/notebookfair#GitRepositoryResource,1,0,0
3297,BDMLab/Sepulveda_et_al_2020,github,https://github.com/BDMLab/Sepulveda_et_al_2020,https://w3id.org/notebookfair#GitRepositoryResource,26,0,0
3298,goptavares/aDDM-Toolbox,github,https://github.com/goptavares/aDDM-Toolbox,https://w3id.org/notebookfair#GitRepositoryResource,0,1,0
3299,connorcoley/ASKCOS,github,https://github.com/connorcoley/ASKCOS,https://w3id.org/notebookfair#GitRepositoryResource,1,0,2
3300,LabGenMO/phylo-profiling,github,https://github.com/LabGenMO/phylo-profiling,https://w3id.org/notebookfair#GitRepositoryResource,1,0,0
3301,ysbecca/py-wsi,github,https://github.com/ysbecca/py-wsi,https://w3id.org/notebookfair#GitRepositoryResource,2,1,0
3302,AMLab-Amsterdam/AttentionDeepMIL,github,https://github.com/AMLab-Amsterdam/AttentionDeepMIL,https://w3id.org/notebookfair#GitRepositoryResource,0,0,0
3303,uoguelph-mlrg/Cutout,github,https://github.com/uoguelph-mlrg/Cutout,https://w3id.org/notebookfair#GitRepositoryResource,0,0,0
3304,QI2lab/OPM,github,https://github.com/QI2lab/OPM,https://w3id.org/notebookfair#GitRepositoryResource,0,0,0
3305,amsikking/SOLS_optimum_tilt,github,https://github.com/amsikking/SOLS_optimum_tilt,https://w3id.org/notebookfair#GitRepositoryResource,0,0,0
3306,sysbio-curie/ICD,github,https://github.com/sysbio-curie/ICD,https://w3id.org/notebookfair#GitRepositoryResource,2,0,0
3307,nanoporetech/qcat,github,https://github.com/nanoporetech/qcat,https://w3id.org/notebookfair#GitRepositoryResource,0,1,0
3308,nanoporetech/pomoxis,github,https://github.com/nanoporetech/pomoxis,https://w3id.org/notebookfair#GitRepositoryResource,0,1,1
3309,nanoporetech/medaka,github,https://github.com/nanoporetech/medaka,https://w3id.org/notebookfair#GitRepositoryResource,0,1,1
3310,srivatsanrr/autonom_covid,github,https://github.com/srivatsanrr/autonom_covid,https://w3id.org/notebookfair#GitRepositoryResource,7,0,0
3311,RickGelhausen/HRIBO,github,https://github.com/RickGelhausen/HRIBO,https://w3id.org/notebookfair#GitRepositoryResource,0,0,0
3312,chervov/MSTvsET,github,https://github.com/chervov/MSTvsET,https://w3id.org/notebookfair#GitRepositoryResource,6,0,0
3313,maxgillett/hebbian_sequence_learning,github,https://github.com/maxgillett/hebbian_sequence_learning,https://w3id.org/notebookfair#GitRepositoryResource,40,2,0
3314,DinarteVasconcelos/Supervised-Segmentation,github,https://github.com/DinarteVasconcelos/Supervised-Segmentation,https://w3id.org/notebookfair#GitRepositoryResource,2,0,0
3315,hans-vg/pst130_genome,github,https://github.com/hans-vg/pst130_genome,https://w3id.org/notebookfair#GitRepositoryResource,2,0,0
3316,nextgenusfs/funannotate,github,https://github.com/nextgenusfs/funannotate,https://w3id.org/notebookfair#GitRepositoryResource,0,1,0
3317,ctboughter/AIMS,github,https://github.com/ctboughter/AIMS,https://w3id.org/notebookfair#GitRepositoryResource,1,0,0
3318,phbradley/tcr-dist,github,https://github.com/phbradley/tcr-dist,https://w3id.org/notebookfair#GitRepositoryResource,0,1,0
3319,nuest/ten-simple-rules-dockerfiles,github,https://github.com/nuest/ten-simple-rules-dockerfiles,https://w3id.org/notebookfair#GitRepositoryResource,0,0,1
3320,stencila/dockta,github,https://github.com/stencila/dockta,https://w3id.org/notebookfair#GitRepositoryResource,0,0,9
3321,cookiecutter/cookiecutter,github,https://github.com/cookiecutter/cookiecutter,https://w3id.org/notebookfair#GitRepositoryResource,0,1,5
3322,benmarwick/rrtools,github,https://github.com/benmarwick/rrtools,https://w3id.org/notebookfair#GitRepositoryResource,0,0,0
3323,wagoodman/dive,github,https://github.com/wagoodman/dive,https://w3id.org/notebookfair#GitRepositoryResource,0,0,0
3324,opencontainers/image-spec,github,https://github.com/opencontainers/image-spec,https://w3id.org/notebookfair#GitRepositoryResource,0,0,0
3325,SeleniumHQ/selenium,github,https://github.com/SeleniumHQ/selenium,https://w3id.org/notebookfair#GitRepositoryResource,0,1,1
3326,JAremko/docker-x11-bridge,github,https://github.com/JAremko/docker-x11-bridge,https://w3id.org/notebookfair#GitRepositoryResource,0,0,0
3327,yuvipanda/jupyter-desktop-server,github,https://github.com/yuvipanda/jupyter-desktop-server,https://w3id.org/notebookfair#GitRepositoryResource,0,1,0
3328,projectatomic/dockerfile_lint,github,https://github.com/projectatomic/dockerfile_lint,https://w3id.org/notebookfair#GitRepositoryResource,0,0,0
3329,ccsb-scripps/AutoDock-GPU,github,https://github.com/ccsb-scripps/AutoDock-GPU,https://w3id.org/notebookfair#GitRepositoryResource,0,0,0
3330,muntisa/Anticoronavirals-Classifier-using-DeepChem,github,https://github.com/muntisa/Anticoronavirals-Classifier-using-DeepChem,https://w3id.org/notebookfair#GitRepositoryResource,1,0,0
3331,StatTag/StatTag,github,https://github.com/StatTag/StatTag,https://w3id.org/notebookfair#GitRepositoryResource,0,0,0
3332,StatTag/StatTagMac,github,https://github.com/StatTag/StatTagMac,https://w3id.org/notebookfair#GitRepositoryResource,0,0,0
3333,laurakoesten/Dataset-Reuse-Indicators,github,https://github.com/laurakoesten/Dataset-Reuse-Indicators,https://w3id.org/notebookfair#GitRepositoryResource,0,0,0
3334,sex-group/wild-grapevine-genome,github,https://github.com/sex-group/wild-grapevine-genome,https://w3id.org/notebookfair#GitRepositoryResource,2,0,0
3335,Mitogenie/Mito-Hacker,github,https://github.com/Mitogenie/Mito-Hacker,https://w3id.org/notebookfair#GitRepositoryResource,4,0,0
3336,greenelab/simulate-expression-compendia,github,https://github.com/greenelab/simulate-expression-compendia,https://w3id.org/notebookfair#GitRepositoryResource,79,1,0
3337,greenelab/adage,github,https://github.com/greenelab/adage,https://w3id.org/notebookfair#GitRepositoryResource,0,0,0
3338,greenelab/ponyo,github,https://github.com/greenelab/ponyo,https://w3id.org/notebookfair#GitRepositoryResource,6,1,0
3339,barricklab-at-jhu/Ising_programs,github,https://github.com/barricklab-at-jhu/Ising_programs,https://w3id.org/notebookfair#GitRepositoryResource,5,0,1
3340,marykthompson/ribopop_probe_design,github,https://github.com/marykthompson/ribopop_probe_design,https://w3id.org/notebookfair#GitRepositoryResource,0,0,0
3341,marykthompson/ribopop_rnaseq,github,https://github.com/marykthompson/ribopop_rnaseq,https://w3id.org/notebookfair#GitRepositoryResource,10,0,0
3342,BMHLab/AHBAprocessing,github,https://github.com/BMHLab/AHBAprocessing,https://w3id.org/notebookfair#GitRepositoryResource,0,0,0
3343,NathanSkene/EWCE,github,https://github.com/NathanSkene/EWCE,https://w3id.org/notebookfair#GitRepositoryResource,0,0,0
3344,mmoskon/CosinorPy,github,https://github.com/mmoskon/CosinorPy,https://w3id.org/notebookfair#GitRepositoryResource,12,1,0
3345,nextstrain/ncov,github,https://github.com/nextstrain/ncov,https://w3id.org/notebookfair#GitRepositoryResource,0,0,1
3346,caporaso-lab/genome-sampler,github,https://github.com/caporaso-lab/genome-sampler,https://w3id.org/notebookfair#GitRepositoryResource,0,1,0
3347,dib-lab/charcoal,github,https://github.com/dib-lab/charcoal,https://w3id.org/notebookfair#GitRepositoryResource,8,1,0
3348,mgalardini/2018_ecoli_pathogenicity,github,https://github.com/mgalardini/2018_ecoli_pathogenicity,https://w3id.org/notebookfair#GitRepositoryResource,9,0,0
3349,geanders/county_hurricane_exposure,github,https://github.com/geanders/county_hurricane_exposure,https://w3id.org/notebookfair#GitRepositoryResource,0,0,0
3350,geanders/hurricaneexposuredata,github,https://github.com/geanders/hurricaneexposuredata,https://w3id.org/notebookfair#GitRepositoryResource,0,0,0
3351,andosa/treeinterpreter,github,https://github.com/andosa/treeinterpreter,https://w3id.org/notebookfair#GitRepositoryResource,0,1,0
3352,buds-lab/building-data-genome-project-2,github,https://github.com/buds-lab/building-data-genome-project-2,https://w3id.org/notebookfair#GitRepositoryResource,13,0,0
3353,twitter/AnomalyDetection,github,https://github.com/twitter/AnomalyDetection,https://w3id.org/notebookfair#GitRepositoryResource,0,0,0
3354,twitter/BreakoutDetection,github,https://github.com/twitter/BreakoutDetection,https://w3id.org/notebookfair#GitRepositoryResource,0,0,0
3355,ahsv/RankCorr,github,https://github.com/ahsv/RankCorr,https://w3id.org/notebookfair#GitRepositoryResource,1,0,0
3356,solevillar/scGeneFit-python,github,https://github.com/solevillar/scGeneFit-python,https://w3id.org/notebookfair#GitRepositoryResource,3,1,0
3357,ahsv/marker-selection-code,github,https://github.com/ahsv/marker-selection-code,https://w3id.org/notebookfair#GitRepositoryResource,21,0,0
3358,cytoscape/cy-community-detection,github,https://github.com/cytoscape/cy-community-detection,https://w3id.org/notebookfair#GitRepositoryResource,0,0,0
3359,cytoscape/communitydetection-rest-server,github,https://github.com/cytoscape/communitydetection-rest-server,https://w3id.org/notebookfair#GitRepositoryResource,0,0,0
3360,questoph/spellux,github,https://github.com/questoph/spellux,https://w3id.org/notebookfair#GitRepositoryResource,1,1,1
3361,Hoa-Lab/2020_Spindle-Root,github,https://github.com/Hoa-Lab/2020_Spindle-Root,https://w3id.org/notebookfair#GitRepositoryResource,0,0,0
3362,flamholz/carboxecoli,github,https://github.com/flamholz/carboxecoli,https://w3id.org/notebookfair#GitRepositoryResource,15,0,0
3363,MichaelPHStumpf/Madness-Of-Crowds,github,https://github.com/MichaelPHStumpf/Madness-Of-Crowds,https://w3id.org/notebookfair#GitRepositoryResource,1,0,0
3364,matteomancini/myelin-meta-analysis,github,https://github.com/matteomancini/myelin-meta-analysis,https://w3id.org/notebookfair#GitRepositoryResource,1,0,1
3365,FAIRMetrics/Metrics,github,https://github.com/FAIRMetrics/Metrics,https://w3id.org/notebookfair#GitRepositoryResource,0,0,0
3366,BiGCAT-UM/FAIR_metrics,github,https://github.com/BiGCAT-UM/FAIR_metrics,https://w3id.org/notebookfair#GitRepositoryResource,2,0,0
3367,NanoCommons/wgf-fairdata-analysis,github,https://github.com/NanoCommons/wgf-fairdata-analysis,https://w3id.org/notebookfair#GitRepositoryResource,6,0,0
3368,nerdslab/xray-thc,github,https://github.com/nerdslab/xray-thc,https://w3id.org/notebookfair#GitRepositoryResource,7,0,1
3369,jhuapl-boss/intern,github,https://github.com/jhuapl-boss/intern,https://w3id.org/notebookfair#GitRepositoryResource,0,1,1
3370,audreyt/ethercalc,github,https://github.com/audreyt/ethercalc,https://w3id.org/notebookfair#GitRepositoryResource,0,0,1
3371,matjesg/bioimage_analysis,github,https://github.com/matjesg/bioimage_analysis,https://w3id.org/notebookfair#GitRepositoryResource,6,0,1
3372,manuel-munoz-aguirre/PyHIST,github,https://github.com/manuel-munoz-aguirre/PyHIST,https://w3id.org/notebookfair#GitRepositoryResource,0,0,0
3373,pearlryder/subcellular-distribution-pipeline,github,https://github.com/pearlryder/subcellular-distribution-pipeline,https://w3id.org/notebookfair#GitRepositoryResource,17,0,1
3374,ethanev/Metabolomics_ML,github,https://github.com/ethanev/Metabolomics_ML,https://w3id.org/notebookfair#GitRepositoryResource,8,0,0
3375,g-patlewicz/inhalation-ttc,github,https://github.com/g-patlewicz/inhalation-ttc,https://w3id.org/notebookfair#GitRepositoryResource,9,1,1
3376,kmansouri/QSAR-ready,github,https://github.com/kmansouri/QSAR-ready,https://w3id.org/notebookfair#GitRepositoryResource,0,0,0
3377,griquelme/tidyms,github,https://github.com/griquelme/tidyms,https://w3id.org/notebookfair#GitRepositoryResource,0,0,2
3378,griquelme/tidyms-notebooks,github,https://github.com/griquelme/tidyms-notebooks,https://w3id.org/notebookfair#GitRepositoryResource,6,0,0
3379,Strong-Lab/NTM_Soil,github,https://github.com/Strong-Lab/NTM_Soil,https://w3id.org/notebookfair#GitRepositoryResource,2,0,0
3380,lutzroeder/netron,github,https://github.com/lutzroeder/netron,https://w3id.org/notebookfair#GitRepositoryResource,0,1,0
3381,FrancescoFerrari88/code_DOT1L_paper,github,https://github.com/FrancescoFerrari88/code_DOT1L_paper,https://w3id.org/notebookfair#GitRepositoryResource,22,0,0
3382,FredHutch/evaluate-gene-level-metagenomics-tools,github,https://github.com/FredHutch/evaluate-gene-level-metagenomics-tools,https://w3id.org/notebookfair#GitRepositoryResource,0,0,0
3383,FredHutch/FAMLI,github,https://github.com/FredHutch/FAMLI,https://w3id.org/notebookfair#GitRepositoryResource,1,1,0
3384,FredHutch/docker-diamond,github,https://github.com/FredHutch/docker-diamond,https://w3id.org/notebookfair#GitRepositoryResource,0,0,1
3385,FredHutch/docker-humann2,github,https://github.com/FredHutch/docker-humann2,https://w3id.org/notebookfair#GitRepositoryResource,0,0,0
3386,tomyun/Cropbox.jl,github,https://github.com/tomyun/Cropbox.jl,https://w3id.org/notebookfair#GitRepositoryResource,0,0,0
3387,cropbox/plants2020,github,https://github.com/cropbox/plants2020,https://w3id.org/notebookfair#GitRepositoryResource,1,0,0
3388,c-leber/ORCA,github,https://github.com/c-leber/ORCA,https://w3id.org/notebookfair#GitRepositoryResource,2,0,0
3389,bio-ontology-research-group/machine-learning-with-ontologies,github,https://github.com/bio-ontology-research-group/machine-learning-with-ontologies,https://w3id.org/notebookfair#GitRepositoryResource,7,0,1
3390,owlcs/owlapi,github,https://github.com/owlcs/owlapi,https://w3id.org/notebookfair#GitRepositoryResource,0,0,0
3391,hsolbrig/funowl,github,https://github.com/hsolbrig/funowl,https://w3id.org/notebookfair#GitRepositoryResource,3,1,1
3392,RDFLib/rdflib,github,https://github.com/RDFLib/rdflib,https://w3id.org/notebookfair#GitRepositoryResource,0,2,1
3393,liveontologies/elk-reasoner,github,https://github.com/liveontologies/elk-reasoner,https://w3id.org/notebookfair#GitRepositoryResource,0,0,0
3394,stardog-union/pellet,github,https://github.com/stardog-union/pellet,https://w3id.org/notebookfair#GitRepositoryResource,0,0,0
3395,geneontology/obographs,github,https://github.com/geneontology/obographs,https://w3id.org/notebookfair#GitRepositoryResource,0,0,0
3396,bio-ontology-research-group/Onto2Graph,github,https://github.com/bio-ontology-research-group/Onto2Graph,https://w3id.org/notebookfair#GitRepositoryResource,0,0,0
3397,gsi-upm/sematch,github,https://github.com/gsi-upm/sematch,https://w3id.org/notebookfair#GitRepositoryResource,1,1,1
3398,lasigeBioTM/DiShIn,github,https://github.com/lasigeBioTM/DiShIn,https://w3id.org/notebookfair#GitRepositoryResource,0,1,0
3399,oholter/matcher-with-word-embedings,github,https://github.com/oholter/matcher-with-word-embedings,https://w3id.org/notebookfair#GitRepositoryResource,0,0,0
3400,bio-ontology-research-group/DL2Vec,github,https://github.com/bio-ontology-research-group/DL2Vec,https://w3id.org/notebookfair#GitRepositoryResource,0,0,0
3401,bio-ontology-research-group/walking-rdf-and-owl,github,https://github.com/bio-ontology-research-group/walking-rdf-and-owl,https://w3id.org/notebookfair#GitRepositoryResource,0,1,1
3402,IBCNServices/pyRDF2Vec,github,https://github.com/IBCNServices/pyRDF2Vec,https://w3id.org/notebookfair#GitRepositoryResource,0,0,1
3403,dwslab/jRDF2Vec,github,https://github.com/dwslab/jRDF2Vec,https://w3id.org/notebookfair#GitRepositoryResource,2,0,1
3404,SmartDataAnalytics/PyKEEN,github,https://github.com/SmartDataAnalytics/PyKEEN,https://w3id.org/notebookfair#GitRepositoryResource,3,0,0
3405,thunlp/OpenKE,github,https://github.com/thunlp/OpenKE,https://w3id.org/notebookfair#GitRepositoryResource,0,0,0
3406,bio-ontology-research-group/onto2vec,github,https://github.com/bio-ontology-research-group/onto2vec,https://w3id.org/notebookfair#GitRepositoryResource,0,0,0
3407,bio-ontology-research-group/opa2vec,github,https://github.com/bio-ontology-research-group/opa2vec,https://w3id.org/notebookfair#GitRepositoryResource,0,0,0
3408,bio-ontology-research-group/el-embeddings,github,https://github.com/bio-ontology-research-group/el-embeddings,https://w3id.org/notebookfair#GitRepositoryResource,1,0,1
3409,bio-ontology-research-group/deepgo,github,https://github.com/bio-ontology-research-group/deepgo,https://w3id.org/notebookfair#GitRepositoryResource,0,0,1
3410,cansyl/DEEPred,github,https://github.com/cansyl/DEEPred,https://w3id.org/notebookfair#GitRepositoryResource,0,0,0
3411,JChander/DeepMiR2GO,github,https://github.com/JChander/DeepMiR2GO,https://w3id.org/notebookfair#GitRepositoryResource,0,0,1
3412,psnovichkov/DubSeq,github,https://github.com/psnovichkov/DubSeq,https://w3id.org/notebookfair#GitRepositoryResource,3,1,0
3413,mirnylab/cooltools,github,https://github.com/mirnylab/cooltools,https://w3id.org/notebookfair#GitRepositoryResource,10,1,2
3414,dragonfly/dragonfly,github,https://github.com/dragonfly/dragonfly,https://w3id.org/notebookfair#GitRepositoryResource,0,1,1
3415,Phlya/adjustText,github,https://github.com/Phlya/adjustText,https://w3id.org/notebookfair#GitRepositoryResource,4,1,1
3416,SBRG/precise-db,github,https://github.com/SBRG/precise-db,https://w3id.org/notebookfair#GitRepositoryResource,1,0,0
3417,ailabstw/DockCoV2,github,https://github.com/ailabstw/DockCoV2,https://w3id.org/notebookfair#GitRepositoryResource,0,0,0
3418,pwilmart/PAW_BLAST,github,https://github.com/pwilmart/PAW_BLAST,https://w3id.org/notebookfair#GitRepositoryResource,0,0,0
3419,pwilmart/annotations,github,https://github.com/pwilmart/annotations,https://w3id.org/notebookfair#GitRepositoryResource,0,0,0
3420,jwatowatson/sensitive-plasmodium-structure,github,https://github.com/jwatowatson/sensitive-plasmodium-structure,https://w3id.org/notebookfair#GitRepositoryResource,0,0,0
3421,banilo/inf_vs_pred_2020,github,https://github.com/banilo/inf_vs_pred_2020,https://w3id.org/notebookfair#GitRepositoryResource,4,0,0
3422,coongroup/Y3K-GC-Quantitation-Software,github,https://github.com/coongroup/Y3K-GC-Quantitation-Software,https://w3id.org/notebookfair#GitRepositoryResource,0,0,0
3423,coongroup/LipiDex,github,https://github.com/coongroup/LipiDex,https://w3id.org/notebookfair#GitRepositoryResource,0,0,0
3424,ijmiller2/COVID-19_Multi-Omics,github,https://github.com/ijmiller2/COVID-19_Multi-Omics,https://w3id.org/notebookfair#GitRepositoryResource,22,0,1
3425,knightlab-analyses/ibd-surgery,github,https://github.com/knightlab-analyses/ibd-surgery,https://w3id.org/notebookfair#GitRepositoryResource,18,0,0
3426,AG-Boerries/MIRACUM-Pipe,github,https://github.com/AG-Boerries/MIRACUM-Pipe,https://w3id.org/notebookfair#GitRepositoryResource,0,0,0
3427,atks/vt,github,https://github.com/atks/vt,https://w3id.org/notebookfair#GitRepositoryResource,0,0,0
3428,juliangruendner/genomics_data_service,github,https://github.com/juliangruendner/genomics_data_service,https://w3id.org/notebookfair#GitRepositoryResource,0,0,2
3429,yapic/yapic,github,https://github.com/yapic/yapic,https://w3id.org/notebookfair#GitRepositoryResource,0,1,0
3430,plissonf/ML-guided-discovery-and-design-of-non-hemolytic-peptides,github,https://github.com/plissonf/ML-guided-discovery-and-design-of-non-hemolytic-peptides,https://w3id.org/notebookfair#GitRepositoryResource,6,0,1
3431,g-chi/migration_detector,github,https://github.com/g-chi/migration_detector,https://w3id.org/notebookfair#GitRepositoryResource,1,1,0
3432,harmslab/gpmap,github,https://github.com/harmslab/gpmap,https://w3id.org/notebookfair#GitRepositoryResource,1,1,2
3433,harmslab/gpseer,github,https://github.com/harmslab/gpseer,https://w3id.org/notebookfair#GitRepositoryResource,2,1,1
3434,harmslab/epistasis,github,https://github.com/harmslab/epistasis,https://w3id.org/notebookfair#GitRepositoryResource,3,1,2
3435,DriskellLab/Priming-Skin-to-Regenerate-by-Inducing-Lef1-Expression-in-Fibroblasts-,github,https://github.com/DriskellLab/Priming-Skin-to-Regenerate-by-Inducing-Lef1-Expression-in-Fibroblasts-,https://w3id.org/notebookfair#GitRepositoryResource,4,0,0
3436,elifesciences-publications/Priming-Skin-to-Regenerate-by-Inducing-Lef1-Expression-in-Fibroblasts-,github,https://github.com/elifesciences-publications/Priming-Skin-to-Regenerate-by-Inducing-Lef1-Expression-in-Fibroblasts-,https://w3id.org/notebookfair#GitRepositoryResource,4,0,0
3437,sherkhalil/COVID19,github,https://github.com/sherkhalil/COVID19,https://w3id.org/notebookfair#GitRepositoryResource,11,0,0
3438,chavezlab/parcellation-tutorial,github,https://github.com/chavezlab/parcellation-tutorial,https://w3id.org/notebookfair#GitRepositoryResource,1,0,0
3439,neurosynth/neurosynth,github,https://github.com/neurosynth/neurosynth,https://w3id.org/notebookfair#GitRepositoryResource,5,1,1
3440,TimoHenry/MitochondrialRNAgranules,github,https://github.com/TimoHenry/MitochondrialRNAgranules,https://w3id.org/notebookfair#GitRepositoryResource,12,0,0
3441,fmayr/DHC_TargetPrediction,github,https://github.com/fmayr/DHC_TargetPrediction,https://w3id.org/notebookfair#GitRepositoryResource,1,0,0
3442,belteki/transport_HIE,github,https://github.com/belteki/transport_HIE,https://w3id.org/notebookfair#GitRepositoryResource,17,0,0
3443,sorpet/Zhang_and_Petersen_et_al_2019,github,https://github.com/sorpet/Zhang_and_Petersen_et_al_2019,https://w3id.org/notebookfair#GitRepositoryResource,2,0,0
3444,biosustain/trp-scores,github,https://github.com/biosustain/trp-scores,https://w3id.org/notebookfair#GitRepositoryResource,0,0,0
3445,cartal/HCA_Heart,github,https://github.com/cartal/HCA_Heart,https://w3id.org/notebookfair#GitRepositoryResource,55,0,0
3446,ideaconsult/jToxKit,github,https://github.com/ideaconsult/jToxKit,https://w3id.org/notebookfair#GitRepositoryResource,0,0,0
3447,ISA-tools/isa-api,github,https://github.com/ISA-tools/isa-api,https://w3id.org/notebookfair#GitRepositoryResource,21,1,2
3448,enanomapper/nmdataparser,github,https://github.com/enanomapper/nmdataparser,https://w3id.org/notebookfair#GitRepositoryResource,0,0,0
3449,enanomapper/renm,github,https://github.com/enanomapper/renm,https://w3id.org/notebookfair#GitRepositoryResource,0,0,0
3450,enanomapper/ambit.js,github,https://github.com/enanomapper/ambit.js,https://w3id.org/notebookfair#GitRepositoryResource,0,0,0
3451,ideaconsult/pynanomapper,github,https://github.com/ideaconsult/pynanomapper,https://w3id.org/notebookfair#GitRepositoryResource,0,1,0
3452,ideaconsult/notebooks-ambit,github,https://github.com/ideaconsult/notebooks-ambit,https://w3id.org/notebookfair#GitRepositoryResource,14,0,2
3453,ideaconsult/ambit-docker,github,https://github.com/ideaconsult/ambit-docker,https://w3id.org/notebookfair#GitRepositoryResource,0,0,0
3454,UCSF-Wilson-Lab/sars-cov-2_ReScan_VirScan_complete_analysis,github,https://github.com/UCSF-Wilson-Lab/sars-cov-2_ReScan_VirScan_complete_analysis,https://w3id.org/notebookfair#GitRepositoryResource,0,0,0
3455,chopravi/DiffEx_SCA1_SCA2,github,https://github.com/chopravi/DiffEx_SCA1_SCA2,https://w3id.org/notebookfair#GitRepositoryResource,1,1,1
3456,cytocomp1/cytocomp,github,https://github.com/cytocomp1/cytocomp,https://w3id.org/notebookfair#GitRepositoryResource,78,1,1
3457,gerlichlab/scshic_pipeline,github,https://github.com/gerlichlab/scshic_pipeline,https://w3id.org/notebookfair#GitRepositoryResource,0,0,0
3458,mirnylab/pairlib,github,https://github.com/mirnylab/pairlib,https://w3id.org/notebookfair#GitRepositoryResource,1,1,0
3459,gerlichlab/ngs,github,https://github.com/gerlichlab/ngs,https://w3id.org/notebookfair#GitRepositoryResource,1,1,1
3460,gerlichlab/scsHiCanalysis,github,https://github.com/gerlichlab/scsHiCanalysis,https://w3id.org/notebookfair#GitRepositoryResource,34,0,0
3461,cmdoret/hicreppy,github,https://github.com/cmdoret/hicreppy,https://w3id.org/notebookfair#GitRepositoryResource,0,1,1
3462,gerlichlab/scshic_analysis,github,https://github.com/gerlichlab/scshic_analysis,https://w3id.org/notebookfair#GitRepositoryResource,34,0,0
3463,NCBI-Hackathons/seqacademy,github,https://github.com/NCBI-Hackathons/seqacademy,https://w3id.org/notebookfair#GitRepositoryResource,0,0,0
3464,lh3/dipcall,github,https://github.com/lh3/dipcall,https://w3id.org/notebookfair#GitRepositoryResource,0,0,0
3465,PacificBiosciences/pbmm2,github,https://github.com/PacificBiosciences/pbmm2,https://w3id.org/notebookfair#GitRepositoryResource,0,0,0
3466,google/deepvariant,github,https://github.com/google/deepvariant,https://w3id.org/notebookfair#GitRepositoryResource,2,1,0
3467,vgteam/vg_wdl,github,https://github.com/vgteam/vg_wdl,https://w3id.org/notebookfair#GitRepositoryResource,0,0,0
3468,10XGenomics/longranger,github,https://github.com/10XGenomics/longranger,https://w3id.org/notebookfair#GitRepositoryResource,0,0,0
3469,NCBI-Hackathons/TheHumanPangenome,github,https://github.com/NCBI-Hackathons/TheHumanPangenome,https://w3id.org/notebookfair#GitRepositoryResource,6,0,0
3470,elifesciences-publications/Ergodic-Information-Harvesting,github,https://github.com/elifesciences-publications/Ergodic-Information-Harvesting,https://w3id.org/notebookfair#GitRepositoryResource,1,0,0
3471,MacIver-Lab/Ergodic-Information-Harvesting,github,https://github.com/MacIver-Lab/Ergodic-Information-Harvesting,https://w3id.org/notebookfair#GitRepositoryResource,1,0,0
3472,FAIRDataTeam/FAIRDataPoint-Spec,github,https://github.com/FAIRDataTeam/FAIRDataPoint-Spec,https://w3id.org/notebookfair#GitRepositoryResource,0,0,0
3473,fair-workflows/openpredict,github,https://github.com/fair-workflows/openpredict,https://w3id.org/notebookfair#GitRepositoryResource,10,0,1
3474,RPGroup-PBoC/RegSeq,github,https://github.com/RPGroup-PBoC/RegSeq,https://w3id.org/notebookfair#GitRepositoryResource,17,1,0
3475,elifesciences-publications/RegSeq,github,https://github.com/elifesciences-publications/RegSeq,https://w3id.org/notebookfair#GitRepositoryResource,17,1,0
3476,hyulab/eSTARR,github,https://github.com/hyulab/eSTARR,https://w3id.org/notebookfair#GitRepositoryResource,6,0,0
3477,Natarajanlab/Single-cell-regulatory-network,github,https://github.com/Natarajanlab/Single-cell-regulatory-network,https://w3id.org/notebookfair#GitRepositoryResource,22,0,0
3478,duderstadt-lab/fmt-scripts,github,https://github.com/duderstadt-lab/fmt-scripts,https://w3id.org/notebookfair#GitRepositoryResource,1,0,0
3479,duderstadt-lab/mars-core,github,https://github.com/duderstadt-lab/mars-core,https://w3id.org/notebookfair#GitRepositoryResource,0,0,0
3480,duderstadt-lab/mars-fx,github,https://github.com/duderstadt-lab/mars-fx,https://w3id.org/notebookfair#GitRepositoryResource,0,0,0
3481,duderstadt-lab/mars-fmt,github,https://github.com/duderstadt-lab/mars-fmt,https://w3id.org/notebookfair#GitRepositoryResource,0,0,0
3482,duderstadt-lab/mars-docs,github,https://github.com/duderstadt-lab/mars-docs,https://w3id.org/notebookfair#GitRepositoryResource,0,0,0
3483,kuzminkg/CoVs-S-pr,github,https://github.com/kuzminkg/CoVs-S-pr,https://w3id.org/notebookfair#GitRepositoryResource,1,0,0
3484,NERC-CEH/datalab,github,https://github.com/NERC-CEH/datalab,https://w3id.org/notebookfair#GitRepositoryResource,8,0,0
3485,EESI/ISM,github,https://github.com/EESI/ISM,https://w3id.org/notebookfair#GitRepositoryResource,14,0,0
3486,EESI/ncov_ism,github,https://github.com/EESI/ncov_ism,https://w3id.org/notebookfair#GitRepositoryResource,2,1,0
3487,0xTCG/haptreex,github,https://github.com/0xTCG/haptreex,https://w3id.org/notebookfair#GitRepositoryResource,1,0,0
3488,genome-in-a-bottle/giab_latest_release,github,https://github.com/genome-in-a-bottle/giab_latest_release,https://w3id.org/notebookfair#GitRepositoryResource,0,0,0
3489,npdeloss/meirlop,github,https://github.com/npdeloss/meirlop,https://w3id.org/notebookfair#GitRepositoryResource,2,1,0
3490,LobellLab/csdl,github,https://github.com/LobellLab/csdl,https://w3id.org/notebookfair#GitRepositoryResource,5,0,0
3491,SinclairLab/frailty,github,https://github.com/SinclairLab/frailty,https://w3id.org/notebookfair#GitRepositoryResource,1,0,0
3492,The-Academic-Observatory/observatory-platform,github,https://github.com/The-Academic-Observatory/observatory-platform,https://w3id.org/notebookfair#GitRepositoryResource,0,3,4
3493,PBrockmann/ipython_ferretmagic,github,https://github.com/PBrockmann/ipython_ferretmagic,https://w3id.org/notebookfair#GitRepositoryResource,10,1,0
3494,nlapier2/Metalign,github,https://github.com/nlapier2/Metalign,https://w3id.org/notebookfair#GitRepositoryResource,0,1,0
3495,dkoslicki/CMash,github,https://github.com/dkoslicki/CMash,https://w3id.org/notebookfair#GitRepositoryResource,0,1,1
3496,nlapier2/metalign_paper_replication,github,https://github.com/nlapier2/metalign_paper_replication,https://w3id.org/notebookfair#GitRepositoryResource,1,0,0
3497,BMClab/papers,github,https://github.com/BMClab/papers,https://w3id.org/notebookfair#GitRepositoryResource,6,0,1
3498,reactome/ReactomeGSA,github,https://github.com/reactome/ReactomeGSA,https://w3id.org/notebookfair#GitRepositoryResource,0,0,0
3499,reactome/gsa-backend,github,https://github.com/reactome/gsa-backend,https://w3id.org/notebookfair#GitRepositoryResource,0,5,0
3500,Reactome/ReactomeGSA-tutorials,github,https://github.com/Reactome/ReactomeGSA-tutorials,https://w3id.org/notebookfair#GitRepositoryResource,3,0,0
3501,djproc/HCMVcc_MaskRCNN,github,https://github.com/djproc/HCMVcc_MaskRCNN,https://w3id.org/notebookfair#GitRepositoryResource,10,1,1
3502,djproc/HCMVcc_pipelines_quant,github,https://github.com/djproc/HCMVcc_pipelines_quant,https://w3id.org/notebookfair#GitRepositoryResource,2,0,0
3503,niltonvolpato/python-progressbar,github,https://github.com/niltonvolpato/python-progressbar,https://w3id.org/notebookfair#GitRepositoryResource,0,1,0
3504,extavourlab/hpo_ova_eggL_screen,github,https://github.com/extavourlab/hpo_ova_eggL_screen,https://w3id.org/notebookfair#GitRepositoryResource,13,0,0
3505,elifesciences-publications/hpo_ova_eggL_screen,github,https://github.com/elifesciences-publications/hpo_ova_eggL_screen,https://w3id.org/notebookfair#GitRepositoryResource,13,0,0
3506,WHOIGit/metatryp-2.0,github,https://github.com/WHOIGit/metatryp-2.0,https://w3id.org/notebookfair#GitRepositoryResource,0,0,0
3507,saitomics/metatryp,github,https://github.com/saitomics/metatryp,https://w3id.org/notebookfair#GitRepositoryResource,0,0,0
3508,briney/abtools,github,https://github.com/briney/abtools,https://w3id.org/notebookfair#GitRepositoryResource,0,1,1
3509,briney/grp_paper,github,https://github.com/briney/grp_paper,https://w3id.org/notebookfair#GitRepositoryResource,21,0,0
3510,oschuett/appmode,github,https://github.com/oschuett/appmode,https://w3id.org/notebookfair#GitRepositoryResource,1,1,0
3511,QIICR/lidc2dicom,github,https://github.com/QIICR/lidc2dicom,https://w3id.org/notebookfair#GitRepositoryResource,2,0,0
3512,qiicr/dcmqi,github,https://github.com/qiicr/dcmqi,https://w3id.org/notebookfair#GitRepositoryResource,0,0,0
3513,pydicom/pydicom,github,https://github.com/pydicom/pydicom,https://w3id.org/notebookfair#GitRepositoryResource,0,1,0
3514,QIICR/QuantitativeReporting,github,https://github.com/QIICR/QuantitativeReporting,https://w3id.org/notebookfair#GitRepositoryResource,0,0,0
3515,MurrellGroup/Ty1,github,https://github.com/MurrellGroup/Ty1,https://w3id.org/notebookfair#GitRepositoryResource,2,0,0
3516,derpaule/Ty1_octet_itc,github,https://github.com/derpaule/Ty1_octet_itc,https://w3id.org/notebookfair#GitRepositoryResource,0,0,0
3517,vaibhhav/metabplastic,github,https://github.com/vaibhhav/metabplastic,https://w3id.org/notebookfair#GitRepositoryResource,2,0,0
3518,elifesciences-publications/metabplastic,github,https://github.com/elifesciences-publications/metabplastic,https://w3id.org/notebookfair#GitRepositoryResource,2,0,0
3519,sdecesco/targetDB,github,https://github.com/sdecesco/targetDB,https://w3id.org/notebookfair#GitRepositoryResource,1,1,0
3520,Discngine/fpocket,github,https://github.com/Discngine/fpocket,https://w3id.org/notebookfair#GitRepositoryResource,0,0,0
3521,hannesbecher/shiny-k-mers,github,https://github.com/hannesbecher/shiny-k-mers,https://w3id.org/notebookfair#GitRepositoryResource,0,0,0
3522,lme4/lme4,github,https://github.com/lme4/lme4,https://w3id.org/notebookfair#GitRepositoryResource,0,0,0
3523,rrwick/Deepbinner,github,https://github.com/rrwick/Deepbinner,https://w3id.org/notebookfair#GitRepositoryResource,0,1,1
3524,Psy-Fer/deeplexicon,github,https://github.com/Psy-Fer/deeplexicon,https://w3id.org/notebookfair#GitRepositoryResource,12,0,0
3525,synbiouc/spatialoscillator,github,https://github.com/synbiouc/spatialoscillator,https://w3id.org/notebookfair#GitRepositoryResource,19,0,0
3526,kermitt2/grobid,github,https://github.com/kermitt2/grobid,https://w3id.org/notebookfair#GitRepositoryResource,0,0,0
3527,komax/teitocsv,github,https://github.com/komax/teitocsv,https://w3id.org/notebookfair#GitRepositoryResource,0,0,1
3528,drcarrot/Data_availability_study,github,https://github.com/drcarrot/Data_availability_study,https://w3id.org/notebookfair#GitRepositoryResource,1,0,0
3529,maureencarey/community_standards_supplemental,github,https://github.com/maureencarey/community_standards_supplemental,https://w3id.org/notebookfair#GitRepositoryResource,1,0,1
3530,pollicipes/BGI-Hi-C-Computational-Analysis,github,https://github.com/pollicipes/BGI-Hi-C-Computational-Analysis,https://w3id.org/notebookfair#GitRepositoryResource,3,0,0
3531,SynthSys/pyOmeroUpload,github,https://github.com/SynthSys/pyOmeroUpload,https://w3id.org/notebookfair#GitRepositoryResource,0,1,1
3532,SynthSys/omero_connect_demo,github,https://github.com/SynthSys/omero_connect_demo,https://w3id.org/notebookfair#GitRepositoryResource,3,0,0
3533,SynthSys/OMEROConnect,github,https://github.com/SynthSys/OMEROConnect,https://w3id.org/notebookfair#GitRepositoryResource,3,0,1
3534,hahatcdg/IBPP,github,https://github.com/hahatcdg/IBPP,https://w3id.org/notebookfair#GitRepositoryResource,0,0,0
3535,MuriloACassiano/papers-methodology,github,https://github.com/MuriloACassiano/papers-methodology,https://w3id.org/notebookfair#GitRepositoryResource,1,0,0
3536,Bioinformatic-squad-DorresteinLab/OpenMS,github,https://github.com/Bioinformatic-squad-DorresteinLab/OpenMS,https://w3id.org/notebookfair#GitRepositoryResource,0,1,0
3537,Bioinformatic-squad-DorresteinLab/openms-gnps-tools,github,https://github.com/Bioinformatic-squad-DorresteinLab/openms-gnps-tools,https://w3id.org/notebookfair#GitRepositoryResource,0,0,0
3538,Bioinformatic-squad-DorresteinLab/openms-gnps-workflow,github,https://github.com/Bioinformatic-squad-DorresteinLab/openms-gnps-workflow,https://w3id.org/notebookfair#GitRepositoryResource,0,0,0
3539,sneumann/xcms,github,https://github.com/sneumann/xcms,https://w3id.org/notebookfair#GitRepositoryResource,0,0,0
3540,jorainer/xcms-gnps-tools,github,https://github.com/jorainer/xcms-gnps-tools,https://w3id.org/notebookfair#GitRepositoryResource,0,0,0
3541,DorresteinLaboratory/XCMS3_FeatureBasedMN,github,https://github.com/DorresteinLaboratory/XCMS3_FeatureBasedMN,https://w3id.org/notebookfair#GitRepositoryResource,2,0,0
3542,lfnothias/FeatureBasedMolecularNetworking_RelativeQuantEval,github,https://github.com/lfnothias/FeatureBasedMolecularNetworking_RelativeQuantEval,https://w3id.org/notebookfair#GitRepositoryResource,2,0,0
3543,CCMS-UCSD/GNPS_Workflows,github,https://github.com/CCMS-UCSD/GNPS_Workflows,https://w3id.org/notebookfair#GitRepositoryResource,0,0,2
3544,mzmine/mzmine2,github,https://github.com/mzmine/mzmine2,https://w3id.org/notebookfair#GitRepositoryResource,0,0,0
3545,basantab/NTF2Gen,github,https://github.com/basantab/NTF2Gen,https://w3id.org/notebookfair#GitRepositoryResource,3,0,0
3546,basantab/NTF2Analysis,github,https://github.com/basantab/NTF2Analysis,https://w3id.org/notebookfair#GitRepositoryResource,18,0,0
3547,basantab/OligoOverlapOpt,github,https://github.com/basantab/OligoOverlapOpt,https://w3id.org/notebookfair#GitRepositoryResource,0,0,0
3548,basantab/NTF2analysis,github,https://github.com/basantab/NTF2analysis,https://w3id.org/notebookfair#GitRepositoryResource,18,0,0
3549,trinhlab/ctherm-gem,github,https://github.com/trinhlab/ctherm-gem,https://w3id.org/notebookfair#GitRepositoryResource,14,0,2
3550,TrinhLab/ModCell2,github,https://github.com/TrinhLab/ModCell2,https://w3id.org/notebookfair#GitRepositoryResource,5,0,2
3551,jpviguerasguillen/corneal_endothelium_TVST,github,https://github.com/jpviguerasguillen/corneal_endothelium_TVST,https://w3id.org/notebookfair#GitRepositoryResource,1,0,0
3552,flamholz/malate_synthase,github,https://github.com/flamholz/malate_synthase,https://w3id.org/notebookfair#GitRepositoryResource,2,0,0
3553,breno-madruga/dib-covid-dataset,github,https://github.com/breno-madruga/dib-covid-dataset,https://w3id.org/notebookfair#GitRepositoryResource,13,0,0
3554,MRCIEU/MELODI-Presto,github,https://github.com/MRCIEU/MELODI-Presto,https://w3id.org/notebookfair#GitRepositoryResource,3,0,1
3555,eteitelb/coldTubeData,github,https://github.com/eteitelb/coldTubeData,https://w3id.org/notebookfair#GitRepositoryResource,1,0,0
3556,kukionfr/VAMPIRE_open,github,https://github.com/kukionfr/VAMPIRE_open,https://w3id.org/notebookfair#GitRepositoryResource,2,0,1
3557,GlastonburyC/Adipocyte-U-net,github,https://github.com/GlastonburyC/Adipocyte-U-net,https://w3id.org/notebookfair#GitRepositoryResource,13,0,1
3558,lindgrengroup/fatdistnGWAS,github,https://github.com/lindgrengroup/fatdistnGWAS,https://w3id.org/notebookfair#GitRepositoryResource,0,0,0
3559,aymanimtyaz/COVID-19,github,https://github.com/aymanimtyaz/COVID-19,https://w3id.org/notebookfair#GitRepositoryResource,3,0,0
3560,pc4covid19/pharmacodynamics-submodel,github,https://github.com/pc4covid19/pharmacodynamics-submodel,https://w3id.org/notebookfair#GitRepositoryResource,0,0,0
3561,LP26/Pollack-Lab-Cornell,github,https://github.com/LP26/Pollack-Lab-Cornell,https://w3id.org/notebookfair#GitRepositoryResource,1,0,0
3562,openssbd/BD5_samples,github,https://github.com/openssbd/BD5_samples,https://w3id.org/notebookfair#GitRepositoryResource,10,0,0
3563,openssbd/bd5lint,github,https://github.com/openssbd/bd5lint,https://w3id.org/notebookfair#GitRepositoryResource,0,0,0
3564,openssbd/BDML2BD5,github,https://github.com/openssbd/BDML2BD5,https://w3id.org/notebookfair#GitRepositoryResource,0,0,0
3565,openssbd/bdml2bd5-docker,github,https://github.com/openssbd/bdml2bd5-docker,https://w3id.org/notebookfair#GitRepositoryResource,0,0,0
3566,HDFGroup/h5serv,github,https://github.com/HDFGroup/h5serv,https://w3id.org/notebookfair#GitRepositoryResource,4,1,0
3567,openssbd/python-bdml,github,https://github.com/openssbd/python-bdml,https://w3id.org/notebookfair#GitRepositoryResource,0,0,0
3568,ASintsova/rnaseq_analysis,github,https://github.com/ASintsova/rnaseq_analysis,https://w3id.org/notebookfair#GitRepositoryResource,0,0,0
3569,ASintsova/upec_mouse_model,github,https://github.com/ASintsova/upec_mouse_model,https://w3id.org/notebookfair#GitRepositoryResource,3,0,0
3570,grycap/apricot,github,https://github.com/grycap/apricot,https://w3id.org/notebookfair#GitRepositoryResource,3,1,0
3571,laurentjutrasdube/Dual-Regime_Geometry_for_Embryonic_Patterning,github,https://github.com/laurentjutrasdube/Dual-Regime_Geometry_for_Embryonic_Patterning,https://w3id.org/notebookfair#GitRepositoryResource,10,0,0
3572,elifesciences-publications/Dual-Regime_Geometry_for_Embryonic_Patterning,github,https://github.com/elifesciences-publications/Dual-Regime_Geometry_for_Embryonic_Patterning,https://w3id.org/notebookfair#GitRepositoryResource,10,0,0
3573,Hurley-Lab/FIP-NDP52-paper,github,https://github.com/Hurley-Lab/FIP-NDP52-paper,https://w3id.org/notebookfair#GitRepositoryResource,1,0,0
3574,elifesciences-publications/FIP-NDP52-paper,github,https://github.com/elifesciences-publications/FIP-NDP52-paper,https://w3id.org/notebookfair#GitRepositoryResource,1,0,0
3575,chunyueli/FAIMCalcium,github,https://github.com/chunyueli/FAIMCalcium,https://w3id.org/notebookfair#GitRepositoryResource,0,0,0
3576,Stemanz/liputils,github,https://github.com/Stemanz/liputils,https://w3id.org/notebookfair#GitRepositoryResource,2,1,1
3577,aehrc/VariantSpark,github,https://github.com/aehrc/VariantSpark,https://w3id.org/notebookfair#GitRepositoryResource,10,2,1
3578,aehrc/VariantSpark-aws,github,https://github.com/aehrc/VariantSpark-aws,https://w3id.org/notebookfair#GitRepositoryResource,1,1,0
3579,hail-is/hail,github,https://github.com/hail-is/hail,https://w3id.org/notebookfair#GitRepositoryResource,18,11,9
3580,szilard/benchm-ml,github,https://github.com/szilard/benchm-ml,https://w3id.org/notebookfair#GitRepositoryResource,0,0,0
3581,alessandrolulli/reforest,github,https://github.com/alessandrolulli/reforest,https://w3id.org/notebookfair#GitRepositoryResource,0,0,0
3582,aehrc/PEPS,github,https://github.com/aehrc/PEPS,https://w3id.org/notebookfair#GitRepositoryResource,3,0,0
3583,mbernste/hypothesis-driven-SRA-queries,github,https://github.com/mbernste/hypothesis-driven-SRA-queries,https://w3id.org/notebookfair#GitRepositoryResource,2,0,1
3584,dnehar/SingleCells_SLE_paper,github,https://github.com/dnehar/SingleCells_SLE_paper,https://w3id.org/notebookfair#GitRepositoryResource,3,0,0
3585,NCI-GDC/gdc-client,github,https://github.com/NCI-GDC/gdc-client,https://w3id.org/notebookfair#GitRepositoryResource,0,1,1
3586,src-d/kmcuda,github,https://github.com/src-d/kmcuda,https://w3id.org/notebookfair#GitRepositoryResource,1,1,0
3587,owkin/HE2RNA_code,github,https://github.com/owkin/HE2RNA_code,https://w3id.org/notebookfair#GitRepositoryResource,0,0,1
3588,ssehztirom/Exploring-generative-deep-learning-for-omics-data-by-using-log-linear-models,github,https://github.com/ssehztirom/Exploring-generative-deep-learning-for-omics-data-by-using-log-linear-models,https://w3id.org/notebookfair#GitRepositoryResource,1,0,0
3589,d-bcarrue/NanoDrugsMalaria,github,https://github.com/d-bcarrue/NanoDrugsMalaria,https://w3id.org/notebookfair#GitRepositoryResource,3,0,0
3590,gersteinlab/FANCY,github,https://github.com/gersteinlab/FANCY,https://w3id.org/notebookfair#GitRepositoryResource,1,0,0
3591,hci-unihd/plant-seg,github,https://github.com/hci-unihd/plant-seg,https://w3id.org/notebookfair#GitRepositoryResource,0,1,0
3592,elifesciences-publications/plant-seg,github,https://github.com/elifesciences-publications/plant-seg,https://w3id.org/notebookfair#GitRepositoryResource,0,1,0
3593,elifesciences-publications/pytorch-3dunet,github,https://github.com/elifesciences-publications/pytorch-3dunet,https://w3id.org/notebookfair#GitRepositoryResource,1,1,0
3594,diatomsRcool/butterfly,github,https://github.com/diatomsRcool/butterfly,https://w3id.org/notebookfair#GitRepositoryResource,1,0,0
3595,therealkatlab/MINS,github,https://github.com/therealkatlab/MINS,https://w3id.org/notebookfair#GitRepositoryResource,0,0,0
3596,nestorsaiz/saiz-et-al_2020,github,https://github.com/nestorsaiz/saiz-et-al_2020,https://w3id.org/notebookfair#GitRepositoryResource,4,0,0
3597,elifesciences-publications/saiz-et-al_2020,github,https://github.com/elifesciences-publications/saiz-et-al_2020,https://w3id.org/notebookfair#GitRepositoryResource,4,0,0
3598,jgojalvo/EmbryoRobustness,github,https://github.com/jgojalvo/EmbryoRobustness,https://w3id.org/notebookfair#GitRepositoryResource,5,0,0
3599,elifesciences-publications/EmbryoRobustness,github,https://github.com/elifesciences-publications/EmbryoRobustness,https://w3id.org/notebookfair#GitRepositoryResource,5,0,0
3600,Nealelab/cloudtools,github,https://github.com/Nealelab/cloudtools,https://w3id.org/notebookfair#GitRepositoryResource,0,1,0
3601,hms-dbmi/Hail-on-Google-Cloud,github,https://github.com/hms-dbmi/Hail-on-Google-Cloud,https://w3id.org/notebookfair#GitRepositoryResource,3,0,0
3602,hms-dbmi/hail-on-AWS-spot-instances,github,https://github.com/hms-dbmi/hail-on-AWS-spot-instances,https://w3id.org/notebookfair#GitRepositoryResource,1,0,0
3603,chanzuckerberg/cellxgene,github,https://github.com/chanzuckerberg/cellxgene,https://w3id.org/notebookfair#GitRepositoryResource,0,1,2
3604,klarman-cell-observatory/scPlot,github,https://github.com/klarman-cell-observatory/scPlot,https://w3id.org/notebookfair#GitRepositoryResource,1,1,1
3605,DmitryUlyanov/Multicore-TSNE,github,https://github.com/DmitryUlyanov/Multicore-TSNE,https://w3id.org/notebookfair#GitRepositoryResource,0,1,1
3606,lilab-bcb/Multicore-TSNE,github,https://github.com/lilab-bcb/Multicore-TSNE,https://w3id.org/notebookfair#GitRepositoryResource,0,1,1
3607,KlugerLab/pyFIt-SNE,github,https://github.com/KlugerLab/pyFIt-SNE,https://w3id.org/notebookfair#GitRepositoryResource,0,1,0
3608,bhargavchippada/forceatlas2,github,https://github.com/bhargavchippada/forceatlas2,https://w3id.org/notebookfair#GitRepositoryResource,1,1,0
3609,openwdl/wdl,github,https://github.com/openwdl/wdl,https://w3id.org/notebookfair#GitRepositoryResource,0,2,2
3610,klarman-cell-observatory/cumulus,github,https://github.com/klarman-cell-observatory/cumulus,https://w3id.org/notebookfair#GitRepositoryResource,0,0,1
3611,klarman-cell-observatory/cumulus_feature_barcoding,github,https://github.com/klarman-cell-observatory/cumulus_feature_barcoding,https://w3id.org/notebookfair#GitRepositoryResource,0,0,0
3612,klarman-cell-observatory/cirrocumulus,github,https://github.com/klarman-cell-observatory/cirrocumulus,https://w3id.org/notebookfair#GitRepositoryResource,0,0,2
3613,CINPLA/expipe-plugin-cinpla,github,https://github.com/CINPLA/expipe-plugin-cinpla,https://w3id.org/notebookfair#GitRepositoryResource,0,1,0
3614,cinpla/expipe,github,https://github.com/cinpla/expipe,https://w3id.org/notebookfair#GitRepositoryResource,0,1,1
3615,FrancescoFerrari88/AutoRELACS,github,https://github.com/FrancescoFerrari88/AutoRELACS,https://w3id.org/notebookfair#GitRepositoryResource,9,0,0
3616,zoccoler/metroid,github,https://github.com/zoccoler/metroid,https://w3id.org/notebookfair#GitRepositoryResource,12,0,1
3617,jic-csb/dtoolai,github,https://github.com/jic-csb/dtoolai,https://w3id.org/notebookfair#GitRepositoryResource,2,1,0
3618,BadenLab/LED-Zappelin,github,https://github.com/BadenLab/LED-Zappelin,https://w3id.org/notebookfair#GitRepositoryResource,2,0,0
3619,mochar/cell_variation,github,https://github.com/mochar/cell_variation,https://w3id.org/notebookfair#GitRepositoryResource,0,0,0
3620,mccall-lab-OU/GI-tract-paper,github,https://github.com/mccall-lab-OU/GI-tract-paper,https://w3id.org/notebookfair#GitRepositoryResource,2,0,0
3621,qfo/OrthologyOntology,github,https://github.com/qfo/OrthologyOntology,https://w3id.org/notebookfair#GitRepositoryResource,0,0,0
3622,biosoda/tutorial_orthology,github,https://github.com/biosoda/tutorial_orthology,https://w3id.org/notebookfair#GitRepositoryResource,1,0,0
3623,CyberDataLab/botbusters-spanish-general-elections,github,https://github.com/CyberDataLab/botbusters-spanish-general-elections,https://w3id.org/notebookfair#GitRepositoryResource,5,0,0
3624,aylliote/senti-py,github,https://github.com/aylliote/senti-py,https://w3id.org/notebookfair#GitRepositoryResource,1,1,0
3625,fawda123/bioassess_opensci,github,https://github.com/fawda123/bioassess_opensci,https://w3id.org/notebookfair#GitRepositoryResource,0,0,0
3626,r-spatial/mapview,github,https://github.com/r-spatial/mapview,https://w3id.org/notebookfair#GitRepositoryResource,0,0,0
3627,mpipatta/mpipatta.github.io,github,https://github.com/mpipatta/mpipatta.github.io,https://w3id.org/notebookfair#GitRepositoryResource,21,0,0
3628,Novartis/peax,github,https://github.com/Novartis/peax,https://w3id.org/notebookfair#GitRepositoryResource,40,0,0
3629,NRshka/stvae-source,github,https://github.com/NRshka/stvae-source,https://w3id.org/notebookfair#GitRepositoryResource,2,0,1
3630,YosefLab/scVI-data,github,https://github.com/YosefLab/scVI-data,https://w3id.org/notebookfair#GitRepositoryResource,0,0,0
3631,theislab/scgen-reproducibility,github,https://github.com/theislab/scgen-reproducibility,https://w3id.org/notebookfair#GitRepositoryResource,20,0,0
3632,M0hammadL/scGen_notebooks,github,https://github.com/M0hammadL/scGen_notebooks,https://w3id.org/notebookfair#GitRepositoryResource,2,0,0
3633,theislab/trvaep,github,https://github.com/theislab/trvaep,https://w3id.org/notebookfair#GitRepositoryResource,2,0,0
3634,theislab/scgen,github,https://github.com/theislab/scgen,https://w3id.org/notebookfair#GitRepositoryResource,2,1,0
3635,YosefLab/scVI,github,https://github.com/YosefLab/scVI,https://w3id.org/notebookfair#GitRepositoryResource,0,1,0
3636,jdrudolph/goenrich,github,https://github.com/jdrudolph/goenrich,https://w3id.org/notebookfair#GitRepositoryResource,1,1,0
3637,KavrakiLab/hla-arena,github,https://github.com/KavrakiLab/hla-arena,https://w3id.org/notebookfair#GitRepositoryResource,0,0,0
3638,DSASC/yergaliyev2020,github,https://github.com/DSASC/yergaliyev2020,https://w3id.org/notebookfair#GitRepositoryResource,5,0,0
3639,icb-dcm/pyabc,github,https://github.com/icb-dcm/pyabc,https://w3id.org/notebookfair#GitRepositoryResource,24,1,0
3640,TrofimovAssya/FactorizedEmbeddings,github,https://github.com/TrofimovAssya/FactorizedEmbeddings,https://w3id.org/notebookfair#GitRepositoryResource,2,0,0
3641,elkebir-group/ClonArch,github,https://github.com/elkebir-group/ClonArch,https://w3id.org/notebookfair#GitRepositoryResource,3,0,0
3642,dagrejs/dagre-d3,github,https://github.com/dagrejs/dagre-d3,https://w3id.org/notebookfair#GitRepositoryResource,0,0,0
3643,RaumZeit/MarchingSquares.js,github,https://github.com/RaumZeit/MarchingSquares.js,https://w3id.org/notebookfair#GitRepositoryResource,0,0,0
3644,xie-lab/DISC,github,https://github.com/xie-lab/DISC,https://w3id.org/notebookfair#GitRepositoryResource,4,1,0
3645,syrte/ndtest,github,https://github.com/syrte/ndtest,https://w3id.org/notebookfair#GitRepositoryResource,0,0,0
3646,ChenMengjie/VIPER,github,https://github.com/ChenMengjie/VIPER,https://w3id.org/notebookfair#GitRepositoryResource,0,0,0
3647,AltschulerWu-Lab/scScope,github,https://github.com/AltschulerWu-Lab/scScope,https://w3id.org/notebookfair#GitRepositoryResource,0,2,0
3648,alejoe91/MEArec,github,https://github.com/alejoe91/MEArec,https://w3id.org/notebookfair#GitRepositoryResource,9,1,1
3649,alejoe91/MEAutility,github,https://github.com/alejoe91/MEAutility,https://w3id.org/notebookfair#GitRepositoryResource,4,1,0
3650,muntisa/muntisa.github.io,github,https://github.com/muntisa/muntisa.github.io,https://w3id.org/notebookfair#GitRepositoryResource,8,0,0
3651,arose/nglview,github,https://github.com/arose/nglview,https://w3id.org/notebookfair#GitRepositoryResource,38,2,0
3652,icgc-dcc/dcc-portal,github,https://github.com/icgc-dcc/dcc-portal,https://w3id.org/notebookfair#GitRepositoryResource,0,0,1
3653,ucscXena/ucsc-xena-client,github,https://github.com/ucscXena/ucsc-xena-client,https://w3id.org/notebookfair#GitRepositoryResource,0,0,1
3654,parklab/ShatterSeek,github,https://github.com/parklab/ShatterSeek,https://w3id.org/notebookfair#GitRepositoryResource,0,0,0
3655,gxa/atlas,github,https://github.com/gxa/atlas,https://w3id.org/notebookfair#GitRepositoryResource,0,0,0
3656,Rbbt-Apps/PCAWGScout,github,https://github.com/Rbbt-Apps/PCAWGScout,https://w3id.org/notebookfair#GitRepositoryResource,0,0,0
3657,druglogics/cascade,github,https://github.com/druglogics/cascade,https://w3id.org/notebookfair#GitRepositoryResource,0,0,0
3658,AllonKleinLab/CLiNC,github,https://github.com/AllonKleinLab/CLiNC,https://w3id.org/notebookfair#GitRepositoryResource,1,1,0
3659,spacegraphcats/spacegraphcats,github,https://github.com/spacegraphcats/spacegraphcats,https://w3id.org/notebookfair#GitRepositoryResource,0,1,1
3660,dparks1134/CompareM,github,https://github.com/dparks1134/CompareM,https://w3id.org/notebookfair#GitRepositoryResource,0,1,0
3661,edgraham/GhostKoalaParser,github,https://github.com/edgraham/GhostKoalaParser,https://w3id.org/notebookfair#GitRepositoryResource,0,0,0
3662,EmanuelGoncalves/dtrace,github,https://github.com/EmanuelGoncalves/dtrace,https://w3id.org/notebookfair#GitRepositoryResource,5,1,1
3663,epiviz/epivizFileServer,github,https://github.com/epiviz/epivizFileServer,https://w3id.org/notebookfair#GitRepositoryResource,0,1,2
3664,huge-success/sanic,github,https://github.com/huge-success/sanic,https://w3id.org/notebookfair#GitRepositoryResource,0,1,0
3665,wg/wrk,github,https://github.com/wg/wrk,https://w3id.org/notebookfair#GitRepositoryResource,0,0,0
3666,epiviz/epivizGalaxyTool,github,https://github.com/epiviz/epivizGalaxyTool,https://w3id.org/notebookfair#GitRepositoryResource,0,0,0
3667,epiviz/epivizGalaxyIE,github,https://github.com/epiviz/epivizGalaxyIE,https://w3id.org/notebookfair#GitRepositoryResource,0,0,1
3668,icbi-lab/scirpy,github,https://github.com/icbi-lab/scirpy,https://w3id.org/notebookfair#GitRepositoryResource,0,0,0
3669,irb-imagingfacility/lysoquant,github,https://github.com/irb-imagingfacility/lysoquant,https://w3id.org/notebookfair#GitRepositoryResource,0,0,0
3670,margaretmahan/tbiExtractor,github,https://github.com/margaretmahan/tbiExtractor,https://w3id.org/notebookfair#GitRepositoryResource,1,1,0
3671,sidatasciencelab/fern_segmentation,github,https://github.com/sidatasciencelab/fern_segmentation,https://w3id.org/notebookfair#GitRepositoryResource,3,0,0
3672,ATOMconsortium/AMPL,github,https://github.com/ATOMconsortium/AMPL,https://w3id.org/notebookfair#GitRepositoryResource,23,1,1
3673,ICB-DCM/AMICI,github,https://github.com/ICB-DCM/AMICI,https://w3id.org/notebookfair#GitRepositoryResource,13,1,0
3674,SynBioUC/flapjack,github,https://github.com/SynBioUC/flapjack,https://w3id.org/notebookfair#GitRepositoryResource,9,0,1
3675,ram-compbio/CANDO,github,https://github.com/ram-compbio/CANDO,https://w3id.org/notebookfair#GitRepositoryResource,1,1,0
3676,yangfenglong/mAML1.0,github,https://github.com/yangfenglong/mAML1.0,https://w3id.org/notebookfair#GitRepositoryResource,2,0,1
3677,boalang/nr,github,https://github.com/boalang/nr,https://w3id.org/notebookfair#GitRepositoryResource,9,0,0
3678,popsim-consortium/stdpopsim,github,https://github.com/popsim-consortium/stdpopsim,https://w3id.org/notebookfair#GitRepositoryResource,1,1,1
3679,popsim-consortium/analysis,github,https://github.com/popsim-consortium/analysis,https://w3id.org/notebookfair#GitRepositoryResource,0,0,1
3680,elifesciences-publications/stdpopsim,github,https://github.com/elifesciences-publications/stdpopsim,https://w3id.org/notebookfair#GitRepositoryResource,1,1,0
3681,BigDataWUR/locomotiondatalake,github,https://github.com/BigDataWUR/locomotiondatalake,https://w3id.org/notebookfair#GitRepositoryResource,5,0,2
3682,Gardner-BinfLab/TISIGNER-ReactJS,github,https://github.com/Gardner-BinfLab/TISIGNER-ReactJS,https://w3id.org/notebookfair#GitRepositoryResource,0,0,1
3683,Gardner-BinfLab/SoDoPE_paper_2020,github,https://github.com/Gardner-BinfLab/SoDoPE_paper_2020,https://w3id.org/notebookfair#GitRepositoryResource,30,0,0
3684,sameerkhurana10/DSOL_rv0.2,github,https://github.com/sameerkhurana10/DSOL_rv0.2,https://w3id.org/notebookfair#GitRepositoryResource,0,0,0
3685,RedaRawi/PaRSnIP,github,https://github.com/RedaRawi/PaRSnIP,https://w3id.org/notebookfair#GitRepositoryResource,0,0,0
3686,brunoV/bio-tools-solubility-wilkinson,github,https://github.com/brunoV/bio-tools-solubility-wilkinson,https://w3id.org/notebookfair#GitRepositoryResource,0,0,0
3687,anki-xyz/pipra,github,https://github.com/anki-xyz/pipra,https://w3id.org/notebookfair#GitRepositoryResource,0,1,1
3688,anki-xyz/bagls,github,https://github.com/anki-xyz/bagls,https://w3id.org/notebookfair#GitRepositoryResource,3,0,0
3689,mklokocka/seminator,github,https://github.com/mklokocka/seminator,https://w3id.org/notebookfair#GitRepositoryResource,5,0,0
3690,xblahoud/seminator-evaluation,github,https://github.com/xblahoud/seminator-evaluation,https://w3id.org/notebookfair#GitRepositoryResource,12,0,0
3691,hddm-devs/hddm,github,https://github.com/hddm-devs/hddm,https://w3id.org/notebookfair#GitRepositoryResource,26,2,2
3692,jwdegee/2020_eLife_pupil_bias,github,https://github.com/jwdegee/2020_eLife_pupil_bias,https://w3id.org/notebookfair#GitRepositoryResource,1,0,0
3693,elifesciences-publications/2020_eLife_pupil_bias,github,https://github.com/elifesciences-publications/2020_eLife_pupil_bias,https://w3id.org/notebookfair#GitRepositoryResource,1,0,0
3694,nhansen/SVanalyzer,github,https://github.com/nhansen/SVanalyzer,https://w3id.org/notebookfair#GitRepositoryResource,0,0,0
3695,PacificBiosciences/pbsv,github,https://github.com/PacificBiosciences/pbsv,https://w3id.org/notebookfair#GitRepositoryResource,0,0,0
3696,jzook/genome-data-integration,github,https://github.com/jzook/genome-data-integration,https://w3id.org/notebookfair#GitRepositoryResource,3,0,0
3697,henschellab/populapy,github,https://github.com/henschellab/populapy,https://w3id.org/notebookfair#GitRepositoryResource,1,0,0
3698,helmutsimon/ProbPolymorphism,github,https://github.com/helmutsimon/ProbPolymorphism,https://w3id.org/notebookfair#GitRepositoryResource,6,0,0
3699,cogent3/ensembldb3,github,https://github.com/cogent3/ensembldb3,https://w3id.org/notebookfair#GitRepositoryResource,0,1,0
3700,AntonetteShibani/AutomatedRevisionGraphs,github,https://github.com/AntonetteShibani/AutomatedRevisionGraphs,https://w3id.org/notebookfair#GitRepositoryResource,2,0,0
3701,heta-io/tap,github,https://github.com/heta-io/tap,https://w3id.org/notebookfair#GitRepositoryResource,0,0,0
3702,pyviz/holoviews,github,https://github.com/pyviz/holoviews,https://w3id.org/notebookfair#GitRepositoryResource,294,1,0
3703,fieldtrip/fieldtrip,github,https://github.com/fieldtrip/fieldtrip,https://w3id.org/notebookfair#GitRepositoryResource,0,0,0
3704,CPernet/spmup,github,https://github.com/CPernet/spmup,https://w3id.org/notebookfair#GitRepositoryResource,0,0,0
3705,nipy/nipype,github,https://github.com/nipy/nipype,https://w3id.org/notebookfair#GitRepositoryResource,0,2,2
3706,glioi/BIDS_fMRI_analysis_nipype,github,https://github.com/glioi/BIDS_fMRI_analysis_nipype,https://w3id.org/notebookfair#GitRepositoryResource,3,0,0
3707,oscar-system/Polymake.jl,github,https://github.com/oscar-system/Polymake.jl,https://w3id.org/notebookfair#GitRepositoryResource,2,0,0
3708,JuliaInterop/CxxWrap.jl,github,https://github.com/JuliaInterop/CxxWrap.jl,https://w3id.org/notebookfair#GitRepositoryResource,0,0,0
3709,fredrik-johansson/fungrim,github,https://github.com/fredrik-johansson/fungrim,https://w3id.org/notebookfair#GitRepositoryResource,0,1,0
3710,tolliob/PhasePortrait,github,https://github.com/tolliob/PhasePortrait,https://w3id.org/notebookfair#GitRepositoryResource,1,0,1
3711,newaetech/chipwhisperer,github,https://github.com/newaetech/chipwhisperer,https://w3id.org/notebookfair#GitRepositoryResource,0,3,2
3712,tatonetti-lab/complementcovid,github,https://github.com/tatonetti-lab/complementcovid,https://w3id.org/notebookfair#GitRepositoryResource,26,0,0
3713,kristian1971/LogRegESP32-CAM,github,https://github.com/kristian1971/LogRegESP32-CAM,https://w3id.org/notebookfair#GitRepositoryResource,2,0,0
3714,espressif/esp-who,github,https://github.com/espressif/esp-who,https://w3id.org/notebookfair#GitRepositoryResource,0,0,0
3715,espressif/arduino-esp32,github,https://github.com/espressif/arduino-esp32,https://w3id.org/notebookfair#GitRepositoryResource,0,0,2
3716,macarthur-lab/exac_2015,github,https://github.com/macarthur-lab/exac_2015,https://w3id.org/notebookfair#GitRepositoryResource,0,0,0
3717,scottiadamson/Vex-seq,github,https://github.com/scottiadamson/Vex-seq,https://w3id.org/notebookfair#GitRepositoryResource,1,0,0
3718,stephenrong/mutation-paper,github,https://github.com/stephenrong/mutation-paper,https://w3id.org/notebookfair#GitRepositoryResource,0,0,0
3719,elifesciences-publications/data-driven-analysis-lateralline,github,https://github.com/elifesciences-publications/data-driven-analysis-lateralline,https://w3id.org/notebookfair#GitRepositoryResource,14,0,0
3720,WhoIsJack/tissueRipper,github,https://github.com/WhoIsJack/tissueRipper,https://w3id.org/notebookfair#GitRepositoryResource,0,0,0
3721,spyder-ide/spyder,github,https://github.com/spyder-ide/spyder,https://w3id.org/notebookfair#GitRepositoryResource,1,5,0
3722,git/git,github,https://github.com/git/git,https://w3id.org/notebookfair#GitRepositoryResource,0,0,0
3723,FowlerLab/vcs_2019,github,https://github.com/FowlerLab/vcs_2019,https://w3id.org/notebookfair#GitRepositoryResource,6,0,0
3724,Neubias-WG5/SubmitToBiaflows,github,https://github.com/Neubias-WG5/SubmitToBiaflows,https://w3id.org/notebookfair#GitRepositoryResource,0,0,0
3725,Neubias-WG5/neubias-wg5.github.io,github,https://github.com/Neubias-WG5/neubias-wg5.github.io,https://w3id.org/notebookfair#GitRepositoryResource,0,0,0
3726,OpenMendel/MendelIHT.jl,github,https://github.com/OpenMendel/MendelIHT.jl,https://w3id.org/notebookfair#GitRepositoryResource,54,0,0
3727,akg8/MSY-expression,github,https://github.com/akg8/MSY-expression,https://w3id.org/notebookfair#GitRepositoryResource,10,0,0
3728,galaxyproject/galaxy,github,https://github.com/galaxyproject/galaxy,https://w3id.org/notebookfair#GitRepositoryResource,4,1,1
3729,Mangul-Lab-USC/enhancing_reproducibility,github,https://github.com/Mangul-Lab-USC/enhancing_reproducibility,https://w3id.org/notebookfair#GitRepositoryResource,0,0,0
3730,madslupe/hddm,github,https://github.com/madslupe/hddm,https://w3id.org/notebookfair#GitRepositoryResource,6,2,1
3731,words-sdsc/Jupyter_Kepler_Integration,github,https://github.com/words-sdsc/Jupyter_Kepler_Integration,https://w3id.org/notebookfair#GitRepositoryResource,5,1,0
3732,vjcitn/BiocOncoTK,github,https://github.com/vjcitn/BiocOncoTK,https://w3id.org/notebookfair#GitRepositoryResource,0,0,0
3733,MaxRollwage/NatureCommunications,github,https://github.com/MaxRollwage/NatureCommunications,https://w3id.org/notebookfair#GitRepositoryResource,1,0,0
3734,johannesreiter/rootdiversity,github,https://github.com/johannesreiter/rootdiversity,https://w3id.org/notebookfair#GitRepositoryResource,0,0,0
3735,PavlidisLab/markerGeneProfile,github,https://github.com/PavlidisLab/markerGeneProfile,https://w3id.org/notebookfair#GitRepositoryResource,0,0,0
3736,arsoft-company/nextmed,github,https://github.com/arsoft-company/nextmed,https://w3id.org/notebookfair#GitRepositoryResource,0,0,0
3737,PlantandFoodResearch/bioinf_Vitis_Nicotiana_RNAseq,github,https://github.com/PlantandFoodResearch/bioinf_Vitis_Nicotiana_RNAseq,https://w3id.org/notebookfair#GitRepositoryResource,9,0,0
3738,muntisa/neural-networks-for-breast-cancer-proteins,github,https://github.com/muntisa/neural-networks-for-breast-cancer-proteins,https://w3id.org/notebookfair#GitRepositoryResource,4,0,0
3739,dgrun/RaceID3_StemID2,github,https://github.com/dgrun/RaceID3_StemID2,https://w3id.org/notebookfair#GitRepositoryResource,0,0,0
3740,pinellolab/stream,github,https://github.com/pinellolab/stream,https://w3id.org/notebookfair#GitRepositoryResource,16,1,0
3741,KULL-Centre/papers,github,https://github.com/KULL-Centre/papers,https://w3id.org/notebookfair#GitRepositoryResource,62,0,0
3742,SEpapoulis/MTannotation,github,https://github.com/SEpapoulis/MTannotation,https://w3id.org/notebookfair#GitRepositoryResource,1,0,0
3743,Wilhelmlab/Bioinformatics-Training,github,https://github.com/Wilhelmlab/Bioinformatics-Training,https://w3id.org/notebookfair#GitRepositoryResource,0,0,0
3744,LAMPSYORKU/OntarioClimateDataPortal,github,https://github.com/LAMPSYORKU/OntarioClimateDataPortal,https://w3id.org/notebookfair#GitRepositoryResource,12,0,0
3745,SIMEXP/cdip_human_phantom,github,https://github.com/SIMEXP/cdip_human_phantom,https://w3id.org/notebookfair#GitRepositoryResource,4,0,1
3746,SIMEXP/niak,github,https://github.com/SIMEXP/niak,https://w3id.org/notebookfair#GitRepositoryResource,0,0,0
3747,jdtibochab/sensitivityAnalysis,github,https://github.com/jdtibochab/sensitivityAnalysis,https://w3id.org/notebookfair#GitRepositoryResource,1,0,0
3748,SageBoettcher/identityTemplates,github,https://github.com/SageBoettcher/identityTemplates,https://w3id.org/notebookfair#GitRepositoryResource,5,0,0
3749,CellMigStandOrg/ISAcreator-MIACME,github,https://github.com/CellMigStandOrg/ISAcreator-MIACME,https://w3id.org/notebookfair#GitRepositoryResource,0,0,0
3750,isa-tools/isa-api,github,https://github.com/isa-tools/isa-api,https://w3id.org/notebookfair#GitRepositoryResource,21,1,2
3751,CellMigStandOrg/biotracks,github,https://github.com/CellMigStandOrg/biotracks,https://w3id.org/notebookfair#GitRepositoryResource,0,1,1
3752,compomics/cellmissy,github,https://github.com/compomics/cellmissy,https://w3id.org/notebookfair#GitRepositoryResource,0,0,0
3753,CellMigStandOrg/CMSO-datasets,github,https://github.com/CellMigStandOrg/CMSO-datasets,https://w3id.org/notebookfair#GitRepositoryResource,0,0,1
3754,CellMigStandOrg/CMSO-training,github,https://github.com/CellMigStandOrg/CMSO-training,https://w3id.org/notebookfair#GitRepositoryResource,1,0,1
3755,information-artifact-ontology/IAO,github,https://github.com/information-artifact-ontology/IAO,https://w3id.org/notebookfair#GitRepositoryResource,0,0,0
3756,clinfo/kGCN,github,https://github.com/clinfo/kGCN,https://w3id.org/notebookfair#GitRepositoryResource,2,3,3
3757,pfnet-research/chainer-chemistry,github,https://github.com/pfnet-research/chainer-chemistry,https://w3id.org/notebookfair#GitRepositoryResource,2,1,1
3758,Mariewelt/OpenChem,github,https://github.com/Mariewelt/OpenChem,https://w3id.org/notebookfair#GitRepositoryResource,0,1,1
3759,SheffieldML/GPyOpt,github,https://github.com/SheffieldML/GPyOpt,https://w3id.org/notebookfair#GitRepositoryResource,18,1,1
3760,Slicer/SlicerDeveloperToolsForExtensions,github,https://github.com/Slicer/SlicerDeveloperToolsForExtensions,https://w3id.org/notebookfair#GitRepositoryResource,0,0,0
3761,commontk/dcmjs,github,https://github.com/commontk/dcmjs,https://w3id.org/notebookfair#GitRepositoryResource,0,0,0
3762,nrel/nfp,github,https://github.com/nrel/nfp,https://w3id.org/notebookfair#GitRepositoryResource,4,1,1
3763,NREL/alfabet,github,https://github.com/NREL/alfabet,https://w3id.org/notebookfair#GitRepositoryResource,1,1,0
3764,pstjohn/bde_model_methods,github,https://github.com/pstjohn/bde_model_methods,https://w3id.org/notebookfair#GitRepositoryResource,7,0,0
3765,rcuadrat/ocean_resistome,github,https://github.com/rcuadrat/ocean_resistome,https://w3id.org/notebookfair#GitRepositoryResource,2,0,0
3766,mSorok/ResistomeDB,github,https://github.com/mSorok/ResistomeDB,https://w3id.org/notebookfair#GitRepositoryResource,0,0,0
3767,rcuadrat/resistome_dash,github,https://github.com/rcuadrat/resistome_dash,https://w3id.org/notebookfair#GitRepositoryResource,0,0,1
3768,molgor/biospytial,github,https://github.com/molgor/biospytial,https://w3id.org/notebookfair#GitRepositoryResource,3,0,0
3769,broadinstitute/ImagingAMARETTO,github,https://github.com/broadinstitute/ImagingAMARETTO,https://w3id.org/notebookfair#GitRepositoryResource,0,0,0
3770,spiropan/ABA_functional_networks,github,https://github.com/spiropan/ABA_functional_networks,https://w3id.org/notebookfair#GitRepositoryResource,3,0,0
3771,thunder001/Cancer_origin_prediction,github,https://github.com/thunder001/Cancer_origin_prediction,https://w3id.org/notebookfair#GitRepositoryResource,1,0,0
3772,AllenCellModeling/diffusive_distinguishability,github,https://github.com/AllenCellModeling/diffusive_distinguishability,https://w3id.org/notebookfair#GitRepositoryResource,4,1,0
3773,mtogacar/COVID_19,github,https://github.com/mtogacar/COVID_19,https://w3id.org/notebookfair#GitRepositoryResource,6,0,0
3774,yig/imagestack,github,https://github.com/yig/imagestack,https://w3id.org/notebookfair#GitRepositoryResource,0,0,0
3775,KenLauLab/DR-structure-preservation,github,https://github.com/KenLauLab/DR-structure-preservation,https://w3id.org/notebookfair#GitRepositoryResource,20,0,1
3776,rflamary/POT,github,https://github.com/rflamary/POT,https://w3id.org/notebookfair#GitRepositoryResource,0,1,2
3777,theislab/dca,github,https://github.com/theislab/dca,https://w3id.org/notebookfair#GitRepositoryResource,3,1,0
3778,KlugerLab/FIt-SNE,github,https://github.com/KlugerLab/FIt-SNE,https://w3id.org/notebookfair#GitRepositoryResource,1,0,0
3779,epierson9/ZIFA,github,https://github.com/epierson9/ZIFA,https://w3id.org/notebookfair#GitRepositoryResource,0,1,0
3780,BatzoglouLabSU/SIMLR,github,https://github.com/BatzoglouLabSU/SIMLR,https://w3id.org/notebookfair#GitRepositoryResource,0,0,0
3781,willtownes/scrna2019,github,https://github.com/willtownes/scrna2019,https://w3id.org/notebookfair#GitRepositoryResource,0,0,0
3782,MaxVidgof/cherry-picker,github,https://github.com/MaxVidgof/cherry-picker,https://w3id.org/notebookfair#GitRepositoryResource,2,0,0
3783,croningp/clusterautocatalyticsets,github,https://github.com/croningp/clusterautocatalyticsets,https://w3id.org/notebookfair#GitRepositoryResource,0,0,0
3784,mcapuccini/MaRe,github,https://github.com/mcapuccini/MaRe,https://w3id.org/notebookfair#GitRepositoryResource,0,0,0
3785,opencontainers/runtime-spec,github,https://github.com/opencontainers/runtime-spec,https://w3id.org/notebookfair#GitRepositoryResource,0,0,0
3786,mcapuccini/mare-benchmarks,github,https://github.com/mcapuccini/mare-benchmarks,https://w3id.org/notebookfair#GitRepositoryResource,0,0,0
3787,mcapuccini/terraform-openstack-spark,github,https://github.com/mcapuccini/terraform-openstack-spark,https://w3id.org/notebookfair#GitRepositoryResource,0,0,0
3788,HSE-LAMBDA/sango,github,https://github.com/HSE-LAMBDA/sango,https://w3id.org/notebookfair#GitRepositoryResource,0,0,0
3789,openai/baselines,github,https://github.com/openai/baselines,https://w3id.org/notebookfair#GitRepositoryResource,1,1,0
3790,hill-a/stable-baselines,github,https://github.com/hill-a/stable-baselines,https://w3id.org/notebookfair#GitRepositoryResource,0,1,1
3791,catalyst-team/catalyst,github,https://github.com/catalyst-team/catalyst,https://w3id.org/notebookfair#GitRepositoryResource,8,1,3
3792,eriklindernoren/Keras-GAN,github,https://github.com/eriklindernoren/Keras-GAN,https://w3id.org/notebookfair#GitRepositoryResource,0,0,1
3793,larocs/EMG-GAN,github,https://github.com/larocs/EMG-GAN,https://w3id.org/notebookfair#GitRepositoryResource,0,0,1
3794,misgod/fast-neural-style-keras,github,https://github.com/misgod/fast-neural-style-keras,https://w3id.org/notebookfair#GitRepositoryResource,0,0,0
3795,AnnaBonkhoff/DFNC_Stroke,github,https://github.com/AnnaBonkhoff/DFNC_Stroke,https://w3id.org/notebookfair#GitRepositoryResource,7,0,0
3796,woutdenolf/spectrocrunch,github,https://github.com/woutdenolf/spectrocrunch,https://w3id.org/notebookfair#GitRepositoryResource,10,1,1
3797,silx-kit/silx,github,https://github.com/silx-kit/silx,https://w3id.org/notebookfair#GitRepositoryResource,3,1,1
3798,alessaan/rhapsody-in-blue,github,https://github.com/alessaan/rhapsody-in-blue,https://w3id.org/notebookfair#GitRepositoryResource,19,0,1
3799,josiahseaman/FluentDNA,github,https://github.com/josiahseaman/FluentDNA,https://w3id.org/notebookfair#GitRepositoryResource,6,1,0
3800,letoram/senseye,github,https://github.com/letoram/senseye,https://w3id.org/notebookfair#GitRepositoryResource,0,0,0
3801,shenlab-ucsf/SMART-Q,github,https://github.com/shenlab-ucsf/SMART-Q,https://w3id.org/notebookfair#GitRepositoryResource,40,81,1
3802,raghakot/keras-vis,github,https://github.com/raghakot/keras-vis,https://w3id.org/notebookfair#GitRepositoryResource,6,1,0
3803,qiime2/paper2,github,https://github.com/qiime2/paper2,https://w3id.org/notebookfair#GitRepositoryResource,2,0,0
3804,BenKaehler/readytowear,github,https://github.com/BenKaehler/readytowear,https://w3id.org/notebookfair#GitRepositoryResource,0,0,0
3805,biocore/songbird,github,https://github.com/biocore/songbird,https://w3id.org/notebookfair#GitRepositoryResource,0,1,0
3806,cozygene/FEAST,github,https://github.com/cozygene/FEAST,https://w3id.org/notebookfair#GitRepositoryResource,0,0,0
3807,biocore/qurro,github,https://github.com/biocore/qurro,https://w3id.org/notebookfair#GitRepositoryResource,7,1,0
3808,vega/vega-embed,github,https://github.com/vega/vega-embed,https://w3id.org/notebookfair#GitRepositoryResource,0,0,0
3809,knightlab-analyses/qurro-mackerel-analysis,github,https://github.com/knightlab-analyses/qurro-mackerel-analysis,https://w3id.org/notebookfair#GitRepositoryResource,3,0,0
3810,Emergent-Behaviors-in-Biology/covid19,github,https://github.com/Emergent-Behaviors-in-Biology/covid19,https://w3id.org/notebookfair#GitRepositoryResource,2,0,0
3811,ncbi-nlp/BioConceptVec,github,https://github.com/ncbi-nlp/BioConceptVec,https://w3id.org/notebookfair#GitRepositoryResource,1,0,0
3812,ncbi-nlp/BioSentVec,github,https://github.com/ncbi-nlp/BioSentVec,https://w3id.org/notebookfair#GitRepositoryResource,1,0,1
3813,clinicalml/embeddings,github,https://github.com/clinicalml/embeddings,https://w3id.org/notebookfair#GitRepositoryResource,1,0,0
3814,eliteodorescu/ODYN,github,https://github.com/eliteodorescu/ODYN,https://w3id.org/notebookfair#GitRepositoryResource,2,0,0
3815,jdnklau/prob-backend-analysis,github,https://github.com/jdnklau/prob-backend-analysis,https://w3id.org/notebookfair#GitRepositoryResource,6,0,0
3816,merlebehr/treeSeg,github,https://github.com/merlebehr/treeSeg,https://w3id.org/notebookfair#GitRepositoryResource,1,0,0
3817,Guindillator/Certainty,github,https://github.com/Guindillator/Certainty,https://w3id.org/notebookfair#GitRepositoryResource,4,0,0
3818,dabrze/pdb_structure_quality,github,https://github.com/dabrze/pdb_structure_quality,https://w3id.org/notebookfair#GitRepositoryResource,2,0,1
3819,brianbeliveau/OligoMiner,github,https://github.com/brianbeliveau/OligoMiner,https://w3id.org/notebookfair#GitRepositoryResource,0,0,0
3820,beliveau-lab/OligoMiner,github,https://github.com/beliveau-lab/OligoMiner,https://w3id.org/notebookfair#GitRepositoryResource,0,0,0
3821,Robaina/fluxOrders,github,https://github.com/Robaina/fluxOrders,https://w3id.org/notebookfair#GitRepositoryResource,1,0,1
3822,brsynth/active_learning_cell_free,github,https://github.com/brsynth/active_learning_cell_free,https://w3id.org/notebookfair#GitRepositoryResource,39,0,0
3823,tanlabcode/scATAC-pro,github,https://github.com/tanlabcode/scATAC-pro,https://w3id.org/notebookfair#GitRepositoryResource,0,0,0
3824,tanlabcode/scATAC-pro_paper,github,https://github.com/tanlabcode/scATAC-pro_paper,https://w3id.org/notebookfair#GitRepositoryResource,0,0,0
3825,tqiaowen/LSTrAP-Cloud,github,https://github.com/tqiaowen/LSTrAP-Cloud,https://w3id.org/notebookfair#GitRepositoryResource,4,0,0
3826,mjenior/riptide,github,https://github.com/mjenior/riptide,https://w3id.org/notebookfair#GitRepositoryResource,0,0,0
3827,symengine/symengine,github,https://github.com/symengine/symengine,https://w3id.org/notebookfair#GitRepositoryResource,0,0,0
3828,jensenlab/gapsplit,github,https://github.com/jensenlab/gapsplit,https://w3id.org/notebookfair#GitRepositoryResource,0,0,0
3829,csbl/Jenior_RIPTiDe_2020,github,https://github.com/csbl/Jenior_RIPTiDe_2020,https://w3id.org/notebookfair#GitRepositoryResource,2,0,0
3830,SchlossLab/Jenior_Metatranscriptomics_mSphere_2018,github,https://github.com/SchlossLab/Jenior_Metatranscriptomics_mSphere_2018,https://w3id.org/notebookfair#GitRepositoryResource,0,0,0
3831,Cartucho/mAP,github,https://github.com/Cartucho/mAP,https://w3id.org/notebookfair#GitRepositoryResource,0,0,0
3832,dtscalibration/python-dts-calibration,github,https://github.com/dtscalibration/python-dts-calibration,https://w3id.org/notebookfair#GitRepositoryResource,19,1,1
3833,hbldh/pyefd,github,https://github.com/hbldh/pyefd,https://w3id.org/notebookfair#GitRepositoryResource,0,1,1
3834,totti0223/crop_seed_instance_segmentation,github,https://github.com/totti0223/crop_seed_instance_segmentation,https://w3id.org/notebookfair#GitRepositoryResource,2,0,0
3835,natverse/nat.examples,github,https://github.com/natverse/nat.examples,https://w3id.org/notebookfair#GitRepositoryResource,1,0,0
3836,schlegelp/navis,github,https://github.com/schlegelp/navis,https://w3id.org/notebookfair#GitRepositoryResource,25,1,3
3837,schlegelp/pyMaid,github,https://github.com/schlegelp/pyMaid,https://w3id.org/notebookfair#GitRepositoryResource,13,1,3
3838,connectome-neuprint/neuPrint,github,https://github.com/connectome-neuprint/neuPrint,https://w3id.org/notebookfair#GitRepositoryResource,0,0,0
3839,jefferislab/MakeAverageBrain,github,https://github.com/jefferislab/MakeAverageBrain,https://w3id.org/notebookfair#GitRepositoryResource,0,0,0
3840,lima1/PureCN,github,https://github.com/lima1/PureCN,https://w3id.org/notebookfair#GitRepositoryResource,0,0,0
3841,shbrief/CNVWorkflow_Code,github,https://github.com/shbrief/CNVWorkflow_Code,https://w3id.org/notebookfair#GitRepositoryResource,0,0,0
3842,laurentperrinet/PasturelMontagniniPerrinet2020,github,https://github.com/laurentperrinet/PasturelMontagniniPerrinet2020,https://w3id.org/notebookfair#GitRepositoryResource,0,0,0
3843,chloepasturel/AnticipatorySPEM,github,https://github.com/chloepasturel/AnticipatorySPEM,https://w3id.org/notebookfair#GitRepositoryResource,10,0,0
3844,invibe/ANEMO,github,https://github.com/invibe/ANEMO,https://w3id.org/notebookfair#GitRepositoryResource,115,1,0
3845,SuLab/ngly1-graph,github,https://github.com/SuLab/ngly1-graph,https://w3id.org/notebookfair#GitRepositoryResource,15,0,0
3846,SuLab/bioknowledge-reviewer,github,https://github.com/SuLab/bioknowledge-reviewer,https://w3id.org/notebookfair#GitRepositoryResource,1,1,1
3847,NuriaQueralt/bioknowledge-reviewer,github,https://github.com/NuriaQueralt/bioknowledge-reviewer,https://w3id.org/notebookfair#GitRepositoryResource,1,1,1
3848,slowkow/tftargets,github,https://github.com/slowkow/tftargets,https://w3id.org/notebookfair#GitRepositoryResource,0,0,0
3849,jpfeil/hydra-paper,github,https://github.com/jpfeil/hydra-paper,https://w3id.org/notebookfair#GitRepositoryResource,30,0,0
3850,jpfeil/hydra,github,https://github.com/jpfeil/hydra,https://w3id.org/notebookfair#GitRepositoryResource,7,4,2
3851,Team-Schwessinger/DK_0911-1,github,https://github.com/Team-Schwessinger/DK_0911-1,https://w3id.org/notebookfair#GitRepositoryResource,39,0,0
3852,biocore/scikit-bio,github,https://github.com/biocore/scikit-bio,https://w3id.org/notebookfair#GitRepositoryResource,0,1,0
3853,bassio/omicexperiment,github,https://github.com/bassio/omicexperiment,https://w3id.org/notebookfair#GitRepositoryResource,9,1,1
3854,rentzi/netRewireAnalyze,github,https://github.com/rentzi/netRewireAnalyze,https://w3id.org/notebookfair#GitRepositoryResource,2,0,0
3855,ccdmb/BioDendro,github,https://github.com/ccdmb/BioDendro,https://w3id.org/notebookfair#GitRepositoryResource,2,1,0
3856,EBI-COMMUNITY/compare-amr,github,https://github.com/EBI-COMMUNITY/compare-amr,https://w3id.org/notebookfair#GitRepositoryResource,1,0,0
3857,enasequence/ena-ftp-downloader,github,https://github.com/enasequence/ena-ftp-downloader,https://w3id.org/notebookfair#GitRepositoryResource,0,0,0
3858,MolSSI/CoVMME,github,https://github.com/MolSSI/CoVMME,https://w3id.org/notebookfair#GitRepositoryResource,0,0,0
3859,foldingathome/covid-moonshot,github,https://github.com/foldingathome/covid-moonshot,https://w3id.org/notebookfair#GitRepositoryResource,0,0,0
3860,tscquizzato/ICU-Noise-Levels-Apple-Watch,github,https://github.com/tscquizzato/ICU-Noise-Levels-Apple-Watch,https://w3id.org/notebookfair#GitRepositoryResource,1,0,0
3861,srp33/ShinyLearner,github,https://github.com/srp33/ShinyLearner,https://w3id.org/notebookfair#GitRepositoryResource,3,0,0
3862,ohsu-comp-bio/g2p-aggregator,github,https://github.com/ohsu-comp-bio/g2p-aggregator,https://w3id.org/notebookfair#GitRepositoryResource,6,0,4
3863,DiseaseOntology/HumanDiseaseOntology,github,https://github.com/DiseaseOntology/HumanDiseaseOntology,https://w3id.org/notebookfair#GitRepositoryResource,0,0,0
3864,ahwagner/vicckb,github,https://github.com/ahwagner/vicckb,https://w3id.org/notebookfair#GitRepositoryResource,1,0,1
3865,barberislab/Autonomous_Minimal_Cell_Cycle_Oscillator,github,https://github.com/barberislab/Autonomous_Minimal_Cell_Cycle_Oscillator,https://w3id.org/notebookfair#GitRepositoryResource,8,0,0
3866,AHartmaier/pyLabFEA,github,https://github.com/AHartmaier/pyLabFEA,https://w3id.org/notebookfair#GitRepositoryResource,9,1,0
3867,thomasmaxwellnorman/Perturbseq_GI,github,https://github.com/thomasmaxwellnorman/Perturbseq_GI,https://w3id.org/notebookfair#GitRepositoryResource,12,0,0
3868,josephreplogle/target_enrichment,github,https://github.com/josephreplogle/target_enrichment,https://w3id.org/notebookfair#GitRepositoryResource,2,0,0
3869,BUStools/BUS_notebooks_python,github,https://github.com/BUStools/BUS_notebooks_python,https://w3id.org/notebookfair#GitRepositoryResource,13,0,0
3870,BUStools/getting_started,github,https://github.com/BUStools/getting_started,https://w3id.org/notebookfair#GitRepositoryResource,5,0,0
3871,pachterlab/MBGBLHGP_2019,github,https://github.com/pachterlab/MBGBLHGP_2019,https://w3id.org/notebookfair#GitRepositoryResource,29,0,0
3872,yhdu36/aligner,github,https://github.com/yhdu36/aligner,https://w3id.org/notebookfair#GitRepositoryResource,0,0,0
3873,sriramsrikant/2020-CB_ABC-selectivity,github,https://github.com/sriramsrikant/2020-CB_ABC-selectivity,https://w3id.org/notebookfair#GitRepositoryResource,5,0,0
3874,josedolz/HyperDenseNet,github,https://github.com/josedolz/HyperDenseNet,https://w3id.org/notebookfair#GitRepositoryResource,0,0,0
3875,josedolz/LiviaNET,github,https://github.com/josedolz/LiviaNET,https://w3id.org/notebookfair#GitRepositoryResource,0,0,0
3876,spoonsso/snell_tool,github,https://github.com/spoonsso/snell_tool,https://w3id.org/notebookfair#GitRepositoryResource,4,1,0
3877,MaxMeta/MH_project_data,github,https://github.com/MaxMeta/MH_project_data,https://w3id.org/notebookfair#GitRepositoryResource,0,0,0
3878,lintool/IR-Reproducibility,github,https://github.com/lintool/IR-Reproducibility,https://w3id.org/notebookfair#GitRepositoryResource,0,0,0
3879,lintool/IR-Reproducibility2,github,https://github.com/lintool/IR-Reproducibility2,https://w3id.org/notebookfair#GitRepositoryResource,0,0,0
3880,Emergent-Behaviors-in-Biology/community-simulator,github,https://github.com/Emergent-Behaviors-in-Biology/community-simulator,https://w3id.org/notebookfair#GitRepositoryResource,1,1,0
3881,Raj-Lab-UCSF/spectrome,github,https://github.com/Raj-Lab-UCSF/spectrome,https://w3id.org/notebookfair#GitRepositoryResource,4,0,0
3882,ekatrukha/KymoResliceWide,github,https://github.com/ekatrukha/KymoResliceWide,https://w3id.org/notebookfair#GitRepositoryResource,0,0,0
3883,RuddiRodriguez/Spreading,github,https://github.com/RuddiRodriguez/Spreading,https://w3id.org/notebookfair#GitRepositoryResource,0,0,0
3884,RuddiRodriguez/programnnn,github,https://github.com/RuddiRodriguez/programnnn,https://w3id.org/notebookfair#GitRepositoryResource,0,0,0
3885,RuddiRodriguez/Spreading_membrane-MT_reaction_inside_EB,github,https://github.com/RuddiRodriguez/Spreading_membrane-MT_reaction_inside_EB,https://w3id.org/notebookfair#GitRepositoryResource,0,0,0
3886,ensakz/gem_methylosinus_trichosporium,github,https://github.com/ensakz/gem_methylosinus_trichosporium,https://w3id.org/notebookfair#GitRepositoryResource,8,0,0
3887,griffithlab/civicpy,github,https://github.com/griffithlab/civicpy,https://w3id.org/notebookfair#GitRepositoryResource,2,1,1
3888,hgage/G4s-across-Plasmodium-evolution,github,https://github.com/hgage/G4s-across-Plasmodium-evolution,https://w3id.org/notebookfair#GitRepositoryResource,2,0,0
3889,pachterlab/SGYP_2019,github,https://github.com/pachterlab/SGYP_2019,https://w3id.org/notebookfair#GitRepositoryResource,12,0,0
3890,jakobrunge/tigramite,github,https://github.com/jakobrunge/tigramite,https://w3id.org/notebookfair#GitRepositoryResource,17,1,0
3891,peernow/CME_NCOMMS_2020,github,https://github.com/peernow/CME_NCOMMS_2020,https://w3id.org/notebookfair#GitRepositoryResource,0,0,0
3892,marliekevk/Integrating-Memories,github,https://github.com/marliekevk/Integrating-Memories,https://w3id.org/notebookfair#GitRepositoryResource,3,0,0
3893,noemiandor/cloneid,github,https://github.com/noemiandor/cloneid,https://w3id.org/notebookfair#GitRepositoryResource,1,0,0
3894,nate-d-olson/mgtst_pipelines,github,https://github.com/nate-d-olson/mgtst_pipelines,https://w3id.org/notebookfair#GitRepositoryResource,0,0,0
3895,nate-d-olson/abundance_assessment,github,https://github.com/nate-d-olson/abundance_assessment,https://w3id.org/notebookfair#GitRepositoryResource,0,0,0
3896,labbcb/Rqc,github,https://github.com/labbcb/Rqc,https://w3id.org/notebookfair#GitRepositoryResource,0,0,0
3897,biocore/mmvec,github,https://github.com/biocore/mmvec,https://w3id.org/notebookfair#GitRepositoryResource,2,1,0
3898,ryanmax/wiki-citation-usage,github,https://github.com/ryanmax/wiki-citation-usage,https://w3id.org/notebookfair#GitRepositoryResource,22,0,0
3899,elifesciences-publications/wiki-citation-usage,github,https://github.com/elifesciences-publications/wiki-citation-usage,https://w3id.org/notebookfair#GitRepositoryResource,22,0,0
3900,vogt-m/ccbmlib,github,https://github.com/vogt-m/ccbmlib,https://w3id.org/notebookfair#GitRepositoryResource,1,1,0
3901,rutishauserlab/recogmem-release-NWB,github,https://github.com/rutishauserlab/recogmem-release-NWB,https://w3id.org/notebookfair#GitRepositoryResource,3,1,0
3902,blondegeek/ferroelectric_search_site,github,https://github.com/blondegeek/ferroelectric_search_site,https://w3id.org/notebookfair#GitRepositoryResource,3,0,0
3903,yuifu/millefy,github,https://github.com/yuifu/millefy,https://w3id.org/notebookfair#GitRepositoryResource,0,0,0
3904,jupyter/docker-stacks,github,https://github.com/jupyter/docker-stacks,https://w3id.org/notebookfair#GitRepositoryResource,7,1,1
3905,bgq527/ColorNet,github,https://github.com/bgq527/ColorNet,https://w3id.org/notebookfair#GitRepositoryResource,1,0,1
3906,lmdu/pyfastx,github,https://github.com/lmdu/pyfastx,https://w3id.org/notebookfair#GitRepositoryResource,0,1,1
3907,sanger-pathogens/Fastaq,github,https://github.com/sanger-pathogens/Fastaq,https://w3id.org/notebookfair#GitRepositoryResource,0,1,0
3908,brentp/pyfasta,github,https://github.com/brentp/pyfasta,https://w3id.org/notebookfair#GitRepositoryResource,0,1,0
3909,ericvsmith/dataclasses,github,https://github.com/ericvsmith/dataclasses,https://w3id.org/notebookfair#GitRepositoryResource,0,1,0
3910,mccall-lab-OU/soils,github,https://github.com/mccall-lab-OU/soils,https://w3id.org/notebookfair#GitRepositoryResource,1,0,0
3911,pangeo-data/pangeo-datastore,github,https://github.com/pangeo-data/pangeo-datastore,https://w3id.org/notebookfair#GitRepositoryResource,0,0,2
3912,danforthcenter/quinoa-heat-tovar,github,https://github.com/danforthcenter/quinoa-heat-tovar,https://w3id.org/notebookfair#GitRepositoryResource,2,0,0
3913,Xqua/Genomes,github,https://github.com/Xqua/Genomes,https://w3id.org/notebookfair#GitRepositoryResource,0,0,0
3914,Xqua/Iterative-HMMER,github,https://github.com/Xqua/Iterative-HMMER,https://w3id.org/notebookfair#GitRepositoryResource,0,0,0
3915,extavourlab/Oskar_HGT,github,https://github.com/extavourlab/Oskar_HGT,https://w3id.org/notebookfair#GitRepositoryResource,2,0,0
3916,elifesciences-publications/Oskar_HGT,github,https://github.com/elifesciences-publications/Oskar_HGT,https://w3id.org/notebookfair#GitRepositoryResource,2,0,0
3917,Emergent-Behaviors-in-Biology/microbiome-patterns,github,https://github.com/Emergent-Behaviors-in-Biology/microbiome-patterns,https://w3id.org/notebookfair#GitRepositoryResource,1,0,0
3918,PeterUlz/FocalAmplifications,github,https://github.com/PeterUlz/FocalAmplifications,https://w3id.org/notebookfair#GitRepositoryResource,3,0,0
3919,jbloomlab/HIV_Env_macaque_receptor_DMS,github,https://github.com/jbloomlab/HIV_Env_macaque_receptor_DMS,https://w3id.org/notebookfair#GitRepositoryResource,1,0,0
3920,CameronTEllis/fmrisim_validation_application,github,https://github.com/CameronTEllis/fmrisim_validation_application,https://w3id.org/notebookfair#GitRepositoryResource,2,0,0
3921,illdopejake/Hippocampus_AP_Axis,github,https://github.com/illdopejake/Hippocampus_AP_Axis,https://w3id.org/notebookfair#GitRepositoryResource,8,0,0
3922,marcotcr/lime,github,https://github.com/marcotcr/lime,https://w3id.org/notebookfair#GitRepositoryResource,13,1,0
3923,caimiao0714/TrafficSafetyReviewRmarkdown,github,https://github.com/caimiao0714/TrafficSafetyReviewRmarkdown,https://w3id.org/notebookfair#GitRepositoryResource,0,0,0
3924,pachterlab/GSP_2019,github,https://github.com/pachterlab/GSP_2019,https://w3id.org/notebookfair#GitRepositoryResource,7,0,0
3925,xuesoso/singleToxoplasmaSeq,github,https://github.com/xuesoso/singleToxoplasmaSeq,https://w3id.org/notebookfair#GitRepositoryResource,1,0,1
3926,simon-anders/htseq,github,https://github.com/simon-anders/htseq,https://w3id.org/notebookfair#GitRepositoryResource,0,1,1
3927,iosonofabio/bag_of_stars,github,https://github.com/iosonofabio/bag_of_stars,https://w3id.org/notebookfair#GitRepositoryResource,0,0,0
3928,xuesoso/bag_of_velocyto,github,https://github.com/xuesoso/bag_of_velocyto,https://w3id.org/notebookfair#GitRepositoryResource,0,0,0
3929,elifesciences-publications/singleToxoplasmaSeq,github,https://github.com/elifesciences-publications/singleToxoplasmaSeq,https://w3id.org/notebookfair#GitRepositoryResource,1,0,1
3930,caimiao0714/optimization_stats_case_study,github,https://github.com/caimiao0714/optimization_stats_case_study,https://w3id.org/notebookfair#GitRepositoryResource,3,0,0
3931,rladurner/STAG1,github,https://github.com/rladurner/STAG1,https://w3id.org/notebookfair#GitRepositoryResource,1,0,0
3932,elifesciences-publications/STAG1,github,https://github.com/elifesciences-publications/STAG1,https://w3id.org/notebookfair#GitRepositoryResource,1,0,0
3933,yael-hzn/Nematostella-viruses-project,github,https://github.com/yael-hzn/Nematostella-viruses-project,https://w3id.org/notebookfair#GitRepositoryResource,2,0,0
3934,dtward/image_lddmm_tensorflow,github,https://github.com/dtward/image_lddmm_tensorflow,https://w3id.org/notebookfair#GitRepositoryResource,7,0,0
3935,Borda/BIRL,github,https://github.com/Borda/BIRL,https://w3id.org/notebookfair#GitRepositoryResource,4,1,4
3936,armaneshaghi/LesionFilling_example,github,https://github.com/armaneshaghi/LesionFilling_example,https://w3id.org/notebookfair#GitRepositoryResource,0,0,0
3937,StrokaLab/JAnaP,github,https://github.com/StrokaLab/JAnaP,https://w3id.org/notebookfair#GitRepositoryResource,1,0,1
3938,biocore/qiime,github,https://github.com/biocore/qiime,https://w3id.org/notebookfair#GitRepositoryResource,3,1,0
3939,lvdmaaten/bhtsne,github,https://github.com/lvdmaaten/bhtsne,https://w3id.org/notebookfair#GitRepositoryResource,0,0,0
3940,cBioPortal/datahub,github,https://github.com/cBioPortal/datahub,https://w3id.org/notebookfair#GitRepositoryResource,0,0,1
3941,dpeerlab/lung-development-cancer-progression,github,https://github.com/dpeerlab/lung-development-cancer-progression,https://w3id.org/notebookfair#GitRepositoryResource,1,0,1
3942,ambrosejcarr/seqc,github,https://github.com/ambrosejcarr/seqc,https://w3id.org/notebookfair#GitRepositoryResource,0,1,0
3943,dpeerlab/magic,github,https://github.com/dpeerlab/magic,https://w3id.org/notebookfair#GitRepositoryResource,2,1,0
3944,miguelperezenciso/SeqBreed,github,https://github.com/miguelperezenciso/SeqBreed,https://w3id.org/notebookfair#GitRepositoryResource,3,0,1
3945,danielriosgarza/bacterial_passengers.py,github,https://github.com/danielriosgarza/bacterial_passengers.py,https://w3id.org/notebookfair#GitRepositoryResource,0,0,0
3946,FePhyFoFum/sortadate,github,https://github.com/FePhyFoFum/sortadate,https://w3id.org/notebookfair#GitRepositoryResource,0,0,0
3947,mossmatters/HybPiper,github,https://github.com/mossmatters/HybPiper,https://w3id.org/notebookfair#GitRepositoryResource,0,1,0
3948,multi-template-matching/MultiTemplateMatching-Fiji,github,https://github.com/multi-template-matching/MultiTemplateMatching-Fiji,https://w3id.org/notebookfair#GitRepositoryResource,0,0,0
3949,habi/zebra-fish-gills,github,https://github.com/habi/zebra-fish-gills,https://w3id.org/notebookfair#GitRepositoryResource,2,0,1
3950,Albabune/Ruaud_EsquivelElizondo,github,https://github.com/Albabune/Ruaud_EsquivelElizondo,https://w3id.org/notebookfair#GitRepositoryResource,6,0,0
3951,ntua-unit-of-control-and-informatics/SPIONs,github,https://github.com/ntua-unit-of-control-and-informatics/SPIONs,https://w3id.org/notebookfair#GitRepositoryResource,5,0,0
3952,rhmills/Germ-free-organ-proteomics,github,https://github.com/rhmills/Germ-free-organ-proteomics,https://w3id.org/notebookfair#GitRepositoryResource,2,0,0
3953,Gorbalenya-Lab/hh-suite-notebooks,github,https://github.com/Gorbalenya-Lab/hh-suite-notebooks,https://w3id.org/notebookfair#GitRepositoryResource,2,0,1
3954,XPRESSyourself/xpressyourself_manuscript,github,https://github.com/XPRESSyourself/xpressyourself_manuscript,https://w3id.org/notebookfair#GitRepositoryResource,1,0,0
3955,JokingHero/ORFik,github,https://github.com/JokingHero/ORFik,https://w3id.org/notebookfair#GitRepositoryResource,0,0,0
3956,protonzilla/Delta_Psi_Py,github,https://github.com/protonzilla/Delta_Psi_Py,https://w3id.org/notebookfair#GitRepositoryResource,4,1,0
3957,eProsima/Fast-RTPS,github,https://github.com/eProsima/Fast-RTPS,https://w3id.org/notebookfair#GitRepositoryResource,0,0,0
3958,AZcompTox/AZOrange,github,https://github.com/AZcompTox/AZOrange,https://w3id.org/notebookfair#GitRepositoryResource,0,1,0
3959,cambDI/camb,github,https://github.com/cambDI/camb,https://w3id.org/notebookfair#GitRepositoryResource,0,0,0
3960,enanomapper/RRegrs,github,https://github.com/enanomapper/RRegrs,https://w3id.org/notebookfair#GitRepositoryResource,0,0,0
3961,scipy-conference/scipy2013_talks,github,https://github.com/scipy-conference/scipy2013_talks,https://w3id.org/notebookfair#GitRepositoryResource,6,0,0
3962,rdkit/rdkit-tutorials,github,https://github.com/rdkit/rdkit-tutorials,https://w3id.org/notebookfair#GitRepositoryResource,7,0,0
3963,sriniker/TDT-tutorial-2014,github,https://github.com/sriniker/TDT-tutorial-2014,https://w3id.org/notebookfair#GitRepositoryResource,1,0,0
3964,CollinJ0/omnirat_paper,github,https://github.com/CollinJ0/omnirat_paper,https://w3id.org/notebookfair#GitRepositoryResource,4,0,0
3965,briney/abstar,github,https://github.com/briney/abstar,https://w3id.org/notebookfair#GitRepositoryResource,0,1,1
3966,Mangul-Lab-USC/telescope,github,https://github.com/Mangul-Lab-USC/telescope,https://w3id.org/notebookfair#GitRepositoryResource,0,1,0
3967,HPCNow/PHPQstat,github,https://github.com/HPCNow/PHPQstat,https://w3id.org/notebookfair#GitRepositoryResource,0,0,0
3968,Cyberdefence-Lab-Murcia/ReCAN,github,https://github.com/Cyberdefence-Lab-Murcia/ReCAN,https://w3id.org/notebookfair#GitRepositoryResource,2,0,0
3969,linux-can/can-utils,github,https://github.com/linux-can/can-utils,https://w3id.org/notebookfair#GitRepositoryResource,0,0,0
3970,jaredthecoder/awesome-vehicle-security,github,https://github.com/jaredthecoder/awesome-vehicle-security,https://w3id.org/notebookfair#GitRepositoryResource,0,0,0
3971,gregmedlock/Medusa,github,https://github.com/gregmedlock/Medusa,https://w3id.org/notebookfair#GitRepositoryResource,13,1,2
3972,gregmedlock/ssl_ensembles,github,https://github.com/gregmedlock/ssl_ensembles,https://w3id.org/notebookfair#GitRepositoryResource,10,0,0
3973,CIMCB/cimcb,github,https://github.com/CIMCB/cimcb,https://w3id.org/notebookfair#GitRepositoryResource,0,1,0
3974,CIMCB/MetabProjectionViz,github,https://github.com/CIMCB/MetabProjectionViz,https://w3id.org/notebookfair#GitRepositoryResource,4,0,0
3975,c-w/gutenberg,github,https://github.com/c-w/gutenberg,https://w3id.org/notebookfair#GitRepositoryResource,0,1,0
3976,pgcorpus/gutenberg,github,https://github.com/pgcorpus/gutenberg,https://w3id.org/notebookfair#GitRepositoryResource,0,0,1
3977,pgcorpus/gutenberg-analysis,github,https://github.com/pgcorpus/gutenberg-analysis,https://w3id.org/notebookfair#GitRepositoryResource,27,0,0
3978,DrubinBarnes/Akamatsu_CME_manuscript,github,https://github.com/DrubinBarnes/Akamatsu_CME_manuscript,https://w3id.org/notebookfair#GitRepositoryResource,5,0,0
3979,elifesciences-publications/Akamatsu_CME_manuscript,github,https://github.com/elifesciences-publications/Akamatsu_CME_manuscript,https://w3id.org/notebookfair#GitRepositoryResource,5,0,0
3980,DessimozLab/f1000_OmaPrimer,github,https://github.com/DessimozLab/f1000_OmaPrimer,https://w3id.org/notebookfair#GitRepositoryResource,1,0,0
3981,DessimozLab/OmaStandalone,github,https://github.com/DessimozLab/OmaStandalone,https://w3id.org/notebookfair#GitRepositoryResource,0,0,0
3982,nextstrain/fauna,github,https://github.com/nextstrain/fauna,https://w3id.org/notebookfair#GitRepositoryResource,0,0,1
3983,HaxbyLab/raiders_data,github,https://github.com/HaxbyLab/raiders_data,https://w3id.org/notebookfair#GitRepositoryResource,1,0,0
3984,brainiak/brainiak-tutorials,github,https://github.com/brainiak/brainiak-tutorials,https://w3id.org/notebookfair#GitRepositoryResource,15,0,1
3985,wdecoster/read_length_SV_discovery,github,https://github.com/wdecoster/read_length_SV_discovery,https://w3id.org/notebookfair#GitRepositoryResource,2,0,0
3986,sbebo/joypy,github,https://github.com/sbebo/joypy,https://w3id.org/notebookfair#GitRepositoryResource,1,1,0
3987,ebmdatalab/openprescribing,github,https://github.com/ebmdatalab/openprescribing,https://w3id.org/notebookfair#GitRepositoryResource,1,0,1
3988,ebmdatalab/price-per-dose,github,https://github.com/ebmdatalab/price-per-dose,https://w3id.org/notebookfair#GitRepositoryResource,5,0,1
3989,Healthink/PIC,github,https://github.com/Healthink/PIC,https://w3id.org/notebookfair#GitRepositoryResource,3,0,0
3990,Huitzilo/glomcentric_code,github,https://github.com/Huitzilo/glomcentric_code,https://w3id.org/notebookfair#GitRepositoryResource,13,0,0
3991,simonvalentin/wmdecoding,github,https://github.com/simonvalentin/wmdecoding,https://w3id.org/notebookfair#GitRepositoryResource,5,0,0
3992,LewisLabUCSD/MammalianSecretoryRecon,github,https://github.com/LewisLabUCSD/MammalianSecretoryRecon,https://w3id.org/notebookfair#GitRepositoryResource,6,0,0
3993,ncbi/JUDI,github,https://github.com/ncbi/JUDI,https://w3id.org/notebookfair#GitRepositoryResource,0,1,1
3994,DeniseCaiLab/minian,github,https://github.com/DeniseCaiLab/minian,https://w3id.org/notebookfair#GitRepositoryResource,2,1,0
3995,enasequence/webin-cli,github,https://github.com/enasequence/webin-cli,https://w3id.org/notebookfair#GitRepositoryResource,0,0,0
3996,wholeGenomeSequencingAnalysisPipeline/BacPipe,github,https://github.com/wholeGenomeSequencingAnalysisPipeline/BacPipe,https://w3id.org/notebookfair#GitRepositoryResource,0,3,1
3997,EBI-COMMUNITY/fli-RIEMS,github,https://github.com/EBI-COMMUNITY/fli-RIEMS,https://w3id.org/notebookfair#GitRepositoryResource,0,0,0
3998,EBI-COMMUNITY/ebi-parasite,github,https://github.com/EBI-COMMUNITY/ebi-parasite,https://w3id.org/notebookfair#GitRepositoryResource,0,0,0
3999,enasequence/enaBrowserTools,github,https://github.com/enasequence/enaBrowserTools,https://w3id.org/notebookfair#GitRepositoryResource,0,0,0
4000,dnieuw/ViromeBrowser,github,https://github.com/dnieuw/ViromeBrowser,https://w3id.org/notebookfair#GitRepositoryResource,0,0,0
4001,MITHaystack/scikit-dataaccess,github,https://github.com/MITHaystack/scikit-dataaccess,https://w3id.org/notebookfair#GitRepositoryResource,28,1,0
4002,MITHaystack/science-casestudies,github,https://github.com/MITHaystack/science-casestudies,https://w3id.org/notebookfair#GitRepositoryResource,30,0,0
4003,MITeaps/pyinsar,github,https://github.com/MITeaps/pyinsar,https://w3id.org/notebookfair#GitRepositoryResource,0,1,0
4004,glamlab/glambox,github,https://github.com/glamlab/glambox,https://w3id.org/notebookfair#GitRepositoryResource,7,1,1
4005,pyrates-neuroscience/PyRates,github,https://github.com/pyrates-neuroscience/PyRates,https://w3id.org/notebookfair#GitRepositoryResource,3,1,2
4006,konstantinweise/pygpc,github,https://github.com/konstantinweise/pygpc,https://w3id.org/notebookfair#GitRepositoryResource,63,1,2
4007,AllenInstitute/dipde,github,https://github.com/AllenInstitute/dipde,https://w3id.org/notebookfair#GitRepositoryResource,0,1,1
4008,gitter-lab/t-cell-classification,github,https://github.com/gitter-lab/t-cell-classification,https://w3id.org/notebookfair#GitRepositoryResource,6,0,0
4009,bioinfohk/GC_TE,github,https://github.com/bioinfohk/GC_TE,https://w3id.org/notebookfair#GitRepositoryResource,1,0,0
4010,yigbt/uap,github,https://github.com/yigbt/uap,https://w3id.org/notebookfair#GitRepositoryResource,0,1,2
4011,libChEBI/libChEBIpy,github,https://github.com/libChEBI/libChEBIpy,https://w3id.org/notebookfair#GitRepositoryResource,0,1,0
4012,proccaserra/rose2018ng-notebook,github,https://github.com/proccaserra/rose2018ng-notebook,https://w3id.org/notebookfair#GitRepositoryResource,4,1,1
4013,DrubinBarnes/YeastTrackAnalysis,github,https://github.com/DrubinBarnes/YeastTrackAnalysis,https://w3id.org/notebookfair#GitRepositoryResource,6,0,0
4014,elifesciences-publications/YeastTrackAnalysis,github,https://github.com/elifesciences-publications/YeastTrackAnalysis,https://w3id.org/notebookfair#GitRepositoryResource,6,0,0
4015,OpenSensing/funf-v3,github,https://github.com/OpenSensing/funf-v3,https://w3id.org/notebookfair#GitRepositoryResource,0,0,0
4016,jbkinney/logomaker,github,https://github.com/jbkinney/logomaker,https://w3id.org/notebookfair#GitRepositoryResource,15,1,0
4017,shanemomara/omaraneurolab,github,https://github.com/shanemomara/omaraneurolab,https://w3id.org/notebookfair#GitRepositoryResource,0,0,1
4018,galaxyproteomics/tools-galaxyp,github,https://github.com/galaxyproteomics/tools-galaxyp,https://w3id.org/notebookfair#GitRepositoryResource,0,0,0
4019,BMCV/galaxy-image-analysis,github,https://github.com/BMCV/galaxy-image-analysis,https://w3id.org/notebookfair#GitRepositoryResource,0,0,0
4020,foellmelanie/docker-galaxy-msi,github,https://github.com/foellmelanie/docker-galaxy-msi,https://w3id.org/notebookfair#GitRepositoryResource,0,0,0
4021,kuwisdelu/Cardinal,github,https://github.com/kuwisdelu/Cardinal,https://w3id.org/notebookfair#GitRepositoryResource,0,0,0
4022,mgalardini/2018koyeast,github,https://github.com/mgalardini/2018koyeast,https://w3id.org/notebookfair#GitRepositoryResource,24,0,0
4023,helm/helm,github,https://github.com/helm/helm,https://w3id.org/notebookfair#GitRepositoryResource,0,0,0
4024,argoproj/argo,github,https://github.com/argoproj/argo,https://w3id.org/notebookfair#GitRepositoryResource,0,1,1
4025,ray-project/ray,github,https://github.com/ray-project/ray,https://w3id.org/notebookfair#GitRepositoryResource,87,2,15
4026,martibosch/pylandstats-notebooks,github,https://github.com/martibosch/pylandstats-notebooks,https://w3id.org/notebookfair#GitRepositoryResource,9,0,0
4027,martibosch/pylandstats,github,https://github.com/martibosch/pylandstats,https://w3id.org/notebookfair#GitRepositoryResource,0,1,2
4028,martibosch/swiss-urbanization,github,https://github.com/martibosch/swiss-urbanization,https://w3id.org/notebookfair#GitRepositoryResource,7,1,1
4029,tzok/BioCommons,github,https://github.com/tzok/BioCommons,https://w3id.org/notebookfair#GitRepositoryResource,0,0,0
4030,tzok/Circular,github,https://github.com/tzok/Circular,https://w3id.org/notebookfair#GitRepositoryResource,0,0,0
4031,mmagnus/rna-tools,github,https://github.com/mmagnus/rna-tools,https://w3id.org/notebookfair#GitRepositoryResource,21,1,0
4032,ma-blaetke/CBM_C3_C4_Metabolism,github,https://github.com/ma-blaetke/CBM_C3_C4_Metabolism,https://w3id.org/notebookfair#GitRepositoryResource,10,0,0
4033,elifesciences-publications/CBM_C3_C4_Metabolism,github,https://github.com/elifesciences-publications/CBM_C3_C4_Metabolism,https://w3id.org/notebookfair#GitRepositoryResource,10,0,0
4034,wilkinsonlab/epigenomics_pipeline,github,https://github.com/wilkinsonlab/epigenomics_pipeline,https://w3id.org/notebookfair#GitRepositoryResource,5,0,0
4035,broadinstitute/picard,github,https://github.com/broadinstitute/picard,https://w3id.org/notebookfair#GitRepositoryResource,0,0,0
4036,cbcrg/tcoffee,github,https://github.com/cbcrg/tcoffee,https://w3id.org/notebookfair#GitRepositoryResource,0,0,0
4037,cbcrg/dpa-analysis,github,https://github.com/cbcrg/dpa-analysis,https://w3id.org/notebookfair#GitRepositoryResource,7,0,0
4038,LoLab-VU/PyViPR,github,https://github.com/LoLab-VU/PyViPR,https://w3id.org/notebookfair#GitRepositoryResource,9,1,0
4039,adauvin/Back-prediction,github,https://github.com/adauvin/Back-prediction,https://w3id.org/notebookfair#GitRepositoryResource,15,0,0
4040,berenslab/rna-seq-tsne,github,https://github.com/berenslab/rna-seq-tsne,https://w3id.org/notebookfair#GitRepositoryResource,7,0,0
4041,klugerlab/FIt-SNE,github,https://github.com/klugerlab/FIt-SNE,https://w3id.org/notebookfair#GitRepositoryResource,1,0,0
4042,pavlin-policar/openTSNE,github,https://github.com/pavlin-policar/openTSNE,https://w3id.org/notebookfair#GitRepositoryResource,12,1,0
4043,zqfang/gseapy,github,https://github.com/zqfang/gseapy,https://w3id.org/notebookfair#GitRepositoryResource,2,1,1
4044,pathwayforte/results,github,https://github.com/pathwayforte/results,https://w3id.org/notebookfair#GitRepositoryResource,20,0,0
4045,PathwayForte/results,github,https://github.com/PathwayForte/results,https://w3id.org/notebookfair#GitRepositoryResource,20,0,0
4046,PathwayForte/pathway-forte,github,https://github.com/PathwayForte/pathway-forte,https://w3id.org/notebookfair#GitRepositoryResource,0,1,0
4047,pytest-dev/pytest,github,https://github.com/pytest-dev/pytest,https://w3id.org/notebookfair#GitRepositoryResource,0,1,2
4048,nedbat/coveragepy,github,https://github.com/nedbat/coveragepy,https://w3id.org/notebookfair#GitRepositoryResource,0,1,0
4049,sphinx-doc/sphinx,github,https://github.com/sphinx-doc/sphinx,https://w3id.org/notebookfair#GitRepositoryResource,0,0,0
4050,PyCQA/flake8,github,https://github.com/PyCQA/flake8,https://w3id.org/notebookfair#GitRepositoryResource,0,2,1
4051,pypa/setuptools,github,https://github.com/pypa/setuptools,https://w3id.org/notebookfair#GitRepositoryResource,0,2,0
4052,regebro/pyroma,github,https://github.com/regebro/pyroma,https://w3id.org/notebookfair#GitRepositoryResource,0,6,0
4053,tox-dev/tox,github,https://github.com/tox-dev/tox,https://w3id.org/notebookfair#GitRepositoryResource,0,0,0
4054,yingqiuz/SIR_simulator,github,https://github.com/yingqiuz/SIR_simulator,https://w3id.org/notebookfair#GitRepositoryResource,2,0,0
4055,BIC-MNI/minc-toolkit-v2,github,https://github.com/BIC-MNI/minc-toolkit-v2,https://w3id.org/notebookfair#GitRepositoryResource,0,0,0
4056,chrisfilo/alleninf,github,https://github.com/chrisfilo/alleninf,https://w3id.org/notebookfair#GitRepositoryResource,0,1,1
4057,ctmrbio/Amplicon_workflows,github,https://github.com/ctmrbio/Amplicon_workflows,https://w3id.org/notebookfair#GitRepositoryResource,0,0,0
4058,boulund/stag-mwc,github,https://github.com/boulund/stag-mwc,https://w3id.org/notebookfair#GitRepositoryResource,0,0,0
4059,ctmrbio/stag-mwc,github,https://github.com/ctmrbio/stag-mwc,https://w3id.org/notebookfair#GitRepositoryResource,0,0,0
4060,maubreville/MITOS_WSI_CCMCT,github,https://github.com/maubreville/MITOS_WSI_CCMCT,https://w3id.org/notebookfair#GitRepositoryResource,22,0,0
4061,arq5x/bedtools2,github,https://github.com/arq5x/bedtools2,https://w3id.org/notebookfair#GitRepositoryResource,0,0,0
4062,Shitou19/methylation_analysis,github,https://github.com/Shitou19/methylation_analysis,https://w3id.org/notebookfair#GitRepositoryResource,0,0,0
4063,elifesciences-publications/methylation_analysis,github,https://github.com/elifesciences-publications/methylation_analysis,https://w3id.org/notebookfair#GitRepositoryResource,0,0,0
4064,monarch-initiative/glyco-phenotype-ontology,github,https://github.com/monarch-initiative/glyco-phenotype-ontology,https://w3id.org/notebookfair#GitRepositoryResource,0,0,0
4065,obophenotype/human-phenotype-ontology,github,https://github.com/obophenotype/human-phenotype-ontology,https://w3id.org/notebookfair#GitRepositoryResource,0,0,0
4066,CIMCB/MetabComparisonBinaryML,github,https://github.com/CIMCB/MetabComparisonBinaryML,https://w3id.org/notebookfair#GitRepositoryResource,81,0,0
4067,quadram-institute-bioscience/70S-resolution,github,https://github.com/quadram-institute-bioscience/70S-resolution,https://w3id.org/notebookfair#GitRepositoryResource,7,0,0
4068,WillemWybo/NEAT,github,https://github.com/WillemWybo/NEAT,https://w3id.org/notebookfair#GitRepositoryResource,1,1,0
4069,genesis-sim/genesis-2.4,github,https://github.com/genesis-sim/genesis-2.4,https://w3id.org/notebookfair#GitRepositoryResource,0,0,0
4070,miladmozafari/SpykeTorch,github,https://github.com/miladmozafari/SpykeTorch,https://w3id.org/notebookfair#GitRepositoryResource,1,1,1
4071,ngimber/NearestNeighborWorkflow_Filopodia,github,https://github.com/ngimber/NearestNeighborWorkflow_Filopodia,https://w3id.org/notebookfair#GitRepositoryResource,1,0,0
4072,miura/MultiStackRegistration,github,https://github.com/miura/MultiStackRegistration,https://w3id.org/notebookfair#GitRepositoryResource,0,0,0
4073,csmsoftware/phnmnl-scalability,github,https://github.com/csmsoftware/phnmnl-scalability,https://w3id.org/notebookfair#GitRepositoryResource,0,0,0
4074,pharmbio/LC-MS-Pachyderm,github,https://github.com/pharmbio/LC-MS-Pachyderm,https://w3id.org/notebookfair#GitRepositoryResource,0,0,0
4075,phnmnl/MTBLS233-Jupyter,github,https://github.com/phnmnl/MTBLS233-Jupyter,https://w3id.org/notebookfair#GitRepositoryResource,1,0,0
4076,kubenow/KubeNow,github,https://github.com/kubenow/KubeNow,https://w3id.org/notebookfair#GitRepositoryResource,0,0,0
4077,phnmnl/phenomenal-h2020,github,https://github.com/phnmnl/phenomenal-h2020,https://w3id.org/notebookfair#GitRepositoryResource,0,0,0
4078,redbo/cloudfuse,github,https://github.com/redbo/cloudfuse,https://w3id.org/notebookfair#GitRepositoryResource,0,0,0
4079,kubernetes/helm,github,https://github.com/kubernetes/helm,https://w3id.org/notebookfair#GitRepositoryResource,0,0,0
4080,kubernetes-incubator/kubespray,github,https://github.com/kubernetes-incubator/kubespray,https://w3id.org/notebookfair#GitRepositoryResource,0,2,9
4081,elifesciences-publications/DoubleAdderArticle,github,https://github.com/elifesciences-publications/DoubleAdderArticle,https://w3id.org/notebookfair#GitRepositoryResource,15,1,0
4082,guiwitz/DoubleAdderArticle,github,https://github.com/guiwitz/DoubleAdderArticle,https://w3id.org/notebookfair#GitRepositoryResource,15,1,0
4083,ialbert/booleannet,github,https://github.com/ialbert/booleannet,https://w3id.org/notebookfair#GitRepositoryResource,0,1,0
4084,jgtz/StableMotifs,github,https://github.com/jgtz/StableMotifs,https://w3id.org/notebookfair#GitRepositoryResource,0,0,0
4085,yanggangthu/BooleanDOI,github,https://github.com/yanggangthu/BooleanDOI,https://w3id.org/notebookfair#GitRepositoryResource,0,0,0
4086,deriteidavid/conditionally_stable_circuits,github,https://github.com/deriteidavid/conditionally_stable_circuits,https://w3id.org/notebookfair#GitRepositoryResource,1,0,0
4087,DEIB-GECO/PyGMQL,github,https://github.com/DEIB-GECO/PyGMQL,https://w3id.org/notebookfair#GitRepositoryResource,7,1,1
4088,EDePasquale/DoubletDecon,github,https://github.com/EDePasquale/DoubletDecon,https://w3id.org/notebookfair#GitRepositoryResource,0,0,0
4089,MIT-LCP/bhi-bsn-challenge,github,https://github.com/MIT-LCP/bhi-bsn-challenge,https://w3id.org/notebookfair#GitRepositoryResource,2,0,0
4090,sharadkj/BERT_QWK_MISL,github,https://github.com/sharadkj/BERT_QWK_MISL,https://w3id.org/notebookfair#GitRepositoryResource,1,0,0
4091,AllenInstitute/MouseBrainHierarchy,github,https://github.com/AllenInstitute/MouseBrainHierarchy,https://w3id.org/notebookfair#GitRepositoryResource,0,0,0
4092,arduino/ArduinoCore-avr,github,https://github.com/arduino/ArduinoCore-avr,https://w3id.org/notebookfair#GitRepositoryResource,0,0,0
4093,kwgoodman/bottleneck,github,https://github.com/kwgoodman/bottleneck,https://w3id.org/notebookfair#GitRepositoryResource,0,1,0
4094,viktorbahr/jaer,github,https://github.com/viktorbahr/jaer,https://w3id.org/notebookfair#GitRepositoryResource,2,0,0
4095,gwappa/arduino-fasteventtrigger,github,https://github.com/gwappa/arduino-fasteventtrigger,https://w3id.org/notebookfair#GitRepositoryResource,0,0,0
4096,gwappa/python-ublock,github,https://github.com/gwappa/python-ublock,https://w3id.org/notebookfair#GitRepositoryResource,0,1,0
4097,gwappa/Pixylator,github,https://github.com/gwappa/Pixylator,https://w3id.org/notebookfair#GitRepositoryResource,0,0,0
4098,gwappa/python-videobatch,github,https://github.com/gwappa/python-videobatch,https://w3id.org/notebookfair#GitRepositoryResource,0,1,0
4099,gwappa/python-aerpy,github,https://github.com/gwappa/python-aerpy,https://w3id.org/notebookfair#GitRepositoryResource,0,1,0
4100,steinng/reuteri,github,https://github.com/steinng/reuteri,https://w3id.org/notebookfair#GitRepositoryResource,1,0,0
4101,oolonek/taxo_scorer,github,https://github.com/oolonek/taxo_scorer,https://w3id.org/notebookfair#GitRepositoryResource,2,0,0
4102,gnames/gnfinder,github,https://github.com/gnames/gnfinder,https://w3id.org/notebookfair#GitRepositoryResource,0,0,0
4103,AnotherSamWilson/ParBayesianOptimization,github,https://github.com/AnotherSamWilson/ParBayesianOptimization,https://w3id.org/notebookfair#GitRepositoryResource,0,0,0
4104,titoghose/PyTrack,github,https://github.com/titoghose/PyTrack,https://w3id.org/notebookfair#GitRepositoryResource,3,1,1
4105,anuradhakar49/GazeVisual-Lib,github,https://github.com/anuradhakar49/GazeVisual-Lib,https://w3id.org/notebookfair#GitRepositoryResource,4,0,0
4106,mmagnus/EvoClustRNA,github,https://github.com/mmagnus/EvoClustRNA,https://w3id.org/notebookfair#GitRepositoryResource,4,0,1
4107,jagar2/Revealing-Ferroelectric-Switching-Character-Using-Deep-Recurrent-Neural-Networks,github,https://github.com/jagar2/Revealing-Ferroelectric-Switching-Character-Using-Deep-Recurrent-Neural-Networks,https://w3id.org/notebookfair#GitRepositoryResource,3,0,1
4108,PyWavelets/pywt,github,https://github.com/PyWavelets/pywt,https://w3id.org/notebookfair#GitRepositoryResource,0,0,1
4109,LidarLiu/ALS_Classification_Hierarchically_Geometry_Intensity,github,https://github.com/LidarLiu/ALS_Classification_Hierarchically_Geometry_Intensity,https://w3id.org/notebookfair#GitRepositoryResource,7,0,0
4110,elifesciences-publications/rnaseq_analysis,github,https://github.com/elifesciences-publications/rnaseq_analysis,https://w3id.org/notebookfair#GitRepositoryResource,0,0,0
4111,ASintsova/HUTI-RNAseq,github,https://github.com/ASintsova/HUTI-RNAseq,https://w3id.org/notebookfair#GitRepositoryResource,7,0,0
4112,JeremyPike/RSMLM,github,https://github.com/JeremyPike/RSMLM,https://w3id.org/notebookfair#GitRepositoryResource,0,0,0
4113,JeremyPike/RSMLM-tutorials,github,https://github.com/JeremyPike/RSMLM-tutorials,https://w3id.org/notebookfair#GitRepositoryResource,3,0,0
4114,atausz/plex-viewer,github,https://github.com/atausz/plex-viewer,https://w3id.org/notebookfair#GitRepositoryResource,0,0,0
4115,muntisa/Goat-Bones-Machine-Learning,github,https://github.com/muntisa/Goat-Bones-Machine-Learning,https://w3id.org/notebookfair#GitRepositoryResource,8,0,0
4116,sdrogers/vimms,github,https://github.com/sdrogers/vimms,https://w3id.org/notebookfair#GitRepositoryResource,33,1,1
4117,cbroeckl/DsDA,github,https://github.com/cbroeckl/DsDA,https://w3id.org/notebookfair#GitRepositoryResource,0,0,0
4118,mtinti/wor_turnover,github,https://github.com/mtinti/wor_turnover,https://w3id.org/notebookfair#GitRepositoryResource,4,0,0
4119,mtinti/wor_turnover_web,github,https://github.com/mtinti/wor_turnover_web,https://w3id.org/notebookfair#GitRepositoryResource,0,0,0
4120,alvinxhan/Phydelity,github,https://github.com/alvinxhan/Phydelity,https://w3id.org/notebookfair#GitRepositoryResource,5,1,1
4121,lauringlab/Host_level_IAV_evolution,github,https://github.com/lauringlab/Host_level_IAV_evolution,https://w3id.org/notebookfair#GitRepositoryResource,2,0,0
4122,AllenCellModeling/DLITE,github,https://github.com/AllenCellModeling/DLITE,https://w3id.org/notebookfair#GitRepositoryResource,14,1,1
4123,ENCODE-DCC/chip-seq-pipeline,github,https://github.com/ENCODE-DCC/chip-seq-pipeline,https://w3id.org/notebookfair#GitRepositoryResource,0,0,0
4124,ENCODE-DCC/long-rna-seq-pipeline,github,https://github.com/ENCODE-DCC/long-rna-seq-pipeline,https://w3id.org/notebookfair#GitRepositoryResource,0,0,0
4125,LynaLuo-Lab/Piezo1-all-atom-model,github,https://github.com/LynaLuo-Lab/Piezo1-all-atom-model,https://w3id.org/notebookfair#GitRepositoryResource,0,0,0
4126,JBjouffray/SeafoodFinance,github,https://github.com/JBjouffray/SeafoodFinance,https://w3id.org/notebookfair#GitRepositoryResource,0,0,0
4127,rcurrie/pancan-gtex,github,https://github.com/rcurrie/pancan-gtex,https://w3id.org/notebookfair#GitRepositoryResource,4,0,0
4128,oruhnau/when2heat,github,https://github.com/oruhnau/when2heat,https://w3id.org/notebookfair#GitRepositoryResource,3,0,0
4129,reidpr/quac,github,https://github.com/reidpr/quac,https://w3id.org/notebookfair#GitRepositoryResource,3,0,1
4130,DiODeProject/MuMoT,github,https://github.com/DiODeProject/MuMoT,https://w3id.org/notebookfair#GitRepositoryResource,17,1,1
4131,INM-6/python-odmltables,github,https://github.com/INM-6/python-odmltables,https://w3id.org/notebookfair#GitRepositoryResource,2,1,1
4132,G-Node/python-odml,github,https://github.com/G-Node/python-odml,https://w3id.org/notebookfair#GitRepositoryResource,1,1,0
4133,G-Node/odml-ui,github,https://github.com/G-Node/odml-ui,https://w3id.org/notebookfair#GitRepositoryResource,0,1,0
4134,G-Node/nix,github,https://github.com/G-Node/nix,https://w3id.org/notebookfair#GitRepositoryResource,0,0,1
4135,relacs/relacs,github,https://github.com/relacs/relacs,https://w3id.org/notebookfair#GitRepositoryResource,0,0,0
4136,NeuralEnsemble/python-neo,github,https://github.com/NeuralEnsemble/python-neo,https://w3id.org/notebookfair#GitRepositoryResource,1,1,0
4137,G-Node/nix-odML-converter,github,https://github.com/G-Node/nix-odML-converter,https://w3id.org/notebookfair#GitRepositoryResource,0,1,0
4138,pycroscopy/AICrystallographer,github,https://github.com/pycroscopy/AICrystallographer,https://w3id.org/notebookfair#GitRepositoryResource,14,0,0
4139,som-shahlab/ehr-rwe,github,https://github.com/som-shahlab/ehr-rwe,https://w3id.org/notebookfair#GitRepositoryResource,3,0,2
4140,elifesciences-publications/ceph-dnm-manuscript,github,https://github.com/elifesciences-publications/ceph-dnm-manuscript,https://w3id.org/notebookfair#GitRepositoryResource,4,0,1
4141,RASpicer/MetabolomicsTools,github,https://github.com/RASpicer/MetabolomicsTools,https://w3id.org/notebookfair#GitRepositoryResource,0,0,0
4142,biswapriyamisra/metabolomics,github,https://github.com/biswapriyamisra/metabolomics,https://w3id.org/notebookfair#GitRepositoryResource,0,0,0
4143,andrie/cran-network-structure,github,https://github.com/andrie/cran-network-structure,https://w3id.org/notebookfair#GitRepositoryResource,0,0,0
4144,sneumann/metaRbolomics,github,https://github.com/sneumann/metaRbolomics,https://w3id.org/notebookfair#GitRepositoryResource,0,0,0
4145,zhuchcn/Metabase,github,https://github.com/zhuchcn/Metabase,https://w3id.org/notebookfair#GitRepositoryResource,0,0,0
4146,michaelwitting/ms2dbworkflow,github,https://github.com/michaelwitting/ms2dbworkflow,https://w3id.org/notebookfair#GitRepositoryResource,0,0,0
4147,rdkit/rdkit,github,https://github.com/rdkit/rdkit,https://w3id.org/notebookfair#GitRepositoryResource,18,8,1
4148,bridgedb/BridgeDbR,github,https://github.com/bridgedb/BridgeDbR,https://w3id.org/notebookfair#GitRepositoryResource,0,0,0
4149,Bioconductor/bioconductor.org,github,https://github.com/Bioconductor/bioconductor.org,https://w3id.org/notebookfair#GitRepositoryResource,0,0,0
4150,eulerlab/QDSpy,github,https://github.com/eulerlab/QDSpy,https://w3id.org/notebookfair#GitRepositoryResource,0,0,1
4151,elifesciences-publications/QDSpy,github,https://github.com/elifesciences-publications/QDSpy,https://w3id.org/notebookfair#GitRepositoryResource,0,0,0
4152,elifesciences-publications/open-visual-stimulator,github,https://github.com/elifesciences-publications/open-visual-stimulator,https://w3id.org/notebookfair#GitRepositoryResource,5,0,0
4153,eulerlab/open-visual-stimulator,github,https://github.com/eulerlab/open-visual-stimulator,https://w3id.org/notebookfair#GitRepositoryResource,7,0,0
4154,demotu/BMC,github,https://github.com/demotu/BMC,https://w3id.org/notebookfair#GitRepositoryResource,93,0,1
4155,hanmei5191/Plasmid_heteroplasmy,github,https://github.com/hanmei5191/Plasmid_heteroplasmy,https://w3id.org/notebookfair#GitRepositoryResource,8,0,0
4156,NIEHS/OPERA,github,https://github.com/NIEHS/OPERA,https://w3id.org/notebookfair#GitRepositoryResource,0,0,0
4157,NIEHS/Machine-Learning-Pipeline,github,https://github.com/NIEHS/Machine-Learning-Pipeline,https://w3id.org/notebookfair#GitRepositoryResource,0,0,0
4158,notblank/AA-leche-humana,github,https://github.com/notblank/AA-leche-humana,https://w3id.org/notebookfair#GitRepositoryResource,7,0,0
4159,elifesciences-publications/self-assembling-manifold,github,https://github.com/elifesciences-publications/self-assembling-manifold,https://w3id.org/notebookfair#GitRepositoryResource,13,1,0
4160,atarashansky/self-assembling-manifold,github,https://github.com/atarashansky/self-assembling-manifold,https://w3id.org/notebookfair#GitRepositoryResource,1,1,0
4161,NCBI-Hackathons/VirusDiscoveryProject,github,https://github.com/NCBI-Hackathons/VirusDiscoveryProject,https://w3id.org/notebookfair#GitRepositoryResource,5,0,0
4162,bhmevik/pls,github,https://github.com/bhmevik/pls,https://w3id.org/notebookfair#GitRepositoryResource,0,0,0
4163,cimcb/MetabWorkflowTutorial,github,https://github.com/cimcb/MetabWorkflowTutorial,https://w3id.org/notebookfair#GitRepositoryResource,2,0,0
4164,cimcb/MetabSimpleQcViz,github,https://github.com/cimcb/MetabSimpleQcViz,https://w3id.org/notebookfair#GitRepositoryResource,1,0,0
4165,letsop/cemone,github,https://github.com/letsop/cemone,https://w3id.org/notebookfair#GitRepositoryResource,1,0,0
4166,jgmeyerucsd/drug-class,github,https://github.com/jgmeyerucsd/drug-class,https://w3id.org/notebookfair#GitRepositoryResource,13,0,2
4167,mcs07/PubChemPy,github,https://github.com/mcs07/PubChemPy,https://w3id.org/notebookfair#GitRepositoryResource,4,1,0
4168,wtsi-npg/illumina2bam,github,https://github.com/wtsi-npg/illumina2bam,https://w3id.org/notebookfair#GitRepositoryResource,0,0,0
4169,therneau/survival,github,https://github.com/therneau/survival,https://w3id.org/notebookfair#GitRepositoryResource,0,0,0
4170,jupyter/governance,github,https://github.com/jupyter/governance,https://w3id.org/notebookfair#GitRepositoryResource,0,0,0
4171,GW-HIVE/HIVE-lab,github,https://github.com/GW-HIVE/HIVE-lab,https://w3id.org/notebookfair#GitRepositoryResource,0,0,0
4172,common-workflow-language/common-workflow-language,github,https://github.com/common-workflow-language/common-workflow-language,https://w3id.org/notebookfair#GitRepositoryResource,0,1,0
4173,bioexcel/biobb,github,https://github.com/bioexcel/biobb,https://w3id.org/notebookfair#GitRepositoryResource,0,1,1
4174,bioexcel/biobb_io,github,https://github.com/bioexcel/biobb_io,https://w3id.org/notebookfair#GitRepositoryResource,0,1,1
4175,bioexcel/biobb_model,github,https://github.com/bioexcel/biobb_model,https://w3id.org/notebookfair#GitRepositoryResource,0,1,0
4176,bioexcel/biobb_md,github,https://github.com/bioexcel/biobb_md,https://w3id.org/notebookfair#GitRepositoryResource,0,1,1
4177,bioexcel/biobb_analysis,github,https://github.com/bioexcel/biobb_analysis,https://w3id.org/notebookfair#GitRepositoryResource,1,1,1
4178,bioexcel/biobb_common,github,https://github.com/bioexcel/biobb_common,https://w3id.org/notebookfair#GitRepositoryResource,0,1,1
4179,bioexcel/biobb_template,github,https://github.com/bioexcel/biobb_template,https://w3id.org/notebookfair#GitRepositoryResource,1,1,1
4180,bioexcel/biobb_adapters,github,https://github.com/bioexcel/biobb_adapters,https://w3id.org/notebookfair#GitRepositoryResource,0,1,0
4181,bioexcel/biobb_wf_mutations,github,https://github.com/bioexcel/biobb_wf_mutations,https://w3id.org/notebookfair#GitRepositoryResource,1,1,0
4182,HallermannLab/2019_HCN,github,https://github.com/HallermannLab/2019_HCN,https://w3id.org/notebookfair#GitRepositoryResource,0,0,0
4183,elifesciences-publications/2019_HCN,github,https://github.com/elifesciences-publications/2019_HCN,https://w3id.org/notebookfair#GitRepositoryResource,0,0,0
4184,sysbio-curie/ICA-in-Cancer-research-review-materials,github,https://github.com/sysbio-curie/ICA-in-Cancer-research-review-materials,https://w3id.org/notebookfair#GitRepositoryResource,1,0,0
4185,LabBandSB/BIODICA,github,https://github.com/LabBandSB/BIODICA,https://w3id.org/notebookfair#GitRepositoryResource,1,0,0
4186,UrszulaCzerwinska/DeconICA,github,https://github.com/UrszulaCzerwinska/DeconICA,https://w3id.org/notebookfair#GitRepositoryResource,0,0,0
4187,matsengrp/sumrep,github,https://github.com/matsengrp/sumrep,https://w3id.org/notebookfair#GitRepositoryResource,0,0,1
4188,matsengrp/vampire,github,https://github.com/matsengrp/vampire,https://w3id.org/notebookfair#GitRepositoryResource,0,1,1
4189,elifesciences-publications/vampire,github,https://github.com/elifesciences-publications/vampire,https://w3id.org/notebookfair#GitRepositoryResource,0,1,1
4190,matsengrp/vampire-analysis-1,github,https://github.com/matsengrp/vampire-analysis-1,https://w3id.org/notebookfair#GitRepositoryResource,4,0,0
4191,elifesciences-publications/vampire-analysis-1,github,https://github.com/elifesciences-publications/vampire-analysis-1,https://w3id.org/notebookfair#GitRepositoryResource,4,0,0
4192,modsim/mycelyso,github,https://github.com/modsim/mycelyso,https://w3id.org/notebookfair#GitRepositoryResource,2,1,0
4193,AllenInstitute/scrattch.vis,github,https://github.com/AllenInstitute/scrattch.vis,https://w3id.org/notebookfair#GitRepositoryResource,0,0,0
4194,LiZhaoLab/Oct4Sox2_nuclpos,github,https://github.com/LiZhaoLab/Oct4Sox2_nuclpos,https://w3id.org/notebookfair#GitRepositoryResource,7,0,0
4195,compbiocore/VariantVisualization.jl,github,https://github.com/compbiocore/VariantVisualization.jl,https://w3id.org/notebookfair#GitRepositoryResource,1,0,0
4196,cytoscape/cyREST,github,https://github.com/cytoscape/cyREST,https://w3id.org/notebookfair#GitRepositoryResource,3,0,0
4197,cytoscape/RCy3,github,https://github.com/cytoscape/RCy3,https://w3id.org/notebookfair#GitRepositoryResource,0,0,0
4198,cytoscape/py2cytoscape,github,https://github.com/cytoscape/py2cytoscape,https://w3id.org/notebookfair#GitRepositoryResource,8,1,0
4199,cytoscape/cytoscape-automation,github,https://github.com/cytoscape/cytoscape-automation,https://w3id.org/notebookfair#GitRepositoryResource,39,0,1
4200,cytoscape/diffusion,github,https://github.com/cytoscape/diffusion,https://w3id.org/notebookfair#GitRepositoryResource,0,0,0
4201,cytoscape/cy-ndex-2,github,https://github.com/cytoscape/cy-ndex-2,https://w3id.org/notebookfair#GitRepositoryResource,1,0,0
4202,qmlcode/qml,github,https://github.com/qmlcode/qml,https://w3id.org/notebookfair#GitRepositoryResource,0,1,1
4203,gversmee/dbgap2x,github,https://github.com/gversmee/dbgap2x,https://w3id.org/notebookfair#GitRepositoryResource,1,0,0
4204,lanl/PyBNF,github,https://github.com/lanl/PyBNF,https://w3id.org/notebookfair#GitRepositoryResource,0,1,0
4205,aarongarrett/inspyred,github,https://github.com/aarongarrett/inspyred,https://w3id.org/notebookfair#GitRepositoryResource,0,1,0
4206,RuleWorld/RuleHub,github,https://github.com/RuleWorld/RuleHub,https://w3id.org/notebookfair#GitRepositoryResource,0,0,0
4207,TKassis/OrgaQuant,github,https://github.com/TKassis/OrgaQuant,https://w3id.org/notebookfair#GitRepositoryResource,0,1,1
4208,d-feng/SingleCellExplorer,github,https://github.com/d-feng/SingleCellExplorer,https://w3id.org/notebookfair#GitRepositoryResource,0,0,0
4209,elifesciences-publications/map_flu_serum_Perth2009_H3_HA,github,https://github.com/elifesciences-publications/map_flu_serum_Perth2009_H3_HA,https://w3id.org/notebookfair#GitRepositoryResource,10,0,1
4210,jbloomlab/map_flu_serum_Perth2009_H3_HA,github,https://github.com/jbloomlab/map_flu_serum_Perth2009_H3_HA,https://w3id.org/notebookfair#GitRepositoryResource,10,0,1
4211,elifesciences-publications/flu_PB1flank-GFP_neut_assay,github,https://github.com/elifesciences-publications/flu_PB1flank-GFP_neut_assay,https://w3id.org/notebookfair#GitRepositoryResource,0,0,0
4212,jbloomlab/flu_PB1flank-GFP_neut_assay,github,https://github.com/jbloomlab/flu_PB1flank-GFP_neut_assay,https://w3id.org/notebookfair#GitRepositoryResource,0,0,0
4213,pastas/pastas,github,https://github.com/pastas/pastas,https://w3id.org/notebookfair#GitRepositoryResource,33,0,0
4214,nyiuab/BhGLM,github,https://github.com/nyiuab/BhGLM,https://w3id.org/notebookfair#GitRepositoryResource,0,0,0
4215,biocore/American-Gut,github,https://github.com/biocore/American-Gut,https://w3id.org/notebookfair#GitRepositoryResource,9,1,0
4216,ahpendegraft/HNB,github,https://github.com/ahpendegraft/HNB,https://w3id.org/notebookfair#GitRepositoryResource,0,0,0
4217,boalang/bio,github,https://github.com/boalang/bio,https://w3id.org/notebookfair#GitRepositoryResource,6,0,0
4218,brian-team/brian2_paper_examples,github,https://github.com/brian-team/brian2_paper_examples,https://w3id.org/notebookfair#GitRepositoryResource,10,0,0
4219,elifesciences-publications/brian2_paper_examples,github,https://github.com/elifesciences-publications/brian2_paper_examples,https://w3id.org/notebookfair#GitRepositoryResource,10,0,0
4220,brian-team/brian2cuda,github,https://github.com/brian-team/brian2cuda,https://w3id.org/notebookfair#GitRepositoryResource,1,1,0
4221,brian-team/brian2,github,https://github.com/brian-team/brian2,https://w3id.org/notebookfair#GitRepositoryResource,3,1,0
4222,davenquinn/Attitude,github,https://github.com/davenquinn/Attitude,https://w3id.org/notebookfair#GitRepositoryResource,3,1,0
4223,davenquinn/Orienteer,github,https://github.com/davenquinn/Orienteer,https://w3id.org/notebookfair#GitRepositoryResource,0,0,0
4224,pollen-robotics/reachy,github,https://github.com/pollen-robotics/reachy,https://w3id.org/notebookfair#GitRepositoryResource,8,1,1
4225,poppy-project/pypot,github,https://github.com/poppy-project/pypot,https://w3id.org/notebookfair#GitRepositoryResource,13,1,0
4226,CyTargetLinker/linksetCreator,github,https://github.com/CyTargetLinker/linksetCreator,https://w3id.org/notebookfair#GitRepositoryResource,0,0,0
4227,CyTargetLinker/cytargetlinker,github,https://github.com/CyTargetLinker/cytargetlinker,https://w3id.org/notebookfair#GitRepositoryResource,0,0,0
4228,CyTargetLinker/cytargetlinker-automation,github,https://github.com/CyTargetLinker/cytargetlinker-automation,https://w3id.org/notebookfair#GitRepositoryResource,0,0,0
4229,aiqm/aimnet,github,https://github.com/aiqm/aimnet,https://w3id.org/notebookfair#GitRepositoryResource,1,0,0
4230,elifesciences-publications/dengue-antigenic-dynamics,github,https://github.com/elifesciences-publications/dengue-antigenic-dynamics,https://w3id.org/notebookfair#GitRepositoryResource,16,2,3
4231,fmaguire/salmonella_ast_prediction,github,https://github.com/fmaguire/salmonella_ast_prediction,https://w3id.org/notebookfair#GitRepositoryResource,1,0,0
4232,FredHutch/docker-sra,github,https://github.com/FredHutch/docker-sra,https://w3id.org/notebookfair#GitRepositoryResource,0,0,1
4233,FredHutch/docker-metaspades,github,https://github.com/FredHutch/docker-metaspades,https://w3id.org/notebookfair#GitRepositoryResource,0,0,1
4234,FredHutch/integrate-metagenomic-assemblies,github,https://github.com/FredHutch/integrate-metagenomic-assemblies,https://w3id.org/notebookfair#GitRepositoryResource,0,0,0
4235,FredHutch/famli,github,https://github.com/FredHutch/famli,https://w3id.org/notebookfair#GitRepositoryResource,1,1,0
4236,FredHutch/docker-eggnog-mapper,github,https://github.com/FredHutch/docker-eggnog-mapper,https://w3id.org/notebookfair#GitRepositoryResource,0,0,0
4237,FredHutch/find-cags,github,https://github.com/FredHutch/find-cags,https://w3id.org/notebookfair#GitRepositoryResource,0,1,0
4238,FredHutch/minot-experiment-collection,github,https://github.com/FredHutch/minot-experiment-collection,https://w3id.org/notebookfair#GitRepositoryResource,0,0,0
4239,FredHutch/aws-batch-helpers,github,https://github.com/FredHutch/aws-batch-helpers,https://w3id.org/notebookfair#GitRepositoryResource,0,1,0
4240,opplatek/bacterial_genome_analysis,github,https://github.com/opplatek/bacterial_genome_analysis,https://w3id.org/notebookfair#GitRepositoryResource,1,0,0
4241,first20hours/google-10000-english,github,https://github.com/first20hours/google-10000-english,https://w3id.org/notebookfair#GitRepositoryResource,0,0,0
4242,llniu/YPIC_Challenge_2019,github,https://github.com/llniu/YPIC_Challenge_2019,https://w3id.org/notebookfair#GitRepositoryResource,1,0,0
4243,ipb-halle/GoldenMutagenesis,github,https://github.com/ipb-halle/GoldenMutagenesis,https://w3id.org/notebookfair#GitRepositoryResource,3,0,0
4244,phenomecentre/nPYc-Toolbox,github,https://github.com/phenomecentre/nPYc-Toolbox,https://w3id.org/notebookfair#GitRepositoryResource,0,1,1
4245,phenomecentre/nPYc-toolbox-tutorials,github,https://github.com/phenomecentre/nPYc-toolbox-tutorials,https://w3id.org/notebookfair#GitRepositoryResource,4,0,1
4246,kuleshov/gwaskb,github,https://github.com/kuleshov/gwaskb,https://w3id.org/notebookfair#GitRepositoryResource,10,0,1
4247,rasbt/watermark,github,https://github.com/rasbt/watermark,https://w3id.org/notebookfair#GitRepositoryResource,1,1,1
4248,jupyter-guide/ten-rules-jupyter,github,https://github.com/jupyter-guide/ten-rules-jupyter,https://w3id.org/notebookfair#GitRepositoryResource,8,0,1
4249,jupyter-guide/jupyter-guide,github,https://github.com/jupyter-guide/jupyter-guide,https://w3id.org/notebookfair#GitRepositoryResource,2,0,0
4250,miguelperezenciso/DLpipeline,github,https://github.com/miguelperezenciso/DLpipeline,https://w3id.org/notebookfair#GitRepositoryResource,3,0,1
4251,maxpumperla/hyperas,github,https://github.com/maxpumperla/hyperas,https://w3id.org/notebookfair#GitRepositoryResource,2,1,0
4252,Tony607/Keras_auto,github,https://github.com/Tony607/Keras_auto,https://w3id.org/notebookfair#GitRepositoryResource,2,0,1
4253,paubellot/DL-Biobank,github,https://github.com/paubellot/DL-Biobank,https://w3id.org/notebookfair#GitRepositoryResource,0,0,1
4254,AngelikaZa/Increased-weighting-on-prior-knowledge-in-Lewy-Body-associated-visual-hallucinations.-BrainComms2019,github,https://github.com/AngelikaZa/Increased-weighting-on-prior-knowledge-in-Lewy-Body-associated-visual-hallucinations.-BrainComms2019,https://w3id.org/notebookfair#GitRepositoryResource,1,0,0
4255,carpenterlab/2019_caicedo_cytometryA,github,https://github.com/carpenterlab/2019_caicedo_cytometryA,https://w3id.org/notebookfair#GitRepositoryResource,11,0,0
4256,ivanzhovannik/radiomics_correction_CTSNR,github,https://github.com/ivanzhovannik/radiomics_correction_CTSNR,https://w3id.org/notebookfair#GitRepositoryResource,1,0,0
4257,madeleineernst/pyMolNetEnhancer,github,https://github.com/madeleineernst/pyMolNetEnhancer,https://w3id.org/notebookfair#GitRepositoryResource,6,1,0
4258,madeleineernst/RMolNetEnhancer,github,https://github.com/madeleineernst/RMolNetEnhancer,https://w3id.org/notebookfair#GitRepositoryResource,4,0,0
4259,wanglabprinceton/accumulating_puffs,github,https://github.com/wanglabprinceton/accumulating_puffs,https://w3id.org/notebookfair#GitRepositoryResource,0,0,0
4260,bensondaled/puffsopto,github,https://github.com/bensondaled/puffsopto,https://w3id.org/notebookfair#GitRepositoryResource,0,0,0
4261,pathak22/pyflow,github,https://github.com/pathak22/pyflow,https://w3id.org/notebookfair#GitRepositoryResource,0,1,0
4262,misun6312/PBupsModel.jl,github,https://github.com/misun6312/PBupsModel.jl,https://w3id.org/notebookfair#GitRepositoryResource,0,0,0
4263,HazyResearch/snorkel,github,https://github.com/HazyResearch/snorkel,https://w3id.org/notebookfair#GitRepositoryResource,0,1,1
4264,HazyResearch/numbskull,github,https://github.com/HazyResearch/numbskull,https://w3id.org/notebookfair#GitRepositoryResource,0,1,0
4265,HazyResearch/metal,github,https://github.com/HazyResearch/metal,https://w3id.org/notebookfair#GitRepositoryResource,6,1,5
4266,sanger-pathogens/vr-codebase,github,https://github.com/sanger-pathogens/vr-codebase,https://w3id.org/notebookfair#GitRepositoryResource,0,0,0
4267,giraola/taxxo,github,https://github.com/giraola/taxxo,https://w3id.org/notebookfair#GitRepositoryResource,0,0,0
4268,barberislab/ChIP-exo_Fkh1_Fkh2,github,https://github.com/barberislab/ChIP-exo_Fkh1_Fkh2,https://w3id.org/notebookfair#GitRepositoryResource,4,0,1
4269,labsyspharm/MCF10A_DR_reproducibility,github,https://github.com/labsyspharm/MCF10A_DR_reproducibility,https://w3id.org/notebookfair#GitRepositoryResource,3,0,0
4270,datarail/datarail,github,https://github.com/datarail/datarail,https://w3id.org/notebookfair#GitRepositoryResource,5,1,1
4271,ncsa/Swift-T-Variant-Calling,github,https://github.com/ncsa/Swift-T-Variant-Calling,https://w3id.org/notebookfair#GitRepositoryResource,0,0,0
4272,HPCBio/BW_VariantCalling,github,https://github.com/HPCBio/BW_VariantCalling,https://w3id.org/notebookfair#GitRepositoryResource,0,0,0
4273,ncsa/Scheduler,github,https://github.com/ncsa/Scheduler,https://w3id.org/notebookfair#GitRepositoryResource,0,0,0
4274,genome-in-a-bottle/giab_data_indexes,github,https://github.com/genome-in-a-bottle/giab_data_indexes,https://w3id.org/notebookfair#GitRepositoryResource,0,0,0
4275,lasircc/semalytics-demo,github,https://github.com/lasircc/semalytics-demo,https://w3id.org/notebookfair#GitRepositoryResource,1,0,1
4276,wmde/wikibase-docker,github,https://github.com/wmde/wikibase-docker,https://w3id.org/notebookfair#GitRepositoryResource,0,0,0
4277,chriskiefer/conceptorSoundSynthesis,github,https://github.com/chriskiefer/conceptorSoundSynthesis,https://w3id.org/notebookfair#GitRepositoryResource,10,0,0
4278,chriskiefer/conceptularBeatSynth,github,https://github.com/chriskiefer/conceptularBeatSynth,https://w3id.org/notebookfair#GitRepositoryResource,0,0,0
4279,thh32/Lipase_reclassification,github,https://github.com/thh32/Lipase_reclassification,https://w3id.org/notebookfair#GitRepositoryResource,1,0,0
4280,imgag/megSAP,github,https://github.com/imgag/megSAP,https://w3id.org/notebookfair#GitRepositoryResource,0,0,0
4281,molgenis/molgenis,github,https://github.com/molgenis/molgenis,https://w3id.org/notebookfair#GitRepositoryResource,0,0,0
4282,illumina/paragraph,github,https://github.com/illumina/paragraph,https://w3id.org/notebookfair#GitRepositoryResource,1,0,1
4283,illumina/platinumgenomes,github,https://github.com/illumina/platinumgenomes,https://w3id.org/notebookfair#GitRepositoryResource,0,0,0
4284,illumina/polaris,github,https://github.com/illumina/polaris,https://w3id.org/notebookfair#GitRepositoryResource,0,0,0
4285,bcbio/icr142-validation,github,https://github.com/bcbio/icr142-validation,https://w3id.org/notebookfair#GitRepositoryResource,0,0,0
4286,gedoardo83/GARFIELD-NGS,github,https://github.com/gedoardo83/GARFIELD-NGS,https://w3id.org/notebookfair#GitRepositoryResource,0,0,0
4287,abakkour/MDMRT_scan,github,https://github.com/abakkour/MDMRT_scan,https://w3id.org/notebookfair#GitRepositoryResource,2,0,0
4288,elifesciences-publications/MDMRT_scan,github,https://github.com/elifesciences-publications/MDMRT_scan,https://w3id.org/notebookfair#GitRepositoryResource,2,0,0
4289,fasterius/VarClust,github,https://github.com/fasterius/VarClust,https://w3id.org/notebookfair#GitRepositoryResource,0,1,0
4290,MLWave/kepler-mapper,github,https://github.com/MLWave/kepler-mapper,https://w3id.org/notebookfair#GitRepositoryResource,11,1,0
4291,paultpearson/TDAmapper,github,https://github.com/paultpearson/TDAmapper,https://w3id.org/notebookfair#GitRepositoryResource,0,0,0
4292,nipy/nipy,github,https://github.com/nipy/nipy,https://w3id.org/notebookfair#GitRepositoryResource,0,39,1
4293,rheiland/tool4nanobio,github,https://github.com/rheiland/tool4nanobio,https://w3id.org/notebookfair#GitRepositoryResource,2,0,0
4294,caitlinkuhlman/bpdmtutorial,github,https://github.com/caitlinkuhlman/bpdmtutorial,https://w3id.org/notebookfair#GitRepositoryResource,1,0,0
4295,yoavram/curveball,github,https://github.com/yoavram/curveball,https://w3id.org/notebookfair#GitRepositoryResource,0,1,1
4296,yoavram/curveball_ms,github,https://github.com/yoavram/curveball_ms,https://w3id.org/notebookfair#GitRepositoryResource,2,0,0
4297,jbloomlab/reedmuenchcalculator,github,https://github.com/jbloomlab/reedmuenchcalculator,https://w3id.org/notebookfair#GitRepositoryResource,0,0,0
4298,jbloomlab/IFNsorted_flu_single_cell,github,https://github.com/jbloomlab/IFNsorted_flu_single_cell,https://w3id.org/notebookfair#GitRepositoryResource,13,0,0
4299,PacificBiosciences/unanimity,github,https://github.com/PacificBiosciences/unanimity,https://w3id.org/notebookfair#GitRepositoryResource,0,0,0
4300,jtladner/Manuscripts,github,https://github.com/jtladner/Manuscripts,https://w3id.org/notebookfair#GitRepositoryResource,2,0,0
4301,severin-lemaignan/pinsoro-kinematics-study,github,https://github.com/severin-lemaignan/pinsoro-kinematics-study,https://w3id.org/notebookfair#GitRepositoryResource,2,0,0
4302,openhumans/open-humans,github,https://github.com/openhumans/open-humans,https://w3id.org/notebookfair#GitRepositoryResource,0,0,1
4303,openhumans/open-humans-api,github,https://github.com/openhumans/open-humans-api,https://w3id.org/notebookfair#GitRepositoryResource,0,1,0
4304,OpenHumans/django-open-humans,github,https://github.com/OpenHumans/django-open-humans,https://w3id.org/notebookfair#GitRepositoryResource,0,1,0
4305,danamlewis/OpenHumansDataTools,github,https://github.com/danamlewis/OpenHumansDataTools,https://w3id.org/notebookfair#GitRepositoryResource,8,0,0
4306,greenelab/meta-review,github,https://github.com/greenelab/meta-review,https://w3id.org/notebookfair#GitRepositoryResource,3,0,0
4307,manubot/manubot,github,https://github.com/manubot/manubot,https://w3id.org/notebookfair#GitRepositoryResource,0,1,0
4308,manubot/rootstock,github,https://github.com/manubot/rootstock,https://w3id.org/notebookfair#GitRepositoryResource,0,0,0
4309,greenelab/deep-review,github,https://github.com/greenelab/deep-review,https://w3id.org/notebookfair#GitRepositoryResource,1,0,0
4310,citation-style-language/schema,github,https://github.com/citation-style-language/schema,https://w3id.org/notebookfair#GitRepositoryResource,0,0,1
4311,xlcnd/isbnlib,github,https://github.com/xlcnd/isbnlib,https://w3id.org/notebookfair#GitRepositoryResource,0,1,0
4312,manubot/try-manubot,github,https://github.com/manubot/try-manubot,https://w3id.org/notebookfair#GitRepositoryResource,0,0,0
4313,greenelab/scihub-manuscript,github,https://github.com/greenelab/scihub-manuscript,https://w3id.org/notebookfair#GitRepositoryResource,2,0,0
4314,Benjamin-Lee/deep-rules,github,https://github.com/Benjamin-Lee/deep-rules,https://w3id.org/notebookfair#GitRepositoryResource,1,0,0
4315,bitcoinbook/bitcoinbook,github,https://github.com/bitcoinbook/bitcoinbook,https://w3id.org/notebookfair#GitRepositoryResource,0,0,0
4316,ethereumbook/ethereumbook,github,https://github.com/ethereumbook/ethereumbook,https://w3id.org/notebookfair#GitRepositoryResource,1,0,0
4317,cboettig/knitcitations,github,https://github.com/cboettig/knitcitations,https://w3id.org/notebookfair#GitRepositoryResource,0,0,0
4318,ewanmellor/gh-publisher,github,https://github.com/ewanmellor/gh-publisher,https://w3id.org/notebookfair#GitRepositoryResource,0,0,0
4319,mfenner/jekyll-travis,github,https://github.com/mfenner/jekyll-travis,https://w3id.org/notebookfair#GitRepositoryResource,0,0,0
4320,knightlab-analyses/reference-frames,github,https://github.com/knightlab-analyses/reference-frames,https://w3id.org/notebookfair#GitRepositoryResource,5,0,0
4321,mortonjt/songbird,github,https://github.com/mortonjt/songbird,https://w3id.org/notebookfair#GitRepositoryResource,0,1,0
4322,Jhsmit/ColiCoords,github,https://github.com/Jhsmit/ColiCoords,https://w3id.org/notebookfair#GitRepositoryResource,8,1,1
4323,theislab/single-cell-tutorial,github,https://github.com/theislab/single-cell-tutorial,https://w3id.org/notebookfair#GitRepositoryResource,8,0,0
4324,drisso/bioc2016singlecell,github,https://github.com/drisso/bioc2016singlecell,https://w3id.org/notebookfair#GitRepositoryResource,0,0,0
4325,YosefLab/LineagePulse,github,https://github.com/YosefLab/LineagePulse,https://w3id.org/notebookfair#GitRepositoryResource,0,0,0
4326,PavlidisLab/transcriptomic_correlates,github,https://github.com/PavlidisLab/transcriptomic_correlates,https://w3id.org/notebookfair#GitRepositoryResource,6,0,0
4327,liel-cohen/CytoMod,github,https://github.com/liel-cohen/CytoMod,https://w3id.org/notebookfair#GitRepositoryResource,1,0,0
4328,joheras/CLoDSA,github,https://github.com/joheras/CLoDSA,https://w3id.org/notebookfair#GitRepositoryResource,16,1,3
4329,ManuGar/FrImCla,github,https://github.com/ManuGar/FrImCla,https://w3id.org/notebookfair#GitRepositoryResource,9,1,0
4330,outlace/Data-Augmentation,github,https://github.com/outlace/Data-Augmentation,https://w3id.org/notebookfair#GitRepositoryResource,0,0,0
4331,ShaharKatz/Caffe-Data-Augmentation,github,https://github.com/ShaharKatz/Caffe-Data-Augmentation,https://w3id.org/notebookfair#GitRepositoryResource,7,0,2
4332,tflearn/tflearn,github,https://github.com/tflearn/tflearn,https://w3id.org/notebookfair#GitRepositoryResource,1,1,0
4333,visipedia/annotation_tools,github,https://github.com/visipedia/annotation_tools,https://w3id.org/notebookfair#GitRepositoryResource,0,0,1
4334,qahathaway/WVU_Machine-Learning-50,github,https://github.com/qahathaway/WVU_Machine-Learning-50,https://w3id.org/notebookfair#GitRepositoryResource,0,0,0
4335,metadatacenter/cedar-experiments-valuerecommender2019,github,https://github.com/metadatacenter/cedar-experiments-valuerecommender2019,https://w3id.org/notebookfair#GitRepositoryResource,1,0,1
4336,metadatacenter/cedar-docs,github,https://github.com/metadatacenter/cedar-docs,https://w3id.org/notebookfair#GitRepositoryResource,0,0,0
4337,dfm/emcee,github,https://github.com/dfm/emcee,https://w3id.org/notebookfair#GitRepositoryResource,6,1,1
4338,genepattern/single_cell_clustering_notebook,github,https://github.com/genepattern/single_cell_clustering_notebook,https://w3id.org/notebookfair#GitRepositoryResource,1,0,1
4339,genepattern/seurat_python_notebook,github,https://github.com/genepattern/seurat_python_notebook,https://w3id.org/notebookfair#GitRepositoryResource,1,0,1
4340,sbgn/sbgn,github,https://github.com/sbgn/sbgn,https://w3id.org/notebookfair#GitRepositoryResource,0,0,0
4341,shfong/naga,github,https://github.com/shfong/naga,https://w3id.org/notebookfair#GitRepositoryResource,1,1,0
4342,IanEisenberg/Self_Regulation_Ontology,github,https://github.com/IanEisenberg/Self_Regulation_Ontology,https://w3id.org/notebookfair#GitRepositoryResource,19,1,0
4343,anderaa/BioEcon,github,https://github.com/anderaa/BioEcon,https://w3id.org/notebookfair#GitRepositoryResource,1,0,0
4344,anderaa/bioecon,github,https://github.com/anderaa/bioecon,https://w3id.org/notebookfair#GitRepositoryResource,1,0,0
4345,cosanlab/facesync,github,https://github.com/cosanlab/facesync,https://w3id.org/notebookfair#GitRepositoryResource,0,1,1
4346,PAGWatson/Lorenz96_and_neural_networks,github,https://github.com/PAGWatson/Lorenz96_and_neural_networks,https://w3id.org/notebookfair#GitRepositoryResource,1,0,0
4347,CalumGabbutt/PatchSizeRevisions,github,https://github.com/CalumGabbutt/PatchSizeRevisions,https://w3id.org/notebookfair#GitRepositoryResource,1,0,0
4348,bardin-lab/kismet-analysis,github,https://github.com/bardin-lab/kismet-analysis,https://w3id.org/notebookfair#GitRepositoryResource,2,0,0
4349,snastase/isc-tutorial,github,https://github.com/snastase/isc-tutorial,https://w3id.org/notebookfair#GitRepositoryResource,1,1,1
4350,leylabmpi/animal_gut_16S-uni,github,https://github.com/leylabmpi/animal_gut_16S-uni,https://w3id.org/notebookfair#GitRepositoryResource,58,0,0
4351,jbloomlab/EnfuvirtideResistance,github,https://github.com/jbloomlab/EnfuvirtideResistance,https://w3id.org/notebookfair#GitRepositoryResource,1,0,0
4352,euske/pdfminer,github,https://github.com/euske/pdfminer,https://w3id.org/notebookfair#GitRepositoryResource,0,1,0
4353,NBCLab/athena,github,https://github.com/NBCLab/athena,https://w3id.org/notebookfair#GitRepositoryResource,3,0,1
4354,NBCLab/abbr,github,https://github.com/NBCLab/abbr,https://w3id.org/notebookfair#GitRepositoryResource,0,1,1
4355,amueller/word_cloud,github,https://github.com/amueller/word_cloud,https://w3id.org/notebookfair#GitRepositoryResource,0,1,1
4356,poldrack/cognitive_encoding_model,github,https://github.com/poldrack/cognitive_encoding_model,https://w3id.org/notebookfair#GitRepositoryResource,0,1,1
4357,PathwayMerger/PathMe,github,https://github.com/PathwayMerger/PathMe,https://w3id.org/notebookfair#GitRepositoryResource,0,1,0
4358,PathwayMerger/PathMe-Viewer,github,https://github.com/PathwayMerger/PathMe-Viewer,https://w3id.org/notebookfair#GitRepositoryResource,0,1,0
4359,PathwayMerger/PathMe-Resources,github,https://github.com/PathwayMerger/PathMe-Resources,https://w3id.org/notebookfair#GitRepositoryResource,11,0,0
4360,ComPath/resources,github,https://github.com/ComPath/resources,https://w3id.org/notebookfair#GitRepositoryResource,10,1,0
4361,lpdi-epfl/rstoolbox,github,https://github.com/lpdi-epfl/rstoolbox,https://w3id.org/notebookfair#GitRepositoryResource,2,1,1
4362,BGD-UAB/iMKTData,github,https://github.com/BGD-UAB/iMKTData,https://w3id.org/notebookfair#GitRepositoryResource,3,0,0
4363,BGD-UAB/iMKT,github,https://github.com/BGD-UAB/iMKT,https://w3id.org/notebookfair#GitRepositoryResource,0,0,0
4364,pandegroup/pdbfixer,github,https://github.com/pandegroup/pdbfixer,https://w3id.org/notebookfair#GitRepositoryResource,0,1,0
4365,choderalab/SETD8-materials,github,https://github.com/choderalab/SETD8-materials,https://w3id.org/notebookfair#GitRepositoryResource,60,0,0
4366,elifesciences-publications/SETD8-materials,github,https://github.com/elifesciences-publications/SETD8-materials,https://w3id.org/notebookfair#GitRepositoryResource,60,0,0
4367,choderalab/openmm-forcefields,github,https://github.com/choderalab/openmm-forcefields,https://w3id.org/notebookfair#GitRepositoryResource,1,1,0
4368,owatson/QuantileBootstrap,github,https://github.com/owatson/QuantileBootstrap,https://w3id.org/notebookfair#GitRepositoryResource,6,0,0
4369,sankaranlab/shRNA_screen,github,https://github.com/sankaranlab/shRNA_screen,https://w3id.org/notebookfair#GitRepositoryResource,1,0,0
4370,elifesciences-publications/shRNA_screen,github,https://github.com/elifesciences-publications/shRNA_screen,https://w3id.org/notebookfair#GitRepositoryResource,1,0,0
4371,morris-lab/CellTag-Classifier,github,https://github.com/morris-lab/CellTag-Classifier,https://w3id.org/notebookfair#GitRepositoryResource,0,0,0
4372,morris-lab/CellTagWorkflow,github,https://github.com/morris-lab/CellTagWorkflow,https://w3id.org/notebookfair#GitRepositoryResource,0,0,0
4373,genomicsITER/NanoDJ,github,https://github.com/genomicsITER/NanoDJ,https://w3id.org/notebookfair#GitRepositoryResource,12,0,0
4374,ijmarshall/robotreviewer,github,https://github.com/ijmarshall/robotreviewer,https://w3id.org/notebookfair#GitRepositoryResource,2,1,0
4375,h21k/RRUX,github,https://github.com/h21k/RRUX,https://w3id.org/notebookfair#GitRepositoryResource,1,0,0
4376,h21k/robotreviewer3,github,https://github.com/h21k/robotreviewer3,https://w3id.org/notebookfair#GitRepositoryResource,0,0,1
4377,pythoninchemistry/sim_and_scat,github,https://github.com/pythoninchemistry/sim_and_scat,https://w3id.org/notebookfair#GitRepositoryResource,37,0,1
4378,arm61/sim_and_scat_paper,github,https://github.com/arm61/sim_and_scat_paper,https://w3id.org/notebookfair#GitRepositoryResource,0,0,1
4379,knightlab-analyses/crossmodel_prediction,github,https://github.com/knightlab-analyses/crossmodel_prediction,https://w3id.org/notebookfair#GitRepositoryResource,8,0,0
4380,knightlab-analyses/haddad_osa,github,https://github.com/knightlab-analyses/haddad_osa,https://w3id.org/notebookfair#GitRepositoryResource,8,0,0
4381,jbloomlab/PB2-DMS,github,https://github.com/jbloomlab/PB2-DMS,https://w3id.org/notebookfair#GitRepositoryResource,8,0,0
4382,elifesciences-publications/CodonTilingPrimers,github,https://github.com/elifesciences-publications/CodonTilingPrimers,https://w3id.org/notebookfair#GitRepositoryResource,0,0,0
4383,elifesciences-publications/SangerMutantLibraryAnalysis,github,https://github.com/elifesciences-publications/SangerMutantLibraryAnalysis,https://w3id.org/notebookfair#GitRepositoryResource,0,0,0
4384,elifesciences-publications/PB2-DMS,github,https://github.com/elifesciences-publications/PB2-DMS,https://w3id.org/notebookfair#GitRepositoryResource,8,0,0
4385,margulies/marmoset,github,https://github.com/margulies/marmoset,https://w3id.org/notebookfair#GitRepositoryResource,1,0,1
4386,didillysquat/SymPortal_framework,github,https://github.com/didillysquat/SymPortal_framework,https://w3id.org/notebookfair#GitRepositoryResource,0,0,0
4387,didillysquat/sp_ms_figure_creation,github,https://github.com/didillysquat/sp_ms_figure_creation,https://w3id.org/notebookfair#GitRepositoryResource,2,0,0
4388,Neurosim-lab/netpyne,github,https://github.com/Neurosim-lab/netpyne,https://w3id.org/notebookfair#GitRepositoryResource,14,2,1
4389,elifesciences-publications/netpyne,github,https://github.com/elifesciences-publications/netpyne,https://w3id.org/notebookfair#GitRepositoryResource,0,2,0
4390,NeuralEnsemble/neurotune,github,https://github.com/NeuralEnsemble/neurotune,https://w3id.org/notebookfair#GitRepositoryResource,1,1,0
4391,OpenSourceBrain/NetPyNEShowcase,github,https://github.com/OpenSourceBrain/NetPyNEShowcase,https://w3id.org/notebookfair#GitRepositoryResource,0,0,0
4392,Neurosim-lab/NetPyNE-UI,github,https://github.com/Neurosim-lab/NetPyNE-UI,https://w3id.org/notebookfair#GitRepositoryResource,0,1,0
4393,deprekate/PHANOTATE,github,https://github.com/deprekate/PHANOTATE,https://w3id.org/notebookfair#GitRepositoryResource,2,1,0
4394,BioPortainer/BioPortainer,github,https://github.com/BioPortainer/BioPortainer,https://w3id.org/notebookfair#GitRepositoryResource,0,0,1
4395,CenturyLinkLabs/panamax-ui,github,https://github.com/CenturyLinkLabs/panamax-ui,https://w3id.org/notebookfair#GitRepositoryResource,0,0,0
4396,shipyard/shipyard,github,https://github.com/shipyard/shipyard,https://w3id.org/notebookfair#GitRepositoryResource,0,0,0
4397,portainer/portainer,github,https://github.com/portainer/portainer,https://w3id.org/notebookfair#GitRepositoryResource,0,0,0
4398,galaxyproject/planemo,github,https://github.com/galaxyproject/planemo,https://w3id.org/notebookfair#GitRepositoryResource,2,2,1
4399,inutano/cwl-metrics-manuscript,github,https://github.com/inutano/cwl-metrics-manuscript,https://w3id.org/notebookfair#GitRepositoryResource,1,0,0
4400,pitagora-network/pitagora-cwl,github,https://github.com/pitagora-network/pitagora-cwl,https://w3id.org/notebookfair#GitRepositoryResource,0,0,0
4401,inutano/download-sra,github,https://github.com/inutano/download-sra,https://w3id.org/notebookfair#GitRepositoryResource,0,0,0
4402,inutano/pfastq-dump,github,https://github.com/inutano/pfastq-dump,https://w3id.org/notebookfair#GitRepositoryResource,0,0,0
4403,common-workflow-language/cwltool,github,https://github.com/common-workflow-language/cwltool,https://w3id.org/notebookfair#GitRepositoryResource,0,2,2
4404,pitagora-galaxy/cwl,github,https://github.com/pitagora-galaxy/cwl,https://w3id.org/notebookfair#GitRepositoryResource,0,0,0
4405,saketkc/pysradb,github,https://github.com/saketkc/pysradb,https://w3id.org/notebookfair#GitRepositoryResource,9,1,1
4406,sacadena/Cadena2019PlosCB,github,https://github.com/sacadena/Cadena2019PlosCB,https://w3id.org/notebookfair#GitRepositoryResource,4,1,0
4407,aecker/moksm,github,https://github.com/aecker/moksm,https://w3id.org/notebookfair#GitRepositoryResource,0,0,0
4408,yzerlaut/notebook_papers,github,https://github.com/yzerlaut/notebook_papers,https://w3id.org/notebookfair#GitRepositoryResource,6,0,0
4409,sysbio-curie/ElPiGraph.R,github,https://github.com/sysbio-curie/ElPiGraph.R,https://w3id.org/notebookfair#GitRepositoryResource,0,0,0
4410,pinellolab/STREAM,github,https://github.com/pinellolab/STREAM,https://w3id.org/notebookfair#GitRepositoryResource,16,1,0
4411,NYUMedML/ObesityPY,github,https://github.com/NYUMedML/ObesityPY,https://w3id.org/notebookfair#GitRepositoryResource,8,0,0
4412,wckoeppen/bering-seabird-vulnerability,github,https://github.com/wckoeppen/bering-seabird-vulnerability,https://w3id.org/notebookfair#GitRepositoryResource,3,0,0
4413,XuegongLab/D2R_codes,github,https://github.com/XuegongLab/D2R_codes,https://w3id.org/notebookfair#GitRepositoryResource,0,0,0
4414,oesteban/mriqc-webapi-snapshot,github,https://github.com/oesteban/mriqc-webapi-snapshot,https://w3id.org/notebookfair#GitRepositoryResource,0,0,0
4415,poldracklab/mriqcwebapi,github,https://github.com/poldracklab/mriqcwebapi,https://w3id.org/notebookfair#GitRepositoryResource,0,0,1
4416,klb3713/sentence2vec,github,https://github.com/klb3713/sentence2vec,https://w3id.org/notebookfair#GitRepositoryResource,0,0,0
4417,tmikolov/word2vec,github,https://github.com/tmikolov/word2vec,https://w3id.org/notebookfair#GitRepositoryResource,0,0,0
4418,kathrinblagec/neural-sentence-embedding-models-for-biomedical-applications,github,https://github.com/kathrinblagec/neural-sentence-embedding-models-for-biomedical-applications,https://w3id.org/notebookfair#GitRepositoryResource,4,0,0
4419,rshkarin/quanfima,github,https://github.com/rshkarin/quanfima,https://w3id.org/notebookfair#GitRepositoryResource,0,1,1
4420,ini-bdds/encode2bag-service,github,https://github.com/ini-bdds/encode2bag-service,https://w3id.org/notebookfair#GitRepositoryResource,0,0,0
4421,ini-bdds/encode2bag,github,https://github.com/ini-bdds/encode2bag,https://w3id.org/notebookfair#GitRepositoryResource,0,1,0
4422,globusgenomics/genomics-footprint,github,https://github.com/globusgenomics/genomics-footprint,https://w3id.org/notebookfair#GitRepositoryResource,0,0,0
4423,globusgenomics/GlobusGenomics_Java,github,https://github.com/globusgenomics/GlobusGenomics_Java,https://w3id.org/notebookfair#GitRepositoryResource,0,0,0
4424,caporaso-lab/autism-fmt1,github,https://github.com/caporaso-lab/autism-fmt1,https://w3id.org/notebookfair#GitRepositoryResource,8,0,0
4425,portugueslab/stytra,github,https://github.com/portugueslab/stytra,https://w3id.org/notebookfair#GitRepositoryResource,0,1,0
4426,portugueslab/example_stytra_analysis,github,https://github.com/portugueslab/example_stytra_analysis,https://w3id.org/notebookfair#GitRepositoryResource,12,0,0
4427,portugueslab/Stytra-with-DeepLabCut,github,https://github.com/portugueslab/Stytra-with-DeepLabCut,https://w3id.org/notebookfair#GitRepositoryResource,0,0,0
4428,volkamerlab/TeachOpenCADD,github,https://github.com/volkamerlab/TeachOpenCADD,https://w3id.org/notebookfair#GitRepositoryResource,29,1,0
4429,rdkit/UGM_2016,github,https://github.com/rdkit/UGM_2016,https://w3id.org/notebookfair#GitRepositoryResource,9,0,0
4430,laurikari/tre,github,https://github.com/laurikari/tre,https://w3id.org/notebookfair#GitRepositoryResource,0,1,0
4431,biocore/redbiom,github,https://github.com/biocore/redbiom,https://w3id.org/notebookfair#GitRepositoryResource,0,1,0
4432,lmse/impact,github,https://github.com/lmse/impact,https://w3id.org/notebookfair#GitRepositoryResource,6,1,2
4433,jupyterhub/jupyterhub,github,https://github.com/jupyterhub/jupyterhub,https://w3id.org/notebookfair#GitRepositoryResource,0,1,4
4434,FGPLab/cydrasil,github,https://github.com/FGPLab/cydrasil,https://w3id.org/notebookfair#GitRepositoryResource,0,0,0
4435,arvidl/lvv-ri,github,https://github.com/arvidl/lvv-ri,https://w3id.org/notebookfair#GitRepositoryResource,5,0,0
4436,RainCloudPlots/RainCloudPlots,github,https://github.com/RainCloudPlots/RainCloudPlots,https://w3id.org/notebookfair#GitRepositoryResource,2,0,1
4437,wilkelab/cowplot,github,https://github.com/wilkelab/cowplot,https://w3id.org/notebookfair#GitRepositoryResource,0,0,0
4438,pog87/PtitPrince,github,https://github.com/pog87/PtitPrince,https://w3id.org/notebookfair#GitRepositoryResource,2,1,1
4439,DessimozLab/OmaDB,github,https://github.com/DessimozLab/OmaDB,https://w3id.org/notebookfair#GitRepositoryResource,1,0,0
4440,DessimozLab/pyomadb,github,https://github.com/DessimozLab/pyomadb,https://w3id.org/notebookfair#GitRepositoryResource,1,1,0
4441,knightlab-analyses/familial-cirrhosis,github,https://github.com/knightlab-analyses/familial-cirrhosis,https://w3id.org/notebookfair#GitRepositoryResource,6,0,0
4442,FunctionLab/selene,github,https://github.com/FunctionLab/selene,https://w3id.org/notebookfair#GitRepositoryResource,6,1,0
4443,opencb/cellbase,github,https://github.com/opencb/cellbase,https://w3id.org/notebookfair#GitRepositoryResource,1,1,1
4444,vgverdejo/ResearchActivities,github,https://github.com/vgverdejo/ResearchActivities,https://w3id.org/notebookfair#GitRepositoryResource,1,0,0
4445,Candihub/pixel,github,https://github.com/Candihub/pixel,https://w3id.org/notebookfair#GitRepositoryResource,0,0,0
4446,QTB-HHU/photosynthesismodel,github,https://github.com/QTB-HHU/photosynthesismodel,https://w3id.org/notebookfair#GitRepositoryResource,1,0,0
4447,EtienneCmb/visbrain,github,https://github.com/EtienneCmb/visbrain,https://w3id.org/notebookfair#GitRepositoryResource,0,1,0
4448,EtienneCmb/tensorpac,github,https://github.com/EtienneCmb/tensorpac,https://w3id.org/notebookfair#GitRepositoryResource,0,1,0
4449,vispy/vispy,github,https://github.com/vispy/vispy,https://w3id.org/notebookfair#GitRepositoryResource,4,1,0
4450,FordyceLab/MRBLEs,github,https://github.com/FordyceLab/MRBLEs,https://w3id.org/notebookfair#GitRepositoryResource,5,1,1
4451,brunocuevas/exploring_prup3_landscapes,github,https://github.com/brunocuevas/exploring_prup3_landscapes,https://w3id.org/notebookfair#GitRepositoryResource,6,0,0
4452,CCutts/Detecting_pairwise_correlations_in_spike_trains,github,https://github.com/CCutts/Detecting_pairwise_correlations_in_spike_trains,https://w3id.org/notebookfair#GitRepositoryResource,0,0,0
4453,jboulanger/stimulation-motion,github,https://github.com/jboulanger/stimulation-motion,https://w3id.org/notebookfair#GitRepositoryResource,0,0,0
4454,lekroll/R,github,https://github.com/lekroll/R,https://w3id.org/notebookfair#GitRepositoryResource,1,0,0
4455,Adrian-Cantu/git-presentations,github,https://github.com/Adrian-Cantu/git-presentations,https://w3id.org/notebookfair#GitRepositoryResource,52,0,0
4456,idekerlab/ddot,github,https://github.com/idekerlab/ddot,https://w3id.org/notebookfair#GitRepositoryResource,5,1,2
4457,spectra-cluster/spectra-cluster-py,github,https://github.com/spectra-cluster/spectra-cluster-py,https://w3id.org/notebookfair#GitRepositoryResource,0,1,1
4458,spectra-cluster/spectra-cluster-cli,github,https://github.com/spectra-cluster/spectra-cluster-cli,https://w3id.org/notebookfair#GitRepositoryResource,0,0,0
4459,bigbio/nf-workflows,github,https://github.com/bigbio/nf-workflows,https://w3id.org/notebookfair#GitRepositoryResource,0,0,0
4460,jertubiana/ProteinMotifRBM,github,https://github.com/jertubiana/ProteinMotifRBM,https://w3id.org/notebookfair#GitRepositoryResource,4,1,0
4461,elifesciences-publications/ProteinMotifRBM,github,https://github.com/elifesciences-publications/ProteinMotifRBM,https://w3id.org/notebookfair#GitRepositoryResource,4,1,0
4462,ProtProtocols/docker-launcher,github,https://github.com/ProtProtocols/docker-launcher,https://w3id.org/notebookfair#GitRepositoryResource,0,0,0
4463,MSI-Metabolomics-Standards-Initiative/MIDAS,github,https://github.com/MSI-Metabolomics-Standards-Initiative/MIDAS,https://w3id.org/notebookfair#GitRepositoryResource,0,0,0
4464,ruifpmaia/e3tl,github,https://github.com/ruifpmaia/e3tl,https://w3id.org/notebookfair#GitRepositoryResource,1,0,0
4465,rii-mango/papaya,github,https://github.com/rii-mango/papaya,https://w3id.org/notebookfair#GitRepositoryResource,0,0,0
4466,cmadan/openmorph,github,https://github.com/cmadan/openmorph,https://w3id.org/notebookfair#GitRepositoryResource,1,0,0
4467,nipy/dipy,github,https://github.com/nipy/dipy,https://w3id.org/notebookfair#GitRepositoryResource,0,1,1
4468,nilearn/nilearn,github,https://github.com/nilearn/nilearn,https://w3id.org/notebookfair#GitRepositoryResource,0,1,2
4469,xtk/X,github,https://github.com/xtk/X,https://w3id.org/notebookfair#GitRepositoryResource,0,1,0
4470,emiraldi/infTRN_lassoStARS,github,https://github.com/emiraldi/infTRN_lassoStARS,https://w3id.org/notebookfair#GitRepositoryResource,0,0,0
4471,simonsfoundation/jp_gene_viz,github,https://github.com/simonsfoundation/jp_gene_viz,https://w3id.org/notebookfair#GitRepositoryResource,28,1,1
4472,ksil91/Ostrea_PopStructure,github,https://github.com/ksil91/Ostrea_PopStructure,https://w3id.org/notebookfair#GitRepositoryResource,8,0,0
4473,osuchanglab/autoANI,github,https://github.com/osuchanglab/autoANI,https://w3id.org/notebookfair#GitRepositoryResource,0,0,0
4474,vatlab/SoS,github,https://github.com/vatlab/SoS,https://w3id.org/notebookfair#GitRepositoryResource,25,1,0
4475,broadinstitute/gtex-pipeline,github,https://github.com/broadinstitute/gtex-pipeline,https://w3id.org/notebookfair#GitRepositoryResource,0,0,0
4476,cronelab/SyllableTasks,github,https://github.com/cronelab/SyllableTasks,https://w3id.org/notebookfair#GitRepositoryResource,0,0,0
4477,tomasgomes/Treg_analysis,github,https://github.com/tomasgomes/Treg_analysis,https://w3id.org/notebookfair#GitRepositoryResource,3,0,0
4478,sophie63/FlyLFM,github,https://github.com/sophie63/FlyLFM,https://w3id.org/notebookfair#GitRepositoryResource,25,0,0
4479,VirtualFlyBrain/DrosAdultBRAINdomains,github,https://github.com/VirtualFlyBrain/DrosAdultBRAINdomains,https://w3id.org/notebookfair#GitRepositoryResource,0,0,0
4480,SBRCNottingham/gsmodutils,github,https://github.com/SBRCNottingham/gsmodutils,https://w3id.org/notebookfair#GitRepositoryResource,0,1,2
4481,du-lab/ADAP-in-MZmine2,github,https://github.com/du-lab/ADAP-in-MZmine2,https://w3id.org/notebookfair#GitRepositoryResource,0,0,0
4482,DorresteinLaboratory/XSectionalCF,github,https://github.com/DorresteinLaboratory/XSectionalCF,https://w3id.org/notebookfair#GitRepositoryResource,1,0,0
4483,knightlab-analyses/Crohns-MG-MP-Comparisons,github,https://github.com/knightlab-analyses/Crohns-MG-MP-Comparisons,https://w3id.org/notebookfair#GitRepositoryResource,2,0,0
4484,BVLC/caffe,github,https://github.com/BVLC/caffe,https://w3id.org/notebookfair#GitRepositoryResource,8,0,2
4485,google/deepdream,github,https://github.com/google/deepdream,https://w3id.org/notebookfair#GitRepositoryResource,1,0,0
4486,auduno/deepdraw,github,https://github.com/auduno/deepdraw,https://w3id.org/notebookfair#GitRepositoryResource,6,0,0
4487,KamitaniLab/GenericObjectDecoding,github,https://github.com/KamitaniLab/GenericObjectDecoding,https://w3id.org/notebookfair#GitRepositoryResource,0,0,0
4488,KamitaniLab/brain-decoding-datasets,github,https://github.com/KamitaniLab/brain-decoding-datasets,https://w3id.org/notebookfair#GitRepositoryResource,3,1,0
4489,KamitaniLab/cnnpref,github,https://github.com/KamitaniLab/cnnpref,https://w3id.org/notebookfair#GitRepositoryResource,0,0,0
4490,KamitaniLab/BrainDecoderToolbox2,github,https://github.com/KamitaniLab/BrainDecoderToolbox2,https://w3id.org/notebookfair#GitRepositoryResource,0,0,0
4491,semeniuta/EPypes,github,https://github.com/semeniuta/EPypes,https://w3id.org/notebookfair#GitRepositoryResource,0,1,1
4492,UK-Digital-Heart-Project/4Dsurvival,github,https://github.com/UK-Digital-Heart-Project/4Dsurvival,https://w3id.org/notebookfair#GitRepositoryResource,6,1,0
4493,bicycle1885/CellFishing.jl,github,https://github.com/bicycle1885/CellFishing.jl,https://w3id.org/notebookfair#GitRepositoryResource,0,0,0
4494,PMBio/scmt_splicing,github,https://github.com/PMBio/scmt_splicing,https://w3id.org/notebookfair#GitRepositoryResource,3,0,0
4495,jdstorey/qvalue,github,https://github.com/jdstorey/qvalue,https://w3id.org/notebookfair#GitRepositoryResource,0,0,0
4496,ekbors/lionfish_scripts,github,https://github.com/ekbors/lionfish_scripts,https://w3id.org/notebookfair#GitRepositoryResource,5,0,0
4497,biojava/biojava,github,https://github.com/biojava/biojava,https://w3id.org/notebookfair#GitRepositoryResource,0,0,0
4498,biojava/biojava-tutorial,github,https://github.com/biojava/biojava-tutorial,https://w3id.org/notebookfair#GitRepositoryResource,0,0,0
4499,cmzmasek/forester,github,https://github.com/cmzmasek/forester,https://w3id.org/notebookfair#GitRepositoryResource,0,0,0
4500,sbl-sdsc/mmtf-spark,github,https://github.com/sbl-sdsc/mmtf-spark,https://w3id.org/notebookfair#GitRepositoryResource,0,0,0
4501,bioscala/bioscala,github,https://github.com/bioscala/bioscala,https://w3id.org/notebookfair#GitRepositoryResource,0,0,0
4502,sbl-sdsc/biojava-notebooks,github,https://github.com/sbl-sdsc/biojava-notebooks,https://w3id.org/notebookfair#GitRepositoryResource,1,0,0
4503,lafita/qs-align,github,https://github.com/lafita/qs-align,https://w3id.org/notebookfair#GitRepositoryResource,0,0,0
4504,TracyBallinger/dsb_model,github,https://github.com/TracyBallinger/dsb_model,https://w3id.org/notebookfair#GitRepositoryResource,6,0,0
4505,GMOD/Apollo,github,https://github.com/GMOD/Apollo,https://w3id.org/notebookfair#GitRepositoryResource,0,1,0
4506,GMOD/docker-apollo,github,https://github.com/GMOD/docker-apollo,https://w3id.org/notebookfair#GitRepositoryResource,0,0,0
4507,goeckslab/jbrowse-archive-creator,github,https://github.com/goeckslab/jbrowse-archive-creator,https://w3id.org/notebookfair#GitRepositoryResource,0,0,0
4508,greenlabjhmi/2018_Bacterial_Pipeline_riboseq,github,https://github.com/greenlabjhmi/2018_Bacterial_Pipeline_riboseq,https://w3id.org/notebookfair#GitRepositoryResource,3,0,0
4509,elifesciences-publications/2018_Bacterial_Pipeline_riboseq,github,https://github.com/elifesciences-publications/2018_Bacterial_Pipeline_riboseq,https://w3id.org/notebookfair#GitRepositoryResource,3,0,0
4510,srnas/barnaba,github,https://github.com/srnas/barnaba,https://w3id.org/notebookfair#GitRepositoryResource,19,1,0
4511,Crop-Phenomics-Group/cropsight,github,https://github.com/Crop-Phenomics-Group/cropsight,https://w3id.org/notebookfair#GitRepositoryResource,0,0,0
4512,Crop-Phenomics-Group/CropSight,github,https://github.com/Crop-Phenomics-Group/CropSight,https://w3id.org/notebookfair#GitRepositoryResource,0,0,0
4513,plissonf/BBB-Models,github,https://github.com/plissonf/BBB-Models,https://w3id.org/notebookfair#GitRepositoryResource,7,0,0
4514,biocore/calour,github,https://github.com/biocore/calour,https://w3id.org/notebookfair#GitRepositoryResource,10,1,0
4515,knightlab-analyses/calour-manuscript,github,https://github.com/knightlab-analyses/calour-manuscript,https://w3id.org/notebookfair#GitRepositoryResource,7,0,0
4516,NeuralEnsemble/MotionClouds,github,https://github.com/NeuralEnsemble/MotionClouds,https://w3id.org/notebookfair#GitRepositoryResource,17,1,1
4517,itseez/opencv,github,https://github.com/itseez/opencv,https://w3id.org/notebookfair#GitRepositoryResource,0,1,1
4518,mmendez12/sync_paired_end_reads,github,https://github.com/mmendez12/sync_paired_end_reads,https://w3id.org/notebookfair#GitRepositoryResource,0,1,0
4519,Population-Transcriptomics/pairedBamToBed12,github,https://github.com/Population-Transcriptomics/pairedBamToBed12,https://w3id.org/notebookfair#GitRepositoryResource,0,0,0
4520,mmendez12/umicount,github,https://github.com/mmendez12/umicount,https://w3id.org/notebookfair#GitRepositoryResource,0,1,0
4521,Population-Transcriptomics/C1-CAGE-preview,github,https://github.com/Population-Transcriptomics/C1-CAGE-preview,https://w3id.org/notebookfair#GitRepositoryResource,1,0,0
4522,Population-Transcriptomics/C1-CAGE-manuscript,github,https://github.com/Population-Transcriptomics/C1-CAGE-manuscript,https://w3id.org/notebookfair#GitRepositoryResource,0,0,0
4523,linnarsson-lab/ipynb-lamanno2016,github,https://github.com/linnarsson-lab/ipynb-lamanno2016,https://w3id.org/notebookfair#GitRepositoryResource,5,0,0
4524,flatironinstitute/CaImAn,github,https://github.com/flatironinstitute/CaImAn,https://w3id.org/notebookfair#GitRepositoryResource,12,1,1
4525,elifesciences-publications/CaImAn,github,https://github.com/elifesciences-publications/CaImAn,https://w3id.org/notebookfair#GitRepositoryResource,10,1,0
4526,flatironinstitute/CaImAn-MATLAB,github,https://github.com/flatironinstitute/CaImAn-MATLAB,https://w3id.org/notebookfair#GitRepositoryResource,0,0,0
4527,elifesciences-publications/CaImAn-MATLAB,github,https://github.com/elifesciences-publications/CaImAn-MATLAB,https://w3id.org/notebookfair#GitRepositoryResource,0,0,0
4528,CodeNeuro/neurofinder,github,https://github.com/CodeNeuro/neurofinder,https://w3id.org/notebookfair#GitRepositoryResource,0,0,0
4529,pachterlab/sircel,github,https://github.com/pachterlab/sircel,https://w3id.org/notebookfair#GitRepositoryResource,2,1,0
4530,xaviergp/littlebrain,github,https://github.com/xaviergp/littlebrain,https://w3id.org/notebookfair#GitRepositoryResource,2,0,0
4531,koenhaak/congrads,github,https://github.com/koenhaak/congrads,https://w3id.org/notebookfair#GitRepositoryResource,0,0,0
4532,bodkan/nea-over-time,github,https://github.com/bodkan/nea-over-time,https://w3id.org/notebookfair#GitRepositoryResource,14,0,1
4533,bodkan/admixr,github,https://github.com/bodkan/admixr,https://w3id.org/notebookfair#GitRepositoryResource,0,0,0
4534,mwhall/PeerJ_Culex_nigripalpus,github,https://github.com/mwhall/PeerJ_Culex_nigripalpus,https://w3id.org/notebookfair#GitRepositoryResource,5,0,0
4535,SBRG/ecoli_me_testing,github,https://github.com/SBRG/ecoli_me_testing,https://w3id.org/notebookfair#GitRepositoryResource,0,0,0
4536,SBRG/ecolime,github,https://github.com/SBRG/ecolime,https://w3id.org/notebookfair#GitRepositoryResource,2,1,0
4537,SBRG/dynamicme,github,https://github.com/SBRG/dynamicme,https://w3id.org/notebookfair#GitRepositoryResource,1,1,0
4538,sbrg/cobrame,github,https://github.com/sbrg/cobrame,https://w3id.org/notebookfair#GitRepositoryResource,10,1,1
4539,sccn/labstreaminglayer,github,https://github.com/sccn/labstreaminglayer,https://w3id.org/notebookfair#GitRepositoryResource,0,0,0
4540,gumpy-bci/gumpy-deeplearning,github,https://github.com/gumpy-bci/gumpy-deeplearning,https://w3id.org/notebookfair#GitRepositoryResource,2,0,1
4541,usnistgov/jarvis,github,https://github.com/usnistgov/jarvis,https://w3id.org/notebookfair#GitRepositoryResource,0,1,1
4542,brianyiktaktsui/Skymap,github,https://github.com/brianyiktaktsui/Skymap,https://w3id.org/notebookfair#GitRepositoryResource,175,0,0
4543,matthias-samwald/Fast-and-scalable-neural-embedding-models-for-biomedical-sentence-classification,github,https://github.com/matthias-samwald/Fast-and-scalable-neural-embedding-models-for-biomedical-sentence-classification,https://w3id.org/notebookfair#GitRepositoryResource,2,0,0
4544,qosf/qosf.org,github,https://github.com/qosf/qosf.org,https://w3id.org/notebookfair#GitRepositoryResource,0,0,0
4545,vsoftco/qpp,github,https://github.com/vsoftco/qpp,https://w3id.org/notebookfair#GitRepositoryResource,0,1,0
4546,vm6502q/qrack,github,https://github.com/vm6502q/qrack,https://w3id.org/notebookfair#GitRepositoryResource,0,0,0
4547,rigetticomputing/reference-qvm,github,https://github.com/rigetticomputing/reference-qvm,https://w3id.org/notebookfair#GitRepositoryResource,0,1,1
4548,BBN-Q/Cliffords.jl,github,https://github.com/BBN-Q/Cliffords.jl,https://w3id.org/notebookfair#GitRepositoryResource,0,0,0
4549,dwavesystems/qbsolv,github,https://github.com/dwavesystems/qbsolv,https://w3id.org/notebookfair#GitRepositoryResource,0,1,3
4550,epiqc/ScaffCC,github,https://github.com/epiqc/ScaffCC,https://w3id.org/notebookfair#GitRepositoryResource,0,2,0
4551,BBN-Q/QGL.jl,github,https://github.com/BBN-Q/QGL.jl,https://w3id.org/notebookfair#GitRepositoryResource,0,0,0
4552,Quantomatic/pyzx,github,https://github.com/Quantomatic/pyzx,https://w3id.org/notebookfair#GitRepositoryResource,39,1,1
4553,ProjectQ-Framework/ProjectQ,github,https://github.com/ProjectQ-Framework/ProjectQ,https://w3id.org/notebookfair#GitRepositoryResource,10,1,0
4554,eclipse/xacc,github,https://github.com/eclipse/xacc,https://w3id.org/notebookfair#GitRepositoryResource,1,0,1
4555,artiste-qb-net/qubiter,github,https://github.com/artiste-qb-net/qubiter,https://w3id.org/notebookfair#GitRepositoryResource,30,1,1
4556,ProjectQ-Framework/FermiLib,github,https://github.com/ProjectQ-Framework/FermiLib,https://w3id.org/notebookfair#GitRepositoryResource,1,1,1
4557,ORNL-QCI/xacc-vqe,github,https://github.com/ORNL-QCI/xacc-vqe,https://w3id.org/notebookfair#GitRepositoryResource,0,1,1
4558,rigetticomputing/pyquil,github,https://github.com/rigetticomputing/pyquil,https://w3id.org/notebookfair#GitRepositoryResource,4,0,0
4559,rigetticomputing/grove,github,https://github.com/rigetticomputing/grove,https://w3id.org/notebookfair#GitRepositoryResource,8,1,1
4560,Qiskit/qiskit-terra,github,https://github.com/Qiskit/qiskit-terra,https://w3id.org/notebookfair#GitRepositoryResource,3,1,1
4561,Qiskit/aqua,github,https://github.com/Qiskit/aqua,https://w3id.org/notebookfair#GitRepositoryResource,1,1,1
4562,Qiskit/qiskit-tutorial,github,https://github.com/Qiskit/qiskit-tutorial,https://w3id.org/notebookfair#GitRepositoryResource,31,0,0
4563,Qiskit/qiskit-js,github,https://github.com/Qiskit/qiskit-js,https://w3id.org/notebookfair#GitRepositoryResource,0,0,0
4564,XanaduAI/strawberryfields,github,https://github.com/XanaduAI/strawberryfields,https://w3id.org/notebookfair#GitRepositoryResource,0,1,2
4565,quantumlib/Cirq,github,https://github.com/quantumlib/Cirq,https://w3id.org/notebookfair#GitRepositoryResource,70,11,11
4566,quantumlib/OpenFermion,github,https://github.com/quantumlib/OpenFermion,https://w3id.org/notebookfair#GitRepositoryResource,13,1,2
4567,dwavesystems/dimod,github,https://github.com/dwavesystems/dimod,https://w3id.org/notebookfair#GitRepositoryResource,1,1,4
4568,dwavesystems/dwave-system,github,https://github.com/dwavesystems/dwave-system,https://w3id.org/notebookfair#GitRepositoryResource,0,1,3
4569,jasongfleischer/Predicting-age-from-the-transcriptome-of-human-dermal-fibroblasts,github,https://github.com/jasongfleischer/Predicting-age-from-the-transcriptome-of-human-dermal-fibroblasts,https://w3id.org/notebookfair#GitRepositoryResource,4,0,0
4570,INM-6/NetworkUnit,github,https://github.com/INM-6/NetworkUnit,https://w3id.org/notebookfair#GitRepositoryResource,1,1,1
4571,gtrensch/RigorousNeuralNetworkSimulations,github,https://github.com/gtrensch/RigorousNeuralNetworkSimulations,https://w3id.org/notebookfair#GitRepositoryResource,0,0,0
4572,GreenwoodLab/methylation450KPipeline,github,https://github.com/GreenwoodLab/methylation450KPipeline,https://w3id.org/notebookfair#GitRepositoryResource,0,0,0
4573,GreenwoodLab/pcev_pipelineCBRAIN,github,https://github.com/GreenwoodLab/pcev_pipelineCBRAIN,https://w3id.org/notebookfair#GitRepositoryResource,0,0,0
4574,aces/cbrain,github,https://github.com/aces/cbrain,https://w3id.org/notebookfair#GitRepositoryResource,0,0,0
4575,aces/Loris,github,https://github.com/aces/Loris,https://w3id.org/notebookfair#GitRepositoryResource,2,1,1
4576,OAI/OpenAPI-Specification,github,https://github.com/OAI/OpenAPI-Specification,https://w3id.org/notebookfair#GitRepositoryResource,0,0,0
4577,DataLad/DataLad,github,https://github.com/DataLad/DataLad,https://w3id.org/notebookfair#GitRepositoryResource,0,2,1
4578,INCF/BIDS,github,https://github.com/INCF/BIDS,https://w3id.org/notebookfair#GitRepositoryResource,0,0,0
4579,INCF/csa,github,https://github.com/INCF/csa,https://w3id.org/notebookfair#GitRepositoryResource,0,1,0
4580,LFPy/LFPy,github,https://github.com/LFPy/LFPy,https://w3id.org/notebookfair#GitRepositoryResource,12,1,4
4581,compneuro/LFPsim,github,https://github.com/compneuro/LFPsim,https://w3id.org/notebookfair#GitRepositoryResource,0,0,0
4582,sibeleker/Validation_Perspectives,github,https://github.com/sibeleker/Validation_Perspectives,https://w3id.org/notebookfair#GitRepositoryResource,2,0,0
4583,betanalpha/jupyter_case_studies,github,https://github.com/betanalpha/jupyter_case_studies,https://w3id.org/notebookfair#GitRepositoryResource,2,0,0
4584,dbrg77/plate_scATAC-seq,github,https://github.com/dbrg77/plate_scATAC-seq,https://w3id.org/notebookfair#GitRepositoryResource,5,0,0
4585,alexanderjaffe/cpr_dpann_rubisco,github,https://github.com/alexanderjaffe/cpr_dpann_rubisco,https://w3id.org/notebookfair#GitRepositoryResource,1,0,0
4586,phac-nml/imid_microbiome,github,https://github.com/phac-nml/imid_microbiome,https://w3id.org/notebookfair#GitRepositoryResource,1,0,0
4587,smirarab/1kp,github,https://github.com/smirarab/1kp,https://w3id.org/notebookfair#GitRepositoryResource,0,0,0
4588,mossmatters/Angiosperms353,github,https://github.com/mossmatters/Angiosperms353,https://w3id.org/notebookfair#GitRepositoryResource,1,0,0
4589,mfitzp/padua,github,https://github.com/mfitzp/padua,https://w3id.org/notebookfair#GitRepositoryResource,0,1,1
4590,tkonopka/umap,github,https://github.com/tkonopka/umap,https://w3id.org/notebookfair#GitRepositoryResource,0,0,0
4591,ChristianLieven/memote-m-capsulatus,github,https://github.com/ChristianLieven/memote-m-capsulatus,https://w3id.org/notebookfair#GitRepositoryResource,15,0,1
4592,awbrooks19/microbiota_and_ethnicity,github,https://github.com/awbrooks19/microbiota_and_ethnicity,https://w3id.org/notebookfair#GitRepositoryResource,17,0,0
4593,gitter-lab/pria_lifechem,github,https://github.com/gitter-lab/pria_lifechem,https://w3id.org/notebookfair#GitRepositoryResource,37,1,0
4594,bioglio/cinema,github,https://github.com/bioglio/cinema,https://w3id.org/notebookfair#GitRepositoryResource,1,0,1
4595,panoromix/PanoromiX,github,https://github.com/panoromix/PanoromiX,https://w3id.org/notebookfair#GitRepositoryResource,0,0,0
4596,carjed/helmsman,github,https://github.com/carjed/helmsman,https://w3id.org/notebookfair#GitRepositoryResource,1,0,0
4597,JohSchoeneberg/pyLattice,github,https://github.com/JohSchoeneberg/pyLattice,https://w3id.org/notebookfair#GitRepositoryResource,25,2,2
4598,ezralanglois/arachnid,github,https://github.com/ezralanglois/arachnid,https://w3id.org/notebookfair#GitRepositoryResource,0,16,0
4599,stefsmeets/instamatic,github,https://github.com/stefsmeets/instamatic,https://w3id.org/notebookfair#GitRepositoryResource,3,1,1
4600,samuelweisenthal/reh_aki,github,https://github.com/samuelweisenthal/reh_aki,https://w3id.org/notebookfair#GitRepositoryResource,1,0,0
4601,facebookincubator/bootstrapped,github,https://github.com/facebookincubator/bootstrapped,https://w3id.org/notebookfair#GitRepositoryResource,8,1,0
4602,kharyuk/chemfin-plasp,github,https://github.com/kharyuk/chemfin-plasp,https://w3id.org/notebookfair#GitRepositoryResource,13,0,0
4603,ITISFoundation/osparc-simcore,github,https://github.com/ITISFoundation/osparc-simcore,https://w3id.org/notebookfair#GitRepositoryResource,0,21,11
4604,nafizh/NeuBI,github,https://github.com/nafizh/NeuBI,https://w3id.org/notebookfair#GitRepositoryResource,0,0,0
4605,BlueBrain/nexus,github,https://github.com/BlueBrain/nexus,https://w3id.org/notebookfair#GitRepositoryResource,7,0,0
4606,rpgroup-pboc/mscl_survival,github,https://github.com/rpgroup-pboc/mscl_survival,https://w3id.org/notebookfair#GitRepositoryResource,7,2,0
4607,NeuralEnsemble/pype9,github,https://github.com/NeuralEnsemble/pype9,https://w3id.org/notebookfair#GitRepositoryResource,0,1,2
4608,iraikov/9ML-toolkit,github,https://github.com/iraikov/9ML-toolkit,https://w3id.org/notebookfair#GitRepositoryResource,0,0,0
4609,INCF/nineml-python,github,https://github.com/INCF/nineml-python,https://w3id.org/notebookfair#GitRepositoryResource,0,1,2
4610,SpiNNakerManchester/SpiNNakerManchester.github.io,github,https://github.com/SpiNNakerManchester/SpiNNakerManchester.github.io,https://w3id.org/notebookfair#GitRepositoryResource,0,0,0
4611,PHJonesGroup/Murai_etal_SI_code,github,https://github.com/PHJonesGroup/Murai_etal_SI_code,https://w3id.org/notebookfair#GitRepositoryResource,0,0,0
4612,bptripp/calc,github,https://github.com/bptripp/calc,https://w3id.org/notebookfair#GitRepositoryResource,0,1,0
4613,Neuroinflab/kCSD-python,github,https://github.com/Neuroinflab/kCSD-python,https://w3id.org/notebookfair#GitRepositoryResource,5,1,1
4614,pwollstadt/IDTxl,github,https://github.com/pwollstadt/IDTxl,https://w3id.org/notebookfair#GitRepositoryResource,0,1,0
4615,berenslab/MorphoPy,github,https://github.com/berenslab/MorphoPy,https://w3id.org/notebookfair#GitRepositoryResource,3,1,1
4616,BadenLab/Spikeling,github,https://github.com/BadenLab/Spikeling,https://w3id.org/notebookfair#GitRepositoryResource,1,0,0
4617,brouhardlab/Kappa,github,https://github.com/brouhardlab/Kappa,https://w3id.org/notebookfair#GitRepositoryResource,14,0,0
4618,akxen/egrimod-nem,github,https://github.com/akxen/egrimod-nem,https://w3id.org/notebookfair#GitRepositoryResource,7,1,1
4619,python-visualization/folium,github,https://github.com/python-visualization/folium,https://w3id.org/notebookfair#GitRepositoryResource,50,1,1
4620,tfwillems/HipSTR,github,https://github.com/tfwillems/HipSTR,https://w3id.org/notebookfair#GitRepositoryResource,0,0,0
4621,jamescasbon/PyVCF,github,https://github.com/jamescasbon/PyVCF,https://w3id.org/notebookfair#GitRepositoryResource,0,1,0
4622,gymreklab/snpstr-imputation,github,https://github.com/gymreklab/snpstr-imputation,https://w3id.org/notebookfair#GitRepositoryResource,4,0,0
4623,jarrodmillman/rcsds-paper,github,https://github.com/jarrodmillman/rcsds-paper,https://w3id.org/notebookfair#GitRepositoryResource,0,0,0
4624,ManchesterBioinference/Scasat,github,https://github.com/ManchesterBioinference/Scasat,https://w3id.org/notebookfair#GitRepositoryResource,8,0,0
4625,BGD-UAB/PopHumanScan,github,https://github.com/BGD-UAB/PopHumanScan,https://w3id.org/notebookfair#GitRepositoryResource,2,0,0
4626,stephencelis/ghi,github,https://github.com/stephencelis/ghi,https://w3id.org/notebookfair#GitRepositoryResource,0,0,0
4627,Bioconductor/BiocWorkshops,github,https://github.com/Bioconductor/BiocWorkshops,https://w3id.org/notebookfair#GitRepositoryResource,0,0,0
4628,gregversteeg/NPEET,github,https://github.com/gregversteeg/NPEET,https://w3id.org/notebookfair#GitRepositoryResource,0,0,0
4629,clld/lexibank,github,https://github.com/clld/lexibank,https://w3id.org/notebookfair#GitRepositoryResource,0,1,1
4630,glottobank/pycldf,github,https://github.com/glottobank/pycldf,https://w3id.org/notebookfair#GitRepositoryResource,0,1,2
4631,lessersunda/lexirumah,github,https://github.com/lessersunda/lexirumah,https://w3id.org/notebookfair#GitRepositoryResource,0,1,1
4632,aakhmetz/MeaslesJapan2018,github,https://github.com/aakhmetz/MeaslesJapan2018,https://w3id.org/notebookfair#GitRepositoryResource,2,0,0
4633,pbovio/CGNP-CGN-SES-H3K79me2-Bovio,github,https://github.com/pbovio/CGNP-CGN-SES-H3K79me2-Bovio,https://w3id.org/notebookfair#GitRepositoryResource,1,0,0
4634,Marcello-Sega/pytim,github,https://github.com/Marcello-Sega/pytim,https://w3id.org/notebookfair#GitRepositoryResource,0,1,1
4635,debbiemarkslab/evcouplings,github,https://github.com/debbiemarkslab/evcouplings,https://w3id.org/notebookfair#GitRepositoryResource,6,1,1
4636,boulanni/theano-hf,github,https://github.com/boulanni/theano-hf,https://w3id.org/notebookfair#GitRepositoryResource,0,0,0
4637,xjwanglab/pycog,github,https://github.com/xjwanglab/pycog,https://w3id.org/notebookfair#GitRepositoryResource,0,1,0
4638,xjwanglab/pyrl,github,https://github.com/xjwanglab/pyrl,https://w3id.org/notebookfair#GitRepositoryResource,0,0,0
4639,ThomasMiconi/BiologicallyPlausibleLearningRNN,github,https://github.com/ThomasMiconi/BiologicallyPlausibleLearningRNN,https://w3id.org/notebookfair#GitRepositoryResource,0,0,0
4640,sakuroki/flexible_RNN,github,https://github.com/sakuroki/flexible_RNN,https://w3id.org/notebookfair#GitRepositoryResource,0,0,0
4641,DanJeffries/My_misc_scripts,github,https://github.com/DanJeffries/My_misc_scripts,https://w3id.org/notebookfair#GitRepositoryResource,260,0,0
4642,CNR-ISMAR/tools4msp,github,https://github.com/CNR-ISMAR/tools4msp,https://w3id.org/notebookfair#GitRepositoryResource,0,1,1
4643,CNR-ISMAR/rectifiedgrid,github,https://github.com/CNR-ISMAR/rectifiedgrid,https://w3id.org/notebookfair#GitRepositoryResource,0,1,0
4644,biocore/qiita,github,https://github.com/biocore/qiita,https://w3id.org/notebookfair#GitRepositoryResource,0,1,0
4645,knightlab-analyses/qiita-paper,github,https://github.com/knightlab-analyses/qiita-paper,https://w3id.org/notebookfair#GitRepositoryResource,1,0,0
4646,qiita-spots/qiita_client,github,https://github.com/qiita-spots/qiita_client,https://w3id.org/notebookfair#GitRepositoryResource,0,1,0
4647,qiita-spots/qtp-template-cookiecutter,github,https://github.com/qiita-spots/qtp-template-cookiecutter,https://w3id.org/notebookfair#GitRepositoryResource,0,1,0
4648,qiita-spots/qp-template-cookiecutter,github,https://github.com/qiita-spots/qp-template-cookiecutter,https://w3id.org/notebookfair#GitRepositoryResource,0,1,0
4649,ocsicnarf/vaccine-trial-planning,github,https://github.com/ocsicnarf/vaccine-trial-planning,https://w3id.org/notebookfair#GitRepositoryResource,4,0,0
4650,BenKaehler/gapped,github,https://github.com/BenKaehler/gapped,https://w3id.org/notebookfair#GitRepositoryResource,3,1,0
4651,yasmina85/swcuration,github,https://github.com/yasmina85/swcuration,https://w3id.org/notebookfair#GitRepositoryResource,0,0,0
4652,mesosphere/marathon,github,https://github.com/mesosphere/marathon,https://w3id.org/notebookfair#GitRepositoryResource,0,1,1
4653,bio-guoda/guoda-datasets,github,https://github.com/bio-guoda/guoda-datasets,https://w3id.org/notebookfair#GitRepositoryResource,6,0,0
4654,bittremieux/ANN-SoLo,github,https://github.com/bittremieux/ANN-SoLo,https://w3id.org/notebookfair#GitRepositoryResource,12,1,0
4655,fabriziocosta/GraphEmbed,github,https://github.com/fabriziocosta/GraphEmbed,https://w3id.org/notebookfair#GitRepositoryResource,1,1,0
4656,openworm/org.geppetto.model,github,https://github.com/openworm/org.geppetto.model,https://w3id.org/notebookfair#GitRepositoryResource,0,0,0
4657,openworm/pygeppetto,github,https://github.com/openworm/pygeppetto,https://w3id.org/notebookfair#GitRepositoryResource,0,1,1
4658,FNNDSC/ami,github,https://github.com/FNNDSC/ami,https://w3id.org/notebookfair#GitRepositoryResource,0,0,0
4659,MetaCell/NetPyNE-UI,github,https://github.com/MetaCell/NetPyNE-UI,https://w3id.org/notebookfair#GitRepositoryResource,0,1,1
4660,MetaCell/NEURON-UI,github,https://github.com/MetaCell/NEURON-UI,https://w3id.org/notebookfair#GitRepositoryResource,0,1,0
4661,openworm/pyopenworm,github,https://github.com/openworm/pyopenworm,https://w3id.org/notebookfair#GitRepositoryResource,0,1,0
4662,openworm/channelworm,github,https://github.com/openworm/channelworm,https://w3id.org/notebookfair#GitRepositoryResource,6,2,2
4663,openworm/robots,github,https://github.com/openworm/robots,https://w3id.org/notebookfair#GitRepositoryResource,1,0,0
4664,openworm/openworm,github,https://github.com/openworm/openworm,https://w3id.org/notebookfair#GitRepositoryResource,0,0,0
4665,BenLangmead/bowtie2,github,https://github.com/BenLangmead/bowtie2,https://w3id.org/notebookfair#GitRepositoryResource,0,0,0
4666,bgruening/galaxytools,github,https://github.com/bgruening/galaxytools,https://w3id.org/notebookfair#GitRepositoryResource,0,0,0
4667,phyy-nx/dials_refinement_brewster2018,github,https://github.com/phyy-nx/dials_refinement_brewster2018,https://w3id.org/notebookfair#GitRepositoryResource,7,0,0
4668,jbloomlab/multiplet_freq,github,https://github.com/jbloomlab/multiplet_freq,https://w3id.org/notebookfair#GitRepositoryResource,2,0,0
4669,grtensor/grtensor,github,https://github.com/grtensor/grtensor,https://w3id.org/notebookfair#GitRepositoryResource,0,0,0
4670,tririver/MathGR,github,https://github.com/tririver/MathGR,https://w3id.org/notebookfair#GitRepositoryResource,0,0,0
4671,SALib/SALib,github,https://github.com/SALib/SALib,https://w3id.org/notebookfair#GitRepositoryResource,0,0,0
4672,jbloomlab/Perth2009-DMS-Manuscript,github,https://github.com/jbloomlab/Perth2009-DMS-Manuscript,https://w3id.org/notebookfair#GitRepositoryResource,2,0,0
4673,elifesciences-publications/accumulating_puffs,github,https://github.com/elifesciences-publications/accumulating_puffs,https://w3id.org/notebookfair#GitRepositoryResource,0,0,0
4674,bensondaled/pyfluo,github,https://github.com/bensondaled/pyfluo,https://w3id.org/notebookfair#GitRepositoryResource,0,2,0
4675,elifesciences-publications/pyfluo,github,https://github.com/elifesciences-publications/pyfluo,https://w3id.org/notebookfair#GitRepositoryResource,0,2,0
4676,cortex-lab/Kilosort,github,https://github.com/cortex-lab/Kilosort,https://w3id.org/notebookfair#GitRepositoryResource,0,0,0
4677,idekerlab/aMatReader,github,https://github.com/idekerlab/aMatReader,https://w3id.org/notebookfair#GitRepositoryResource,1,1,0
4678,cytoscape/copycat-layout,github,https://github.com/cytoscape/copycat-layout,https://w3id.org/notebookfair#GitRepositoryResource,1,0,0
4679,pnnl/cmaputil,github,https://github.com/pnnl/cmaputil,https://w3id.org/notebookfair#GitRepositoryResource,0,1,1
4680,khinsen/leibniz,github,https://github.com/khinsen/leibniz,https://w3id.org/notebookfair#GitRepositoryResource,0,0,0
4681,pandegroup/openmm,github,https://github.com/pandegroup/openmm,https://w3id.org/notebookfair#GitRepositoryResource,0,1,0
4682,kdprkr/WardsWizard,github,https://github.com/kdprkr/WardsWizard,https://w3id.org/notebookfair#GitRepositoryResource,0,0,0
4683,tanghaibao/goatools,github,https://github.com/tanghaibao/goatools,https://w3id.org/notebookfair#GitRepositoryResource,22,1,0
4684,dvklopfenstein/goatools_simulation,github,https://github.com/dvklopfenstein/goatools_simulation,https://w3id.org/notebookfair#GitRepositoryResource,0,0,0
4685,ray306/EasyEEG,github,https://github.com/ray306/EasyEEG,https://w3id.org/notebookfair#GitRepositoryResource,2,0,0
4686,kalimu/genderizeR,github,https://github.com/kalimu/genderizeR,https://w3id.org/notebookfair#GitRepositoryResource,0,0,0
4687,GenderGapSTEM-PublicationAnalysis/name-gender-inference,github,https://github.com/GenderGapSTEM-PublicationAnalysis/name-gender-inference,https://w3id.org/notebookfair#GitRepositoryResource,2,1,1
4688,kescobo/gender-comp-bio,github,https://github.com/kescobo/gender-comp-bio,https://w3id.org/notebookfair#GitRepositoryResource,5,0,0
4689,ropensci/gender,github,https://github.com/ropensci/gender,https://w3id.org/notebookfair#GitRepositoryResource,0,0,0
4690,bcgsc/tasrkleat,github,https://github.com/bcgsc/tasrkleat,https://w3id.org/notebookfair#GitRepositoryResource,0,0,0
4691,bcgsc/tasrkleat-TCGA-analysis-scripts,github,https://github.com/bcgsc/tasrkleat-TCGA-analysis-scripts,https://w3id.org/notebookfair#GitRepositoryResource,44,0,0
4692,sorgerlab/ashlar,github,https://github.com/sorgerlab/ashlar,https://w3id.org/notebookfair#GitRepositoryResource,0,1,0
4693,elifesciences-publications/ashlar,github,https://github.com/elifesciences-publications/ashlar,https://w3id.org/notebookfair#GitRepositoryResource,0,1,0
4694,sorgerlab/lin_elife_2018_tCyCIF_plots,github,https://github.com/sorgerlab/lin_elife_2018_tCyCIF_plots,https://w3id.org/notebookfair#GitRepositoryResource,1,0,1
4695,elifesciences-publications/lin_elife_2018_tCyCIF_plots,github,https://github.com/elifesciences-publications/lin_elife_2018_tCyCIF_plots,https://w3id.org/notebookfair#GitRepositoryResource,1,0,0
4696,sorgerlab/cycif,github,https://github.com/sorgerlab/cycif,https://w3id.org/notebookfair#GitRepositoryResource,0,0,0
4697,elifesciences-publications/cycif,github,https://github.com/elifesciences-publications/cycif,https://w3id.org/notebookfair#GitRepositoryResource,0,0,0
4698,pdh21/problink,github,https://github.com/pdh21/problink,https://w3id.org/notebookfair#GitRepositoryResource,1,0,0
4699,kbase/kb_sdk,github,https://github.com/kbase/kb_sdk,https://w3id.org/notebookfair#GitRepositoryResource,0,0,1
4700,colomoto/colomoto-docker,github,https://github.com/colomoto/colomoto-docker,https://w3id.org/notebookfair#GitRepositoryResource,42,1,0
4701,jbloomlab/MAP_Vaccine_FP_Abs,github,https://github.com/jbloomlab/MAP_Vaccine_FP_Abs,https://w3id.org/notebookfair#GitRepositoryResource,1,0,0
4702,ls-cwi/eXamine,github,https://github.com/ls-cwi/eXamine,https://w3id.org/notebookfair#GitRepositoryResource,2,0,0
4703,ddamerell53/SATurn,github,https://github.com/ddamerell53/SATurn,https://w3id.org/notebookfair#GitRepositoryResource,0,0,0
4704,nighres/nighres,github,https://github.com/nighres/nighres,https://w3id.org/notebookfair#GitRepositoryResource,0,1,0
4705,piloubazin/cbstools-public,github,https://github.com/piloubazin/cbstools-public,https://w3id.org/notebookfair#GitRepositoryResource,3,0,0
4706,kendrickkay/cvncode,github,https://github.com/kendrickkay/cvncode,https://w3id.org/notebookfair#GitRepositoryResource,0,0,0
4707,carpenterlab/2018_mcquin_PLOSBio,github,https://github.com/carpenterlab/2018_mcquin_PLOSBio,https://w3id.org/notebookfair#GitRepositoryResource,0,0,0
4708,CellProfiler/CellProfiler-plugins,github,https://github.com/CellProfiler/CellProfiler-plugins,https://w3id.org/notebookfair#GitRepositoryResource,0,0,1
4709,carpenterlab/unet4nuclei,github,https://github.com/carpenterlab/unet4nuclei,https://w3id.org/notebookfair#GitRepositoryResource,8,0,0
4710,CellProfiler/Distributed-CellProfiler,github,https://github.com/CellProfiler/Distributed-CellProfiler,https://w3id.org/notebookfair#GitRepositoryResource,0,0,1
4711,CellProfiler/examples,github,https://github.com/CellProfiler/examples,https://w3id.org/notebookfair#GitRepositoryResource,0,0,0
4712,CellProfiler/tutorials,github,https://github.com/CellProfiler/tutorials,https://w3id.org/notebookfair#GitRepositoryResource,2,0,0
4713,cytomining/cytominer,github,https://github.com/cytomining/cytominer,https://w3id.org/notebookfair#GitRepositoryResource,0,0,0
4714,broadinstitute/deepometry,github,https://github.com/broadinstitute/deepometry,https://w3id.org/notebookfair#GitRepositoryResource,6,1,0
4715,broadinstitute/keras-resnet,github,https://github.com/broadinstitute/keras-resnet,https://w3id.org/notebookfair#GitRepositoryResource,0,1,0
4716,broadinstitute/keras-rcnn,github,https://github.com/broadinstitute/keras-rcnn,https://w3id.org/notebookfair#GitRepositoryResource,0,1,1
4717,greenelab/PathCORE-T-analysis,github,https://github.com/greenelab/PathCORE-T-analysis,https://w3id.org/notebookfair#GitRepositoryResource,5,0,2
4718,kathyxchen/crosstalk-correction,github,https://github.com/kathyxchen/crosstalk-correction,https://w3id.org/notebookfair#GitRepositoryResource,0,1,0
4719,greenelab/PathCORE-T,github,https://github.com/greenelab/PathCORE-T,https://w3id.org/notebookfair#GitRepositoryResource,0,1,0
4720,kathyxchen/PathCORE-T-demo,github,https://github.com/kathyxchen/PathCORE-T-demo,https://w3id.org/notebookfair#GitRepositoryResource,0,0,1
4721,GHFC/Stratipy,github,https://github.com/GHFC/Stratipy,https://w3id.org/notebookfair#GitRepositoryResource,9,1,1
4722,jupyter/jupyter,github,https://github.com/jupyter/jupyter,https://w3id.org/notebookfair#GitRepositoryResource,0,1,0
4723,marliekevk/Integrating-Educational-Knowledge,github,https://github.com/marliekevk/Integrating-Educational-Knowledge,https://w3id.org/notebookfair#GitRepositoryResource,1,0,0
4724,avian2/spectrum-sensing-methods,github,https://github.com/avian2/spectrum-sensing-methods,https://w3id.org/notebookfair#GitRepositoryResource,10,0,0
4725,sensorlab/vesna-spectrum-sensor,github,https://github.com/sensorlab/vesna-spectrum-sensor,https://w3id.org/notebookfair#GitRepositoryResource,0,1,0
4726,ndu-UCSD/pHOS,github,https://github.com/ndu-UCSD/pHOS,https://w3id.org/notebookfair#GitRepositoryResource,0,0,0
4727,0u812/tellurium-combine-archive-test-cases,github,https://github.com/0u812/tellurium-combine-archive-test-cases,https://w3id.org/notebookfair#GitRepositoryResource,2,0,0
4728,dereneaton/Canarium-GBS,github,https://github.com/dereneaton/Canarium-GBS,https://w3id.org/notebookfair#GitRepositoryResource,7,0,0
4729,dereneaton/ipyrad,github,https://github.com/dereneaton/ipyrad,https://w3id.org/notebookfair#GitRepositoryResource,88,1,2
4730,delton137/mmltoolkit,github,https://github.com/delton137/mmltoolkit,https://w3id.org/notebookfair#GitRepositoryResource,2,1,0
4731,delton137/Machine-Learning-Energetic-Molecules-Notebooks,github,https://github.com/delton137/Machine-Learning-Energetic-Molecules-Notebooks,https://w3id.org/notebookfair#GitRepositoryResource,7,0,0
4732,Murali-group/PathLinker-Cytoscape,github,https://github.com/Murali-group/PathLinker-Cytoscape,https://w3id.org/notebookfair#GitRepositoryResource,2,0,0
4733,PNNL-Comp-Mass-Spec/bsf-core,github,https://github.com/PNNL-Comp-Mass-Spec/bsf-core,https://w3id.org/notebookfair#GitRepositoryResource,0,0,0
4734,PNNL-Comp-Mass-Spec/bsf-py,github,https://github.com/PNNL-Comp-Mass-Spec/bsf-py,https://w3id.org/notebookfair#GitRepositoryResource,1,1,0
4735,PNNL-Comp-Mass-Spec/BSF_publication,github,https://github.com/PNNL-Comp-Mass-Spec/BSF_publication,https://w3id.org/notebookfair#GitRepositoryResource,4,0,0
4736,zhilongjia/cogena,github,https://github.com/zhilongjia/cogena,https://w3id.org/notebookfair#GitRepositoryResource,0,0,0
4737,adam-sam-brown/ksRepo,github,https://github.com/adam-sam-brown/ksRepo,https://w3id.org/notebookfair#GitRepositoryResource,0,0,0
4738,kemerelab/UncoveringTemporalStructureHippocampus,github,https://github.com/kemerelab/UncoveringTemporalStructureHippocampus,https://w3id.org/notebookfair#GitRepositoryResource,7,0,0
4739,elifesciences-publications/UncoveringTemporalStructureHippocampus,github,https://github.com/elifesciences-publications/UncoveringTemporalStructureHippocampus,https://w3id.org/notebookfair#GitRepositoryResource,7,0,0
4740,elifesciences-publications/nelpy,github,https://github.com/elifesciences-publications/nelpy,https://w3id.org/notebookfair#GitRepositoryResource,0,1,1
4741,elifesciences-publications/tutorials,github,https://github.com/elifesciences-publications/tutorials,https://w3id.org/notebookfair#GitRepositoryResource,5,0,0
4742,elifesciences-publications/example-analyses,github,https://github.com/elifesciences-publications/example-analyses,https://w3id.org/notebookfair#GitRepositoryResource,2,0,0
4743,elifesciences-publications/example-data,github,https://github.com/elifesciences-publications/example-data,https://w3id.org/notebookfair#GitRepositoryResource,0,0,0
4744,elifesciences-publications/test-data,github,https://github.com/elifesciences-publications/test-data,https://w3id.org/notebookfair#GitRepositoryResource,0,0,0
4745,FAANG/faang-metadata,github,https://github.com/FAANG/faang-metadata,https://w3id.org/notebookfair#GitRepositoryResource,0,0,0
4746,jeammimi/ifromprof,github,https://github.com/jeammimi/ifromprof,https://w3id.org/notebookfair#GitRepositoryResource,2,0,1
4747,elifesciences-publications/ifromprof,github,https://github.com/elifesciences-publications/ifromprof,https://w3id.org/notebookfair#GitRepositoryResource,2,0,1
4748,MurrellGroup/Rifraf.jl,github,https://github.com/MurrellGroup/Rifraf.jl,https://w3id.org/notebookfair#GitRepositoryResource,1,0,0
4749,HullUni-bioinformatics/metaBEAT,github,https://github.com/HullUni-bioinformatics/metaBEAT,https://w3id.org/notebookfair#GitRepositoryResource,2,0,0
4750,HullUni-bioinformatics/Harper_et_al_2018,github,https://github.com/HullUni-bioinformatics/Harper_et_al_2018,https://w3id.org/notebookfair#GitRepositoryResource,25,0,0
4751,MaayanLab/x2k_web,github,https://github.com/MaayanLab/x2k_web,https://w3id.org/notebookfair#GitRepositoryResource,1,0,0
4752,reactome-fi/CytoscapePlugIn,github,https://github.com/reactome-fi/CytoscapePlugIn,https://w3id.org/notebookfair#GitRepositoryResource,0,0,0
4753,reactome-fi/workflows,github,https://github.com/reactome-fi/workflows,https://w3id.org/notebookfair#GitRepositoryResource,1,0,0
4754,shaunharker/DSGRN,github,https://github.com/shaunharker/DSGRN,https://w3id.org/notebookfair#GitRepositoryResource,11,1,1
4755,skoblov-lab/scilk,github,https://github.com/skoblov-lab/scilk,https://w3id.org/notebookfair#GitRepositoryResource,0,1,0
4756,CiaranWelsh/pycotools,github,https://github.com/CiaranWelsh/pycotools,https://w3id.org/notebookfair#GitRepositoryResource,30,1,1
4757,galaxyproject/pulsar,github,https://github.com/galaxyproject/pulsar,https://w3id.org/notebookfair#GitRepositoryResource,0,1,1
4758,galaxyproject/usegalaxy-playbook,github,https://github.com/galaxyproject/usegalaxy-playbook,https://w3id.org/notebookfair#GitRepositoryResource,0,0,0
4759,TailorDev/galaxy-tourbuilder,github,https://github.com/TailorDev/galaxy-tourbuilder,https://w3id.org/notebookfair#GitRepositoryResource,0,0,0
4760,ARTbio/GalaxyKickStart,github,https://github.com/ARTbio/GalaxyKickStart,https://w3id.org/notebookfair#GitRepositoryResource,0,0,0
4761,berenslab/spikefinder_analysis,github,https://github.com/berenslab/spikefinder_analysis,https://w3id.org/notebookfair#GitRepositoryResource,13,0,0
4762,codeneuro/spikefinder,github,https://github.com/codeneuro/spikefinder,https://w3id.org/notebookfair#GitRepositoryResource,0,0,0
4763,qiime2/q2-feature-classifier,github,https://github.com/qiime2/q2-feature-classifier,https://w3id.org/notebookfair#GitRepositoryResource,0,1,0
4764,caporaso-lab/tax-credit-data,github,https://github.com/caporaso-lab/tax-credit-data,https://w3id.org/notebookfair#GitRepositoryResource,36,0,0
4765,caporaso-lab/tax-credit-code,github,https://github.com/caporaso-lab/tax-credit-code,https://w3id.org/notebookfair#GitRepositoryResource,0,1,0
4766,caporaso-lab/mockrobiota,github,https://github.com/caporaso-lab/mockrobiota,https://w3id.org/notebookfair#GitRepositoryResource,0,0,0
4767,gavruskin/fitlands,github,https://github.com/gavruskin/fitlands,https://w3id.org/notebookfair#GitRepositoryResource,2,0,0
4768,ImagingInformatics/machine-learning,github,https://github.com/ImagingInformatics/machine-learning,https://w3id.org/notebookfair#GitRepositoryResource,17,0,0
4769,jcjohnson/cnn-benchmarks,github,https://github.com/jcjohnson/cnn-benchmarks,https://w3id.org/notebookfair#GitRepositoryResource,0,0,0
4770,dwaithe/nanosimpy,github,https://github.com/dwaithe/nanosimpy,https://w3id.org/notebookfair#GitRepositoryResource,0,2,0
4771,dwaithe/FCS_scanning_correlator,github,https://github.com/dwaithe/FCS_scanning_correlator,https://w3id.org/notebookfair#GitRepositoryResource,0,0,0
4772,FCS-analysis/multipletau,github,https://github.com/FCS-analysis/multipletau,https://w3id.org/notebookfair#GitRepositoryResource,0,1,1
4773,materialsproject/fireworks,github,https://github.com/materialsproject/fireworks,https://w3id.org/notebookfair#GitRepositoryResource,0,1,1
4774,abinit/abiflows,github,https://github.com/abinit/abiflows,https://w3id.org/notebookfair#GitRepositoryResource,0,1,2
4775,abinit/abipy,github,https://github.com/abinit/abipy,https://w3id.org/notebookfair#GitRepositoryResource,1,1,2
4776,abinit/abitutorials,github,https://github.com/abinit/abitutorials,https://w3id.org/notebookfair#GitRepositoryResource,25,1,1
4777,jhidding/adhesion-example,github,https://github.com/jhidding/adhesion-example,https://w3id.org/notebookfair#GitRepositoryResource,9,0,0
4778,neyrinck/sectional-tess,github,https://github.com/neyrinck/sectional-tess,https://w3id.org/notebookfair#GitRepositoryResource,2,0,0
4779,gitamahm/VirologyByTheNumbers,github,https://github.com/gitamahm/VirologyByTheNumbers,https://w3id.org/notebookfair#GitRepositoryResource,8,0,0
4780,zyxue/ncbitax2lin,github,https://github.com/zyxue/ncbitax2lin,https://w3id.org/notebookfair#GitRepositoryResource,0,0,0
4781,histedlab/code-feedforward-inhibition-condLIF,github,https://github.com/histedlab/code-feedforward-inhibition-condLIF,https://w3id.org/notebookfair#GitRepositoryResource,1,0,0
4782,CINPLA/exdir,github,https://github.com/CINPLA/exdir,https://w3id.org/notebookfair#GitRepositoryResource,1,1,1
4783,ewiger/yamlmatlab,github,https://github.com/ewiger/yamlmatlab,https://w3id.org/notebookfair#GitRepositoryResource,0,0,0
4784,rogersce/cnpy,github,https://github.com/rogersce/cnpy,https://w3id.org/notebookfair#GitRepositoryResource,0,0,0
4785,CINPLA/exdir-browser,github,https://github.com/CINPLA/exdir-browser,https://w3id.org/notebookfair#GitRepositoryResource,0,0,0
4786,CINPLA/hdf5-exdir-converter,github,https://github.com/CINPLA/hdf5-exdir-converter,https://w3id.org/notebookfair#GitRepositoryResource,0,1,0
4787,potocpav/npy-rs,github,https://github.com/potocpav/npy-rs,https://w3id.org/notebookfair#GitRepositoryResource,0,0,0
4788,badlands-model/pyBadlands,github,https://github.com/badlands-model/pyBadlands,https://w3id.org/notebookfair#GitRepositoryResource,0,1,2
4789,badlands-model/pyBadlands-Companion,github,https://github.com/badlands-model/pyBadlands-Companion,https://w3id.org/notebookfair#GitRepositoryResource,0,1,1
4790,jbloomlab/HA_numbering,github,https://github.com/jbloomlab/HA_numbering,https://w3id.org/notebookfair#GitRepositoryResource,0,0,0
4791,jbloomlab/HA_antibody_ease_of_escape,github,https://github.com/jbloomlab/HA_antibody_ease_of_escape,https://w3id.org/notebookfair#GitRepositoryResource,6,0,0
4792,atolgrp/Microbial-G-C-Content,github,https://github.com/atolgrp/Microbial-G-C-Content,https://w3id.org/notebookfair#GitRepositoryResource,1,0,0
4793,ucsd-ccbb/VAPr,github,https://github.com/ucsd-ccbb/VAPr,https://w3id.org/notebookfair#GitRepositoryResource,1,1,1
4794,epfml/sent2vec,github,https://github.com/epfml/sent2vec,https://w3id.org/notebookfair#GitRepositoryResource,1,1,1
4795,mossmatters/KewHybSeqWorkshop,github,https://github.com/mossmatters/KewHybSeqWorkshop,https://w3id.org/notebookfair#GitRepositoryResource,0,0,0
4796,icebert/pblat,github,https://github.com/icebert/pblat,https://w3id.org/notebookfair#GitRepositoryResource,0,0,0
4797,vivekkrish/markerminer-webapp,github,https://github.com/vivekkrish/markerminer-webapp,https://w3id.org/notebookfair#GitRepositoryResource,0,0,1
4798,Smithsonian/Fabaceae_Phylogenomics_workflow,github,https://github.com/Smithsonian/Fabaceae_Phylogenomics_workflow,https://w3id.org/notebookfair#GitRepositoryResource,0,0,0
4799,crisprlab/CRISPRdisco,github,https://github.com/crisprlab/CRISPRdisco,https://w3id.org/notebookfair#GitRepositoryResource,3,1,0
4800,samwalrus/reactome-pengine,github,https://github.com/samwalrus/reactome-pengine,https://w3id.org/notebookfair#GitRepositoryResource,0,0,0
4801,idekerlab/pyNBS,github,https://github.com/idekerlab/pyNBS,https://w3id.org/notebookfair#GitRepositoryResource,9,1,0
4802,jbloomlab/EnvMutationalShiftsPaper,github,https://github.com/jbloomlab/EnvMutationalShiftsPaper,https://w3id.org/notebookfair#GitRepositoryResource,1,0,0
4803,elifesciences-publications/EnvMutationalShiftsPaper,github,https://github.com/elifesciences-publications/EnvMutationalShiftsPaper,https://w3id.org/notebookfair#GitRepositoryResource,1,0,0
4804,dangeles/TissueEnrichmentAnalysis,github,https://github.com/dangeles/TissueEnrichmentAnalysis,https://w3id.org/notebookfair#GitRepositoryResource,2,1,0
4805,SIMEXP/cbrain-plugins-psom,github,https://github.com/SIMEXP/cbrain-plugins-psom,https://w3id.org/notebookfair#GitRepositoryResource,0,0,0
4806,neurodata/boutiques-tools,github,https://github.com/neurodata/boutiques-tools,https://w3id.org/notebookfair#GitRepositoryResource,0,0,0
4807,boutiques/boutiques,github,https://github.com/boutiques/boutiques,https://w3id.org/notebookfair#GitRepositoryResource,0,1,1
4808,big-data-lab-team/sim,github,https://github.com/big-data-lab-team/sim,https://w3id.org/notebookfair#GitRepositoryResource,0,1,0
4809,Inria-Visages/Anima-Public,github,https://github.com/Inria-Visages/Anima-Public,https://w3id.org/notebookfair#GitRepositoryResource,0,0,0
4810,thomashirsch/ginfizz,github,https://github.com/thomashirsch/ginfizz,https://w3id.org/notebookfair#GitRepositoryResource,65,0,0
4811,PeyracheLab/NeuroBoostedTrees,github,https://github.com/PeyracheLab/NeuroBoostedTrees,https://w3id.org/notebookfair#GitRepositoryResource,1,0,0
4812,pblischak/HyDe,github,https://github.com/pblischak/HyDe,https://w3id.org/notebookfair#GitRepositoryResource,0,1,1
4813,saeyslab/moduledetection-evaluation,github,https://github.com/saeyslab/moduledetection-evaluation,https://w3id.org/notebookfair#GitRepositoryResource,5,1,0
4814,sci-f/hello-world.scif,github,https://github.com/sci-f/hello-world.scif,https://w3id.org/notebookfair#GitRepositoryResource,0,0,0
4815,sci-f/metrics.scif,github,https://github.com/sci-f/metrics.scif,https://w3id.org/notebookfair#GitRepositoryResource,0,0,0
4816,sci-f/jobmaker.scif,github,https://github.com/sci-f/jobmaker.scif,https://w3id.org/notebookfair#GitRepositoryResource,0,0,0
4817,vsoch/singularity-scientific-example,github,https://github.com/vsoch/singularity-scientific-example,https://w3id.org/notebookfair#GitRepositoryResource,1,0,0
4818,vsoch/carrierseq,github,https://github.com/vsoch/carrierseq,https://w3id.org/notebookfair#GitRepositoryResource,0,0,0
4819,sci-f/scientific-example-ftw,github,https://github.com/sci-f/scientific-example-ftw,https://w3id.org/notebookfair#GitRepositoryResource,0,0,0
4820,alexandrovteam/Optimus,github,https://github.com/alexandrovteam/Optimus,https://w3id.org/notebookfair#GitRepositoryResource,0,0,0
4821,jahuth/convis,github,https://github.com/jahuth/convis,https://w3id.org/notebookfair#GitRepositoryResource,4,1,1
4822,jahuth/convis_theano,github,https://github.com/jahuth/convis_theano,https://w3id.org/notebookfair#GitRepositoryResource,8,1,1
4823,isetbio/isetbio,github,https://github.com/isetbio/isetbio,https://w3id.org/notebookfair#GitRepositoryResource,0,0,0
4824,travc/paper-Predicted-MF-Quarantine-Length-Data-and-Code,github,https://github.com/travc/paper-Predicted-MF-Quarantine-Length-Data-and-Code,https://w3id.org/notebookfair#GitRepositoryResource,6,0,0
4825,antolikjan/Arkheia,github,https://github.com/antolikjan/Arkheia,https://w3id.org/notebookfair#GitRepositoryResource,0,0,0
4826,YeatmanLab/AFQ-Browser_data,github,https://github.com/YeatmanLab/AFQ-Browser_data,https://w3id.org/notebookfair#GitRepositoryResource,2,0,0
4827,YeatmanLab/AFQ-Browser,github,https://github.com/YeatmanLab/AFQ-Browser,https://w3id.org/notebookfair#GitRepositoryResource,2,1,2
4828,yeatmanlab/AFQ-Browser_data,github,https://github.com/yeatmanlab/AFQ-Browser_data,https://w3id.org/notebookfair#GitRepositoryResource,2,0,0
4829,yeatmanlab/AFQBrowser-demo,github,https://github.com/yeatmanlab/AFQBrowser-demo,https://w3id.org/notebookfair#GitRepositoryResource,2,0,1
4830,yeatmanlab/AFQ-Browser-MSexample,github,https://github.com/yeatmanlab/AFQ-Browser-MSexample,https://w3id.org/notebookfair#GitRepositoryResource,2,0,1
4831,yeatmanlab/Sarica_2017,github,https://github.com/yeatmanlab/Sarica_2017,https://w3id.org/notebookfair#GitRepositoryResource,2,0,1
4832,mrdoob/three.js,github,https://github.com/mrdoob/three.js,https://w3id.org/notebookfair#GitRepositoryResource,0,0,0
4833,pycroscopy/pycroscopy,github,https://github.com/pycroscopy/pycroscopy,https://w3id.org/notebookfair#GitRepositoryResource,7,1,1
4834,edroaldo/cellrouter,github,https://github.com/edroaldo/cellrouter,https://w3id.org/notebookfair#GitRepositoryResource,0,0,0
4835,theislab/scAnalysisTutorial,github,https://github.com/theislab/scAnalysisTutorial,https://w3id.org/notebookfair#GitRepositoryResource,1,0,0
4836,elifesciences-publications/crossref,github,https://github.com/elifesciences-publications/crossref,https://w3id.org/notebookfair#GitRepositoryResource,2,0,0
4837,greenelab/scihub,github,https://github.com/greenelab/scihub,https://w3id.org/notebookfair#GitRepositoryResource,30,0,0
4838,elifesciences-publications/scihub,github,https://github.com/elifesciences-publications/scihub,https://w3id.org/notebookfair#GitRepositoryResource,30,0,0
4839,elifesciences-publications/scihub-manuscript,github,https://github.com/elifesciences-publications/scihub-manuscript,https://w3id.org/notebookfair#GitRepositoryResource,2,0,0
4840,greenelab/scihub-browser-data,github,https://github.com/greenelab/scihub-browser-data,https://w3id.org/notebookfair#GitRepositoryResource,2,0,0
4841,dhimmel/scopus,github,https://github.com/dhimmel/scopus,https://w3id.org/notebookfair#GitRepositoryResource,4,0,0
4842,elifesciences-publications/scopus,github,https://github.com/elifesciences-publications/scopus,https://w3id.org/notebookfair#GitRepositoryResource,4,0,0
4843,greenelab/library-access,github,https://github.com/greenelab/library-access,https://w3id.org/notebookfair#GitRepositoryResource,2,0,0
4844,elifesciences-publications/library-access,github,https://github.com/elifesciences-publications/library-access,https://w3id.org/notebookfair#GitRepositoryResource,2,0,0
4845,neuropoly/axondeepseg,github,https://github.com/neuropoly/axondeepseg,https://w3id.org/notebookfair#GitRepositoryResource,3,1,0
4846,baumgast/gene_transcription_SMC_ABC,github,https://github.com/baumgast/gene_transcription_SMC_ABC,https://w3id.org/notebookfair#GitRepositoryResource,8,0,0
4847,BenjaminSchwessinger/Pst_104_E137_A-_genome,github,https://github.com/BenjaminSchwessinger/Pst_104_E137_A-_genome,https://w3id.org/notebookfair#GitRepositoryResource,15,0,0
4848,compsy/personalized-coaching-ml,github,https://github.com/compsy/personalized-coaching-ml,https://w3id.org/notebookfair#GitRepositoryResource,4,0,0
4849,compsy/personalized-coaching-app,github,https://github.com/compsy/personalized-coaching-app,https://w3id.org/notebookfair#GitRepositoryResource,0,0,1
4850,SBRG/Recon3D,github,https://github.com/SBRG/Recon3D,https://w3id.org/notebookfair#GitRepositoryResource,2,0,0
4851,SBRG/ssbio,github,https://github.com/SBRG/ssbio,https://w3id.org/notebookfair#GitRepositoryResource,15,1,3
4852,sdvillal/tdt-malaria-followup,github,https://github.com/sdvillal/tdt-malaria-followup,https://w3id.org/notebookfair#GitRepositoryResource,1,1,0
4853,jbloomlab/flu_single_cell,github,https://github.com/jbloomlab/flu_single_cell,https://w3id.org/notebookfair#GitRepositoryResource,5,0,0
4854,elifesciences-publications/flu_single_cell,github,https://github.com/elifesciences-publications/flu_single_cell,https://w3id.org/notebookfair#GitRepositoryResource,5,0,0
4855,lacdr-tox/ClonalGrowthSimulator_SSA,github,https://github.com/lacdr-tox/ClonalGrowthSimulator_SSA,https://w3id.org/notebookfair#GitRepositoryResource,0,0,0
4856,lacdr-tox/ClonalGrowthSimulator_ABM,github,https://github.com/lacdr-tox/ClonalGrowthSimulator_ABM,https://w3id.org/notebookfair#GitRepositoryResource,0,0,0
4857,adaptivegenome/clusterseq,github,https://github.com/adaptivegenome/clusterseq,https://w3id.org/notebookfair#GitRepositoryResource,0,0,0
4858,plumdeq/hypothtest,github,https://github.com/plumdeq/hypothtest,https://w3id.org/notebookfair#GitRepositoryResource,8,1,1
4859,OGMS/ogms,github,https://github.com/OGMS/ogms,https://w3id.org/notebookfair#GitRepositoryResource,0,0,0
4860,biothings/JSON-LD_BioThings_API_DEMO,github,https://github.com/biothings/JSON-LD_BioThings_API_DEMO,https://w3id.org/notebookfair#GitRepositoryResource,6,0,1
4861,biothings/biothings_client.py,github,https://github.com/biothings/biothings_client.py,https://w3id.org/notebookfair#GitRepositoryResource,0,0,0
4862,digitalbazaar/pyld,github,https://github.com/digitalbazaar/pyld,https://w3id.org/notebookfair#GitRepositoryResource,0,1,1
4863,schatzlab/scikit-ribo,github,https://github.com/schatzlab/scikit-ribo,https://w3id.org/notebookfair#GitRepositoryResource,0,1,0
4864,lozuponelab/Source_of_Fecal_and_Oral_Bacteria_on_Hands,github,https://github.com/lozuponelab/Source_of_Fecal_and_Oral_Bacteria_on_Hands,https://w3id.org/notebookfair#GitRepositoryResource,4,0,0
4865,kern-lab/popGenMachineLearningExamples,github,https://github.com/kern-lab/popGenMachineLearningExamples,https://w3id.org/notebookfair#GitRepositoryResource,3,0,0
4866,danieljdenman/mouse_chromatic,github,https://github.com/danieljdenman/mouse_chromatic,https://w3id.org/notebookfair#GitRepositoryResource,5,0,0
4867,elifesciences-publications/mouse_chromatic,github,https://github.com/elifesciences-publications/mouse_chromatic,https://w3id.org/notebookfair#GitRepositoryResource,4,0,0
4868,christophertbrown/bioscripts,github,https://github.com/christophertbrown/bioscripts,https://w3id.org/notebookfair#GitRepositoryResource,0,1,1
4869,SumayahR/antibiotic-resistance,github,https://github.com/SumayahR/antibiotic-resistance,https://w3id.org/notebookfair#GitRepositoryResource,1,0,0
4870,JBEI/limitfluxtocore,github,https://github.com/JBEI/limitfluxtocore,https://w3id.org/notebookfair#GitRepositoryResource,12,1,0
4871,JBEI/jqmm,github,https://github.com/JBEI/jqmm,https://w3id.org/notebookfair#GitRepositoryResource,16,0,1
4872,perrygeo/simanneal,github,https://github.com/perrygeo/simanneal,https://w3id.org/notebookfair#GitRepositoryResource,0,1,0
4873,azet/community_bash_style_guide,github,https://github.com/azet/community_bash_style_guide,https://w3id.org/notebookfair#GitRepositoryResource,0,0,0
4874,awesome-lists/awesome-bash,github,https://github.com/awesome-lists/awesome-bash,https://w3id.org/notebookfair#GitRepositoryResource,0,0,0
4875,odlgroup/odl,github,https://github.com/odlgroup/odl,https://w3id.org/notebookfair#GitRepositoryResource,0,1,1
4876,pjmark/NiftyPET,github,https://github.com/pjmark/NiftyPET,https://w3id.org/notebookfair#GitRepositoryResource,3,0,1
4877,debbiemarkslab/variants_pharmacogenes,github,https://github.com/debbiemarkslab/variants_pharmacogenes,https://w3id.org/notebookfair#GitRepositoryResource,4,0,0
4878,Crop-Phenomics-Group/Leaf-GP,github,https://github.com/Crop-Phenomics-Group/Leaf-GP,https://w3id.org/notebookfair#GitRepositoryResource,4,0,0
4879,largelymfs/deepcontact,github,https://github.com/largelymfs/deepcontact,https://w3id.org/notebookfair#GitRepositoryResource,0,0,0
4880,soedinglab/CCMpred,github,https://github.com/soedinglab/CCMpred,https://w3id.org/notebookfair#GitRepositoryResource,0,0,0
4881,Lasagne/Lasagne,github,https://github.com/Lasagne/Lasagne,https://w3id.org/notebookfair#GitRepositoryResource,0,1,1
4882,multicom-toolbox/CONFOLD,github,https://github.com/multicom-toolbox/CONFOLD,https://w3id.org/notebookfair#GitRepositoryResource,0,0,0
4883,devingreene/3-cube-partial-order-count,github,https://github.com/devingreene/3-cube-partial-order-count,https://w3id.org/notebookfair#GitRepositoryResource,0,0,0
4884,hms-dbmi/Rcupcake,github,https://github.com/hms-dbmi/Rcupcake,https://w3id.org/notebookfair#GitRepositoryResource,0,0,0
4885,hms-dbmi/Rcupcake-case-studies,github,https://github.com/hms-dbmi/Rcupcake-case-studies,https://w3id.org/notebookfair#GitRepositoryResource,2,0,0
4886,danshea/IntroMap,github,https://github.com/danshea/IntroMap,https://w3id.org/notebookfair#GitRepositoryResource,3,0,0
4887,danforthcenter/plantcv-v2-paper,github,https://github.com/danforthcenter/plantcv-v2-paper,https://w3id.org/notebookfair#GitRepositoryResource,1,0,0
4888,danforthcenter/plantcv,github,https://github.com/danforthcenter/plantcv,https://w3id.org/notebookfair#GitRepositoryResource,0,1,2
4889,imagej/imagej-omero,github,https://github.com/imagej/imagej-omero,https://w3id.org/notebookfair#GitRepositoryResource,0,0,0
4890,scijava/scripting-groovy,github,https://github.com/scijava/scripting-groovy,https://w3id.org/notebookfair#GitRepositoryResource,0,0,0
4891,scijava/scripting-beanshell,github,https://github.com/scijava/scripting-beanshell,https://w3id.org/notebookfair#GitRepositoryResource,0,0,0
4892,scifio/scifio-bf-compat,github,https://github.com/scifio/scifio-bf-compat,https://w3id.org/notebookfair#GitRepositoryResource,0,0,0
4893,scifio/scifio-ome-xml,github,https://github.com/scifio/scifio-ome-xml,https://w3id.org/notebookfair#GitRepositoryResource,0,0,0
4894,imagej/imagej-server,github,https://github.com/imagej/imagej-server,https://w3id.org/notebookfair#GitRepositoryResource,0,0,1
4895,imagej/imagej-legacy,github,https://github.com/imagej/imagej-legacy,https://w3id.org/notebookfair#GitRepositoryResource,0,0,0
4896,imagej/ij1-patcher,github,https://github.com/imagej/ij1-patcher,https://w3id.org/notebookfair#GitRepositoryResource,0,0,0
4897,scijava/scripting-javascript,github,https://github.com/scijava/scripting-javascript,https://w3id.org/notebookfair#GitRepositoryResource,0,0,0
4898,scijava/scijava-jupyter-kernel,github,https://github.com/scijava/scijava-jupyter-kernel,https://w3id.org/notebookfair#GitRepositoryResource,7,0,0
4899,twosigma/beakerx,github,https://github.com/twosigma/beakerx,https://w3id.org/notebookfair#GitRepositoryResource,191,1,1
4900,scijava/scripting-kotlin,github,https://github.com/scijava/scripting-kotlin,https://w3id.org/notebookfair#GitRepositoryResource,0,0,0
4901,scijava/scripting-clojure,github,https://github.com/scijava/scripting-clojure,https://w3id.org/notebookfair#GitRepositoryResource,0,0,0
4902,scijava/scripting-matlab,github,https://github.com/scijava/scripting-matlab,https://w3id.org/notebookfair#GitRepositoryResource,0,0,0
4903,bytedeco/javacv,github,https://github.com/bytedeco/javacv,https://w3id.org/notebookfair#GitRepositoryResource,0,0,0
4904,hanslovsky/imglib2-imglyb,github,https://github.com/hanslovsky/imglib2-imglyb,https://w3id.org/notebookfair#GitRepositoryResource,0,0,0
4905,hanslovsky/imagey,github,https://github.com/hanslovsky/imagey,https://w3id.org/notebookfair#GitRepositoryResource,0,1,0
4906,scijava/scripting-cpython,github,https://github.com/scijava/scripting-cpython,https://w3id.org/notebookfair#GitRepositoryResource,0,0,0
4907,LeeKamentsky/python-javabridge,github,https://github.com/LeeKamentsky/python-javabridge,https://w3id.org/notebookfair#GitRepositoryResource,0,1,1
4908,scijava/scripting-jython,github,https://github.com/scijava/scripting-jython,https://w3id.org/notebookfair#GitRepositoryResource,0,0,0
4909,scijava/scripting-renjin,github,https://github.com/scijava/scripting-renjin,https://w3id.org/notebookfair#GitRepositoryResource,0,0,0
4910,scijava/scripting-jruby,github,https://github.com/scijava/scripting-jruby,https://w3id.org/notebookfair#GitRepositoryResource,0,0,0
4911,scijava/scripting-scala,github,https://github.com/scijava/scripting-scala,https://w3id.org/notebookfair#GitRepositoryResource,0,0,0
4912,imagej/imagej-tensorflow,github,https://github.com/imagej/imagej-tensorflow,https://w3id.org/notebookfair#GitRepositoryResource,0,0,0
4913,scenerygraphics/SciView,github,https://github.com/scenerygraphics/SciView,https://w3id.org/notebookfair#GitRepositoryResource,0,0,0
4914,singularityware/singularity-python,github,https://github.com/singularityware/singularity-python,https://w3id.org/notebookfair#GitRepositoryResource,1,1,1
4915,vsoch/pe-predictive,github,https://github.com/vsoch/pe-predictive,https://w3id.org/notebookfair#GitRepositoryResource,0,0,0
4916,openjournals/joss-reviews,github,https://github.com/openjournals/joss-reviews,https://w3id.org/notebookfair#GitRepositoryResource,0,0,0
4917,aletheia-foundation/aletheia-whitepaper,github,https://github.com/aletheia-foundation/aletheia-whitepaper,https://w3id.org/notebookfair#GitRepositoryResource,0,0,0
4918,force11/force11-scwg,github,https://github.com/force11/force11-scwg,https://w3id.org/notebookfair#GitRepositoryResource,0,0,0
4919,samuelpayne/Biodiversity.Acetylation.Supplement.Coverage,github,https://github.com/samuelpayne/Biodiversity.Acetylation.Supplement.Coverage,https://w3id.org/notebookfair#GitRepositoryResource,1,0,0
4920,samuelpayne/TreeFigureForBiodiversityLibrary,github,https://github.com/samuelpayne/TreeFigureForBiodiversityLibrary,https://w3id.org/notebookfair#GitRepositoryResource,2,0,0
4921,sangtaekim/msgfplus,github,https://github.com/sangtaekim/msgfplus,https://w3id.org/notebookfair#GitRepositoryResource,0,0,0
4922,arvidl/inattention-populationsample,github,https://github.com/arvidl/inattention-populationsample,https://w3id.org/notebookfair#GitRepositoryResource,2,0,0
4923,biocore/dsfdr,github,https://github.com/biocore/dsfdr,https://w3id.org/notebookfair#GitRepositoryResource,2,1,0
4924,serenejiang/q2_dsfdr,github,https://github.com/serenejiang/q2_dsfdr,https://w3id.org/notebookfair#GitRepositoryResource,1,1,0
4925,knightlab-analyses/dsfdr-analyses,github,https://github.com/knightlab-analyses/dsfdr-analyses,https://w3id.org/notebookfair#GitRepositoryResource,7,0,0
4926,pierrepo/PBxplore,github,https://github.com/pierrepo/PBxplore,https://w3id.org/notebookfair#GitRepositoryResource,3,1,0
4927,synbiouc/fluopi,github,https://github.com/synbiouc/fluopi,https://w3id.org/notebookfair#GitRepositoryResource,10,1,0
4928,SynBioUC/FluoPi,github,https://github.com/SynBioUC/FluoPi,https://w3id.org/notebookfair#GitRepositoryResource,10,1,0
4929,wittelab/orchid,github,https://github.com/wittelab/orchid,https://w3id.org/notebookfair#GitRepositoryResource,2,0,1
4930,changlabucsf/img_pipe,github,https://github.com/changlabucsf/img_pipe,https://w3id.org/notebookfair#GitRepositoryResource,6,1,1
4931,DamLabResources/hiv-crispr-review,github,https://github.com/DamLabResources/hiv-crispr-review,https://w3id.org/notebookfair#GitRepositoryResource,3,0,0
4932,bioinfonm/microBat,github,https://github.com/bioinfonm/microBat,https://w3id.org/notebookfair#GitRepositoryResource,0,0,0
4933,WMD-group/hot-carrier-cooling,github,https://github.com/WMD-group/hot-carrier-cooling,https://w3id.org/notebookfair#GitRepositoryResource,3,0,0
4934,harmslab/notebooks-epistasis-ensembles,github,https://github.com/harmslab/notebooks-epistasis-ensembles,https://w3id.org/notebookfair#GitRepositoryResource,5,0,1
4935,harmslab/latticeproteins,github,https://github.com/harmslab/latticeproteins,https://w3id.org/notebookfair#GitRepositoryResource,1,1,1
4936,knightlab-analyses/longitudinal-ibd,github,https://github.com/knightlab-analyses/longitudinal-ibd,https://w3id.org/notebookfair#GitRepositoryResource,8,0,0
4937,ColeLab/MultipleComparisonsPermutationTesting,github,https://github.com/ColeLab/MultipleComparisonsPermutationTesting,https://w3id.org/notebookfair#GitRepositoryResource,0,0,0
4938,4DGenome/parallel_sequencing_lives,github,https://github.com/4DGenome/parallel_sequencing_lives,https://w3id.org/notebookfair#GitRepositoryResource,1,0,0
4939,CARPEM/GalaxyDocker,github,https://github.com/CARPEM/GalaxyDocker,https://w3id.org/notebookfair#GitRepositoryResource,0,1,0
4940,bgruening/Docker-Galaxy-stable,github,https://github.com/bgruening/Docker-Galaxy-stable,https://w3id.org/notebookfair#GitRepositoryResource,0,0,0
4941,erasche/argparse2tool,github,https://github.com/erasche/argparse2tool,https://w3id.org/notebookfair#GitRepositoryResource,0,1,1
4942,OvoiDs/IonTorrentReport,github,https://github.com/OvoiDs/IonTorrentReport,https://w3id.org/notebookfair#GitRepositoryResource,0,0,0
4943,GenomicParisCentre/Dockerfiles,github,https://github.com/GenomicParisCentre/Dockerfiles,https://w3id.org/notebookfair#GitRepositoryResource,0,0,0
4944,BioContainers/containers,github,https://github.com/BioContainers/containers,https://w3id.org/notebookfair#GitRepositoryResource,1,0,1
4945,BejaLab/vFADs,github,https://github.com/BejaLab/vFADs,https://w3id.org/notebookfair#GitRepositoryResource,1,0,0
4946,idekerlab/heat-diffusion,github,https://github.com/idekerlab/heat-diffusion,https://w3id.org/notebookfair#GitRepositoryResource,1,0,1
4947,MaayanLab/CST_Lung_Cancer_Viz,github,https://github.com/MaayanLab/CST_Lung_Cancer_Viz,https://w3id.org/notebookfair#GitRepositoryResource,17,0,0
4948,MaayanLab/Cytof_Plasma_PMA,github,https://github.com/MaayanLab/Cytof_Plasma_PMA,https://w3id.org/notebookfair#GitRepositoryResource,11,0,0
4949,MaayanLab/CCLE_Clustergrammer,github,https://github.com/MaayanLab/CCLE_Clustergrammer,https://w3id.org/notebookfair#GitRepositoryResource,5,0,0
4950,MaayanLab/MNIST_heatmaps,github,https://github.com/MaayanLab/MNIST_heatmaps,https://w3id.org/notebookfair#GitRepositoryResource,1,0,0
4951,MaayanLab/USDA_Nutrients_Viz,github,https://github.com/MaayanLab/USDA_Nutrients_Viz,https://w3id.org/notebookfair#GitRepositoryResource,1,0,0
4952,MaayanLab/clustergrammer,github,https://github.com/MaayanLab/clustergrammer,https://w3id.org/notebookfair#GitRepositoryResource,1,0,0
4953,MaayanLab/clustergrammer-docs,github,https://github.com/MaayanLab/clustergrammer-docs,https://w3id.org/notebookfair#GitRepositoryResource,0,0,1
4954,MaayanLab/clustergrammer-py,github,https://github.com/MaayanLab/clustergrammer-py,https://w3id.org/notebookfair#GitRepositoryResource,13,1,0
4955,jupyter-widgets/widget-cookiecutter,github,https://github.com/jupyter-widgets/widget-cookiecutter,https://w3id.org/notebookfair#GitRepositoryResource,0,1,0
4956,MaayanLab/clustergrammer-widget,github,https://github.com/MaayanLab/clustergrammer-widget,https://w3id.org/notebookfair#GitRepositoryResource,6,1,1
4957,MaayanLab/clustergrammer-web,github,https://github.com/MaayanLab/clustergrammer-web,https://w3id.org/notebookfair#GitRepositoryResource,0,0,2
4958,biocore/qiime-default-reference,github,https://github.com/biocore/qiime-default-reference,https://w3id.org/notebookfair#GitRepositoryResource,0,1,0
4959,mboareto/InterplayNotchID_neurogenesis,github,https://github.com/mboareto/InterplayNotchID_neurogenesis,https://w3id.org/notebookfair#GitRepositoryResource,4,0,0
4960,choldgraf/paper-encoding_decoding_electrophysiology,github,https://github.com/choldgraf/paper-encoding_decoding_electrophysiology,https://w3id.org/notebookfair#GitRepositoryResource,6,1,1
4961,HullUni-bioinformatics/MIG-Phylogenomics,github,https://github.com/HullUni-bioinformatics/MIG-Phylogenomics,https://w3id.org/notebookfair#GitRepositoryResource,13,0,0
4962,mailchand/ephysutils,github,https://github.com/mailchand/ephysutils,https://w3id.org/notebookfair#GitRepositoryResource,1,0,0
4963,erlichlab/elutils,github,https://github.com/erlichlab/elutils,https://w3id.org/notebookfair#GitRepositoryResource,0,0,0
4964,ucsd-ccbb/visJS2jupyter,github,https://github.com/ucsd-ccbb/visJS2jupyter,https://w3id.org/notebookfair#GitRepositoryResource,7,1,0
4965,olivettigroup/sdata-data-plots,github,https://github.com/olivettigroup/sdata-data-plots,https://w3id.org/notebookfair#GitRepositoryResource,1,0,0
4966,olivettigroup/materials-word-embeddings,github,https://github.com/olivettigroup/materials-word-embeddings,https://w3id.org/notebookfair#GitRepositoryResource,0,0,0
4967,blaser-lab/Paper-Ruiz-2017,github,https://github.com/blaser-lab/Paper-Ruiz-2017,https://w3id.org/notebookfair#GitRepositoryResource,4,0,0
4968,eldad-a/ridge-directed-ring-detector,github,https://github.com/eldad-a/ridge-directed-ring-detector,https://w3id.org/notebookfair#GitRepositoryResource,1,0,0
4969,eldad-a/particle-tracking,github,https://github.com/eldad-a/particle-tracking,https://w3id.org/notebookfair#GitRepositoryResource,0,0,0
4970,eldad-a/natural-cubic-smoothing-splines,github,https://github.com/eldad-a/natural-cubic-smoothing-splines,https://w3id.org/notebookfair#GitRepositoryResource,0,0,0
4971,kdmurray91/kwip,github,https://github.com/kdmurray91/kwip,https://w3id.org/notebookfair#GitRepositoryResource,0,0,0
4972,kdmurray91/kWIP,github,https://github.com/kdmurray91/kWIP,https://w3id.org/notebookfair#GitRepositoryResource,0,0,0
4973,kdmurray91/kwip-experiments,github,https://github.com/kdmurray91/kwip-experiments,https://w3id.org/notebookfair#GitRepositoryResource,48,0,0
4974,shntnu/cytomining-hackathon-wiki,github,https://github.com/shntnu/cytomining-hackathon-wiki,https://w3id.org/notebookfair#GitRepositoryResource,2,0,1
4975,CellProfiler/cytominer,github,https://github.com/CellProfiler/cytominer,https://w3id.org/notebookfair#GitRepositoryResource,0,0,0
4976,tphinkle/cell_controller,github,https://github.com/tphinkle/cell_controller,https://w3id.org/notebookfair#GitRepositoryResource,0,0,0
4977,tphinkle/pore_stats,github,https://github.com/tphinkle/pore_stats,https://w3id.org/notebookfair#GitRepositoryResource,9,4,1
4978,HullUni-bioinformatics/Diplotaxodon_twilight_RAD,github,https://github.com/HullUni-bioinformatics/Diplotaxodon_twilight_RAD,https://w3id.org/notebookfair#GitRepositoryResource,21,0,0
4979,zhenwendai/SITAR,github,https://github.com/zhenwendai/SITAR,https://w3id.org/notebookfair#GitRepositoryResource,1,0,0
4980,Hickerlab/msBayes,github,https://github.com/Hickerlab/msBayes,https://w3id.org/notebookfair#GitRepositoryResource,0,0,0
4981,vanessajurtz/lasagne4bio,github,https://github.com/vanessajurtz/lasagne4bio,https://w3id.org/notebookfair#GitRepositoryResource,5,0,0
4982,cole-trapnell-lab/monocle-release,github,https://github.com/cole-trapnell-lab/monocle-release,https://w3id.org/notebookfair#GitRepositoryResource,0,0,0
4983,Xiaojieqiu/densityClust,github,https://github.com/Xiaojieqiu/densityClust,https://w3id.org/notebookfair#GitRepositoryResource,0,0,0
4984,cole-trapnell-lab/monocle2-rge-paper,github,https://github.com/cole-trapnell-lab/monocle2-rge-paper,https://w3id.org/notebookfair#GitRepositoryResource,5,0,0
4985,brian-team/brian2genn,github,https://github.com/brian-team/brian2genn,https://w3id.org/notebookfair#GitRepositoryResource,0,1,0
4986,HumanBrainProject/swcPlus,github,https://github.com/HumanBrainProject/swcPlus,https://w3id.org/notebookfair#GitRepositoryResource,0,0,0
4987,gjospin/scripts,github,https://github.com/gjospin/scripts,https://w3id.org/notebookfair#GitRepositoryResource,0,0,0
4988,mmoradik/GRN,github,https://github.com/mmoradik/GRN,https://w3id.org/notebookfair#GitRepositoryResource,1,0,0
4989,omaclaren/open-manuscripts,github,https://github.com/omaclaren/open-manuscripts,https://w3id.org/notebookfair#GitRepositoryResource,8,0,0
4990,clawpack/riemann,github,https://github.com/clawpack/riemann,https://w3id.org/notebookfair#GitRepositoryResource,1,1,0
4991,demotu/datasets,github,https://github.com/demotu/datasets,https://w3id.org/notebookfair#GitRepositoryResource,5,0,0
4992,trahsemaj/CASPER,github,https://github.com/trahsemaj/CASPER,https://w3id.org/notebookfair#GitRepositoryResource,1,0,0
4993,jw156605/MATCHER,github,https://github.com/jw156605/MATCHER,https://w3id.org/notebookfair#GitRepositoryResource,1,1,0
4994,tlnagy/Crispulator.jl,github,https://github.com/tlnagy/Crispulator.jl,https://w3id.org/notebookfair#GitRepositoryResource,4,0,0
4995,schmelling/reciprocal_BLAST,github,https://github.com/schmelling/reciprocal_BLAST,https://w3id.org/notebookfair#GitRepositoryResource,5,0,1
4996,brockk/clintrials,github,https://github.com/brockk/clintrials,https://w3id.org/notebookfair#GitRepositoryResource,7,1,1
4997,brockk/trialr,github,https://github.com/brockk/trialr,https://w3id.org/notebookfair#GitRepositoryResource,0,0,0
4998,trueprint/p100-network-code,github,https://github.com/trueprint/p100-network-code,https://w3id.org/notebookfair#GitRepositoryResource,6,0,0
4999,bayesimpact/readmission-risk,github,https://github.com/bayesimpact/readmission-risk,https://w3id.org/notebookfair#GitRepositoryResource,1,0,0
5000,bayesimpact/fex,github,https://github.com/bayesimpact/fex,https://w3id.org/notebookfair#GitRepositoryResource,0,1,1
5001,rnabioco/valr,github,https://github.com/rnabioco/valr,https://w3id.org/notebookfair#GitRepositoryResource,0,0,0
5002,samuroi/SamuROI,github,https://github.com/samuroi/SamuROI,https://w3id.org/notebookfair#GitRepositoryResource,4,1,0
5003,Neuroinflab/PyMICE_SM,github,https://github.com/Neuroinflab/PyMICE_SM,https://w3id.org/notebookfair#GitRepositoryResource,0,0,0
5004,Neuroinflab/PyMICE,github,https://github.com/Neuroinflab/PyMICE,https://w3id.org/notebookfair#GitRepositoryResource,10,1,1
5005,IDR/idr-notebooks,github,https://github.com/IDR/idr-notebooks,https://w3id.org/notebookfair#GitRepositoryResource,16,0,0
5006,mboareto/CTC_RNAseq,github,https://github.com/mboareto/CTC_RNAseq,https://w3id.org/notebookfair#GitRepositoryResource,1,0,0
5007,nki-ccb/imfusion,github,https://github.com/nki-ccb/imfusion,https://w3id.org/notebookfair#GitRepositoryResource,0,1,0
5008,jrderuiter/imfusion-analyses,github,https://github.com/jrderuiter/imfusion-analyses,https://w3id.org/notebookfair#GitRepositoryResource,10,0,0
5009,jrderuiter/pyim,github,https://github.com/jrderuiter/pyim,https://w3id.org/notebookfair#GitRepositoryResource,0,1,0
5010,jrderuiter/geneviz,github,https://github.com/jrderuiter/geneviz,https://w3id.org/notebookfair#GitRepositoryResource,0,1,0
5011,gadorlhiac/pylda,github,https://github.com/gadorlhiac/pylda,https://w3id.org/notebookfair#GitRepositoryResource,1,1,0
5012,gadorlhiac/pyldm,github,https://github.com/gadorlhiac/pyldm,https://w3id.org/notebookfair#GitRepositoryResource,1,1,0
5013,rasilab/ferrin_elife_2017,github,https://github.com/rasilab/ferrin_elife_2017,https://w3id.org/notebookfair#GitRepositoryResource,9,0,0
5014,elifesciences-publications/ferrin_elife_2017,github,https://github.com/elifesciences-publications/ferrin_elife_2017,https://w3id.org/notebookfair#GitRepositoryResource,9,0,0
5015,mwegrzyn/inYourFace,github,https://github.com/mwegrzyn/inYourFace,https://w3id.org/notebookfair#GitRepositoryResource,5,0,1
5016,singularityware/singularity,github,https://github.com/singularityware/singularity,https://w3id.org/notebookfair#GitRepositoryResource,0,0,0
5017,singularityware/singularity-vagrant,github,https://github.com/singularityware/singularity-vagrant,https://w3id.org/notebookfair#GitRepositoryResource,0,0,0
5018,ABRG-Models/linetask2014,github,https://github.com/ABRG-Models/linetask2014,https://w3id.org/notebookfair#GitRepositoryResource,5,0,0
5019,ABRG-models/linetask2014,github,https://github.com/ABRG-models/linetask2014,https://w3id.org/notebookfair#GitRepositoryResource,5,0,0
5020,ucdavis-bioinformatics/scythe,github,https://github.com/ucdavis-bioinformatics/scythe,https://w3id.org/notebookfair#GitRepositoryResource,0,0,0
5021,ucdavis-bioinformatics/sickle,github,https://github.com/ucdavis-bioinformatics/sickle,https://w3id.org/notebookfair#GitRepositoryResource,0,0,0
5022,swisstph/TBRU_serialTB,github,https://github.com/swisstph/TBRU_serialTB,https://w3id.org/notebookfair#GitRepositoryResource,7,0,1
5023,BlueBrain/nat,github,https://github.com/BlueBrain/nat,https://w3id.org/notebookfair#GitRepositoryResource,9,1,0
5024,BlueBrain/neurocurator,github,https://github.com/BlueBrain/neurocurator,https://w3id.org/notebookfair#GitRepositoryResource,0,1,0
5025,BlueBrain/corpus-thalamus,github,https://github.com/BlueBrain/corpus-thalamus,https://w3id.org/notebookfair#GitRepositoryResource,0,0,0
5026,christian-oreilly/NIP_FENS2016,github,https://github.com/christian-oreilly/NIP_FENS2016,https://w3id.org/notebookfair#GitRepositoryResource,3,0,1
5027,r78v10a07/jbiowh-core,github,https://github.com/r78v10a07/jbiowh-core,https://w3id.org/notebookfair#GitRepositoryResource,0,0,0
5028,r78v10a07/trans-annot-notebook,github,https://github.com/r78v10a07/trans-annot-notebook,https://w3id.org/notebookfair#GitRepositoryResource,1,0,0
5029,wilkelab/Ecoli_PTMs,github,https://github.com/wilkelab/Ecoli_PTMs,https://w3id.org/notebookfair#GitRepositoryResource,5,0,0
5030,SBRG/Protein_ML,github,https://github.com/SBRG/Protein_ML,https://w3id.org/notebookfair#GitRepositoryResource,5,0,0
5031,banfieldlab/mattolm-public-scripts,github,https://github.com/banfieldlab/mattolm-public-scripts,https://w3id.org/notebookfair#GitRepositoryResource,0,0,0
5032,christophertbrown/iRep,github,https://github.com/christophertbrown/iRep,https://w3id.org/notebookfair#GitRepositoryResource,0,1,1
5033,Sage-Bionetworks/pcbc_c4_analysis,github,https://github.com/Sage-Bionetworks/pcbc_c4_analysis,https://w3id.org/notebookfair#GitRepositoryResource,4,0,0
5034,Sage-Bionetworks/synapsePythonClient,github,https://github.com/Sage-Bionetworks/synapsePythonClient,https://w3id.org/notebookfair#GitRepositoryResource,0,1,0
5035,Sage-Bionetworks/rSynapseClient,github,https://github.com/Sage-Bionetworks/rSynapseClient,https://w3id.org/notebookfair#GitRepositoryResource,0,0,0
5036,Sage-Bionetworks/PCBCDataExplorer,github,https://github.com/Sage-Bionetworks/PCBCDataExplorer,https://w3id.org/notebookfair#GitRepositoryResource,1,0,0
5037,ladavid/mit_timeseries,github,https://github.com/ladavid/mit_timeseries,https://w3id.org/notebookfair#GitRepositoryResource,2,0,0
5038,mbdoud/mutational_antigenic_profiling,github,https://github.com/mbdoud/mutational_antigenic_profiling,https://w3id.org/notebookfair#GitRepositoryResource,2,0,0
5039,neurodata/sic,github,https://github.com/neurodata/sic,https://w3id.org/notebookfair#GitRepositoryResource,1,0,0
5040,neurodata/ndmg,github,https://github.com/neurodata/ndmg,https://w3id.org/notebookfair#GitRepositoryResource,8,1,2
5041,knightlab-analyses/bloom-analyses,github,https://github.com/knightlab-analyses/bloom-analyses,https://w3id.org/notebookfair#GitRepositoryResource,4,1,0
5042,biocore/deblur,github,https://github.com/biocore/deblur,https://w3id.org/notebookfair#GitRepositoryResource,0,1,0
5043,christian-oreilly/spinkyDemo,github,https://github.com/christian-oreilly/spinkyDemo,https://w3id.org/notebookfair#GitRepositoryResource,1,1,0
5044,TarekLaj/SPINKY,github,https://github.com/TarekLaj/SPINKY,https://w3id.org/notebookfair#GitRepositoryResource,0,0,0
5045,wkew/FTMSVisualization,github,https://github.com/wkew/FTMSVisualization,https://w3id.org/notebookfair#GitRepositoryResource,1,0,0
5046,marderlab/Quantifying_Morphology,github,https://github.com/marderlab/Quantifying_Morphology,https://w3id.org/notebookfair#GitRepositoryResource,5,0,0
5047,DCPROGS/SCALCS,github,https://github.com/DCPROGS/SCALCS,https://w3id.org/notebookfair#GitRepositoryResource,6,2,0
5048,hyattpd/prodigal,github,https://github.com/hyattpd/prodigal,https://w3id.org/notebookfair#GitRepositoryResource,0,0,0
5049,biorack/bmc_bioinf_2016_erbilgin,github,https://github.com/biorack/bmc_bioinf_2016_erbilgin,https://w3id.org/notebookfair#GitRepositoryResource,4,0,0
5050,ThorntonLab/disease_sims,github,https://github.com/ThorntonLab/disease_sims,https://w3id.org/notebookfair#GitRepositoryResource,0,0,0
5051,molpopgen/buRden,github,https://github.com/molpopgen/buRden,https://w3id.org/notebookfair#GitRepositoryResource,0,0,0
5052,molpopgen/fwdpy,github,https://github.com/molpopgen/fwdpy,https://w3id.org/notebookfair#GitRepositoryResource,12,1,1
5053,molpopgen/TennessenEAonly,github,https://github.com/molpopgen/TennessenEAonly,https://w3id.org/notebookfair#GitRepositoryResource,2,0,0
5054,harmslab/notebooks-nonlinear-high-order-epistasis,github,https://github.com/harmslab/notebooks-nonlinear-high-order-epistasis,https://w3id.org/notebookfair#GitRepositoryResource,6,0,1
5055,biocore/gneiss,github,https://github.com/biocore/gneiss,https://w3id.org/notebookfair#GitRepositoryResource,5,1,0
5056,jbloomlab/phydms,github,https://github.com/jbloomlab/phydms,https://w3id.org/notebookfair#GitRepositoryResource,0,1,0
5057,jbloomlab/dms_tools,github,https://github.com/jbloomlab/dms_tools,https://w3id.org/notebookfair#GitRepositoryResource,0,1,0
5058,zhuangjun1981/retinotopic_mapping,github,https://github.com/zhuangjun1981/retinotopic_mapping,https://w3id.org/notebookfair#GitRepositoryResource,5,1,1
5059,INM-6/hybridLFPy,github,https://github.com/INM-6/hybridLFPy,https://w3id.org/notebookfair#GitRepositoryResource,0,1,1
5060,VertNet/gulo,github,https://github.com/VertNet/gulo,https://w3id.org/notebookfair#GitRepositoryResource,0,0,0
5061,VertNet/dwc-indexer,github,https://github.com/VertNet/dwc-indexer,https://w3id.org/notebookfair#GitRepositoryResource,0,0,0
5062,rafelafrance/traiter,github,https://github.com/rafelafrance/traiter,https://w3id.org/notebookfair#GitRepositoryResource,0,2,0
5063,VertNet/post-harvest-processor,github,https://github.com/VertNet/post-harvest-processor,https://w3id.org/notebookfair#GitRepositoryResource,1,0,0
5064,martinaustwick/REF_analysis_text_preparation,github,https://github.com/martinaustwick/REF_analysis_text_preparation,https://w3id.org/notebookfair#GitRepositoryResource,1,0,0
5065,NKI-CCB/DISCOVER,github,https://github.com/NKI-CCB/DISCOVER,https://w3id.org/notebookfair#GitRepositoryResource,0,1,0
5066,scanisius/discover-notebooks,github,https://github.com/scanisius/discover-notebooks,https://w3id.org/notebookfair#GitRepositoryResource,9,0,0
5067,bmuchmore/CymeR,github,https://github.com/bmuchmore/CymeR,https://w3id.org/notebookfair#GitRepositoryResource,0,0,0
5068,jni/python-redshirt,github,https://github.com/jni/python-redshirt,https://w3id.org/notebookfair#GitRepositoryResource,0,0,0
5069,scikit-image/scikit-image,github,https://github.com/scikit-image/scikit-image,https://w3id.org/notebookfair#GitRepositoryResource,0,0,2
5070,jni/programming-languages-in-astronomy,github,https://github.com/jni/programming-languages-in-astronomy,https://w3id.org/notebookfair#GitRepositoryResource,1,0,1
5071,vasole/pymca,github,https://github.com/vasole/pymca,https://w3id.org/notebookfair#GitRepositoryResource,0,9,1
5072,peterwittek/ipython-notebooks,github,https://github.com/peterwittek/ipython-notebooks,https://w3id.org/notebookfair#GitRepositoryResource,7,0,0
5073,chembl/mychembl,github,https://github.com/chembl/mychembl,https://w3id.org/notebookfair#GitRepositoryResource,19,0,0
5074,chembl/chembl_webresource_client,github,https://github.com/chembl/chembl_webresource_client,https://w3id.org/notebookfair#GitRepositoryResource,1,1,1
5075,iminuit/iminuit,github,https://github.com/iminuit/iminuit,https://w3id.org/notebookfair#GitRepositoryResource,20,1,0
5076,rossant/ipycache,github,https://github.com/rossant/ipycache,https://w3id.org/notebookfair#GitRepositoryResource,3,1,1
5077,iminuit/probfit,github,https://github.com/iminuit/probfit,https://w3id.org/notebookfair#GitRepositoryResource,1,1,0
5078,berenslab/pr_bc_connectivity,github,https://github.com/berenslab/pr_bc_connectivity,https://w3id.org/notebookfair#GitRepositoryResource,16,0,1
5079,pharmbio/sciluigi,github,https://github.com/pharmbio/sciluigi,https://w3id.org/notebookfair#GitRepositoryResource,0,1,1
5080,pharmbio/mm_project,github,https://github.com/pharmbio/mm_project,https://w3id.org/notebookfair#GitRepositoryResource,0,0,0
5081,pharmbio/bioimg-sciluigi-casestudy,github,https://github.com/pharmbio/bioimg-sciluigi-casestudy,https://w3id.org/notebookfair#GitRepositoryResource,1,0,0
5082,h3biomed/sciluigi,github,https://github.com/h3biomed/sciluigi,https://w3id.org/notebookfair#GitRepositoryResource,0,1,0
5083,lorenzoriano/PyKCCA,github,https://github.com/lorenzoriano/PyKCCA,https://w3id.org/notebookfair#GitRepositoryResource,0,0,0
5084,gallantlab/pyrcca,github,https://github.com/gallantlab/pyrcca,https://w3id.org/notebookfair#GitRepositoryResource,2,1,1
5085,damiankao/phaw_genome,github,https://github.com/damiankao/phaw_genome,https://w3id.org/notebookfair#GitRepositoryResource,7,0,0
5086,JIC-CSB/jicbioimage.core,github,https://github.com/JIC-CSB/jicbioimage.core,https://w3id.org/notebookfair#GitRepositoryResource,0,1,1
5087,JIC-CSB/jicbioimage.transform,github,https://github.com/JIC-CSB/jicbioimage.transform,https://w3id.org/notebookfair#GitRepositoryResource,0,1,1
5088,JIC-CSB/jicbioimage.segment,github,https://github.com/JIC-CSB/jicbioimage.segment,https://w3id.org/notebookfair#GitRepositoryResource,0,1,1
5089,JIC-CSB/jicbioimage.illustrate,github,https://github.com/JIC-CSB/jicbioimage.illustrate,https://w3id.org/notebookfair#GitRepositoryResource,0,1,0
5090,keryil/leaparticulatorqt,github,https://github.com/keryil/leaparticulatorqt,https://w3id.org/notebookfair#GitRepositoryResource,25,1,1
5091,ebmdatalab/trialstracker,github,https://github.com/ebmdatalab/trialstracker,https://w3id.org/notebookfair#GitRepositoryResource,1,0,1
5092,swcarpentry/site,github,https://github.com/swcarpentry/site,https://w3id.org/notebookfair#GitRepositoryResource,3,0,1
5093,khramts/assocplots,github,https://github.com/khramts/assocplots,https://w3id.org/notebookfair#GitRepositoryResource,3,1,0
5094,linnarsson-lab/BackSPIN,github,https://github.com/linnarsson-lab/BackSPIN,https://w3id.org/notebookfair#GitRepositoryResource,0,1,0
5095,borisvassilev/lir,github,https://github.com/borisvassilev/lir,https://w3id.org/notebookfair#GitRepositoryResource,0,0,0
5096,borisvassilev/endobrca,github,https://github.com/borisvassilev/endobrca,https://w3id.org/notebookfair#GitRepositoryResource,0,0,0
5097,borisvassilev/lir-tutorial,github,https://github.com/borisvassilev/lir-tutorial,https://w3id.org/notebookfair#GitRepositoryResource,0,0,0
5098,ajouary/VR_Zebrafish,github,https://github.com/ajouary/VR_Zebrafish,https://w3id.org/notebookfair#GitRepositoryResource,2,0,0
5099,dmnfarrell/gordon-group,github,https://github.com/dmnfarrell/gordon-group,https://w3id.org/notebookfair#GitRepositoryResource,12,0,0
5100,smartscheduling/chatto-transform-open-source,github,https://github.com/smartscheduling/chatto-transform-open-source,https://w3id.org/notebookfair#GitRepositoryResource,6,0,0
5101,sandipchatterjee/blazmass_compil,github,https://github.com/sandipchatterjee/blazmass_compil,https://w3id.org/notebookfair#GitRepositoryResource,0,0,0
5102,mattloose/RUscripts,github,https://github.com/mattloose/RUscripts,https://w3id.org/notebookfair#GitRepositoryResource,0,0,0
5103,mattloose/RUFigs,github,https://github.com/mattloose/RUFigs,https://w3id.org/notebookfair#GitRepositoryResource,11,0,0
5104,lukauskas/mlpy,github,https://github.com/lukauskas/mlpy,https://w3id.org/notebookfair#GitRepositoryResource,0,1,0
5105,charlesbreeze/eFORGE,github,https://github.com/charlesbreeze/eFORGE,https://w3id.org/notebookfair#GitRepositoryResource,0,0,0
5106,ipython/ipython,github,https://github.com/ipython/ipython,https://w3id.org/notebookfair#GitRepositoryResource,29,2,1
5107,chapmanb/cloudbiolinux,github,https://github.com/chapmanb/cloudbiolinux,https://w3id.org/notebookfair#GitRepositoryResource,0,1,1
5108,everware/everware,github,https://github.com/everware/everware,https://w3id.org/notebookfair#GitRepositoryResource,0,1,1
5109,websecurify/node-vortex,github,https://github.com/websecurify/node-vortex,https://w3id.org/notebookfair#GitRepositoryResource,0,0,0
5110,google/lmctfy,github,https://github.com/google/lmctfy,https://w3id.org/notebookfair#GitRepositoryResource,0,0,0
5111,poldrack/myconnectome-vm,github,https://github.com/poldrack/myconnectome-vm,https://w3id.org/notebookfair#GitRepositoryResource,0,0,0
5112,maayanlab/Zika-RNAseq-Pipeline,github,https://github.com/maayanlab/Zika-RNAseq-Pipeline,https://w3id.org/notebookfair#GitRepositoryResource,1,0,1
5113,MaayanLab/Zika-RNAseq-Pipeline,github,https://github.com/MaayanLab/Zika-RNAseq-Pipeline,https://w3id.org/notebookfair#GitRepositoryResource,1,0,1
5114,karmel/and-tcr-affinity,github,https://github.com/karmel/and-tcr-affinity,https://w3id.org/notebookfair#GitRepositoryResource,61,0,0
5115,adrienhenry/characteristicTimesNetwork,github,https://github.com/adrienhenry/characteristicTimesNetwork,https://w3id.org/notebookfair#GitRepositoryResource,6,0,1
5116,biocore/Platypus-Conquistador,github,https://github.com/biocore/Platypus-Conquistador,https://w3id.org/notebookfair#GitRepositoryResource,1,1,0
5117,linsalrob/PyFBA,github,https://github.com/linsalrob/PyFBA,https://w3id.org/notebookfair#GitRepositoryResource,7,1,2
5118,marcottelab/Gene-Ages,github,https://github.com/marcottelab/Gene-Ages,https://w3id.org/notebookfair#GitRepositoryResource,6,0,0
5119,reynoldsk/pySCA,github,https://github.com/reynoldsk/pySCA,https://w3id.org/notebookfair#GitRepositoryResource,4,0,0
5120,chewgl/uORF_repressiveness_supplemental,github,https://github.com/chewgl/uORF_repressiveness_supplemental,https://w3id.org/notebookfair#GitRepositoryResource,18,0,0
5121,MIT-LCP/mimic-website,github,https://github.com/MIT-LCP/mimic-website,https://w3id.org/notebookfair#GitRepositoryResource,0,0,0
5122,MIT-LCP/mimic-iii-paper,github,https://github.com/MIT-LCP/mimic-iii-paper,https://w3id.org/notebookfair#GitRepositoryResource,3,0,0
5123,tknapen/FIRDeconvolution,github,https://github.com/tknapen/FIRDeconvolution,https://w3id.org/notebookfair#GitRepositoryResource,2,1,1
5124,sulab/myvariant.info,github,https://github.com/sulab/myvariant.info,https://w3id.org/notebookfair#GitRepositoryResource,6,0,6
5125,theosysbio/means,github,https://github.com/theosysbio/means,https://w3id.org/notebookfair#GitRepositoryResource,5,1,0
5126,wwood/OrfM,github,https://github.com/wwood/OrfM,https://w3id.org/notebookfair#GitRepositoryResource,0,0,0
5127,gregcaporaso/office-microbes,github,https://github.com/gregcaporaso/office-microbes,https://w3id.org/notebookfair#GitRepositoryResource,14,1,0
5128,njohner/ost_pymodules,github,https://github.com/njohner/ost_pymodules,https://w3id.org/notebookfair#GitRepositoryResource,0,0,0
5129,dreamtools/dreamtools,github,https://github.com/dreamtools/dreamtools,https://w3id.org/notebookfair#GitRepositoryResource,4,2,1
5130,CovertLab/wholecell,github,https://github.com/CovertLab/wholecell,https://w3id.org/notebookfair#GitRepositoryResource,0,0,0
5131,qfma/ohnolog-dc,github,https://github.com/qfma/ohnolog-dc,https://w3id.org/notebookfair#GitRepositoryResource,4,0,0
5132,kipkurui/Kibet-F1000Research,github,https://github.com/kipkurui/Kibet-F1000Research,https://w3id.org/notebookfair#GitRepositoryResource,2,0,0
5133,jnw29/AvrPto_Transcriptome,github,https://github.com/jnw29/AvrPto_Transcriptome,https://w3id.org/notebookfair#GitRepositoryResource,9,0,0
5134,ProjectPyRhO/PyRhO,github,https://github.com/ProjectPyRhO/PyRhO,https://w3id.org/notebookfair#GitRepositoryResource,1,1,1
5135,srp33/BCRiskPathways,github,https://github.com/srp33/BCRiskPathways,https://w3id.org/notebookfair#GitRepositoryResource,0,0,0
5136,SBRG/GEMPro,github,https://github.com/SBRG/GEMPro,https://w3id.org/notebookfair#GitRepositoryResource,19,0,0
5137,isidroc/bioalerts,github,https://github.com/isidroc/bioalerts,https://w3id.org/notebookfair#GitRepositoryResource,2,1,0
5138,ekg/vcflib,github,https://github.com/ekg/vcflib,https://w3id.org/notebookfair#GitRepositoryResource,0,0,0
5139,arq5x/nanopore-scripts,github,https://github.com/arq5x/nanopore-scripts,https://w3id.org/notebookfair#GitRepositoryResource,0,0,0
5140,nickloman/ebov,github,https://github.com/nickloman/ebov,https://w3id.org/notebookfair#GitRepositoryResource,9,0,0
5141,zhanglab/psamm-model-collection,github,https://github.com/zhanglab/psamm-model-collection,https://w3id.org/notebookfair#GitRepositoryResource,0,0,0
5142,opencobra/m_model_collection,github,https://github.com/opencobra/m_model_collection,https://w3id.org/notebookfair#GitRepositoryResource,6,0,0
5143,chrhartm/SORN,github,https://github.com/chrhartm/SORN,https://w3id.org/notebookfair#GitRepositoryResource,1,0,0
5144,neurokernel/retina-lamina,github,https://github.com/neurokernel/retina-lamina,https://w3id.org/notebookfair#GitRepositoryResource,1,1,0
5145,dib-lab/SSUsearch,github,https://github.com/dib-lab/SSUsearch,https://w3id.org/notebookfair#GitRepositoryResource,24,0,0
5146,fjrmoreews/bioshadock_client,github,https://github.com/fjrmoreews/bioshadock_client,https://w3id.org/notebookfair#GitRepositoryResource,0,1,0
5147,knaegle/MutationsNotebooks,github,https://github.com/knaegle/MutationsNotebooks,https://w3id.org/notebookfair#GitRepositoryResource,8,0,0
5148,siva82kb/SPARC,github,https://github.com/siva82kb/SPARC,https://w3id.org/notebookfair#GitRepositoryResource,1,0,0
5149,bioinformatics-core-shared-training/rep-research-masterclass,github,https://github.com/bioinformatics-core-shared-training/rep-research-masterclass,https://w3id.org/notebookfair#GitRepositoryResource,0,0,0
5150,PySCeS/PyscesToolbox,github,https://github.com/PySCeS/PyscesToolbox,https://w3id.org/notebookfair#GitRepositoryResource,20,1,2
5151,kantale/PyPedia_server,github,https://github.com/kantale/PyPedia_server,https://w3id.org/notebookfair#GitRepositoryResource,0,0,0
5152,kantale/pypedia,github,https://github.com/kantale/pypedia,https://w3id.org/notebookfair#GitRepositoryResource,0,1,0
5153,cdeboever3/deboever-sf3b1-2015,github,https://github.com/cdeboever3/deboever-sf3b1-2015,https://w3id.org/notebookfair#GitRepositoryResource,22,1,0
5154,theandygross/TCGA_differential_expression,github,https://github.com/theandygross/TCGA_differential_expression,https://w3id.org/notebookfair#GitRepositoryResource,72,0,0
5155,JonM4024/synthetic_lethals,github,https://github.com/JonM4024/synthetic_lethals,https://w3id.org/notebookfair#GitRepositoryResource,1,0,0
5156,a-slide/fastq_control_sampler,github,https://github.com/a-slide/fastq_control_sampler,https://w3id.org/notebookfair#GitRepositoryResource,0,0,0
5157,a-slide/ContaVect,github,https://github.com/a-slide/ContaVect,https://w3id.org/notebookfair#GitRepositoryResource,1,0,0
5158,lindenb/jvarkit,github,https://github.com/lindenb/jvarkit,https://w3id.org/notebookfair#GitRepositoryResource,0,0,1
5159,ipython/docker-notebook,github,https://github.com/ipython/docker-notebook,https://w3id.org/notebookfair#GitRepositoryResource,0,0,0
5160,biomathman/pycellerator,github,https://github.com/biomathman/pycellerator,https://w3id.org/notebookfair#GitRepositoryResource,1,0,0
5161,adamlabadorf/HTT_AS,github,https://github.com/adamlabadorf/HTT_AS,https://w3id.org/notebookfair#GitRepositoryResource,1,0,0
5162,SantamariaLab/NeuroManager,github,https://github.com/SantamariaLab/NeuroManager,https://w3id.org/notebookfair#GitRepositoryResource,0,0,0
5163,combogenomics/regtools,github,https://github.com/combogenomics/regtools,https://w3id.org/notebookfair#GitRepositoryResource,0,0,0
5164,combogenomics/rhizoreg,github,https://github.com/combogenomics/rhizoreg,https://w3id.org/notebookfair#GitRepositoryResource,0,0,0
5165,HullUni-bioinformatics/ReproPhylo,github,https://github.com/HullUni-bioinformatics/ReproPhylo,https://w3id.org/notebookfair#GitRepositoryResource,19,0,0
5166,zakandrewking/escher,github,https://github.com/zakandrewking/escher,https://w3id.org/notebookfair#GitRepositoryResource,1,1,0
5167,idekerlab/py2cytoscape,github,https://github.com/idekerlab/py2cytoscape,https://w3id.org/notebookfair#GitRepositoryResource,8,1,0
5168,idekerlab/cy-rest-python,github,https://github.com/idekerlab/cy-rest-python,https://w3id.org/notebookfair#GitRepositoryResource,16,0,0
5169,idekerlab/cy-rest-R,github,https://github.com/idekerlab/cy-rest-R,https://w3id.org/notebookfair#GitRepositoryResource,0,0,0
5170,idekerlab/cyREST,github,https://github.com/idekerlab/cyREST,https://w3id.org/notebookfair#GitRepositoryResource,2,0,0
5171,tmuetze/Bioconductor_RCy3_the_new_RCytoscape,github,https://github.com/tmuetze/Bioconductor_RCy3_the_new_RCytoscape,https://w3id.org/notebookfair#GitRepositoryResource,0,0,0
5172,shyamrallapalli/fraxinus_version1_data_analysis,github,https://github.com/shyamrallapalli/fraxinus_version1_data_analysis,https://w3id.org/notebookfair#GitRepositoryResource,2,0,0
5173,google/google-api-ruby-client-samples,github,https://github.com/google/google-api-ruby-client-samples,https://w3id.org/notebookfair#GitRepositoryResource,0,0,0
5174,chuckpr/BvP_manuscript_figures,github,https://github.com/chuckpr/BvP_manuscript_figures,https://w3id.org/notebookfair#GitRepositoryResource,15,0,0
5175,yannaodh/sweeney-2015,github,https://github.com/yannaodh/sweeney-2015,https://w3id.org/notebookfair#GitRepositoryResource,2,0,0
5176,rgerkin/trillion,github,https://github.com/rgerkin/trillion,https://w3id.org/notebookfair#GitRepositoryResource,3,0,0
5177,oddt/oddt,github,https://github.com/oddt/oddt,https://w3id.org/notebookfair#GitRepositoryResource,0,1,2
5178,broadinstitute/viral-ngs,github,https://github.com/broadinstitute/viral-ngs,https://w3id.org/notebookfair#GitRepositoryResource,0,0,0
5179,dnanexus/viral-ngs,github,https://github.com/dnanexus/viral-ngs,https://w3id.org/notebookfair#GitRepositoryResource,0,0,0
5180,bbci/wyrm,github,https://github.com/bbci/wyrm,https://w3id.org/notebookfair#GitRepositoryResource,5,1,1
5181,bbci/mushu,github,https://github.com/bbci/mushu,https://w3id.org/notebookfair#GitRepositoryResource,0,1,1
5182,hyeshik/bskim-2015-pre-miRNA,github,https://github.com/hyeshik/bskim-2015-pre-miRNA,https://w3id.org/notebookfair#GitRepositoryResource,4,0,0
5183,Gibthon/Gibthon,github,https://github.com/Gibthon/Gibthon,https://w3id.org/notebookfair#GitRepositoryResource,0,0,0
5184,jmumford/orthogonalizaton_ipynb,github,https://github.com/jmumford/orthogonalizaton_ipynb,https://w3id.org/notebookfair#GitRepositoryResource,1,0,0
5185,vistalab/vistasoft,github,https://github.com/vistalab/vistasoft,https://w3id.org/notebookfair#GitRepositoryResource,0,0,0
5186,vistalab/osmosis,github,https://github.com/vistalab/osmosis,https://w3id.org/notebookfair#GitRepositoryResource,80,1,0
5187,baliga-lab/cmonkey2,github,https://github.com/baliga-lab/cmonkey2,https://w3id.org/notebookfair#GitRepositoryResource,0,1,0
5188,chrisdembia/yeadon,github,https://github.com/chrisdembia/yeadon,https://w3id.org/notebookfair#GitRepositoryResource,1,1,1
5189,F1000Research/yeadon,github,https://github.com/F1000Research/yeadon,https://w3id.org/notebookfair#GitRepositoryResource,1,1,1
5190,poldrack/openfmri,github,https://github.com/poldrack/openfmri,https://w3id.org/notebookfair#GitRepositoryResource,0,0,0
5191,SIMEXP/psom,github,https://github.com/SIMEXP/psom,https://w3id.org/notebookfair#GitRepositoryResource,0,0,0
5192,eisenlab/SliceSeq,github,https://github.com/eisenlab/SliceSeq,https://w3id.org/notebookfair#GitRepositoryResource,5,0,0
5193,rougier/Neurosciences,github,https://github.com/rougier/Neurosciences,https://w3id.org/notebookfair#GitRepositoryResource,4,2,0
5194,ypriverol/visualisation-manuscript-examples,github,https://github.com/ypriverol/visualisation-manuscript-examples,https://w3id.org/notebookfair#GitRepositoryResource,0,0,0
5195,jgraph/jgraphx,github,https://github.com/jgraph/jgraphx,https://w3id.org/notebookfair#GitRepositoryResource,0,0,0
5196,d3/d3-plugins,github,https://github.com/d3/d3-plugins,https://w3id.org/notebookfair#GitRepositoryResource,0,0,0
5197,anvaka/VivaGraphJS,github,https://github.com/anvaka/VivaGraphJS,https://w3id.org/notebookfair#GitRepositoryResource,0,0,0
5198,twitter/flockdb,github,https://github.com/twitter/flockdb,https://w3id.org/notebookfair#GitRepositoryResource,0,0,0
5199,Gilles86/in_limbo,github,https://github.com/Gilles86/in_limbo,https://w3id.org/notebookfair#GitRepositoryResource,5,3,0
5200,simkovic/wolfpackRevisited,github,https://github.com/simkovic/wolfpackRevisited,https://w3id.org/notebookfair#GitRepositoryResource,9,0,0
5201,hollybik/protocols,github,https://github.com/hollybik/protocols,https://w3id.org/notebookfair#GitRepositoryResource,1,0,0
5202,Hjorthmedh/RetinalMap,github,https://github.com/Hjorthmedh/RetinalMap,https://w3id.org/notebookfair#GitRepositoryResource,0,0,0
5203,shiltemann/iReport,github,https://github.com/shiltemann/iReport,https://w3id.org/notebookfair#GitRepositoryResource,0,0,0
5204,gregcaporaso/cloaked-octo-ninja,github,https://github.com/gregcaporaso/cloaked-octo-ninja,https://w3id.org/notebookfair#GitRepositoryResource,2,0,0
5205,arq5x/poretools,github,https://github.com/arq5x/poretools,https://w3id.org/notebookfair#GitRepositoryResource,1,1,2
5206,theandygross/TCGA,github,https://github.com/theandygross/TCGA,https://w3id.org/notebookfair#GitRepositoryResource,25,0,0
5207,ged-lab/khmer,github,https://github.com/ged-lab/khmer,https://w3id.org/notebookfair#GitRepositoryResource,1,1,1
5208,ged-lab/2013-khmer-counting,github,https://github.com/ged-lab/2013-khmer-counting,https://w3id.org/notebookfair#GitRepositoryResource,3,0,0
5209,Dauvit/Data_enrichment,github,https://github.com/Dauvit/Data_enrichment,https://w3id.org/notebookfair#GitRepositoryResource,0,0,0
5210,rdmpage/ocr-correction,github,https://github.com/rdmpage/ocr-correction,https://w3id.org/notebookfair#GitRepositoryResource,0,0,0
5211,rossmounce/LeidenPDFhack,github,https://github.com/rossmounce/LeidenPDFhack,https://w3id.org/notebookfair#GitRepositoryResource,0,0,0
5212,leechuck/plantphenotypes,github,https://github.com/leechuck/plantphenotypes,https://w3id.org/notebookfair#GitRepositoryResource,0,0,0
5213,njall/XS-SWeDe,github,https://github.com/njall/XS-SWeDe,https://w3id.org/notebookfair#GitRepositoryResource,0,0,0
5214,njall/SWeDe-Farmer,github,https://github.com/njall/SWeDe-Farmer,https://w3id.org/notebookfair#GitRepositoryResource,0,0,0
5215,RBGKew/leiden-hackathon,github,https://github.com/RBGKew/leiden-hackathon,https://w3id.org/notebookfair#GitRepositoryResource,0,0,0
5216,myGrid/DataHackLeiden,github,https://github.com/myGrid/DataHackLeiden,https://w3id.org/notebookfair#GitRepositoryResource,3,1,0
5217,naturalis/biovel-nbc,github,https://github.com/naturalis/biovel-nbc,https://w3id.org/notebookfair#GitRepositoryResource,0,0,0
5218,afgane/bioblend,github,https://github.com/afgane/bioblend,https://w3id.org/notebookfair#GitRepositoryResource,0,1,0
5219,Infogosoft/jsdicom,github,https://github.com/Infogosoft/jsdicom,https://w3id.org/notebookfair#GitRepositoryResource,0,0,0
5220,dgutman/ZeroFootPrintImageViewer_XnatView,github,https://github.com/dgutman/ZeroFootPrintImageViewer_XnatView,https://w3id.org/notebookfair#GitRepositoryResource,0,0,0
5221,jeffalstott/powerlaw,github,https://github.com/jeffalstott/powerlaw,https://w3id.org/notebookfair#GitRepositoryResource,2,1,0
5222,cpfaff/Open-Science-Paper,github,https://github.com/cpfaff/Open-Science-Paper,https://w3id.org/notebookfair#GitRepositoryResource,0,0,0
5223,tomwallis/microperimetry_faces,github,https://github.com/tomwallis/microperimetry_faces,https://w3id.org/notebookfair#GitRepositoryResource,0,0,0
5224,gpoore/pythontex,github,https://github.com/gpoore/pythontex,https://w3id.org/notebookfair#GitRepositoryResource,0,0,0
5225,ewiger/mlab,github,https://github.com/ewiger/mlab,https://w3id.org/notebookfair#GitRepositoryResource,0,1,0
5226,ctn-waterloo/nengo,github,https://github.com/ctn-waterloo/nengo,https://w3id.org/notebookfair#GitRepositoryResource,38,1,1
5227,ioam/topographica,github,https://github.com/ioam/topographica,https://w3id.org/notebookfair#GitRepositoryResource,7,2,0
5228,pyspace/pyspace,github,https://github.com/pyspace/pyspace,https://w3id.org/notebookfair#GitRepositoryResource,0,3,0
5229,ContinuumIO/Bokeh,github,https://github.com/ContinuumIO/Bokeh,https://w3id.org/notebookfair#GitRepositoryResource,6,1,0
5230,klusta-team/klustaviewa,github,https://github.com/klusta-team/klustaviewa,https://w3id.org/notebookfair#GitRepositoryResource,10,1,1
5231,rossant/galry,github,https://github.com/rossant/galry,https://w3id.org/notebookfair#GitRepositoryResource,1,1,1
5232,rossant/galry-benchmarks,github,https://github.com/rossant/galry-benchmarks,https://w3id.org/notebookfair#GitRepositoryResource,0,0,0
5233,rproepp/spykeviewer,github,https://github.com/rproepp/spykeviewer,https://w3id.org/notebookfair#GitRepositoryResource,0,1,1
5234,hddm-devs/HDDM-paper,github,https://github.com/hddm-devs/HDDM-paper,https://w3id.org/notebookfair#GitRepositoryResource,0,0,0
5235,arq5x/gemini,github,https://github.com/arq5x/gemini,https://w3id.org/notebookfair#GitRepositoryResource,0,1,2
5236,ioam/lancet,github,https://github.com/ioam/lancet,https://w3id.org/notebookfair#GitRepositoryResource,0,1,0
5237,joey711/phyloseq,github,https://github.com/joey711/phyloseq,https://w3id.org/notebookfair#GitRepositoryResource,0,0,0
5238,joey711/phyloseq-demo,github,https://github.com/joey711/phyloseq-demo,https://w3id.org/notebookfair#GitRepositoryResource,0,0,0
5239,uweschmitt/pyOpenMS,github,https://github.com/uweschmitt/pyOpenMS,https://w3id.org/notebookfair#GitRepositoryResource,0,1,0
5240,LTS5/cffdata,github,https://github.com/LTS5/cffdata,https://w3id.org/notebookfair#GitRepositoryResource,0,0,0
5241,,github,https://github.com/,https://w3id.org/notebookfair#GitRepositoryResource,,,
5242,binder-examples/requirements,github,https://github.com/binder-examples/requirements,https://w3id.org/notebookfair#GitRepositoryResource,1,0,0
5243,tplasdio/ipynb-py-convert,codeberg,https://codeberg.org/tplasdio/ipynb-py-convert,https://w3id.org/notebookfair#GitRepositoryResource,1,0,0
5244,3362625,zenodo,https://zenodo.org/records/3362625,https://w3id.org/notebookfair#ArchivedResearchRecord,1,0,0
